subregion_canton,sector,destroyed_capital_mUSD
AZUAY - CAMILO PONCE ENRIQUEZ,AGU,1.1375063179319549e-07
AZUAY - CAMILO PONCE ENRIQUEZ,AYG,1.839181718962965e-09
AZUAY - CAMILO PONCE ENRIQUEZ,AZU,6.828495676376254e-10
AZUAY - CAMILO PONCE ENRIQUEZ,BAL,1.913662822597533e-09
AZUAY - CAMILO PONCE ENRIQUEZ,BNA,3.7417354742091295e-09
AZUAY - CAMILO PONCE ENRIQUEZ,CAN,2.694259885393214e-09
AZUAY - CAMILO PONCE ENRIQUEZ,CAR,4.1316683792011055e-09
AZUAY - CAMILO PONCE ENRIQUEZ,CAU,2.3421874930398217e-10
AZUAY - CAMILO PONCE ENRIQUEZ,CEM,2.211579143416426e-09
AZUAY - CAMILO PONCE ENRIQUEZ,CER,4.588248804475722e-09
AZUAY - CAMILO PONCE ENRIQUEZ,CHO,1.039340135604348e-09
AZUAY - CAMILO PONCE ENRIQUEZ,CIN,2.5389619985888083e-09
AZUAY - CAMILO PONCE ENRIQUEZ,COM,1.0250188035694773e-07
AZUAY - CAMILO PONCE ENRIQUEZ,CUE,5.183379764876678e-10
AZUAY - CAMILO PONCE ENRIQUEZ,CUL,1.59477427931254e-08
AZUAY - CAMILO PONCE ENRIQUEZ,EDU,1.751029941022961e-07
AZUAY - CAMILO PONCE ENRIQUEZ,ELE,8.291232365736824e-08
AZUAY - CAMILO PONCE ENRIQUEZ,FRT,1.714794838279267e-08
AZUAY - CAMILO PONCE ENRIQUEZ,FRV,1.1772176425097217e-08
AZUAY - CAMILO PONCE ENRIQUEZ,GAN,1.2908472881055297e-08
AZUAY - CAMILO PONCE ENRIQUEZ,HIL,1.0757834560627732e-09
AZUAY - CAMILO PONCE ENRIQUEZ,HOT,3.4604473192650463e-09
AZUAY - CAMILO PONCE ENRIQUEZ,INM,2.628961236200066e-07
AZUAY - CAMILO PONCE ENRIQUEZ,LAC,1.763332776753299e-09
AZUAY - CAMILO PONCE ENRIQUEZ,MAD,2.00740967626124e-09
AZUAY - CAMILO PONCE ENRIQUEZ,MAN,1.2426651580376291e-09
AZUAY - CAMILO PONCE ENRIQUEZ,MAQ,3.069920781495229e-09
AZUAY - CAMILO PONCE ENRIQUEZ,MET,1.7089187013664183e-09
AZUAY - CAMILO PONCE ENRIQUEZ,MOL,1.7649690570211424e-09
AZUAY - CAMILO PONCE ENRIQUEZ,MUE,1.309813351914572e-09
AZUAY - CAMILO PONCE ENRIQUEZ,PAN,1.3521569938004903e-09
AZUAY - CAMILO PONCE ENRIQUEZ,PAP,1.727642172197146e-09
AZUAY - CAMILO PONCE ENRIQUEZ,PES,1.1671218388325682e-08
AZUAY - CAMILO PONCE ENRIQUEZ,PLS,1.463204172637403e-09
AZUAY - CAMILO PONCE ENRIQUEZ,QU1,5.649105867492585e-10
AZUAY - CAMILO PONCE ENRIQUEZ,QU2,2.5749385812296955e-09
AZUAY - CAMILO PONCE ENRIQUEZ,RES,1.8658979587573506e-08
AZUAY - CAMILO PONCE ENRIQUEZ,SAL,9.721679571364827e-08
AZUAY - CAMILO PONCE ENRIQUEZ,SIL,7.489496636791425e-09
AZUAY - CAMILO PONCE ENRIQUEZ,TAB,1.3383774365572708e-10
AZUAY - CAMILO PONCE ENRIQUEZ,TEL,6.47223750998844e-08
AZUAY - CAMILO PONCE ENRIQUEZ,TRA,1.0334428913007684e-07
AZUAY - CAMILO PONCE ENRIQUEZ,VES,1.1658476674089095e-09
AZUAY - CAMILO PONCE ENRIQUEZ,VID,6.62443952129238e-10
AZUAY - CUENCA,AGU,2.2941574127773896e-06
AZUAY - CUENCA,AYG,3.70931774838366e-08
AZUAY - CUENCA,AZU,1.3771918210140484e-08
AZUAY - CUENCA,BAL,3.859533508350373e-08
AZUAY - CUENCA,BNA,7.546446151099527e-08
AZUAY - CUENCA,CAN,5.43386545690672e-08
AZUAY - CUENCA,CAR,8.332874718898193e-08
AZUAY - CUENCA,CAU,4.723795124971981e-09
AZUAY - CUENCA,CEM,4.460380224557285e-08
AZUAY - CUENCA,CER,9.253720036994683e-08
AZUAY - CUENCA,CHO,2.09617286419011e-08
AZUAY - CUENCA,CIN,5.120655945377391e-08
AZUAY - CUENCA,COM,2.0672891652332742e-06
AZUAY - CUENCA,CUE,1.045399829730308e-08
AZUAY - CUENCA,CUL,3.21638937464824e-07
AZUAY - CUENCA,EDU,3.5315305558006435e-06
AZUAY - CUENCA,ELE,1.672201014891664e-06
AZUAY - CUENCA,FRT,3.458450496154621e-07
AZUAY - CUENCA,FRV,2.3742484225723282e-07
AZUAY - CUENCA,GAN,2.603420155199561e-07
AZUAY - CUENCA,HIL,2.1696728636696027e-08
AZUAY - CUENCA,HOT,6.979135626649283e-08
AZUAY - CUENCA,INM,5.30216915093528e-06
AZUAY - CUENCA,LAC,3.5563432898874776e-08
AZUAY - CUENCA,MAD,4.048605020188795e-08
AZUAY - CUENCA,MAN,2.5062449667051e-08
AZUAY - CUENCA,MAQ,6.191509802170557e-08
AZUAY - CUENCA,MET,3.446599324126306e-08
AZUAY - CUENCA,MOL,3.5596433898048814e-08
AZUAY - CUENCA,MUE,2.6416714907682544e-08
AZUAY - CUENCA,PAN,2.7270714383423322e-08
AZUAY - CUENCA,PAP,3.48436139078219e-08
AZUAY - CUENCA,PES,2.3538868979998797e-07
AZUAY - CUENCA,PLS,2.951034773297592e-08
AZUAY - CUENCA,QU1,1.1393288896218348e-08
AZUAY - CUENCA,QU2,5.193214613800477e-08
AZUAY - CUENCA,RES,3.7631998751020937e-07
AZUAY - CUENCA,SAL,1.960697967272942e-06
AZUAY - CUENCA,SIL,1.5105045094170808e-07
AZUAY - CUENCA,TAB,2.699280407298394e-09
AZUAY - CUENCA,TEL,1.3053405881552271e-06
AZUAY - CUENCA,TRA,2.084279122132824e-06
AZUAY - CUENCA,VES,2.3513171102363705e-08
AZUAY - CUENCA,VID,1.3360371537011122e-08
AZUAY - EL PAN,AGU,1.2440549422316976e-08
AZUAY - EL PAN,AYG,2.0114552957365947e-10
AZUAY - EL PAN,AZU,7.468111306535905e-11
AZUAY - EL PAN,BAL,2.092912940075585e-10
AZUAY - EL PAN,BNA,4.0922185976746254e-10
AZUAY - EL PAN,CAN,2.946627436912872e-10
AZUAY - EL PAN,CAR,4.5186759719738415e-10
AZUAY - EL PAN,CAU,2.5615769164666413e-11
AZUAY - EL PAN,CEM,2.418734665584805e-10
AZUAY - EL PAN,CER,5.018023646474507e-10
AZUAY - EL PAN,CHO,1.1366936710374368e-10
AZUAY - EL PAN,CIN,2.77678301446746e-10
AZUAY - EL PAN,COM,1.1210308798806253e-08
AZUAY - EL PAN,CUE,5.6688996907570104e-11
AZUAY - EL PAN,CUL,1.7441545533828323e-09
AZUAY - EL PAN,EDU,1.915046464168827e-08
AZUAY - EL PAN,ELE,9.067860493767673e-09
AZUAY - EL PAN,FRT,1.8754172700800237e-09
AZUAY - EL PAN,FRV,1.2874859709870847e-09
AZUAY - EL PAN,GAN,1.4117591464051374e-09
AZUAY - EL PAN,HIL,1.1765505863028075e-10
AZUAY - EL PAN,HOT,3.784582575058394e-10
AZUAY - EL PAN,INM,2.875212354667457e-08
AZUAY - EL PAN,LAC,1.928501689298142e-10
AZUAY - EL PAN,MAD,2.195440930277028e-10
AZUAY - EL PAN,MAN,1.3590638636684247e-10
AZUAY - EL PAN,MAQ,3.3574759632301184e-10
AZUAY - EL PAN,MET,1.8689907236490998e-10
AZUAY - EL PAN,MOL,1.9302912376478927e-10
AZUAY - EL PAN,MUE,1.432501734858816e-10
AZUAY - EL PAN,PAN,1.478811646399384e-10
AZUAY - EL PAN,PAP,1.8894679957798126e-10
AZUAY - EL PAN,PES,1.2764445075135474e-09
AZUAY - EL PAN,PLS,1.6002604590126707e-10
AZUAY - EL PAN,QU1,6.178249705391641e-11
AZUAY - EL PAN,QU2,2.816129473237354e-10
AZUAY - EL PAN,RES,2.0406740083099704e-09
AZUAY - EL PAN,SAL,1.06322956865307e-08
AZUAY - EL PAN,SIL,8.19102730151641e-10
AZUAY - EL PAN,TAB,1.4637413773204764e-11
AZUAY - EL PAN,TEL,7.078482936461499e-09
AZUAY - EL PAN,TRA,1.1302440401160424e-08
AZUAY - EL PAN,VES,1.2750509862364663e-10
AZUAY - EL PAN,VID,7.244941497082522e-11
AZUAY - GIRON,AGU,5.204961531883967e-08
AZUAY - GIRON,AYG,8.415663233194548e-10
AZUAY - GIRON,AZU,3.1245591128488576e-10
AZUAY - GIRON,BAL,8.756471256111727e-10
AZUAY - GIRON,BNA,1.712130200837192e-09
AZUAY - GIRON,CAN,1.232829993055798e-09
AZUAY - GIRON,CAR,1.890554332510491e-09
AZUAY - GIRON,CAU,1.0717299420275642e-10
AZUAY - GIRON,CEM,1.0119666312823056e-09
AZUAY - GIRON,CER,2.099474802867629e-09
AZUAY - GIRON,CHO,4.755776156214109e-10
AZUAY - GIRON,CIN,1.161769330441689e-09
AZUAY - GIRON,COM,4.690245107153774e-08
AZUAY - GIRON,CUE,2.3717927413694377e-10
AZUAY - GIRON,CUL,7.297312239065993e-09
AZUAY - GIRON,EDU,8.012301418045188e-08
AZUAY - GIRON,ELE,3.793873039231156e-08
AZUAY - GIRON,FRT,7.846498105209371e-09
AZUAY - GIRON,FRV,5.386671218721766e-09
AZUAY - GIRON,GAN,5.906613767509586e-09
AZUAY - GIRON,HIL,4.922532224369477e-10
AZUAY - GIRON,HOT,1.5834193530134751e-09
AZUAY - GIRON,INM,1.2029508660763333e-07
AZUAY - GIRON,LAC,8.068596302477934e-10
AZUAY - GIRON,MAD,9.185434822610303e-10
AZUAY - GIRON,MAN,5.686143665872178e-10
AZUAY - GIRON,MAQ,1.4047235889347983e-09
AZUAY - GIRON,MET,7.819610283924065e-10
AZUAY - GIRON,MOL,8.07608353636424e-10
AZUAY - GIRON,MUE,5.993398017391201e-10
AZUAY - GIRON,PAN,6.187152569486148e-10
AZUAY - GIRON,PAP,7.905284485360122e-10
AZUAY - GIRON,PES,5.340475194185769e-09
AZUAY - GIRON,PLS,6.69527835741249e-10
AZUAY - GIRON,QU1,2.5848980587022824e-10
AZUAY - GIRON,QU2,1.1782313690029259e-09
AZUAY - GIRON,RES,8.537910466650954e-09
AZUAY - GIRON,SAL,4.4484120568447743e-08
AZUAY - GIRON,SIL,3.4270176150358432e-09
AZUAY - GIRON,TAB,6.124100554524381e-11
AZUAY - GIRON,TEL,2.961543750012075e-08
AZUAY - GIRON,TRA,4.7287917524702616e-08
AZUAY - GIRON,VES,5.334644885254188e-10
AZUAY - GIRON,VID,3.0311878127679337e-10
AZUAY - GUACHAPALA,AGU,1.4696361972378262e-08
AZUAY - GUACHAPALA,AYG,2.3761872658431667e-10
AZUAY - GUACHAPALA,AZU,8.822284553926188e-11
AZUAY - GUACHAPALA,BAL,2.472415413490371e-10
AZUAY - GUACHAPALA,BNA,4.834249978834425e-10
AZUAY - GUACHAPALA,CAN,3.4809317450987244e-10
AZUAY - GUACHAPALA,CAR,5.338035762382564e-10
AZUAY - GUACHAPALA,CAU,3.026061012783711e-11
AZUAY - GUACHAPALA,CEM,2.85731754715004e-10
AZUAY - GUACHAPALA,CER,5.92792885515566e-10
AZUAY - GUACHAPALA,CHO,1.342807385283984e-10
AZUAY - GUACHAPALA,CIN,3.280289874188299e-10
AZUAY - GUACHAPALA,COM,1.3243045008434188e-08
AZUAY - GUACHAPALA,CUE,6.696826563866649e-11
AZUAY - GUACHAPALA,CUL,2.0604175733833403e-09
AZUAY - GUACHAPALA,EDU,2.2622968709774653e-08
AZUAY - GUACHAPALA,ELE,1.0712112110770325e-08
AZUAY - GUACHAPALA,FRT,2.2154818179414694e-09
AZUAY - GUACHAPALA,FRV,1.5209424617567343e-09
AZUAY - GUACHAPALA,GAN,1.6677497696497661e-09
AZUAY - GUACHAPALA,HIL,1.3898914515866763e-10
AZUAY - GUACHAPALA,HOT,4.470831114390989e-10
AZUAY - GUACHAPALA,INM,3.396567151274353e-08
AZUAY - GUACHAPALA,LAC,2.2781918971702408e-10
AZUAY - GUACHAPALA,MAD,2.593534538148792e-10
AZUAY - GUACHAPALA,MAN,1.6054993880109682e-10
AZUAY - GUACHAPALA,MAQ,3.966278368757079e-10
AZUAY - GUACHAPALA,MET,2.2078899625197367e-10
AZUAY - GUACHAPALA,MOL,2.2803059396793148e-10
AZUAY - GUACHAPALA,MUE,1.6922535578516339e-10
AZUAY - GUACHAPALA,PAN,1.7469607255019715e-10
AZUAY - GUACHAPALA,PAP,2.232080325278153e-10
AZUAY - GUACHAPALA,PES,1.507898878358335e-09
AZUAY - GUACHAPALA,PLS,1.8904315362105858e-10
AZUAY - GUACHAPALA,QU1,7.298535695159387e-11
AZUAY - GUACHAPALA,QU2,3.326770924243556e-10
AZUAY - GUACHAPALA,RES,2.4107041317602692e-09
AZUAY - GUACHAPALA,SAL,1.2560222278149952e-08
AZUAY - GUACHAPALA,SIL,9.67628503068944e-10
AZUAY - GUACHAPALA,TAB,1.7291578036304135e-11
AZUAY - GUACHAPALA,TEL,8.362005882387036e-09
AZUAY - GUACHAPALA,TRA,1.3351882595210153e-08
AZUAY - GUACHAPALA,VES,1.5062526734835359e-10
AZUAY - GUACHAPALA,VID,8.558647941932991e-11
AZUAY - GUALACEO,AGU,1.854981129169486e-07
AZUAY - GUALACEO,AYG,2.999233787107528e-09
AZUAY - GUALACEO,AZU,1.1135525509275544e-09
AZUAY - GUALACEO,BAL,3.120693368952335e-09
AZUAY - GUALACEO,BNA,6.1018111157578395e-09
AZUAY - GUALACEO,CAN,4.393647020413051e-09
AZUAY - GUALACEO,CAR,6.737691698572873e-09
AZUAY - GUALACEO,CAU,3.8195072256517834e-10
AZUAY - GUALACEO,CEM,3.606518497550617e-09
AZUAY - GUALACEO,CER,7.482257297445666e-09
AZUAY - GUALACEO,CHO,1.69489725722108e-09
AZUAY - GUALACEO,CIN,4.140395987974123e-09
AZUAY - GUALACEO,COM,1.6715428368979e-07
AZUAY - GUALACEO,CUE,8.452763292467598e-10
AZUAY - GUALACEO,CUL,2.6006679231355197e-08
AZUAY - GUALACEO,EDU,2.855480840856878e-07
AZUAY - GUALACEO,ELE,1.3520873979814777e-07
AZUAY - GUALACEO,FRT,2.7963906795597786e-08
AZUAY - GUALACEO,FRV,1.919740116917357e-08
AZUAY - GUALACEO,GAN,2.1050409323692233e-08
AZUAY - GUALACEO,HIL,1.7543269682204512e-09
AZUAY - GUALACEO,HOT,5.643102261965443e-09
AZUAY - GUALACEO,INM,4.2871616672294617e-07
AZUAY - GUALACEO,LAC,2.875543611283104e-09
AZUAY - GUALACEO,MAD,3.273570449038665e-09
AZUAY - GUALACEO,MAN,2.026468232921156e-09
AZUAY - GUALACEO,MAQ,5.006253616306985e-09
AZUAY - GUALACEO,MET,2.7868082069933253e-09
AZUAY - GUALACEO,MOL,2.878211964830714e-09
AZUAY - GUALACEO,MUE,2.135969719230258e-09
AZUAY - GUALACEO,PAN,2.20502134153816e-09
AZUAY - GUALACEO,PAP,2.817341386911569e-09
AZUAY - GUALACEO,PES,1.903276449850464e-08
AZUAY - GUALACEO,PLS,2.386110815893329e-09
AZUAY - GUALACEO,QU1,9.212243145981553e-10
AZUAY - GUALACEO,QU2,4.199064569272363e-09
AZUAY - GUALACEO,RES,3.0428011237277334e-08
AZUAY - GUALACEO,SAL,1.585356658194228e-07
AZUAY - GUALACEO,SIL,1.2213448584166452e-08
AZUAY - GUALACEO,TAB,2.1825504169801727e-10
AZUAY - GUALACEO,TEL,1.0554559790365616e-07
AZUAY - GUALACEO,TRA,1.6852803639126277e-07
AZUAY - GUALACEO,VES,1.901198602977041e-09
AZUAY - GUALACEO,VID,1.0802762243696815e-09
AZUAY - NABON,AGU,6.722795475375293e-08
AZUAY - NABON,AYG,1.0869779221197088e-09
AZUAY - NABON,AZU,4.0357208670473644e-10
AZUAY - NABON,BAL,1.1309971261119791e-09
AZUAY - NABON,BNA,2.2114094594039092e-09
AZUAY - NABON,CAN,1.59233912651465e-09
AZUAY - NABON,CAR,2.4418643701200023e-09
AZUAY - NABON,CAU,1.3842602218962474e-10
AZUAY - NABON,CEM,1.307069158598178e-09
AZUAY - NABON,CER,2.711708745381286e-09
AZUAY - NABON,CHO,6.142621848219771e-10
AZUAY - NABON,CIN,1.5005562577704911e-09
AZUAY - NABON,COM,6.05798109969152e-08
AZUAY - NABON,CUE,3.063438108530075e-10
AZUAY - NABON,CUL,9.42530264684524e-09
AZUAY - NABON,EDU,1.034879189608159e-07
AZUAY - NABON,ELE,4.900215370671468e-08
AZUAY - NABON,FRT,1.0134638197825266e-08
AZUAY - NABON,FRV,6.957494051536113e-09
AZUAY - NABON,GAN,7.629058556486575e-09
AZUAY - NABON,HIL,6.358006137540447e-10
AZUAY - NABON,HOT,2.045164867569663e-09
AZUAY - NABON,INM,1.5537468605708512e-07
AZUAY - NABON,LAC,1.0421503095200534e-09
AZUAY - NABON,MAD,1.1864026138623112e-09
AZUAY - NABON,MAN,7.344296528436196e-10
AZUAY - NABON,MAQ,1.814359112933849e-09
AZUAY - NABON,MET,1.0099909540913534e-09
AZUAY - NABON,MOL,1.0431173703097552e-09
AZUAY - NABON,MUE,7.741150213430442e-10
AZUAY - NABON,PAN,7.991406092975012e-10
AZUAY - NABON,PAP,1.0210567444961912e-09
AZUAY - NABON,PES,6.897826670167684e-09
AZUAY - NABON,PLS,8.647707917122456e-10
AZUAY - NABON,QU1,3.338687686143206e-10
AZUAY - NABON,QU2,1.5218188391895855e-09
AZUAY - NABON,RES,1.102767532531304e-08
AZUAY - NABON,SAL,5.7456264114859606e-08
AZUAY - NABON,SIL,4.426380171162425e-09
AZUAY - NABON,TAB,7.909967296876007e-11
AZUAY - NABON,TEL,3.8251681209833386e-08
AZUAY - NABON,TRA,6.107768444158365e-08
AZUAY - NABON,VES,6.890296167921863e-10
AZUAY - NABON,VID,3.9151212910718726e-10
AZUAY - PAUTE,AGU,1.105506174927583e-07
AZUAY - PAUTE,AYG,1.7874421575292832e-09
AZUAY - PAUTE,AZU,6.63639754496012e-10
AZUAY - PAUTE,BAL,1.8598279708521783e-09
AZUAY - PAUTE,BNA,3.636473579508702e-09
AZUAY - PAUTE,CAN,2.618465403846709e-09
AZUAY - PAUTE,CAR,4.015436955342776e-09
AZUAY - PAUTE,CAU,2.276297454858241e-10
AZUAY - PAUTE,CEM,2.1493633581155794e-09
AZUAY - PAUTE,CER,4.459172934242494e-09
AZUAY - PAUTE,CHO,1.010101587698971e-09
AZUAY - PAUTE,CIN,2.467536331973418e-09
AZUAY - PAUTE,COM,9.961831410511127e-08
AZUAY - PAUTE,CUE,5.037561767115065e-10
AZUAY - PAUTE,CUL,1.5499103482791934e-08
AZUAY - PAUTE,EDU,1.701770251090387e-07
AZUAY - PAUTE,ELE,8.05798476332489e-08
AZUAY - PAUTE,FRT,1.6665545083724772e-08
AZUAY - PAUTE,FRV,1.14410034697147e-08
AZUAY - PAUTE,GAN,1.2545333818308976e-08
AZUAY - PAUTE,HIL,1.0455196905846763e-09
AZUAY - PAUTE,HOT,3.363098577258146e-09
AZUAY - PAUTE,INM,2.555003725648124e-07
AZUAY - PAUTE,LAC,1.7137269854439472e-09
AZUAY - PAUTE,MAD,1.9509375532531623e-09
AZUAY - PAUTE,MAN,1.2077067036212612e-09
AZUAY - PAUTE,MAQ,2.983558268627132e-09
AZUAY - PAUTE,MET,1.6608436779889726e-09
AZUAY - PAUTE,MOL,1.7153172341410286e-09
AZUAY - PAUTE,MUE,1.272965895412964e-09
AZUAY - PAUTE,PAN,1.31411833284198e-09
AZUAY - PAUTE,PAP,1.679040423178993e-09
AZUAY - PAUTE,PES,1.134288556803798e-08
AZUAY - PAUTE,PLS,1.4220415504779791e-09
AZUAY - PAUTE,QU1,5.490186138646374e-10
AZUAY - PAUTE,QU2,2.5025008272340703e-09
AZUAY - PAUTE,RES,1.8134068204045063e-08
AZUAY - PAUTE,SAL,9.448190860469627e-08
AZUAY - PAUTE,SIL,7.2788033337038334e-09
AZUAY - PAUTE,TAB,1.3007264198653188e-10
AZUAY - PAUTE,TEL,6.290161575452592e-08
AZUAY - PAUTE,TRA,1.0043702437144239e-07
AZUAY - PAUTE,VES,1.1330502301637035e-09
AZUAY - PAUTE,VID,6.438081864492228e-10
AZUAY - PUCARA,AGU,4.186092781164516e-08
AZUAY - PUCARA,AYG,6.768301147546826e-10
AZUAY - PUCARA,AZU,2.5129281487473616e-10
AZUAY - PUCARA,BAL,7.042396161651602e-10
AZUAY - PUCARA,BNA,1.376981526229289e-09
AZUAY - PUCARA,CAN,9.91504106749088e-10
AZUAY - PUCARA,CAR,1.5204792187689682e-09
AZUAY - PUCARA,CAU,8.619393142864568e-11
AZUAY - PUCARA,CEM,8.138746432688657e-10
AZUAY - PUCARA,CER,1.688503606162079e-09
AZUAY - PUCARA,CHO,3.8248352296959915e-10
AZUAY - PUCARA,CIN,9.34353535131699e-10
AZUAY - PUCARA,COM,3.772131852402382e-08
AZUAY - PUCARA,CUE,1.9075154373852418e-10
AZUAY - PUCARA,CUL,5.868866829991898e-09
AZUAY - PUCARA,EDU,6.443897216364841e-08
AZUAY - PUCARA,ELE,3.0512241915516755e-08
AZUAY - PUCARA,FRT,6.310549823362314e-09
AZUAY - PUCARA,FRV,4.332232883003857e-09
AZUAY - PUCARA,GAN,4.7503969245185245e-09
AZUAY - PUCARA,HIL,3.958948876616241e-10
AZUAY - PUCARA,HOT,1.2734657658087876e-09
AZUAY - PUCARA,INM,9.674738047016945e-08
AZUAY - PUCARA,LAC,6.48917240387523e-10
AZUAY - PUCARA,MAD,7.387390313501234e-10
AZUAY - PUCARA,MAN,4.5730837406893056e-10
AZUAY - PUCARA,MAQ,1.1297496127782255e-09
AZUAY - PUCARA,MET,6.288925280338473e-10
AZUAY - PUCARA,MOL,6.49519401528011e-10
AZUAY - PUCARA,MUE,4.820193198654812e-10
AZUAY - PUCARA,PAN,4.976020389091098e-10
AZUAY - PUCARA,PAP,6.357828797485833e-10
AZUAY - PUCARA,PES,4.295079708356161e-09
AZUAY - PUCARA,PLS,5.384680795077248e-10
AZUAY - PUCARA,QU1,2.0789054899437855e-10
AZUAY - PUCARA,QU2,9.475931374538899e-10
AZUAY - PUCARA,RES,6.866618543046185e-09
AZUAY - PUCARA,SAL,3.5776375069698086e-08
AZUAY - PUCARA,SIL,2.7561805426125075e-09
AZUAY - PUCARA,TAB,4.925310776147273e-11
AZUAY - PUCARA,TEL,2.3818229658541133e-08
AZUAY - PUCARA,TRA,3.803133010184052e-08
AZUAY - PUCARA,VES,4.290390679632135e-10
AZUAY - PUCARA,VID,2.437834236363493e-10
AZUAY - SAN FERNANDO,AGU,1.653735785386435e-08
AZUAY - SAN FERNANDO,AYG,2.673849434091262e-10
AZUAY - SAN FERNANDO,AZU,9.927441705036294e-11
AZUAY - SAN FERNANDO,BAL,2.782131967975992e-10
AZUAY - SAN FERNANDO,BNA,5.43983075575293e-10
AZUAY - SAN FERNANDO,CAN,3.9169839475761446e-10
AZUAY - SAN FERNANDO,CAR,6.006725188530484e-10
AZUAY - SAN FERNANDO,CAU,3.4051320966431745e-11
AZUAY - SAN FERNANDO,CEM,3.215250336658619e-10
AZUAY - SAN FERNANDO,CER,6.670513491312253e-10
AZUAY - SAN FERNANDO,CHO,1.5110192781717083e-10
AZUAY - SAN FERNANDO,CIN,3.6912079068151107e-10
AZUAY - SAN FERNANDO,COM,1.4901985592824058e-08
AZUAY - SAN FERNANDO,CUE,7.535730106544568e-11
AZUAY - SAN FERNANDO,CUL,2.318523645748026e-09
AZUAY - SAN FERNANDO,EDU,2.5456921241698025e-08
AZUAY - SAN FERNANDO,ELE,1.2054005724646387e-08
AZUAY - SAN FERNANDO,FRT,2.4930126048126318e-09
AZUAY - SAN FERNANDO,FRV,1.7114691249767976e-09
AZUAY - SAN FERNANDO,GAN,1.876666810686537e-09
AZUAY - SAN FERNANDO,HIL,1.5640015097693075e-10
AZUAY - SAN FERNANDO,HOT,5.030886840010935e-10
AZUAY - SAN FERNANDO,INM,3.8220511008694735e-08
AZUAY - SAN FERNANDO,LAC,2.5635783014931787e-10
AZUAY - SAN FERNANDO,MAD,2.9184235421211925e-10
AZUAY - SAN FERNANDO,MAN,1.806618397369331e-10
AZUAY - SAN FERNANDO,MAQ,4.463129368714281e-10
AZUAY - SAN FERNANDO,MET,2.4844697266418316e-10
AZUAY - SAN FERNANDO,MOL,2.5659571676068843e-10
AZUAY - SAN FERNANDO,MUE,1.9042401594534776e-10
AZUAY - SAN FERNANDO,PAN,1.9658004292879703e-10
AZUAY - SAN FERNANDO,PAP,2.5116903875307376e-10
AZUAY - SAN FERNANDO,PES,1.6967915873139755e-09
AZUAY - SAN FERNANDO,PLS,2.1272436587573952e-10
AZUAY - SAN FERNANDO,QU1,8.212814629015369e-11
AZUAY - SAN FERNANDO,QU2,3.7435115830332037e-10
AZUAY - SAN FERNANDO,RES,2.7126901869753995e-09
AZUAY - SAN FERNANDO,SAL,1.4133626466756906e-08
AZUAY - SAN FERNANDO,SIL,1.0888421811415588e-09
AZUAY - SAN FERNANDO,TAB,1.9457673564507817e-11
AZUAY - SAN FERNANDO,TEL,9.409504468729066e-09
AZUAY - SAN FERNANDO,TRA,1.5024457135362823e-08
AZUAY - SAN FERNANDO,VES,1.6949391643016337e-10
AZUAY - SAN FERNANDO,VID,9.630779646486959e-11
AZUAY - SANTA ISABEL,AGU,7.950257750863981e-08
AZUAY - SANTA ISABEL,AYG,1.285440659619029e-09
AZUAY - SANTA ISABEL,AZU,4.772571353849746e-10
AZUAY - SANTA ISABEL,BAL,1.337496983362371e-09
AZUAY - SANTA ISABEL,BNA,2.6151732950017194e-09
AZUAY - SANTA ISABEL,CAN,1.8830717859776e-09
AZUAY - SANTA ISABEL,CAR,2.887705152746954e-09
AZUAY - SANTA ISABEL,CAU,1.637001393044607e-10
AZUAY - SANTA ISABEL,CEM,1.545716621474392e-09
AZUAY - SANTA ISABEL,CER,3.2068182871277542e-09
AZUAY - SANTA ISABEL,CHO,7.26415479071368e-10
AZUAY - SANTA ISABEL,CIN,1.774531006133476e-09
AZUAY - SANTA ISABEL,COM,7.164060154562622e-08
AZUAY - SANTA ISABEL,CUE,3.6227671443885066e-10
AZUAY - SANTA ISABEL,CUL,1.1146194421173744e-08
AZUAY - SANTA ISABEL,EDU,1.2238296298803896e-07
AZUAY - SANTA ISABEL,ELE,5.7949070999231706e-08
AZUAY - SANTA ISABEL,FRT,1.1985041963509177e-08
AZUAY - SANTA ISABEL,FRV,8.227808091503364e-09
AZUAY - SANTA ISABEL,GAN,9.021988270008571e-09
AZUAY - SANTA ISABEL,HIL,7.51886440100276e-10
AZUAY - SANTA ISABEL,HOT,2.418575412526996e-09
AZUAY - SANTA ISABEL,INM,1.8374332621571258e-07
AZUAY - SANTA ISABEL,LAC,1.2324283263079011e-09
AZUAY - SANTA ISABEL,MAD,1.4030185227340398e-09
AZUAY - SANTA ISABEL,MAN,8.685233786110948e-10
AZUAY - SANTA ISABEL,MAQ,2.145628653034071e-09
AZUAY - SANTA ISABEL,MET,1.1943972474663219e-09
AZUAY - SANTA ISABEL,MOL,1.2335719551103904e-09
AZUAY - SANTA ISABEL,MUE,9.154545859732867e-10
AZUAY - SANTA ISABEL,PAN,9.45049398924776e-10
AZUAY - SANTA ISABEL,PAP,1.2074834533843424e-09
AZUAY - SANTA ISABEL,PES,8.157246512925573e-09
AZUAY - SANTA ISABEL,PLS,1.0226624794274683e-09
AZUAY - SANTA ISABEL,QU1,3.9482723744459003e-10
AZUAY - SANTA ISABEL,QU2,1.7996757548246585e-09
AZUAY - SANTA ISABEL,RES,1.3041131706328942e-08
AZUAY - SANTA ISABEL,SAL,6.794675084018537e-08
AZUAY - SANTA ISABEL,SIL,5.23455806337619e-09
AZUAY - SANTA ISABEL,TAB,9.354185924800656e-11
AZUAY - SANTA ISABEL,TEL,4.5235754402461474e-08
AZUAY - SANTA ISABEL,TRA,7.222937778118525e-08
AZUAY - SANTA ISABEL,VES,8.14834107558674e-10
AZUAY - SANTA ISABEL,VID,4.6299524511682656e-10
AZUAY - SEVILLA DE ORO,AGU,2.579369551549937e-08
AZUAY - SEVILLA DE ORO,AYG,4.1704641555618355e-10
AZUAY - SEVILLA DE ORO,AZU,1.5484058024888187e-10
AZUAY - SEVILLA DE ORO,BAL,4.3393549017953285e-10
AZUAY - SEVILLA DE ORO,BNA,8.484628524680093e-10
AZUAY - SEVILLA DE ORO,CAN,6.10940950638429e-10
AZUAY - SEVILLA DE ORO,CAR,9.368826745321435e-10
AZUAY - SEVILLA DE ORO,CAU,5.311062460340011e-11
AZUAY - SEVILLA DE ORO,CEM,5.014899533694248e-10
AZUAY - SEVILLA DE ORO,CER,1.040415255250303e-09
AZUAY - SEVILLA DE ORO,CHO,2.356771349064281e-10
AZUAY - SEVILLA DE ORO,CIN,5.757261448541772e-10
AZUAY - SEVILLA DE ORO,COM,2.3242967973136232e-08
AZUAY - SEVILLA DE ORO,CUE,1.1753650708463802e-10
AZUAY - SEVILLA DE ORO,CUL,3.616254391564468e-09
AZUAY - SEVILLA DE ORO,EDU,3.970574266293512e-08
AZUAY - SEVILLA DE ORO,ELE,1.8800908594413822e-08
AZUAY - SEVILLA DE ORO,FRT,3.88840881433867e-09
AZUAY - SEVILLA DE ORO,FRV,2.669417562583256e-09
AZUAY - SEVILLA DE ORO,GAN,2.9270801736675583e-09
AZUAY - SEVILLA DE ORO,HIL,2.4394089482283347e-10
AZUAY - SEVILLA DE ORO,HOT,7.846789340284612e-10
AZUAY - SEVILLA DE ORO,INM,5.961340572760819e-08
AZUAY - SEVILLA DE ORO,LAC,3.9984717464044335e-10
AZUAY - SEVILLA DE ORO,MAD,4.5519319891326484e-10
AZUAY - SEVILLA DE ORO,MAN,2.817824060302045e-10
AZUAY - SEVILLA DE ORO,MAQ,6.961245018713696e-10
AZUAY - SEVILLA DE ORO,MET,3.8750842917449874e-10
AZUAY - SEVILLA DE ORO,MOL,4.0021821183242574e-10
AZUAY - SEVILLA DE ORO,MUE,2.970086956777772e-10
AZUAY - SEVILLA DE ORO,PAN,3.06610391849526e-10
AZUAY - SEVILLA DE ORO,PAP,3.9175409795002825e-10
AZUAY - SEVILLA DE ORO,PES,2.646524671183216e-09
AZUAY - SEVILLA DE ORO,PLS,3.317910618257772e-10
AZUAY - SEVILLA DE ORO,QU1,1.2809714933789142e-10
AZUAY - SEVILLA DE ORO,QU2,5.83884068935112e-10
AZUAY - SEVILLA DE ORO,RES,4.231044966737311e-09
AZUAY - SEVILLA DE ORO,SAL,2.2044540659688445e-08
AZUAY - SEVILLA DE ORO,SIL,1.698292068961595e-09
AZUAY - SEVILLA DE ORO,TAB,3.034857876318001e-11
AZUAY - SEVILLA DE ORO,TEL,1.4676219464006704e-08
AZUAY - SEVILLA DE ORO,TRA,2.3433989640894373e-08
AZUAY - SEVILLA DE ORO,VES,2.6436354046166667e-10
AZUAY - SEVILLA DE ORO,VID,1.5021347422817332e-10
AZUAY - SIGSIG,AGU,1.1609730894684944e-07
AZUAY - SIGSIG,AYG,1.8771240640143316e-09
AZUAY - SIGSIG,AZU,6.969367639414754e-10
AZUAY - SIGSIG,BAL,1.95314171387746e-09
AZUAY - SIGSIG,BNA,3.818927530322775e-09
AZUAY - SIGSIG,CAN,2.7498425051939838e-09
AZUAY - SIGSIG,CAR,4.216904756697214e-09
AZUAY - SIGSIG,CAU,2.390506854372981e-10
AZUAY - SIGSIG,CEM,2.2572040526370486e-09
AZUAY - SIGSIG,CER,4.682904442646756e-09
AZUAY - SIGSIG,CHO,1.0607817374016243e-09
AZUAY - SIGSIG,CIN,2.591340820773428e-09
AZUAY - SIGSIG,COM,1.0461649560829449e-07
AZUAY - SIGSIG,CUE,5.290312963235193e-10
AZUAY - SIGSIG,CUL,1.6276744954036613e-08
AZUAY - SIGSIG,EDU,1.7871537136401814e-07
AZUAY - SIGSIG,ELE,8.462280607505576e-08
AZUAY - SIGSIG,FRT,1.7501710802109132e-08
AZUAY - SIGSIG,FRV,1.2015036592377725e-08
AZUAY - SIGSIG,GAN,1.3174774860402594e-08
AZUAY - SIGSIG,HIL,1.0979768840800443e-09
AZUAY - SIGSIG,HOT,3.531836396736774e-09
AZUAY - SIGSIG,INM,2.683196743938156e-07
AZUAY - SIGSIG,LAC,1.799710357046824e-09
AZUAY - SIGSIG,MAD,2.048822566467165e-09
AZUAY - SIGSIG,MAN,1.2683013579429655e-09
AZUAY - SIGSIG,MAQ,3.1332532909318344e-09
AZUAY - SIGSIG,MET,1.744173718509879e-09
AZUAY - SIGSIG,MOL,1.8013803937998931e-09
AZUAY - SIGSIG,MUE,1.3368348200157514e-09
AZUAY - SIGSIG,PAN,1.3800520118367319e-09
AZUAY - SIGSIG,PAP,1.7632834548104587e-09
AZUAY - SIGSIG,PES,1.1911995789869997e-08
AZUAY - SIGSIG,PLS,1.493390095554314e-09
AZUAY - SIGSIG,QU1,5.765647001979808e-10
AZUAY - SIGSIG,QU2,2.628059600826488e-09
AZUAY - SIGSIG,RES,1.904391460216103e-08
AZUAY - SIGSIG,SAL,9.92223795935464e-08
AZUAY - SIGSIG,SIL,7.644005059055659e-09
AZUAY - SIGSIG,TAB,1.3659881821313694e-10
AZUAY - SIGSIG,TEL,6.605759861981393e-08
AZUAY - SIGSIG,TRA,1.054762832864088e-07
AZUAY - SIGSIG,VES,1.1898991213887275e-09
AZUAY - SIGSIG,VID,6.761101802945826e-10
BOLIVAR - CALUMA,AGU,0.002231663956022
BOLIVAR - CALUMA,AYG,3.608274948526341e-05
BOLIVAR - CALUMA,AZU,1.3396767503257802e-05
BOLIVAR - CALUMA,BAL,3.754398791326791e-05
BOLIVAR - CALUMA,BNA,7.34087895524205e-05
BOLIVAR - CALUMA,CAN,5.285845519802899e-05
BOLIVAR - CALUMA,CAR,8.105885000148797e-05
BOLIVAR - CALUMA,CAU,4.595117692150942e-06
BOLIVAR - CALUMA,CEM,4.338878283529484e-05
BOLIVAR - CALUMA,CER,9.001646247403276e-05
BOLIVAR - CALUMA,CHO,2.0390725590800933e-05
BOLIVAR - CALUMA,CIN,4.9811679184882354e-05
BOLIVAR - CALUMA,COM,0.002010975659748
BOLIVAR - CALUMA,CUE,1.0169228609366952e-05
BOLIVAR - CALUMA,CUL,0.0003128774074506
BOLIVAR - CALUMA,EDU,0.003435330726251
BOLIVAR - CALUMA,ELE,0.0016266498154716
BOLIVAR - CALUMA,FRT,0.0003364241386824
BOLIVAR - CALUMA,FRV,0.0002309573265455
BOLIVAR - CALUMA,GAN,0.0002532502299267
BOLIVAR - CALUMA,HIL,2.110570399068085e-05
BOLIVAR - CALUMA,HOT,6.789022120032626e-05
BOLIVAR - CALUMA,INM,0.0051577366561561
BOLIVAR - CALUMA,LAC,3.459467554876474e-05
BOLIVAR - CALUMA,MAD,3.9383199450062943e-05
BOLIVAR - CALUMA,MAN,2.437974188696247e-05
BOLIVAR - CALUMA,MAQ,6.02285143203552e-05
BOLIVAR - CALUMA,MET,3.352713043866865e-05
BOLIVAR - CALUMA,MOL,3.462677759196337e-05
BOLIVAR - CALUMA,MUE,2.569711658303969e-05
BOLIVAR - CALUMA,PAN,2.652785288642401e-05
BOLIVAR - CALUMA,PAP,3.3894464618056164e-05
BOLIVAR - CALUMA,PES,0.0002289766394215
BOLIVAR - CALUMA,PLS,2.870647802917329e-05
BOLIVAR - CALUMA,QU1,1.1082932683095635e-05
BOLIVAR - CALUMA,QU2,5.05175006952761e-05
BOLIVAR - CALUMA,RES,0.0003660689311813
BOLIVAR - CALUMA,SAL,0.0019072880343077
BOLIVAR - CALUMA,SIL,0.0001469357965717
BOLIVAR - CALUMA,TAB,2.6257512926593786e-06
BOLIVAR - CALUMA,TEL,0.0012697827641181
BOLIVAR - CALUMA,TRA,0.0020275028057128
BOLIVAR - CALUMA,VES,2.2872666081530068e-05
BOLIVAR - CALUMA,VID,1.299643147072214e-05
BOLIVAR - CHILLANES,AGU,0.0026167760777761
BOLIVAR - CHILLANES,AYG,4.230945049707804e-05
BOLIVAR - CHILLANES,AZU,1.5708610889850322e-05
BOLIVAR - CHILLANES,BAL,4.4022850828705605e-05
BOLIVAR - CHILLANES,BNA,8.607674281825537e-05
BOLIVAR - CHILLANES,CAN,6.198009368621979e-05
BOLIVAR - CHILLANES,CAR,9.50469531954237e-05
BOLIVAR - CHILLANES,CAU,5.388084536177316e-06
BOLIVAR - CHILLANES,CEM,5.087626596327199e-05
BOLIVAR - CHILLANES,CER,0.0001055503562588
BOLIVAR - CHILLANES,CHO,2.3909497122325422e-05
BOLIVAR - CHILLANES,CIN,5.840754390154888e-05
BOLIVAR - CHILLANES,COM,0.0023580042081241
BOLIVAR - CHILLANES,CUE,1.1924104470398008e-05
BOLIVAR - CHILLANES,CUL,0.000366869802635
BOLIVAR - CHILLANES,EDU,0.0040281563178208
BOLIVAR - CHILLANES,ELE,0.0019073563080852
BOLIVAR - CHILLANES,FRT,0.0003944799286267
BOLIVAR - CHILLANES,FRV,0.0002708129982834
BOLIVAR - CHILLANES,GAN,0.0002969529267949
BOLIVAR - CHILLANES,HIL,2.474785738166636e-05
BOLIVAR - CHILLANES,HOT,7.960585027712485e-05
BOLIVAR - CHILLANES,INM,0.0060477931101045
BOLIVAR - CHILLANES,LAC,4.056458372693361e-05
BOLIVAR - CHILLANES,MAD,4.617945005076503e-05
BOLIVAR - CHILLANES,MAN,2.858688700868685e-05
BOLIVAR - CHILLANES,MAQ,7.062198367644771e-05
BOLIVAR - CHILLANES,MET,3.931281528818269e-05
BOLIVAR - CHILLANES,MOL,4.060222553158938e-05
BOLIVAR - CHILLANES,MUE,3.0131597439152976e-05
BOLIVAR - CHILLANES,PAN,3.110569162558739e-05
BOLIVAR - CHILLANES,PAP,3.974353931837414e-05
BOLIVAR - CHILLANES,PES,0.0002684905094206
BOLIVAR - CHILLANES,PLS,3.3660276127704834e-05
BOLIVAR - CHILLANES,QU1,1.2995483947513264e-05
BOLIVAR - CHILLANES,QU2,5.923516709212568e-05
BOLIVAR - CHILLANES,RES,0.0004292404415761
BOLIVAR - CHILLANES,SAL,0.0022364234938407
BOLIVAR - CHILLANES,SIL,0.0001722921035671
BOLIVAR - CHILLANES,TAB,3.078869984112012e-06
BOLIVAR - CHILLANES,TEL,0.0014889056894747
BOLIVAR - CHILLANES,TRA,0.002377383398292
BOLIVAR - CHILLANES,VES,2.6819739269257297e-05
BOLIVAR - CHILLANES,VID,1.5239189967321068e-05
BOLIVAR - ECHEANDIA,AGU,0.0019876706718006
BOLIVAR - ECHEANDIA,AYG,3.2137734140595626e-05
BOLIVAR - ECHEANDIA,AZU,1.1932066112060234e-05
BOLIVAR - ECHEANDIA,BAL,3.34392117936334e-05
BOLIVAR - ECHEANDIA,BNA,6.538282685974759e-05
BOLIVAR - ECHEANDIA,CAN,4.707931087487192e-05
BOLIVAR - ECHEANDIA,CAR,7.219648746984124e-05
BOLIVAR - ECHEANDIA,CAU,4.092722224380576e-06
BOLIVAR - ECHEANDIA,CEM,3.864498097669192e-05
BOLIVAR - ECHEANDIA,CER,8.017474223933158e-05
BOLIVAR - ECHEANDIA,CHO,1.816135763818765e-05
BOLIVAR - ECHEANDIA,CIN,4.436564634283728e-05
BOLIVAR - ECHEANDIA,COM,0.0017911107672819
BOLIVAR - ECHEANDIA,CUE,9.057401947605166e-06
BOLIVAR - ECHEANDIA,CUL,0.0002786697544585
BOLIVAR - ECHEANDIA,EDU,0.0030597376070347
BOLIVAR - ECHEANDIA,ELE,0.001448804208527
BOLIVAR - ECHEANDIA,FRT,0.0002996420639139
BOLIVAR - ECHEANDIA,FRV,0.0002057061965683
BOLIVAR - ECHEANDIA,GAN,0.0002255617622419
BOLIVAR - ECHEANDIA,HIL,1.8798165699086493e-05
BOLIVAR - ECHEANDIA,HOT,6.046761709701201e-05
BOLIVAR - ECHEANDIA,INM,0.0045938286795591
BOLIVAR - ECHEANDIA,LAC,3.081235497091026e-05
BOLIVAR - ECHEANDIA,MAD,3.507733783006462e-05
BOLIVAR - ECHEANDIA,MAN,2.17142450161548e-05
BOLIVAR - ECHEANDIA,MAQ,5.364358338882007e-05
BOLIVAR - ECHEANDIA,MET,2.9861527181432264e-05
BOLIVAR - ECHEANDIA,MOL,3.0840947219128725e-05
BOLIVAR - ECHEANDIA,MUE,2.288758791130665e-05
BOLIVAR - ECHEANDIA,PAN,2.3627497780703107e-05
BOLIVAR - ECHEANDIA,PAP,3.018869981562222e-05
BOLIVAR - ECHEANDIA,PES,0.0002039420628171
BOLIVAR - ECHEANDIA,PLS,2.556792850254399e-05
BOLIVAR - ECHEANDIA,QU1,9.87120851787954e-06
BOLIVAR - ECHEANDIA,QU2,4.499429865939681e-05
BOLIVAR - ECHEANDIA,RES,0.0003260457186679
BOLIVAR - ECHEANDIA,SAL,0.0016987595637953
BOLIVAR - ECHEANDIA,SIL,0.0001308709461813
BOLIVAR - ECHEANDIA,TAB,2.3386714750569788e-06
BOLIVAR - ECHEANDIA,TEL,0.0011309543056358
BOLIVAR - ECHEANDIA,TRA,0.001805830959914
BOLIVAR - ECHEANDIA,VES,2.037194149838957e-05
BOLIVAR - ECHEANDIA,VID,1.157549979812713e-05
BOLIVAR - GUARANDA,AGU,0.0152068888372318
BOLIVAR - GUARANDA,AYG,0.0002458732009733
BOLIVAR - GUARANDA,AZU,9.12875586176598e-05
BOLIVAR - GUARANDA,BAL,0.0002558302961173
BOLIVAR - GUARANDA,BNA,0.0005002183681763
BOLIVAR - GUARANDA,CAN,0.0003601853451704
BOLIVAR - GUARANDA,CAR,0.0005523470135009
BOLIVAR - GUARANDA,CAU,3.131181276194179e-05
BOLIVAR - GUARANDA,CEM,0.0002956575946744
BOLIVAR - GUARANDA,CER,0.0006133855120389
BOLIVAR - GUARANDA,CHO,0.0001389454252433
BOLIVAR - GUARANDA,CIN,0.0003394241620098
BOLIVAR - GUARANDA,COM,0.0137030860894838
BOLIVAR - GUARANDA,CUE,6.929463040604536e-05
BOLIVAR - GUARANDA,CUL,0.0021319930099441
BOLIVAR - GUARANDA,EDU,0.023408852543528
BOLIVAR - GUARANDA,ELE,0.0110842328452861
BOLIVAR - GUARANDA,FRT,0.0022924439252153
BOLIVAR - GUARANDA,FRV,0.0015737774414668
BOLIVAR - GUARANDA,GAN,0.0017256845879986
BOLIVAR - GUARANDA,HIL,0.0001438173939905
BOLIVAR - GUARANDA,HOT,0.0004626140258001
BOLIVAR - GUARANDA,INM,0.0351455817396852
BOLIVAR - GUARANDA,LAC,0.0002357332446986
BOLIVAR - GUARANDA,MAD,0.0002683629560246
BOLIVAR - GUARANDA,MAN,0.0001661271732937
BOLIVAR - GUARANDA,MAQ,0.0004104060199698
BOLIVAR - GUARANDA,MET,0.0002284588341521
BOLIVAR - GUARANDA,MOL,0.0002359519927772
BOLIVAR - GUARANDA,MUE,0.0001751039596535
BOLIVAR - GUARANDA,PAN,0.0001807647199058
BOLIVAR - GUARANDA,PAP,0.0002309619036743
BOLIVAR - GUARANDA,PES,0.0015602807459478
BOLIVAR - GUARANDA,PLS,0.0001956101944112
BOLIVAR - GUARANDA,QU1,7.552074533783158e-05
BOLIVAR - GUARANDA,QU2,0.0003442337343554
BOLIVAR - GUARANDA,RES,0.0024944479334433
BOLIVAR - GUARANDA,SAL,0.0129965432474877
BOLIVAR - GUARANDA,SIL,0.0010012422876874
BOLIVAR - GUARANDA,TAB,1.789225833662856e-05
BOLIVAR - GUARANDA,TEL,0.0086524878843304
BOLIVAR - GUARANDA,TRA,0.0138157045107316
BOLIVAR - GUARANDA,VES,0.0001558577354688
BOLIVAR - GUARANDA,VID,8.855960957861186e-05
BOLIVAR - LAS NAVES,AGU,0.0010228150903927
BOLIVAR - LAS NAVES,AYG,1.653742741007158e-05
BOLIVAR - LAS NAVES,AZU,6.139999675058423e-06
BOLIVAR - LAS NAVES,BAL,1.7207141463924403e-05
BOLIVAR - LAS NAVES,BNA,3.3644679127908e-05
BOLIVAR - LAS NAVES,CAN,2.422606032843852e-05
BOLIVAR - LAS NAVES,CAR,3.715085094585059e-05
BOLIVAR - LAS NAVES,CAU,2.106032005840286e-06
BOLIVAR - LAS NAVES,CEM,1.988592490278766e-05
BOLIVAR - LAS NAVES,CER,4.125629934281274e-05
BOLIVAR - LAS NAVES,CHO,9.345466992039498e-06
BOLIVAR - LAS NAVES,CIN,2.282966349419123e-05
BOLIVAR - LAS NAVES,COM,0.0009216693425784
BOLIVAR - LAS NAVES,CUE,4.660755689155916e-06
BOLIVAR - LAS NAVES,CUL,0.0001433978144065
BOLIVAR - LAS NAVES,EDU,0.0015744790329286
BOLIVAR - LAS NAVES,ELE,0.0007455253169095
BOLIVAR - LAS NAVES,FRT,0.0001541897403003
BOLIVAR - LAS NAVES,FRV,0.0001058522445505
BOLIVAR - LAS NAVES,GAN,0.0001160695167009
BOLIVAR - LAS NAVES,HIL,9.673155528984618e-06
BOLIVAR - LAS NAVES,HOT,3.111541168481724e-05
BOLIVAR - LAS NAVES,INM,0.0023638912435506
BOLIVAR - LAS NAVES,LAC,1.5855414119601112e-05
BOLIVAR - LAS NAVES,MAD,1.805008796094609e-05
BOLIVAR - LAS NAVES,MAN,1.1173710914036244e-05
BOLIVAR - LAS NAVES,MAQ,2.760390208058059e-05
BOLIVAR - LAS NAVES,MET,1.5366137387172465e-05
BOLIVAR - LAS NAVES,MOL,1.587012711172853e-05
BOLIVAR - LAS NAVES,MUE,1.177748941537079e-05
BOLIVAR - LAS NAVES,PAN,1.215823205583227e-05
BOLIVAR - LAS NAVES,PAP,1.5534493801623093e-05
BOLIVAR - LAS NAVES,PES,0.0001049444570343
BOLIVAR - LAS NAVES,PLS,1.3156738424275386e-05
BOLIVAR - LAS NAVES,QU1,5.079524075964854e-06
BOLIVAR - LAS NAVES,QU2,2.315315525019976e-05
BOLIVAR - LAS NAVES,RES,0.0001677765265356
BOLIVAR - LAS NAVES,SAL,0.0008741472827713
BOLIVAR - LAS NAVES,SIL,6.734353962519323e-05
BOLIVAR - LAS NAVES,TAB,1.2034329982805382e-06
BOLIVAR - LAS NAVES,TEL,0.000581966191261
BOLIVAR - LAS NAVES,TRA,0.0009292440557193
BOLIVAR - LAS NAVES,VES,1.0482988696651107e-05
BOLIVAR - LAS NAVES,VID,5.956517868041514e-06
CARCHI - BOLIVAR,AGU,5.4284920972168215e-08
CARCHI - BOLIVAR,AYG,8.777079537358088e-10
CARCHI - BOLIVAR,AZU,3.2587454004194074e-10
CARCHI - BOLIVAR,BAL,9.132523789489639e-10
CARCHI - BOLIVAR,BNA,1.7856587810912836e-09
CARCHI - BOLIVAR,CAN,1.2857747042931384e-09
CARCHI - BOLIVAR,CAR,1.971745456815609e-09
CARCHI - BOLIVAR,CAU,1.1177561034810296e-10
CARCHI - BOLIVAR,CEM,1.0554262172567364e-09
CARCHI - BOLIVAR,CER,2.18963815695052e-09
CARCHI - BOLIVAR,CHO,4.960016154201236e-10
CARCHI - BOLIVAR,CIN,1.2116622938438616e-09
CARCHI - BOLIVAR,COM,4.891670830269976e-08
CARCHI - BOLIVAR,CUE,2.4736509720370476e-10
CARCHI - BOLIVAR,CUL,7.610700209412505e-09
CARCHI - BOLIVAR,EDU,8.356395078415548e-08
CARCHI - BOLIVAR,ELE,3.956803462456293e-08
CARCHI - BOLIVAR,FRT,8.183471231061806e-09
CARCHI - BOLIVAR,FRV,5.618005428476677e-09
CARCHI - BOLIVAR,GAN,6.160277258885351e-09
CARCHI - BOLIVAR,HIL,5.133933673590992e-10
CARCHI - BOLIVAR,HOT,1.6514203595473263e-09
CARCHI - BOLIVAR,INM,1.2546123981576976e-07
CARCHI - BOLIVAR,LAC,8.415107584432147e-10
CARCHI - BOLIVAR,MAD,9.57990948417096e-10
CARCHI - BOLIVAR,MAN,5.930338920805444e-10
CARCHI - BOLIVAR,MAQ,1.4650503859817186e-09
CARCHI - BOLIVAR,MET,8.155428694250622e-10
CARCHI - BOLIVAR,MOL,8.42291636260137e-10
CARCHI - BOLIVAR,MUE,6.250788516607313e-10
CARCHI - BOLIVAR,PAN,6.452863987944463e-10
CARCHI - BOLIVAR,PAP,8.244782231751727e-10
CARCHI - BOLIVAR,PES,5.569825484671074e-09
CARCHI - BOLIVAR,PLS,6.982811578767835e-10
CARCHI - BOLIVAR,QU1,2.695908240208922e-10
CARCHI - BOLIVAR,QU2,1.2288313056965592e-09
CARCHI - BOLIVAR,RES,8.904576760278871e-09
CARCHI - BOLIVAR,SAL,4.639452097353985e-08
CARCHI - BOLIVAR,SIL,3.574193185921827e-09
CARCHI - BOLIVAR,TAB,6.387104161894479e-11
CARCHI - BOLIVAR,TEL,3.0887292334480246e-08
CARCHI - BOLIVAR,TRA,4.931872887133023e-08
CARCHI - BOLIVAR,VES,5.563744789210495e-10
CARCHI - BOLIVAR,VID,3.16136420720765e-10
CARCHI - ESPEJO,AGU,4.947100856752374e-08
CARCHI - ESPEJO,AYG,7.998740151304602e-10
CARCHI - ESPEJO,AZU,2.9697643238014636e-10
CARCHI - ESPEJO,BAL,8.322664094225926e-10
CARCHI - ESPEJO,BNA,1.6273090072901054e-09
CARCHI - ESPEJO,CAN,1.171753965426295e-09
CARCHI - ESPEJO,CAR,1.7968937716076206e-09
CARCHI - ESPEJO,CAU,1.0186350238966432e-10
CARCHI - ESPEJO,CEM,9.618324665714571e-10
CARCHI - ESPEJO,CER,1.995464045675104e-09
CARCHI - ESPEJO,CHO,4.520168718406162e-10
CARCHI - ESPEJO,CIN,1.1042137419786863e-09
CARCHI - ESPEJO,COM,4.457884164146849e-08
CARCHI - ESPEJO,CUE,2.2542909935053443e-10
CARCHI - ESPEJO,CUL,6.935793743860034e-09
CARCHI - ESPEJO,EDU,7.615361413712985e-08
CARCHI - ESPEJO,ELE,3.605919553452827e-08
CARCHI - ESPEJO,FRT,7.457772216183307e-09
CARCHI - ESPEJO,FRV,5.119808405488109e-09
CARCHI - ESPEJO,GAN,5.613992313056627e-09
CARCHI - ESPEJO,HIL,4.678663470497342e-10
CARCHI - ESPEJO,HOT,1.504974665020421e-09
CARCHI - ESPEJO,INM,1.1433550898969267e-07
CARCHI - ESPEJO,LAC,7.668867375150364e-10
CARCHI - ESPEJO,MAD,8.730376238559974e-10
CARCHI - ESPEJO,MAN,5.404444591710852e-10
CARCHI - ESPEJO,MAQ,1.3351317253259822e-09
CARCHI - ESPEJO,MET,7.432216453109572e-10
CARCHI - ESPEJO,MOL,7.675983681571988e-10
CARCHI - ESPEJO,MUE,5.69647715647228e-10
CARCHI - ESPEJO,PAN,5.880632851917284e-10
CARCHI - ESPEJO,PAP,7.513646241347117e-10
CARCHI - ESPEJO,PES,5.075900993077731e-09
CARCHI - ESPEJO,PLS,6.363585416578893e-10
CARCHI - ESPEJO,QU1,2.4568387916970835e-10
CARCHI - ESPEJO,QU2,1.1198602293871548e-09
CARCHI - ESPEJO,RES,8.114931095207486e-09
CARCHI - ESPEJO,SAL,4.22803184284801e-08
CARCHI - ESPEJO,SIL,3.257238631946769e-09
CARCHI - ESPEJO,TAB,5.8207045171300677e-11
CARCHI - ESPEJO,TEL,2.8148249575422577e-08
CARCHI - ESPEJO,TRA,4.49452115769656e-08
CARCHI - ESPEJO,VES,5.070359525358157e-10
CARCHI - ESPEJO,VID,2.8810187613613065e-10
CARCHI - MIRA,AGU,4.400532288660657e-08
CARCHI - MIRA,AYG,7.11501853785315e-10
CARCHI - MIRA,AZU,2.64165703813444e-10
CARCHI - MIRA,BAL,7.403154521163446e-10
CARCHI - MIRA,BNA,1.4475196761825135e-09
CARCHI - MIRA,CAN,1.0422955400609241e-09
CARCHI - MIRA,CAR,1.598368274715844e-09
CARCHI - MIRA,CAU,9.060935773928111e-11
CARCHI - MIRA,CEM,8.555667143217253e-10
CARCHI - MIRA,CER,1.7749999885022066e-09
CARCHI - MIRA,CHO,4.020768723239279e-10
CARCHI - MIRA,CIN,9.822173361450107e-10
CARCHI - MIRA,COM,3.9653655285118375e-08
CARCHI - MIRA,CUE,2.0052310620304238e-10
CARCHI - MIRA,CUL,6.169509213803036e-09
CARCHI - MIRA,EDU,6.77399648020596e-08
CARCHI - MIRA,ELE,3.207528183627701e-08
CARCHI - MIRA,FRT,6.633818147046057e-09
CARCHI - MIRA,FRV,4.554158658268565e-09
CARCHI - MIRA,GAN,4.993743842553522e-09
CARCHI - MIRA,HIL,4.161752562937742e-10
CARCHI - MIRA,HOT,1.338701150189653e-09
CARCHI - MIRA,INM,1.0170342461541975e-07
CARCHI - MIRA,LAC,6.821590963876056e-10
CARCHI - MIRA,MAD,7.76582156749467e-10
CARCHI - MIRA,MAN,4.807347498412138e-10
CARCHI - MIRA,MAQ,1.1876229001664531e-09
CARCHI - MIRA,MET,6.611085851137062e-10
CARCHI - MIRA,MOL,6.82792104225754e-10
CARCHI - MIRA,MUE,5.067115545958411e-10
CARCHI - MIRA,PAN,5.230925241255077e-10
CARCHI - MIRA,PAP,6.683519064603701e-10
CARCHI - MIRA,PES,4.515102250966966e-09
CARCHI - MIRA,PLS,5.66051995060573e-10
CARCHI - MIRA,QU1,2.1854008527318402e-10
CARCHI - MIRA,QU2,9.961351589343134e-10
CARCHI - MIRA,RES,7.218372404107303e-09
CARCHI - MIRA,SAL,3.7609078894243766e-08
CARCHI - MIRA,SIL,2.897370437109746e-09
CARCHI - MIRA,TAB,5.1776179447448695e-11
CARCHI - MIRA,TEL,2.5038357759950933e-08
CARCHI - MIRA,TRA,3.997954771735957e-08
CARCHI - MIRA,VES,4.510173019012202e-10
CARCHI - MIRA,VID,2.562716316224511e-10
CARCHI - MONTUFAR,AGU,1.174431683414184e-07
CARCHI - MONTUFAR,AYG,1.8988846464020052e-09
CARCHI - MONTUFAR,AZU,7.050160114251578e-10
CARCHI - MONTUFAR,BAL,1.9757835317489652e-09
CARCHI - MONTUFAR,BNA,3.863198491816086e-09
CARCHI - MONTUFAR,CAN,2.781720086188516e-09
CARCHI - MONTUFAR,CAR,4.2657892737828056e-09
CARCHI - MONTUFAR,CAU,2.4182188326860383e-10
CARCHI - MONTUFAR,CEM,2.283370716681703e-09
CARCHI - MONTUFAR,CER,4.737191066472725e-09
CARCHI - MONTUFAR,CHO,1.073078861941546e-09
CARCHI - MONTUFAR,CIN,2.621380969161058e-09
CARCHI - MONTUFAR,COM,1.0582926354166461e-07
CARCHI - MONTUFAR,CUE,5.351640977349971e-10
CARCHI - MONTUFAR,CUL,1.6465433307867642e-08
CARCHI - MONTUFAR,EDU,1.8078713137022345e-07
CARCHI - MONTUFAR,ELE,8.560379693164007e-08
CARCHI - MONTUFAR,FRT,1.7704599586678905e-08
CARCHI - MONTUFAR,FRV,1.2154321042815286e-08
CARCHI - MONTUFAR,GAN,1.3327503590104e-08
CARCHI - MONTUFAR,HIL,1.1107051937873362e-09
CARCHI - MONTUFAR,HOT,3.5727792509488803e-09
CARCHI - MONTUFAR,INM,2.714301733175756e-07
CARCHI - MONTUFAR,LAC,1.820573520142563e-09
CARCHI - MONTUFAR,MAD,2.072573565727166e-09
CARCHI - MONTUFAR,MAN,1.28300415608029e-09
CARCHI - MONTUFAR,MAQ,3.169575565887365e-09
CARCHI - MONTUFAR,MET,1.7643930724820836e-09
CARCHI - MONTUFAR,MOL,1.8222629168159763e-09
CARCHI - MONTUFAR,MUE,1.3523320931035263e-09
CARCHI - MONTUFAR,PAN,1.3960502807197302e-09
CARCHI - MONTUFAR,PAP,1.7837243386213927e-09
CARCHI - MONTUFAR,PES,1.2050085738614648e-08
CARCHI - MONTUFAR,PLS,1.5107022374815496e-09
CARCHI - MONTUFAR,QU1,5.832485331427525e-10
CARCHI - MONTUFAR,QU2,2.658525412095884e-09
CARCHI - MONTUFAR,RES,1.926468140209109e-08
CARCHI - MONTUFAR,SAL,1.0037261617472846e-07
CARCHI - MONTUFAR,SIL,7.732618275969867e-09
CARCHI - MONTUFAR,TAB,1.3818234159061102e-10
CARCHI - MONTUFAR,TEL,6.682337209459656e-08
CARCHI - MONTUFAR,TRA,1.0669901831836565e-07
CARCHI - MONTUFAR,VES,1.203693040693468e-09
CARCHI - MONTUFAR,VID,6.83947995366849e-10
CARCHI - SAN PEDRO DE HUACA,AGU,2.9960317232143484e-08
CARCHI - SAN PEDRO DE HUACA,AYG,4.844146083326245e-10
CARCHI - SAN PEDRO DE HUACA,AZU,1.7985297616148348e-10
CARCHI - SAN PEDRO DE HUACA,BAL,5.040318839249813e-10
CARCHI - SAN PEDRO DE HUACA,BNA,9.855205200959267e-10
CARCHI - SAN PEDRO DE HUACA,CAN,7.096301761116713e-10
CARCHI - SAN PEDRO DE HUACA,CAR,1.0882233653341872e-09
CARCHI - SAN PEDRO DE HUACA,CAU,6.168992576340978e-11
CARCHI - SAN PEDRO DE HUACA,CEM,5.824988545225108e-10
CARCHI - SAN PEDRO DE HUACA,CER,1.208480230439641e-09
CARCHI - SAN PEDRO DE HUACA,CHO,2.7374757998195137e-10
CARCHI - SAN PEDRO DE HUACA,CIN,6.68726896008573e-10
CARCHI - SAN PEDRO DE HUACA,COM,2.6997554246279576e-08
CARCHI - SAN PEDRO DE HUACA,CUE,1.3652293586616215e-10
CARCHI - SAN PEDRO DE HUACA,CUL,4.200411247713602e-09
CARCHI - SAN PEDRO DE HUACA,EDU,4.611966693196652e-08
CARCHI - SAN PEDRO DE HUACA,ELE,2.183794041465274e-08
CARCHI - SAN PEDRO DE HUACA,FRT,4.516528526741974e-09
CARCHI - SAN PEDRO DE HUACA,FRV,3.1006257692695427e-09
CARCHI - SAN PEDRO DE HUACA,GAN,3.3999102809561047e-09
CARCHI - SAN PEDRO DE HUACA,HIL,2.8334623824621607e-10
CARCHI - SAN PEDRO DE HUACA,HOT,9.11433174619986e-10
CARCHI - SAN PEDRO DE HUACA,INM,6.924314299261212e-08
CARCHI - SAN PEDRO DE HUACA,LAC,4.6443706328957315e-10
CARCHI - SAN PEDRO DE HUACA,MAD,5.287234872242609e-10
CARCHI - SAN PEDRO DE HUACA,MAN,3.273005324122182e-10
CARCHI - SAN PEDRO DE HUACA,MAQ,8.085739748537276e-10
CARCHI - SAN PEDRO DE HUACA,MET,4.5010516082200175e-10
CARCHI - SAN PEDRO DE HUACA,MOL,4.6486803650820477e-10
CARCHI - SAN PEDRO DE HUACA,MUE,3.4498642266534844e-10
CARCHI - SAN PEDRO DE HUACA,PAN,3.561391426429643e-10
CARCHI - SAN PEDRO DE HUACA,PAP,4.5503665981178526e-10
CARCHI - SAN PEDRO DE HUACA,PES,3.074034841719279e-09
CARCHI - SAN PEDRO DE HUACA,PLS,3.85387408373366e-10
CARCHI - SAN PEDRO DE HUACA,QU1,1.4878950666027448e-10
CARCHI - SAN PEDRO DE HUACA,QU2,6.782026220934093e-10
CARCHI - SAN PEDRO DE HUACA,RES,4.914512902997631e-09
CARCHI - SAN PEDRO DE HUACA,SAL,2.5605537252476354e-08
CARCHI - SAN PEDRO DE HUACA,SIL,1.972628121796204e-09
CARCHI - SAN PEDRO DE HUACA,TAB,3.525098009872986e-11
CARCHI - SAN PEDRO DE HUACA,TEL,1.7046963691029945e-08
CARCHI - SAN PEDRO DE HUACA,TRA,2.7219432873977882e-08
CARCHI - SAN PEDRO DE HUACA,VES,3.0706788533208726e-10
CARCHI - SAN PEDRO DE HUACA,VID,1.7447842391231518e-10
CARCHI - TULCAN,AGU,3.4161775291855615e-07
CARCHI - TULCAN,AYG,5.523460539395441e-09
CARCHI - TULCAN,AZU,2.0507449602730693e-09
CARCHI - TULCAN,BAL,5.747143404777619e-09
CARCHI - TULCAN,BNA,1.1237241011890667e-08
CARCHI - TULCAN,CAN,8.091445236981047e-09
CARCHI - TULCAN,CAR,1.2408293872806138e-08
CARCHI - TULCAN,CAU,7.034095685208087e-10
CARCHI - TULCAN,CEM,6.641850559116275e-09
CARCHI - TULCAN,CER,1.3779503653798704e-08
CARCHI - TULCAN,CHO,3.1213632491179197e-09
CARCHI - TULCAN,CIN,7.625052090087817e-09
CARCHI - TULCAN,COM,3.078353191139097e-07
CARCHI - TULCAN,CUE,1.556681066193963e-09
CARCHI - TULCAN,CUL,4.7894521298267613e-08
CARCHI - TULCAN,EDU,5.2587216819411e-07
CARCHI - TULCAN,ELE,2.490036428859688e-07
CARCHI - TULCAN,FRT,5.149899830308852e-08
CARCHI - TULCAN,FRV,3.5354392269345465e-08
CARCHI - TULCAN,GAN,3.8766936321315634e-08
CARCHI - TULCAN,HIL,3.230810423587528e-09
CARCHI - TULCAN,HOT,1.0392471836548364e-08
CARCHI - TULCAN,INM,7.895339268562901e-07
CARCHI - TULCAN,LAC,5.295669758892141e-09
CARCHI - TULCAN,MAD,6.028685484913092e-09
CARCHI - TULCAN,MAN,3.7319922731575705e-09
CARCHI - TULCAN,MAQ,9.219636167991054e-09
CARCHI - TULCAN,MET,5.132252520079766e-09
CARCHI - TULCAN,MOL,5.3005838624837745e-09
CARCHI - TULCAN,MUE,3.9336528243401345e-09
CARCHI - TULCAN,PAN,4.060819940367712e-09
CARCHI - TULCAN,PAP,5.188483153098649e-09
CARCHI - TULCAN,PES,3.5051193446470675e-08
CARCHI - TULCAN,PLS,4.394318639268832e-09
CARCHI - TULCAN,QU1,1.696548689030921e-09
CARCHI - TULCAN,QU2,7.733097549930301e-09
CARCHI - TULCAN,RES,5.603695186545218e-08
CARCHI - TULCAN,SAL,2.919630667020656e-07
CARCHI - TULCAN,SIL,2.2492578469395563e-08
CARCHI - TULCAN,TAB,4.0194369492806877e-10
CARCHI - TULCAN,TEL,1.9437529266098586e-07
CARCHI - TULCAN,TRA,3.103652548828683e-07
CARCHI - TULCAN,VES,3.501292732243062e-09
CARCHI - TULCAN,VID,1.9894624829188443e-09
CAÑAR - AZOGUES,AGU,2.830856789124155e-07
CAÑAR - AZOGUES,AYG,4.5770823190019335e-09
CAÑAR - AZOGUES,AZU,1.6993745916170815e-09
CAÑAR - AZOGUES,BAL,4.762439828284787e-09
CAÑAR - AZOGUES,BNA,9.311875550308132e-09
CAÑAR - AZOGUES,CAN,6.705073869037177e-09
CAÑAR - AZOGUES,CAR,1.0282282653985842e-08
CAÑAR - AZOGUES,CAU,5.828888386420452e-10
CAÑAR - AZOGUES,CEM,5.503849722969437e-09
CAÑAR - AZOGUES,CER,1.1418552208092317e-08
CAÑAR - AZOGUES,CHO,2.5865553735419262e-09
CAÑAR - AZOGUES,CIN,6.318591552177481e-09
CAÑAR - AZOGUES,COM,2.5509145692834295e-07
CAÑAR - AZOGUES,CUE,1.2899625757408467e-09
CAÑAR - AZOGUES,CUL,3.968837380982832e-08
CAÑAR - AZOGUES,EDU,4.357703265786201e-07
CAÑAR - AZOGUES,ELE,2.063398775263423e-07
CAÑAR - AZOGUES,FRT,4.267526723476453e-08
CAÑAR - AZOGUES,FRV,2.9296844360689764e-08
CAÑAR - AZOGUES,GAN,3.212469022501407e-08
CAÑAR - AZOGUES,HIL,2.677250097176974e-09
CAÑAR - AZOGUES,HOT,8.611847365347057e-09
CAÑAR - AZOGUES,INM,6.542568288650486e-07
CAÑAR - AZOGUES,LAC,4.388320736215751e-09
CAÑAR - AZOGUES,MAD,4.995743075017884e-09
CAÑAR - AZOGUES,MAN,3.0925604928809702e-09
CAÑAR - AZOGUES,MAQ,7.639962916574291e-09
CAÑAR - AZOGUES,MET,4.252903066612901e-09
CAÑAR - AZOGUES,MOL,4.392392867536794e-09
CAÑAR - AZOGUES,MUE,3.259668945394496e-09
CAÑAR - AZOGUES,PAN,3.365047512721421e-09
CAÑAR - AZOGUES,PAP,4.299499260129871e-09
CAÑAR - AZOGUES,PES,2.904559499239532e-08
CAÑAR - AZOGUES,PLS,3.6414052394152628e-09
CAÑAR - AZOGUES,QU1,1.4058655715026194e-09
CAÑAR - AZOGUES,QU2,6.408124728049066e-09
CAÑAR - AZOGUES,RES,4.643569728882262e-08
CAÑAR - AZOGUES,SAL,2.4193872317405445e-07
CAÑAR - AZOGUES,SIL,1.8638746938943864e-08
CAÑAR - AZOGUES,TAB,3.3307549971035636e-10
CAÑAR - AZOGUES,TEL,1.61071435007808e-07
CAÑAR - AZOGUES,TRA,2.571879187739052e-07
CAÑAR - AZOGUES,VES,2.901388530631877e-09
CAÑAR - AZOGUES,VID,1.6485921262473981e-09
CAÑAR - BIBLIAN,AGU,8.107847022068242e-08
CAÑAR - BIBLIAN,AYG,1.310920545060941e-09
CAÑAR - BIBLIAN,AZU,4.867172820241422e-10
CAÑAR - BIBLIAN,BAL,1.3640087244217184e-09
CAÑAR - BIBLIAN,BNA,2.667011017318003e-09
CAÑAR - BIBLIAN,CAN,1.920397860134789e-09
CAÑAR - BIBLIAN,CAR,2.944944976251384e-09
CAÑAR - BIBLIAN,CAU,1.6694498827130366e-10
CAÑAR - BIBLIAN,CEM,1.5763556728736991e-09
CAÑAR - BIBLIAN,CER,3.2703835415621836e-09
CAÑAR - BIBLIAN,CHO,7.408144192725093e-10
CAÑAR - BIBLIAN,CIN,1.80970559502722e-09
CAÑAR - BIBLIAN,COM,7.306065489986915e-08
CAÑAR - BIBLIAN,CUE,3.694577298463686e-10
CAÑAR - BIBLIAN,CUL,1.1367133252413886e-08
CAÑAR - BIBLIAN,EDU,1.248088267209484e-07
CAÑAR - BIBLIAN,ELE,5.909773210581538e-08
CAÑAR - BIBLIAN,FRT,1.222260835287267e-08
CAÑAR - BIBLIAN,FRV,8.39089893979789e-09
CAÑAR - BIBLIAN,GAN,9.200821284086575e-09
CAÑAR - BIBLIAN,HIL,7.667902633267484e-10
CAÑAR - BIBLIAN,HOT,2.466516189864845e-09
CAÑAR - BIBLIAN,INM,1.8738546937312586e-07
CAÑAR - BIBLIAN,LAC,1.256857406199461e-09
CAÑAR - BIBLIAN,MAD,1.4308290256651814e-09
CAÑAR - BIBLIAN,MAN,8.857391684066283e-10
CAÑAR - BIBLIAN,MAQ,2.1881591050398412e-09
CAÑAR - BIBLIAN,MET,1.218072478843083e-09
CAÑAR - BIBLIAN,MOL,1.2580237039059232e-09
CAÑAR - BIBLIAN,MUE,9.336006418050555e-10
CAÑAR - BIBLIAN,PAN,9.637820803919142e-10
CAÑAR - BIBLIAN,PAP,1.2314180783201647e-09
CAÑAR - BIBLIAN,PES,8.31893869615897e-09
CAÑAR - BIBLIAN,PLS,1.0429336001723782e-09
CAÑAR - BIBLIAN,QU1,4.026534662978272e-10
CAÑAR - BIBLIAN,QU2,1.835348760593053e-09
CAÑAR - BIBLIAN,RES,1.3299631808549631e-08
CAÑAR - BIBLIAN,SAL,6.929358502860384e-08
CAÑAR - BIBLIAN,SIL,5.338316987443048e-09
CAÑAR - BIBLIAN,TAB,9.539603729957763e-11
CAÑAR - BIBLIAN,TEL,4.6132413327498746e-08
CAÑAR - BIBLIAN,TRA,7.36611018033199e-08
CAÑAR - BIBLIAN,VES,8.309856736067798e-10
CAÑAR - BIBLIAN,VID,4.721726938908704e-10
CAÑAR - DELEG,AGU,2.3470922437950184e-08
CAÑAR - DELEG,AYG,3.7949056453203703e-10
CAÑAR - DELEG,AZU,1.4089688106478947e-10
CAÑAR - DELEG,BAL,3.9485874472533986e-10
CAÑAR - DELEG,BNA,7.720571016972818e-10
CAÑAR - DELEG,CAN,5.559245148871996e-10
CAÑAR - DELEG,CAR,8.52514544656458e-10
CAÑAR - DELEG,CAU,4.832790826535269e-11
CAÑAR - DELEG,CEM,4.5632979546774125e-10
CAÑAR - DELEG,CER,9.467238125908091e-10
CAÑAR - DELEG,CHO,2.144539447813205e-10
CAÑAR - DELEG,CIN,5.238808717135024e-10
CAÑAR - DELEG,COM,2.114989293400904e-08
CAÑAR - DELEG,CUE,1.0695211315313195e-10
CAÑAR - DELEG,CUL,3.2906035619945996e-09
CAÑAR - DELEG,EDU,3.613016234230434e-08
CAÑAR - DELEG,ELE,1.7107849750235165e-08
CAÑAR - DELEG,FRT,3.53824994303527e-09
CAÑAR - DELEG,FRV,2.429031254100258e-09
CAÑAR - DELEG,GAN,2.6634908396329087e-09
CAÑAR - DELEG,HIL,2.219735368431576e-10
CAÑAR - DELEG,HOT,7.14017050724997e-10
CAÑAR - DELEG,INM,5.4245101143183696e-08
CAÑAR - DELEG,LAC,3.6384014913179366e-10
CAÑAR - DELEG,MAD,4.1420215492408975e-10
CAÑAR - DELEG,MAN,2.5640734544376405e-10
CAÑAR - DELEG,MAQ,6.334371195768263e-10
CAÑAR - DELEG,MET,3.526125319941573e-10
CAÑAR - DELEG,MOL,3.641777736939423e-10
CAÑAR - DELEG,MUE,2.7026247772293663e-10
CAÑAR - DELEG,PAN,2.789995222454813e-10
CAÑAR - DELEG,PAP,3.5647586993531427e-10
CAÑAR - DELEG,PES,2.408199912654521e-09
CAÑAR - DELEG,PLS,3.0191262330124405e-10
CAÑAR - DELEG,QU1,1.1656174877405748e-10
CAÑAR - DELEG,QU2,5.31304158665279e-10
CAÑAR - DELEG,RES,3.850031035145696e-09
CAÑAR - DELEG,SAL,2.005938636023981e-08
CAÑAR - DELEG,SIL,1.5453575236488106e-09
CAÑAR - DELEG,TAB,2.7615629479094814e-11
CAÑAR - DELEG,TEL,1.335459699890806e-08
CAÑAR - DELEG,TRA,2.1323712724400262e-08
CAÑAR - DELEG,VES,2.405570830232217e-10
CAÑAR - DELEG,VID,1.3668645505355875e-10
CAÑAR - EL TAMBO,AGU,3.9506670381898335e-08
CAÑAR - EL TAMBO,AYG,6.387652077008463e-10
CAÑAR - EL TAMBO,AZU,2.371601138719585e-10
CAÑAR - EL TAMBO,BAL,6.646331995052394e-10
CAÑAR - EL TAMBO,BNA,1.299540123034981e-09
CAÑAR - EL TAMBO,CAN,9.35741943033042e-10
CAÑAR - EL TAMBO,CAR,1.4349675092896886e-09
CAÑAR - EL TAMBO,CAU,8.134638709379394e-11
CAÑAR - EL TAMBO,CEM,7.681023556975125e-10
CAÑAR - EL TAMBO,CER,1.5935422097532886e-09
CAÑAR - EL TAMBO,CHO,3.60972660148818e-10
CAÑAR - EL TAMBO,CIN,8.818055179928601e-10
CAÑAR - EL TAMBO,COM,3.5599872606852216e-08
CAÑAR - EL TAMBO,CUE,1.8002368216071246e-10
CAÑAR - EL TAMBO,CUL,5.538801920755473e-09
CAÑAR - EL TAMBO,EDU,6.081492614001211e-08
CAÑAR - EL TAMBO,ELE,2.8796234268694958e-08
CAÑAR - EL TAMBO,FRT,5.955644674716626e-09
CAÑAR - EL TAMBO,FRV,4.088588224717805e-09
CAÑAR - EL TAMBO,GAN,4.483234732029253e-09
CAÑAR - EL TAMBO,HIL,3.7362977005912107e-10
CAÑAR - EL TAMBO,HOT,1.201846086135812e-09
CAÑAR - EL TAMBO,INM,9.130631045124172e-08
CAÑAR - EL TAMBO,LAC,6.124221526210225e-10
CAÑAR - EL TAMBO,MAD,6.971923685282786e-10
CAÑAR - EL TAMBO,MAN,4.315893636785846e-10
CAÑAR - EL TAMBO,MAQ,1.0662125256022255e-09
CAÑAR - EL TAMBO,MET,5.935236295398183e-10
CAÑAR - EL TAMBO,MOL,6.129904482355175e-10
CAÑAR - EL TAMBO,MUE,4.5491056656261875e-10
CAÑAR - EL TAMBO,PAN,4.696169139154622e-10
CAÑAR - EL TAMBO,PAP,6.000264680634713e-10
CAÑAR - EL TAMBO,PES,4.0535245435912884e-09
CAÑAR - EL TAMBO,PLS,5.081846495138508e-10
CAÑAR - EL TAMBO,QU1,1.9619879023197455e-10
CAÑAR - EL TAMBO,QU2,8.943005254442885e-10
CAÑAR - EL TAMBO,RES,6.480440104886801e-09
CAÑAR - EL TAMBO,SAL,3.3764312718948765e-08
CAÑAR - EL TAMBO,SIL,2.601173024638573e-09
CAÑAR - EL TAMBO,TAB,4.6483114334492076e-11
CAÑAR - EL TAMBO,TEL,2.2478693077093508e-08
CAÑAR - EL TAMBO,TRA,3.5892449142051934e-08
CAÑAR - EL TAMBO,VES,4.049099225713842e-10
CAÑAR - EL TAMBO,VID,2.3007305059045287e-10
CAÑAR - LA TRONCAL,AGU,2.34730477855902e-07
CAÑAR - LA TRONCAL,AYG,3.7952492830184075e-09
CAÑAR - LA TRONCAL,AZU,1.409096396112185e-09
CAÑAR - LA TRONCAL,BAL,3.948945001202743e-09
CAÑAR - LA TRONCAL,BNA,7.721270132971942e-09
CAÑAR - LA TRONCAL,CAN,5.559748551692601e-09
CAÑAR - LA TRONCAL,CAR,8.525917418684705e-09
CAÑAR - LA TRONCAL,CAU,4.833228447195686e-10
CAÑAR - LA TRONCAL,CEM,4.563711172119732e-09
CAÑAR - LA TRONCAL,CER,9.468095406752573e-09
CAÑAR - LA TRONCAL,CHO,2.144733640941592e-09
CAÑAR - LA TRONCAL,CIN,5.239283103677475e-09
CAÑAR - LA TRONCAL,COM,2.1151808106927907e-07
CAÑAR - LA TRONCAL,CUE,1.0696179792039604e-09
CAÑAR - LA TRONCAL,CUL,3.290901533944071e-08
CAÑAR - LA TRONCAL,EDU,3.613343401411319e-07
CAÑAR - LA TRONCAL,ELE,1.710939890656631e-07
CAÑAR - LA TRONCAL,FRT,3.5385703399513325e-08
CAÑAR - LA TRONCAL,FRV,2.4292512086357945e-08
CAÑAR - LA TRONCAL,GAN,2.663732025039456e-08
CAÑAR - LA TRONCAL,HIL,2.2199363707287476e-09
CAÑAR - LA TRONCAL,HOT,7.140817066607707e-09
CAÑAR - LA TRONCAL,INM,5.425001316562347e-07
CAÑAR - LA TRONCAL,LAC,3.638730957194e-09
CAÑAR - LA TRONCAL,MAD,4.14239661910651e-09
CAÑAR - LA TRONCAL,MAN,2.5643056373643944e-09
CAÑAR - LA TRONCAL,MAQ,6.334944788089041e-09
CAÑAR - LA TRONCAL,MET,3.5264446189442847e-09
CAÑAR - LA TRONCAL,MOL,3.642107508542527e-09
CAÑAR - LA TRONCAL,MUE,2.702869506306689e-09
CAÑAR - LA TRONCAL,PAN,2.790247863132971e-09
CAÑAR - LA TRONCAL,PAP,3.5650814966999e-09
CAÑAR - LA TRONCAL,PES,2.4084179808627305e-08
CAÑAR - LA TRONCAL,PLS,3.01939962204652e-09
CAÑAR - LA TRONCAL,QU1,1.1657230371659666e-09
CAÑAR - LA TRONCAL,QU2,5.3135226951574685e-09
CAÑAR - LA TRONCAL,RES,3.8503796645783994e-08
CAÑAR - LA TRONCAL,SAL,2.0061202785204515e-07
CAÑAR - LA TRONCAL,SIL,1.5454974594342303e-08
CAÑAR - LA TRONCAL,TAB,2.761813013977811e-10
CAÑAR - LA TRONCAL,TEL,1.3355806289309412e-07
CAÑAR - LA TRONCAL,TRA,2.132564363711301e-07
CAÑAR - LA TRONCAL,VES,2.4057886603707838e-09
CAÑAR - LA TRONCAL,VID,1.366988323359361e-09
CAÑAR - SUSCAL,AGU,2.0792984411525443e-08
CAÑAR - SUSCAL,AYG,3.3619221457939287e-10
CAÑAR - SUSCAL,AZU,1.2482111256418868e-10
CAÑAR - SUSCAL,BAL,3.4980694710802077e-10
CAÑAR - SUSCAL,BNA,6.839684858078848e-10
CAÑAR - SUSCAL,CAN,4.924957594910748e-10
CAÑAR - SUSCAL,CAR,7.552460575208888e-10
CAÑAR - SUSCAL,CAU,4.281388794410208e-11
CAÑAR - SUSCAL,CEM,4.0426439773553296e-10
CAÑAR - SUSCAL,CER,8.387064261859416e-10
CAÑAR - SUSCAL,CHO,1.8998561060464108e-10
CAÑAR - SUSCAL,CIN,4.6410816736466334e-10
CAÑAR - SUSCAL,COM,1.873677505623801e-08
CAÑAR - SUSCAL,CUE,9.474930640037499e-11
CAÑAR - SUSCAL,CUL,2.915158905660776e-09
CAÑAR - SUSCAL,EDU,3.2007855863164274e-08
CAÑAR - SUSCAL,ELE,1.5155912772997346e-08
CAÑAR - SUSCAL,FRT,3.1345498287982244e-09
CAÑAR - SUSCAL,FRV,2.151888539325161e-09
CAÑAR - SUSCAL,GAN,2.359597227383818e-09
CAÑAR - SUSCAL,HIL,1.9664724739953747e-10
CAÑAR - SUSCAL,HOT,6.325505716504276e-10
CAÑAR - SUSCAL,INM,4.80559528690746e-08
CAÑAR - SUSCAL,LAC,3.2232744874790656e-10
CAÑAR - SUSCAL,MAD,3.6694335185698874e-10
CAÑAR - SUSCAL,MAN,2.2715229667293926e-10
CAÑAR - SUSCAL,MAQ,5.611644871590661e-10
CAÑAR - SUSCAL,MET,3.1238085765253604e-10
CAÑAR - SUSCAL,MOL,3.2262655170290394e-10
CAÑAR - SUSCAL,MUE,2.3942661398032566e-10
CAÑAR - SUSCAL,PAN,2.4716679679761167e-10
CAÑAR - SUSCAL,PAP,3.1580340424393227e-10
CAÑAR - SUSCAL,PES,2.133433970311204e-09
CAÑAR - SUSCAL,PLS,2.6746560500728986e-10
CAÑAR - SUSCAL,QU1,1.0326252117472348e-10
CAÑAR - SUSCAL,QU2,4.706844870759415e-10
CAÑAR - SUSCAL,RES,3.410757949940421e-09
CAÑAR - SUSCAL,SAL,1.7770690904709877e-08
CAÑAR - SUSCAL,SIL,1.3690384340203018e-09
CAÑAR - SUSCAL,TAB,2.4464797018153728e-11
CAÑAR - SUSCAL,TEL,1.1830891093207112e-08
CAÑAR - SUSCAL,TRA,1.889076270634312e-08
CAÑAR - SUSCAL,VES,2.1311048556388648e-10
CAÑAR - SUSCAL,VID,1.2109107925813309e-10
CHIMBORAZO - ALAUSI,AGU,0.0067819104275634
CHIMBORAZO - ALAUSI,AYG,0.0001096535947219
CHIMBORAZO - ALAUSI,AZU,4.0712078080043325e-05
CHIMBORAZO - ALAUSI,BAL,0.0001140942221315
CHIMBORAZO - ALAUSI,BNA,0.0002230854847106
CHIMBORAZO - ALAUSI,CAN,0.0001606340898794
CHIMBORAZO - ALAUSI,CAR,0.000246333619624
CHIMBORAZO - ALAUSI,CAU,1.3964323126779998e-05
CHIMBORAZO - ALAUSI,CEM,0.0001318562492152
CHIMBORAZO - ALAUSI,CER,0.0002735553369752
CHIMBORAZO - ALAUSI,CHO,6.196635211886383e-05
CHIMBORAZO - ALAUSI,CIN,0.0001513750964014
CHIMBORAZO - ALAUSI,COM,0.0061112501994844
CHIMBORAZO - ALAUSI,CUE,3.090375563042946e-05
CHIMBORAZO - ALAUSI,CUL,0.0009508181312032
CHIMBORAZO - ALAUSI,EDU,0.0104397909961409
CHIMBORAZO - ALAUSI,ELE,0.0049433039933151
CHIMBORAZO - ALAUSI,FRT,0.001022375419945
CHIMBORAZO - ALAUSI,FRV,0.0007018672757583
CHIMBORAZO - ALAUSI,GAN,0.0007696142470233
CHIMBORAZO - ALAUSI,HIL,6.413913420486906e-05
CHIMBORAZO - ALAUSI,HOT,0.0002063148431669
CHIMBORAZO - ALAUSI,INM,0.0156740928295327
CHIMBORAZO - ALAUSI,LAC,0.000105131415601
CHIMBORAZO - ALAUSI,MAD,0.0001196834901152
CHIMBORAZO - ALAUSI,MAN,7.408876469879413e-05
CHIMBORAZO - ALAUSI,MAQ,0.0001830313153571
CHIMBORAZO - ALAUSI,MET,0.0001018872016616
CHIMBORAZO - ALAUSI,MOL,0.0001052289720368
CHIMBORAZO - ALAUSI,MUE,7.809219772652466e-05
CHIMBORAZO - ALAUSI,PAN,8.061676204691644e-05
CHIMBORAZO - ALAUSI,PAP,0.0001030035110839
CHIMBORAZO - ALAUSI,PES,0.0006958480708402
CHIMBORAZO - ALAUSI,PLS,8.723749028581327e-05
CHIMBORAZO - ALAUSI,QU1,3.3680454679856865e-05
CHIMBORAZO - ALAUSI,QU2,0.0001535200511776
CHIMBORAZO - ALAUSI,RES,0.0011124643989909
CHIMBORAZO - ALAUSI,SAL,0.0057961489109209
CHIMBORAZO - ALAUSI,SIL,0.0004465302261406
CHIMBORAZO - ALAUSI,TAB,7.979521300158984e-06
CHIMBORAZO - ALAUSI,TEL,0.0038588036274347
CHIMBORAZO - ALAUSI,TRA,0.0061614753345249
CHIMBORAZO - ALAUSI,VES,6.95088398886944e-05
CHIMBORAZO - ALAUSI,VID,3.949547774635214e-05
CHIMBORAZO - CHAMBO,AGU,0.0019148191076444
CHIMBORAZO - CHAMBO,AYG,3.0959830661013734e-05
CHIMBORAZO - CHAMBO,AZU,1.1494735274406584e-05
CHIMBORAZO - CHAMBO,BAL,3.221360690954662e-05
CHIMBORAZO - CHAMBO,BNA,6.298643329553192e-05
CHIMBORAZO - CHAMBO,CAN,4.53537727938975e-05
CHIMBORAZO - CHAMBO,CAR,6.955036147252349e-05
CHIMBORAZO - CHAMBO,CAU,3.942716883992547e-06
CHIMBORAZO - CHAMBO,CEM,3.722857565820615e-05
CHIMBORAZO - CHAMBO,CER,7.723619942093798e-05
CHIMBORAZO - CHAMBO,CHO,1.749571250395493e-05
CHIMBORAZO - CHAMBO,CIN,4.273956875527282e-05
CHIMBORAZO - CHAMBO,COM,0.0017254634632166
CHIMBORAZO - CHAMBO,CUE,8.725432518043564e-06
CHIMBORAZO - CHAMBO,CUL,0.0002684560265088
CHIMBORAZO - CHAMBO,EDU,0.0029475929375267
CHIMBORAZO - CHAMBO,ELE,0.0013957030312321
CHIMBORAZO - CHAMBO,FRT,0.0002886596645895
CHIMBORAZO - CHAMBO,FRV,0.0001981667090721
CHIMBORAZO - CHAMBO,GAN,0.0002172945339599
CHIMBORAZO - CHAMBO,HIL,1.810918044922903e-05
CHIMBORAZO - CHAMBO,HOT,5.825137446245034e-05
CHIMBORAZO - CHAMBO,INM,0.0044254569218433
CHIMBORAZO - CHAMBO,LAC,2.9683028927712277e-05
CHIMBORAZO - CHAMBO,MAD,3.379169279660499e-05
CHIMBORAZO - CHAMBO,MAN,2.0918380421310388e-05
CHIMBORAZO - CHAMBO,MAQ,5.167745337932708e-05
CHIMBORAZO - CHAMBO,MET,2.876705061943322e-05
CHIMBORAZO - CHAMBO,MOL,2.971057322063563e-05
CHIMBORAZO - CHAMBO,MUE,2.204871827220816e-05
CHIMBORAZO - CHAMBO,PAN,2.2761509166572766e-05
CHIMBORAZO - CHAMBO,PAP,2.908223181133448e-05
CHIMBORAZO - CHAMBO,PES,0.0001964672338707
CHIMBORAZO - CHAMBO,PLS,2.463081975003847e-05
CHIMBORAZO - CHAMBO,QU1,9.50941167152996e-06
CHIMBORAZO - CHAMBO,QU2,4.334517987832807e-05
CHIMBORAZO - CHAMBO,RES,0.00031409557978
CHIMBORAZO - CHAMBO,SAL,0.0016364970908899
CHIMBORAZO - CHAMBO,SIL,0.0001260742999022
CHIMBORAZO - CHAMBO,TAB,2.252955125048693e-06
CHIMBORAZO - CHAMBO,TEL,0.0010895028764209
CHIMBORAZO - CHAMBO,TRA,0.0017396441353571
CHIMBORAZO - CHAMBO,VES,1.9625274646525848e-05
CHIMBORAZO - CHAMBO,VID,1.1151237731907275e-05
CHIMBORAZO - CHUNCHI,AGU,0.0019394250817302
CHIMBORAZO - CHUNCHI,AYG,3.135767335430197e-05
CHIMBORAZO - CHUNCHI,AZU,1.164244591566548e-05
CHIMBORAZO - CHUNCHI,BAL,3.262756098680716e-05
CHIMBORAZO - CHUNCHI,BNA,6.379582700757407e-05
CHIMBORAZO - CHUNCHI,CAN,4.593658176713353e-05
CHIMBORAZO - CHUNCHI,CAR,7.044410354205756e-05
CHIMBORAZO - CHUNCHI,CAU,3.99338192545144e-06
CHIMBORAZO - CHUNCHI,CEM,3.770697352056256e-05
CHIMBORAZO - CHUNCHI,CER,7.822870670992865e-05
CHIMBORAZO - CHUNCHI,CHO,1.772053742175834e-05
CHIMBORAZO - CHUNCHI,CIN,4.328878445770194e-05
CHIMBORAZO - CHUNCHI,COM,0.0017476361630254
CHIMBORAZO - CHUNCHI,CUE,8.837556825540326e-06
CHIMBORAZO - CHUNCHI,CUL,0.0002719057633561
CHIMBORAZO - CHUNCHI,EDU,0.0029854703511929
CHIMBORAZO - CHUNCHI,ELE,0.0014136382150209
CHIMBORAZO - CHUNCHI,FRT,0.000292369023974
CHIMBORAZO - CHUNCHI,FRV,0.000200713208054
CHIMBORAZO - CHUNCHI,GAN,0.0002200868309713
CHIMBORAZO - CHUNCHI,HIL,1.8341888605873965e-05
CHIMBORAZO - CHUNCHI,HOT,5.899992131199968e-05
CHIMBORAZO - CHUNCHI,INM,0.0044823253110827
CHIMBORAZO - CHUNCHI,LAC,3.006446435295264e-05
CHIMBORAZO - CHUNCHI,MAD,3.4225925729600295e-05
CHIMBORAZO - CHUNCHI,MAN,2.118718760236909e-05
CHIMBORAZO - CHUNCHI,MAQ,5.234152345967794e-05
CHIMBORAZO - CHUNCHI,MET,2.9136715461005047e-05
CHIMBORAZO - CHUNCHI,MOL,3.009236259793088e-05
CHIMBORAZO - CHUNCHI,MUE,2.233205061846724e-05
CHIMBORAZO - CHUNCHI,PAN,2.305400108002297e-05
CHIMBORAZO - CHUNCHI,PAP,2.9455946821514555e-05
CHIMBORAZO - CHUNCHI,PES,0.0001989918941094
CHIMBORAZO - CHUNCHI,PLS,2.4947332840001583e-05
CHIMBORAZO - CHUNCHI,QU1,9.631610335741392e-06
CHIMBORAZO - CHUNCHI,QU2,4.390217785718239e-05
CHIMBORAZO - CHUNCHI,RES,0.0003181317979615
CHIMBORAZO - CHUNCHI,SAL,0.0016575265473274
CHIMBORAZO - CHUNCHI,SIL,0.0001276943907734
CHIMBORAZO - CHUNCHI,TAB,2.281906243826471e-06
CHIMBORAZO - CHUNCHI,TEL,0.001103503300501
CHIMBORAZO - CHUNCHI,TRA,0.0017619990608653
CHIMBORAZO - CHUNCHI,VES,1.987746504793289e-05
CHIMBORAZO - CHUNCHI,VID,1.1294534331340744e-05
CHIMBORAZO - COLTA,AGU,0.0068366068398385
CHIMBORAZO - COLTA,AYG,0.0001105379558895
CHIMBORAZO - COLTA,AZU,4.104042281874533e-05
CHIMBORAZO - COLTA,BAL,0.0001150143971586
CHIMBORAZO - COLTA,BNA,0.0002248846791668
CHIMBORAZO - COLTA,CAN,0.0001619296110308
CHIMBORAZO - COLTA,CAR,0.0002483203113328
CHIMBORAZO - COLTA,CAU,1.407694602014344e-05
CHIMBORAZO - COLTA,CEM,0.0001329196757888
CHIMBORAZO - COLTA,CER,0.0002757615730573
CHIMBORAZO - COLTA,CHO,6.246611353253527e-05
CHIMBORAZO - COLTA,CIN,0.0001525959433544
CHIMBORAZO - COLTA,COM,0.0061605377068906
CHIMBORAZO - COLTA,CUE,3.115299580793732e-05
CHIMBORAZO - COLTA,CUL,0.0009584865221468
CHIMBORAZO - COLTA,EDU,0.0105239883795315
CHIMBORAZO - COLTA,ELE,0.0049831719620987
CHIMBORAZO - COLTA,FRT,0.001030620923637
CHIMBORAZO - COLTA,FRV,0.0007075278668686
CHIMBORAZO - COLTA,GAN,0.0007758212205004
CHIMBORAZO - COLTA,HIL,6.465641920367618e-05
CHIMBORAZO - COLTA,HOT,0.0002079787816457
CHIMBORAZO - COLTA,INM,0.0158005050923601
CHIMBORAZO - COLTA,LAC,0.0001059793051908
CHIMBORAZO - COLTA,MAD,0.0001206487428398
CHIMBORAZO - COLTA,MAN,7.468629391452099e-05
CHIMBORAZO - COLTA,MAQ,0.0001845074711381
CHIMBORAZO - COLTA,MET,0.0001027089265203
CHIMBORAZO - COLTA,MOL,0.0001060776484237
CHIMBORAZO - COLTA,MUE,7.872201480947404e-05
CHIMBORAZO - COLTA,PAN,8.126693985452562e-05
CHIMBORAZO - COLTA,PAP,0.0001038342390283
CHIMBORAZO - COLTA,PES,0.0007014601167925
CHIMBORAZO - COLTA,PLS,8.794106456410476e-05
CHIMBORAZO - COLTA,QU1,3.395208905994131e-05
CHIMBORAZO - COLTA,QU2,0.0001547581972872
CHIMBORAZO - COLTA,RES,0.0011214364743461
CHIMBORAZO - COLTA,SAL,0.005842895112279
CHIMBORAZO - COLTA,SIL,0.0004501315124748
CHIMBORAZO - COLTA,TAB,8.043876497924043e-06
CHIMBORAZO - COLTA,TEL,0.0038899250520464
CHIMBORAZO - COLTA,TRA,0.0062111679099016
CHIMBORAZO - COLTA,VES,7.00694318050751e-05
CHIMBORAZO - COLTA,VID,3.981401054870726e-05
CHIMBORAZO - GUAMOTE,AGU,0.0077670387635519
CHIMBORAZO - GUAMOTE,AYG,0.0001255816823098
CHIMBORAZO - GUAMOTE,AZU,4.662584266923968e-05
CHIMBORAZO - GUAMOTE,BAL,0.0001306673474175
CHIMBORAZO - GUAMOTE,BNA,0.0002554904883867
CHIMBORAZO - GUAMOTE,CAN,0.0001839675141934
CHIMBORAZO - GUAMOTE,CAR,0.0002821156063356
CHIMBORAZO - GUAMOTE,CAU,1.5992756051694434e-05
CHIMBORAZO - GUAMOTE,CEM,0.0001510094551985
CHIMBORAZO - GUAMOTE,CER,0.0003132915022922
CHIMBORAZO - GUAMOTE,CHO,7.096747503284847e-05
CHIMBORAZO - GUAMOTE,CIN,0.0001733635756685
CHIMBORAZO - GUAMOTE,COM,0.0069989596147192
CHIMBORAZO - GUAMOTE,CUE,3.539278061611294e-05
CHIMBORAZO - GUAMOTE,CUL,0.0010889322943766
CHIMBORAZO - GUAMOTE,EDU,0.0119562566059338
CHIMBORAZO - GUAMOTE,ELE,0.0056613596045228
CHIMBORAZO - GUAMOTE,FRT,0.0011708838685545
CHIMBORAZO - GUAMOTE,FRV,0.0008038192771653
CHIMBORAZO - GUAMOTE,GAN,0.0008814070538763
CHIMBORAZO - GUAMOTE,HIL,7.345587160885823e-05
CHIMBORAZO - GUAMOTE,HOT,0.0002362837730591
CHIMBORAZO - GUAMOTE,INM,0.017950883883058
CHIMBORAZO - GUAMOTE,LAC,0.0001204026194332
CHIMBORAZO - GUAMOTE,MAD,0.0001370685026013
CHIMBORAZO - GUAMOTE,MAN,8.485076786334894e-05
CHIMBORAZO - GUAMOTE,MAQ,0.0002096181211042
CHIMBORAZO - GUAMOTE,MET,0.0001166871567043
CHIMBORAZO - GUAMOTE,MOL,0.0001205143467446
CHIMBORAZO - GUAMOTE,MUE,8.943573250506549e-05
CHIMBORAZO - GUAMOTE,PAN,9.232701058179584e-05
CHIMBORAZO - GUAMOTE,PAP,0.0001179656192626
CHIMBORAZO - GUAMOTE,PES,0.000796925733167
CHIMBORAZO - GUAMOTE,PLS,9.99094541165049e-05
CHIMBORAZO - GUAMOTE,QU1,3.85728180675024e-05
CHIMBORAZO - GUAMOTE,QU2,0.0001758201027888
CHIMBORAZO - GUAMOTE,RES,0.0012740590136544
CHIMBORAZO - GUAMOTE,SAL,0.0066380872692558
CHIMBORAZO - GUAMOTE,SIL,0.0005113924184896
CHIMBORAZO - GUAMOTE,TAB,9.138612477249986e-06
CHIMBORAZO - GUAMOTE,TEL,0.0044193266300611
CHIMBORAZO - GUAMOTE,TRA,0.0070564803642088
CHIMBORAZO - GUAMOTE,VES,7.960557126068931e-05
CHIMBORAZO - GUAMOTE,VID,4.523252111885103e-05
CHIMBORAZO - GUANO,AGU,0.0069144269386037
CHIMBORAZO - GUANO,AYG,0.0001117961933231
CHIMBORAZO - GUANO,AZU,4.150757996730508e-05
CHIMBORAZO - GUANO,BAL,0.0001163235892705
CHIMBORAZO - GUANO,BNA,0.0002274445086778
CHIMBORAZO - GUANO,CAN,0.0001637728321811
CHIMBORAZO - GUANO,CAR,0.0002511469052274
CHIMBORAZO - GUANO,CAU,1.4237181844034516e-05
CHIMBORAZO - GUANO,CEM,0.0001344326810763
CHIMBORAZO - GUANO,CER,0.0002789005268327
CHIMBORAZO - GUANO,CHO,6.317715619426292e-05
CHIMBORAZO - GUANO,CIN,0.0001543329207265
CHIMBORAZO - GUANO,COM,0.0062306622092978
CHIMBORAZO - GUANO,CUE,3.150760581658671e-05
CHIMBORAZO - GUANO,CUL,0.0009693968344649
CHIMBORAZO - GUANO,EDU,0.0106437814046806
CHIMBORAZO - GUANO,ELE,0.0050398946819127
CHIMBORAZO - GUANO,FRT,0.0010423523313288
CHIMBORAZO - GUANO,FRV,0.0007155815534077
CHIMBORAZO - GUANO,GAN,0.0007846522803255
CHIMBORAZO - GUANO,HIL,6.539239379547491e-05
CHIMBORAZO - GUANO,HOT,0.0002103461737904
CHIMBORAZO - GUANO,INM,0.0159803599378462
CHIMBORAZO - GUANO,LAC,0.0001071856521682
CHIMBORAZO - GUANO,MAD,0.0001220220698869
CHIMBORAZO - GUANO,MAN,7.553643710762832e-05
CHIMBORAZO - GUANO,MAQ,0.0001866076927778
CHIMBORAZO - GUANO,MET,0.0001038780472542
CHIMBORAZO - GUANO,MOL,0.0001072851148278
CHIMBORAZO - GUANO,MUE,7.961809602505243e-05
CHIMBORAZO - GUANO,PAN,8.219198958079881e-05
CHIMBORAZO - GUANO,PAP,0.0001050161690303
CHIMBORAZO - GUANO,PES,0.0007094447350172
CHIMBORAZO - GUANO,PLS,8.894208487874713e-05
CHIMBORAZO - GUANO,QU1,3.433856073892324e-05
CHIMBORAZO - GUANO,QU2,0.0001565197872805
CHIMBORAZO - GUANO,RES,0.0011342016222093
CHIMBORAZO - GUANO,SAL,0.0059094039353493
CHIMBORAZO - GUANO,SIL,0.0004552552938445
CHIMBORAZO - GUANO,TAB,8.135438771167014e-06
CHIMBORAZO - GUANO,TEL,0.0039342035016972
CHIMBORAZO - GUANO,TRA,0.0062818687285269
CHIMBORAZO - GUANO,VES,7.0867021930007e-05
CHIMBORAZO - GUANO,VID,4.026720762522877e-05
CHIMBORAZO - PALLATANGA,AGU,0.0018100213746405
CHIMBORAZO - PALLATANGA,AYG,2.9265404250442825e-05
CHIMBORAZO - PALLATANGA,AZU,1.086563031434613e-05
CHIMBORAZO - PALLATANGA,BAL,3.0450561532298485e-05
CHIMBORAZO - PALLATANGA,BNA,5.9539196220750166e-05
CHIMBORAZO - PALLATANGA,CAN,4.2871568311500775e-05
CHIMBORAZO - PALLATANGA,CAR,6.574388169444777e-05
CHIMBORAZO - PALLATANGA,CAU,3.726932641152568e-06
CHIMBORAZO - PALLATANGA,CEM,3.519106187094126e-05
CHIMBORAZO - PALLATANGA,CER,7.300907500336943e-05
CHIMBORAZO - PALLATANGA,CHO,1.6538175052828373e-05
CHIMBORAZO - PALLATANGA,CIN,4.04004392274573e-05
CHIMBORAZO - PALLATANGA,COM,0.0016310291333082
CHIMBORAZO - PALLATANGA,CUE,8.247891039729059e-06
CHIMBORAZO - PALLATANGA,CUL,0.0002537634725871
CHIMBORAZO - PALLATANGA,EDU,0.0027862716636592
CHIMBORAZO - PALLATANGA,ELE,0.0013193164352158
CHIMBORAZO - PALLATANGA,FRT,0.0002728613688978
CHIMBORAZO - PALLATANGA,FRV,0.0001873210778662
CHIMBORAZO - PALLATANGA,GAN,0.0002054020400621
CHIMBORAZO - PALLATANGA,HIL,1.711806799894009e-05
CHIMBORAZO - PALLATANGA,HOT,5.506328637430962e-05
CHIMBORAZO - PALLATANGA,INM,0.0041832523965886
CHIMBORAZO - PALLATANGA,LAC,2.8058481664791004e-05
CHIMBORAZO - PALLATANGA,MAD,3.1942279039811806e-05
CHIMBORAZO - PALLATANGA,MAN,1.97735209212592e-05
CHIMBORAZO - PALLATANGA,MAQ,4.884915490457982e-05
CHIMBORAZO - PALLATANGA,MET,2.7192634697799048e-05
CHIMBORAZO - PALLATANGA,MOL,2.8084518463119155e-05
CHIMBORAZO - PALLATANGA,MUE,2.0841995568562613e-05
CHIMBORAZO - PALLATANGA,PAN,2.1515775535191533e-05
CHIMBORAZO - PALLATANGA,PAP,2.749056607520616e-05
CHIMBORAZO - PALLATANGA,PES,0.0001857146146614
CHIMBORAZO - PALLATANGA,PLS,2.328277905965344e-05
CHIMBORAZO - PALLATANGA,QU1,8.988963143834297e-06
CHIMBORAZO - PALLATANGA,QU2,4.09729053539305e-05
CHIMBORAZO - PALLATANGA,RES,0.0002969051806577
CHIMBORAZO - PALLATANGA,SAL,0.0015469318758218
CHIMBORAZO - PALLATANGA,SIL,0.0001191742743243
CHIMBORAZO - PALLATANGA,TAB,2.129651263748161e-06
CHIMBORAZO - PALLATANGA,TEL,0.0010298745642246
CHIMBORAZO - PALLATANGA,TRA,0.0016444336996083
CHIMBORAZO - PALLATANGA,VES,1.855118661161758e-05
CHIMBORAZO - PALLATANGA,VID,1.0540932335524989e-05
CHIMBORAZO - PENIPE,AGU,0.0010416034851183
CHIMBORAZO - PENIPE,AYG,1.6841208334743215e-05
CHIMBORAZO - PENIPE,AZU,6.252787155996167e-06
CHIMBORAZO - PENIPE,BAL,1.752322456531919e-05
CHIMBORAZO - PENIPE,BNA,3.426270824950716e-05
CHIMBORAZO - PENIPE,CAN,2.4671076038877365e-05
CHIMBORAZO - PENIPE,CAR,3.783328598080623e-05
CHIMBORAZO - PENIPE,CAU,2.1447183343881344e-06
CHIMBORAZO - PENIPE,CEM,2.025121537422099e-05
CHIMBORAZO - PENIPE,CER,4.2014148580914704e-05
CHIMBORAZO - PENIPE,CHO,9.517136655883407e-06
CHIMBORAZO - PENIPE,CIN,2.3249028375695352e-05
CHIMBORAZO - PENIPE,COM,0.0009385997609674
CHIMBORAZO - PENIPE,CUE,4.74637049717969e-06
CHIMBORAZO - PENIPE,CUL,0.0001460319315262
CHIMBORAZO - PENIPE,EDU,0.0016034011067578
CHIMBORAZO - PENIPE,ELE,0.0007592200932807
CHIMBORAZO - PENIPE,FRT,0.0001570220975178
CHIMBORAZO - PENIPE,FRV,0.0001077966759261
CHIMBORAZO - PENIPE,GAN,0.0001182016321888
CHIMBORAZO - PENIPE,HIL,9.850844601064713e-06
CHIMBORAZO - PENIPE,HOT,3.168697994019146e-05
CHIMBORAZO - PENIPE,INM,0.0024073142651599
CHIMBORAZO - PENIPE,LAC,1.614666693921263e-05
CHIMBORAZO - PENIPE,MAD,1.8381655397356492e-05
CHIMBORAZO - PENIPE,MAN,1.1378964134462308e-05
CHIMBORAZO - PENIPE,MAQ,2.8110966371213672e-05
CHIMBORAZO - PENIPE,MET,1.5648402536905718e-05
CHIMBORAZO - PENIPE,MOL,1.6161650198670166e-05
CHIMBORAZO - PENIPE,MUE,1.1993833622737216e-05
CHIMBORAZO - PENIPE,PAN,1.2381570238048188e-05
CHIMBORAZO - PENIPE,PAP,1.581985154042646e-05
CHIMBORAZO - PENIPE,PES,0.0001068722129909
CHIMBORAZO - PENIPE,PLS,1.3398418467070624e-05
CHIMBORAZO - PENIPE,QU1,5.172831365087023e-06
CHIMBORAZO - PENIPE,QU2,2.3578462448022323e-05
CHIMBORAZO - PENIPE,RES,0.0001708584634721
CHIMBORAZO - PENIPE,SAL,0.0008902047543039
CHIMBORAZO - PENIPE,SIL,6.858059314208685e-05
CHIMBORAZO - PENIPE,TAB,1.225539217097582e-06
CHIMBORAZO - PENIPE,TEL,0.0005926565013875
CHIMBORAZO - PENIPE,TRA,0.0009463136162678
CHIMBORAZO - PENIPE,VES,1.0675553835147287e-05
CHIMBORAZO - PENIPE,VID,6.065934917072657e-06
CHIMBORAZO - RIOBAMBA,AGU,0.0370411811739302
CHIMBORAZO - RIOBAMBA,AYG,0.0005989018451145
CHIMBORAZO - RIOBAMBA,AZU,0.0002223596840797
CHIMBORAZO - RIOBAMBA,BAL,0.0006231554954922
CHIMBORAZO - RIOBAMBA,BNA,0.0012184398400272
CHIMBORAZO - RIOBAMBA,CAN,0.0008773451801651
CHIMBORAZO - RIOBAMBA,CAR,0.0013454156216277
CHIMBORAZO - RIOBAMBA,CAU,7.626981046639893e-05
CHIMBORAZO - RIOBAMBA,CEM,0.0007201674614054
CHIMBORAZO - RIOBAMBA,CER,0.0014940941650912
CHIMBORAZO - RIOBAMBA,CHO,0.000338445471971
CHIMBORAZO - RIOBAMBA,CIN,0.0008267747607277
CHIMBORAZO - RIOBAMBA,COM,0.0333781945745407
CHIMBORAZO - RIOBAMBA,CUE,0.0001687889604983
CHIMBORAZO - RIOBAMBA,CUL,0.0051931424098756
CHIMBORAZO - RIOBAMBA,EDU,0.0570196545407563
CHIMBORAZO - RIOBAMBA,ELE,0.02699915027925
CHIMBORAZO - RIOBAMBA,FRT,0.005583971295764
CHIMBORAZO - RIOBAMBA,FRV,0.0038334320688984
CHIMBORAZO - RIOBAMBA,GAN,0.0042034499072956
CHIMBORAZO - RIOBAMBA,HIL,0.0003503126907671
CHIMBORAZO - RIOBAMBA,HOT,0.0011268425860594
CHIMBORAZO - RIOBAMBA,INM,0.0856081657870417
CHIMBORAZO - RIOBAMBA,LAC,0.0005742027786922
CHIMBORAZO - RIOBAMBA,MAD,0.0006536827473967
CHIMBORAZO - RIOBAMBA,MAN,0.0004046552052659
CHIMBORAZO - RIOBAMBA,MAQ,0.0009996734968796
CHIMBORAZO - RIOBAMBA,MET,0.0005564836540329
CHIMBORAZO - RIOBAMBA,MOL,0.0005747356087336
CHIMBORAZO - RIOBAMBA,MUE,0.0004265210039492
CHIMBORAZO - RIOBAMBA,PAN,0.000440309573612
CHIMBORAZO - RIOBAMBA,PAP,0.0005625806705005
CHIMBORAZO - RIOBAMBA,PES,0.003800556603751
CHIMBORAZO - RIOBAMBA,PLS,0.0004764704160206
CHIMBORAZO - RIOBAMBA,QU1,0.0001839546300621
CHIMBORAZO - RIOBAMBA,QU2,0.0008384899933784
CHIMBORAZO - RIOBAMBA,RES,0.0060760158649538
CHIMBORAZO - RIOBAMBA,SAL,0.0316571863066664
CHIMBORAZO - RIOBAMBA,SIL,0.0024388418547801
CHIMBORAZO - RIOBAMBA,TAB,4.3582246819295264e-05
CHIMBORAZO - RIOBAMBA,TEL,0.0210758673098227
CHIMBORAZO - RIOBAMBA,TRA,0.0336525123123509
CHIMBORAZO - RIOBAMBA,VES,0.0003796407456286
CHIMBORAZO - RIOBAMBA,VID,0.0002157149025159
COTOPAXI - LA MANA,AGU,0.0074143812470751
COTOPAXI - LA MANA,AYG,0.0001198797249041
COTOPAXI - LA MANA,AZU,4.450882556916632e-05
COTOPAXI - LA MANA,BAL,0.0001247344785819
COTOPAXI - LA MANA,BNA,0.0002438901032385
COTOPAXI - LA MANA,CAN,0.000175614584764
COTOPAXI - LA MANA,CAR,0.0002693063244305
COTOPAXI - LA MANA,CAU,1.5266615008433997e-05
COTOPAXI - LA MANA,CEM,0.0001441529657363
COTOPAXI - LA MANA,CER,0.0002990666984133
COTOPAXI - LA MANA,CHO,6.774524140461452e-05
COTOPAXI - LA MANA,CIN,0.0001654921114073
COTOPAXI - LA MANA,COM,0.0066811762495543
COTOPAXI - LA MANA,CUE,3.378579364292334e-05
COTOPAXI - LA MANA,CUL,0.0010394900075236
COTOPAXI - LA MANA,EDU,0.0114133902846282
COTOPAXI - LA MANA,ELE,0.0054043091276561
COTOPAXI - LA MANA,FRT,0.0011177206219508
COTOPAXI - LA MANA,FRV,0.0007673223677753
COTOPAXI - LA MANA,GAN,0.0008413873202188
COTOPAXI - LA MANA,HIL,7.012065389708616e-05
COTOPAXI - LA MANA,HOT,0.0002255554567564
COTOPAXI - LA MANA,INM,0.0171358352755411
COTOPAXI - LA MANA,LAC,0.0001149358141243
COTOPAXI - LA MANA,MAD,0.0001308449933353
COTOPAXI - LA MANA,MAN,8.099817204443045e-05
COTOPAXI - LA MANA,MAQ,0.0002001005419794
COTOPAXI - LA MANA,MET,0.0001113890496469
COTOPAXI - LA MANA,MOL,0.0001150424685274
COTOPAXI - LA MANA,MUE,8.537495924646825e-05
COTOPAXI - LA MANA,PAN,8.81349606581756e-05
COTOPAXI - LA MANA,PAP,0.0001126094644158
COTOPAXI - LA MANA,PES,0.0007607418208124
COTOPAXI - LA MANA,PLS,9.537312810682672e-05
COTOPAXI - LA MANA,QU1,3.682144349125706e-05
COTOPAXI - LA MANA,QU2,0.0001678371014567
COTOPAXI - LA MANA,RES,0.0012162111643931
COTOPAXI - LA MANA,SAL,0.0063366890862678
COTOPAXI - LA MANA,SIL,0.0004881729669406
COTOPAXI - LA MANA,TAB,8.723679517806758e-06
COTOPAXI - LA MANA,TEL,0.0042186698802621
COTOPAXI - LA MANA,TRA,0.0067360853055428
COTOPAXI - LA MANA,VES,7.599113029893553e-05
COTOPAXI - LA MANA,VID,4.317876690860893e-05
COTOPAXI - LATACUNGA,AGU,0.0283916550414522
COTOPAXI - LATACUNGA,AYG,0.0004590516298694
COTOPAXI - LATACUNGA,AZU,0.0001704362346296
COTOPAXI - LATACUNGA,BAL,0.000477641784211
COTOPAXI - LATACUNGA,BNA,0.0009339206399596
COTOPAXI - LATACUNGA,CAN,0.0006724753616944
COTOPAXI - LATACUNGA,CAR,0.001031246169966
COTOPAXI - LATACUNGA,CAU,5.8459964834031175e-05
COTOPAXI - LATACUNGA,CEM,0.0005520003814212
COTOPAXI - LATACUNGA,CER,0.0011452066265255
COTOPAXI - LATACUNGA,CHO,0.0002594147050933
COTOPAXI - LATACUNGA,CIN,0.0006337136953959
COTOPAXI - LATACUNGA,COM,0.0255840163902171
COTOPAXI - LATACUNGA,CUE,0.0001293748684409
COTOPAXI - LATACUNGA,CUL,0.0039804861294784
COTOPAXI - LATACUNGA,EDU,0.043704933563061
COTOPAXI - LATACUNGA,ELE,0.020694549602546
COTOPAXI - LATACUNGA,FRT,0.0042800521410554
COTOPAXI - LATACUNGA,FRV,0.0029382832154824
COTOPAXI - LATACUNGA,GAN,0.0032218977896946
COTOPAXI - LATACUNGA,HIL,0.0002685107968399
COTOPAXI - LATACUNGA,HOT,0.0008637123594734
COTOPAXI - LATACUNGA,INM,0.0656177107404927
COTOPAXI - LATACUNGA,LAC,0.0004401200690637
COTOPAXI - LATACUNGA,MAD,0.0005010405846263
COTOPAXI - LATACUNGA,MAN,0.0003101637322171
COTOPAXI - LATACUNGA,MAQ,0.0007662386613487
COTOPAXI - LATACUNGA,MET,0.0004265385562982
COTOPAXI - LATACUNGA,MOL,0.000440528477388
COTOPAXI - LATACUNGA,MUE,0.0003269236246868
COTOPAXI - LATACUNGA,PAN,0.0003374924105886
COTOPAXI - LATACUNGA,PAP,0.0004312118518801
COTOPAXI - LATACUNGA,PES,0.002913084535629
COTOPAXI - LATACUNGA,PLS,0.0003652092957185
COTOPAXI - LATACUNGA,QU1,0.0001409991861619
COTOPAXI - LATACUNGA,QU2,0.0006426932914457
COTOPAXI - LATACUNGA,RES,0.0046571988526535
COTOPAXI - LATACUNGA,SAL,0.024264882617578
COTOPAXI - LATACUNGA,SIL,0.0018693452651101
COTOPAXI - LATACUNGA,TAB,3.340530939914322e-05
COTOPAXI - LATACUNGA,TEL,0.0161544188223956
COTOPAXI - LATACUNGA,TRA,0.0257942778974591
COTOPAXI - LATACUNGA,VES,0.000290990426006
COTOPAXI - LATACUNGA,VID,0.0001653430831693
COTOPAXI - PANGUA,AGU,0.0035315400441094
COTOPAXI - PANGUA,AYG,5.709984891090809e-05
COTOPAXI - PANGUA,AZU,2.1199975368922465e-05
COTOPAXI - PANGUA,BAL,5.9412214089618944e-05
COTOPAXI - PANGUA,BNA,0.0001161671671912
COTOPAXI - PANGUA,CAN,8.364689078652751e-05
COTOPAXI - PANGUA,CAR,0.0001282731541804
COTOPAXI - PANGUA,CAU,7.271633389712128e-06
COTOPAXI - PANGUA,CEM,6.866142352415172e-05
COTOPAXI - PANGUA,CER,0.0001424483023074
COTOPAXI - PANGUA,CHO,3.2267700411634e-05
COTOPAXI - PANGUA,CIN,7.882546080965994e-05
COTOPAXI - PANGUA,COM,0.0031823075561918
COTOPAXI - PANGUA,CUE,1.6092493654689078e-05
COTOPAXI - PANGUA,CUL,0.0004951189404334
COTOPAXI - PANGUA,EDU,0.0054363059419307
COTOPAXI - PANGUA,ELE,0.0025741236468778
COTOPAXI - PANGUA,FRT,0.0005323809233715
COTOPAXI - PANGUA,FRV,0.0003654829146543
COTOPAXI - PANGUA,GAN,0.0004007607533171
COTOPAXI - PANGUA,HIL,3.3399131890390336e-05
COTOPAXI - PANGUA,HOT,0.000107434201339
COTOPAXI - PANGUA,INM,0.0081619607150238
COTOPAXI - PANGUA,LAC,5.474501735969728e-05
COTOPAXI - PANGUA,MAD,6.23227101677819e-05
COTOPAXI - PANGUA,MAN,3.858019685559259e-05
COTOPAXI - PANGUA,MAQ,9.530978422875696e-05
COTOPAXI - PANGUA,MET,5.305565983119295e-05
COTOPAXI - PANGUA,MOL,5.479581786250048e-05
COTOPAXI - PANGUA,MUE,4.066490207285394e-05
COTOPAXI - PANGUA,PAN,4.1979516898074615e-05
COTOPAXI - PANGUA,PAP,5.363695494983144e-05
COTOPAXI - PANGUA,PES,0.0003623485377809
COTOPAXI - PANGUA,PLS,4.5427124640253336e-05
COTOPAXI - PANGUA,QU1,1.7538402442224708e-05
COTOPAXI - PANGUA,QU2,7.99424017905021e-05
COTOPAXI - PANGUA,RES,0.0005792929019993
COTOPAXI - PANGUA,SAL,0.0030182250560765
COTOPAXI - PANGUA,SIL,0.000232521409913
COTOPAXI - PANGUA,TAB,4.155171216919188e-06
COTOPAXI - PANGUA,TEL,0.0020093924386342
COTOPAXI - PANGUA,TRA,0.0032084612598584
COTOPAXI - PANGUA,VES,3.619529542720725e-05
COTOPAXI - PANGUA,VID,2.05664558257204e-05
COTOPAXI - SALCEDO,AGU,0.0094867615814391
COTOPAXI - SALCEDO,AYG,0.0001533870906709
COTOPAXI - SALCEDO,AZU,5.694940715533196e-05
COTOPAXI - SALCEDO,BAL,0.0001595987877962
COTOPAXI - SALCEDO,BNA,0.0003120593862649
COTOPAXI - SALCEDO,CAN,0.0002247003007212
COTOPAXI - SALCEDO,CAR,0.0003445796496173
COTOPAXI - SALCEDO,CAU,1.95337590439885e-05
COTOPAXI - SALCEDO,CEM,0.0001844449012838
COTOPAXI - SALCEDO,CER,0.0003826582920745
COTOPAXI - SALCEDO,CHO,8.66805916860751e-05
COTOPAXI - SALCEDO,CIN,0.0002117485130872
COTOPAXI - SALCEDO,COM,0.0085486197770176
COTOPAXI - SALCEDO,CUE,4.322919990883297e-05
COTOPAXI - SALCEDO,CUL,0.0013300359853433
COTOPAXI - SALCEDO,EDU,0.0146035264249318
COTOPAXI - SALCEDO,ELE,0.0069148578280478
COTOPAXI - SALCEDO,FRT,0.0014301326977606
COTOPAXI - SALCEDO,FRV,0.0009817952593228
COTOPAXI - SALCEDO,GAN,0.0010765619730858
COTOPAXI - SALCEDO,HIL,8.971995144148828e-05
COTOPAXI - SALCEDO,HOT,0.0002886000558017
COTOPAXI - SALCEDO,INM,0.0219254416977817
COTOPAXI - SALCEDO,LAC,0.0001470613163029
COTOPAXI - SALCEDO,MAD,0.0001674172415111
COTOPAXI - SALCEDO,MAN,0.0001036378250742
COTOPAXI - SALCEDO,MAQ,0.0002560302836901
COTOPAXI - SALCEDO,MET,0.0001425232020811
COTOPAXI - SALCEDO,MOL,0.0001471977814858
COTOPAXI - SALCEDO,MUE,0.0001092379601758
COTOPAXI - SALCEDO,PAN,0.0001127694046058
COTOPAXI - SALCEDO,PAP,0.0001440847327817
COTOPAXI - SALCEDO,PES,0.0009733753955428
COTOPAXI - SALCEDO,PLS,0.0001220306991878
COTOPAXI - SALCEDO,QU1,4.711333877304829e-05
COTOPAXI - SALCEDO,QU2,0.0002147489470773
COTOPAXI - SALCEDO,RES,0.0015561521541442
COTOPAXI - SALCEDO,SAL,0.0081078456278255
COTOPAXI - SALCEDO,SIL,0.0006246213127625
COTOPAXI - SALCEDO,TAB,1.1162019451179885e-05
COTOPAXI - SALCEDO,TEL,0.0053978226923026
COTOPAXI - SALCEDO,TRA,0.0086188763642453
COTOPAXI - SALCEDO,VES,9.723127411804728e-05
COTOPAXI - SALCEDO,VID,5.524758619663581e-05
COTOPAXI - SAQUISILI,AGU,0.0042749051379393
COTOPAXI - SAQUISILI,AYG,6.911897767999191e-05
COTOPAXI - SAQUISILI,AZU,2.5662425598135025e-05
COTOPAXI - SAQUISILI,BAL,7.191807995826035e-05
COTOPAXI - SAQUISILI,BNA,0.0001406195636133
COTOPAXI - SAQUISILI,CAN,0.0001012539908169
COTOPAXI - SAQUISILI,CAR,0.0001552737782997
COTOPAXI - SAQUISILI,CAU,8.802262624981844e-06
COTOPAXI - SAQUISILI,CEM,8.311418489823178e-05
COTOPAXI - SAQUISILI,CER,0.0001724326984315
COTOPAXI - SAQUISILI,CHO,3.905983127934912e-05
COTOPAXI - SAQUISILI,CIN,9.541768271259186e-05
COTOPAXI - SAQUISILI,COM,0.0038521615931153
COTOPAXI - SAQUISILI,CUE,1.9479853816590008e-05
COTOPAXI - SAQUISILI,CUL,0.0005993381006341
COTOPAXI - SAQUISILI,EDU,0.0065806112665586
COTOPAXI - SAQUISILI,ELE,0.0031159591187657
COTOPAXI - SAQUISILI,FRT,0.0006444434768502
COTOPAXI - SAQUISILI,FRV,0.0004424145755591
COTOPAXI - SAQUISILI,GAN,0.0004851181586621
COTOPAXI - SAQUISILI,HIL,4.042942136790817e-05
COTOPAXI - SAQUISILI,HOT,0.0001300483680089
COTOPAXI - SAQUISILI,INM,0.0098799977801505
COTOPAXI - SAQUISILI,LAC,6.626847014743719e-05
COTOPAXI - SAQUISILI,MAD,7.544121561100317e-05
COTOPAXI - SAQUISILI,MAN,4.670106517290589e-05
COTOPAXI - SAQUISILI,MAQ,0.0001153718437866
COTOPAXI - SAQUISILI,MET,6.422351438076945e-05
COTOPAXI - SAQUISILI,MOL,6.632996380961596e-05
COTOPAXI - SAQUISILI,MUE,4.922458662050334e-05
COTOPAXI - SAQUISILI,PAN,5.081591890062879e-05
COTOPAXI - SAQUISILI,PAP,6.492716815739069e-05
COTOPAXI - SAQUISILI,PES,0.0004386204337306
COTOPAXI - SAQUISILI,PLS,5.49892245595076e-05
COTOPAXI - SAQUISILI,QU1,2.12301165426598e-05
COTOPAXI - SAQUISILI,QU2,9.676973215225246e-05
COTOPAXI - SAQUISILI,RES,0.0007012301070348
COTOPAXI - SAQUISILI,SAL,0.0036535408457848
COTOPAXI - SAQUISILI,SIL,0.0002814655808805
COTOPAXI - SAQUISILI,TAB,5.029806419398713e-06
COTOPAXI - SAQUISILI,TEL,0.0024323558427099
COTOPAXI - SAQUISILI,TRA,0.003883820473033
COTOPAXI - SAQUISILI,VES,4.381415825911095e-05
COTOPAXI - SAQUISILI,VID,2.489555451175537e-05
COTOPAXI - SIGCHOS,AGU,0.0034368221388338
COTOPAXI - SIGCHOS,AYG,5.556839860513652e-05
COTOPAXI - SIGCHOS,AZU,2.063138001568881e-05
COTOPAXI - SIGCHOS,BAL,5.781874483935739e-05
COTOPAXI - SIGCHOS,BNA,0.0001130514979363
COTOPAXI - SIGCHOS,CAN,8.140343377367721e-05
COTOPAXI - SIGCHOS,CAR,0.000124832795494
COTOPAXI - SIGCHOS,CAU,7.07660406142951e-06
COTOPAXI - SIGCHOS,CEM,6.681988523541053e-05
COTOPAXI - SIGCHOS,CER,0.0001386277581153
COTOPAXI - SIGCHOS,CHO,3.140226240077261e-05
COTOPAXI - SIGCHOS,CIN,7.67113172810511e-05
COTOPAXI - SIGCHOS,COM,0.0030969562641491
COTOPAXI - SIGCHOS,CUE,1.5660883855396023e-05
COTOPAXI - SIGCHOS,CUL,0.0004818395698714
COTOPAXI - SIGCHOS,EDU,0.0052905011358614
COTOPAXI - SIGCHOS,ELE,0.0025050841919354
COTOPAXI - SIGCHOS,FRT,0.0005181021653111
COTOPAXI - SIGCHOS,FRV,0.0003556804557673
COTOPAXI - SIGCHOS,GAN,0.0003900121228056
COTOPAXI - SIGCHOS,HIL,3.250334824609645e-05
COTOPAXI - SIGCHOS,HOT,0.0001045527551771
COTOPAXI - SIGCHOS,INM,0.0079430523033357
COTOPAXI - SIGCHOS,LAC,5.327672497059147e-05
COTOPAXI - SIGCHOS,MAD,6.0651179763351536e-05
COTOPAXI - SIGCHOS,MAN,3.754545411286814e-05
COTOPAXI - SIGCHOS,MAQ,9.275352180452716e-05
COTOPAXI - SIGCHOS,MET,5.163267696834563e-05
COTOPAXI - SIGCHOS,MOL,5.332616297512128e-05
COTOPAXI - SIGCHOS,MUE,3.957424635481848e-05
COTOPAXI - SIGCHOS,PAN,4.085360246544609e-05
COTOPAXI - SIGCHOS,PAP,5.219838142248743e-05
COTOPAXI - SIGCHOS,PES,0.0003526301446579
COTOPAXI - SIGCHOS,PLS,4.4208743414250665e-05
COTOPAXI - SIGCHOS,QU1,1.7068012549866186e-05
COTOPAXI - SIGCHOS,QU2,7.779830127182647e-05
COTOPAXI - SIGCHOS,RES,0.0005637559380875
COTOPAXI - SIGCHOS,SAL,0.002937274549671
COTOPAXI - SIGCHOS,SIL,0.0002262850539313
COTOPAXI - SIGCHOS,TAB,4.043727170182516e-06
COTOPAXI - SIGCHOS,TEL,0.001955499394725
COTOPAXI - SIGCHOS,TRA,0.0031224085106623
COTOPAXI - SIGCHOS,VES,3.522451709229471e-05
COTOPAXI - SIGCHOS,VID,2.001485182564536e-05
EL ORO - ARENILLAS,AGU,0.0045492599220769
EL ORO - ARENILLAS,AYG,7.355489417154473e-05
EL ORO - ARENILLAS,AZU,2.730938828110548e-05
EL ORO - ARENILLAS,BAL,7.653363718488307e-05
EL ORO - ARENILLAS,BNA,0.0001496442434076
EL ORO - ARENILLAS,CAN,0.0001077522675967
EL ORO - ARENILLAS,CAR,0.0001652389360173
EL ORO - ARENILLAS,CAU,9.367174075523144e-06
EL ORO - ARENILLAS,CEM,8.84482855439183e-05
EL ORO - ARENILLAS,CER,0.0001834990810131
EL ORO - ARENILLAS,CHO,4.1566612420290256e-05
EL ORO - ARENILLAS,CIN,0.000101541397017
EL ORO - ARENILLAS,COM,0.0040993855497274
EL ORO - ARENILLAS,CUE,2.073003152028981e-05
EL ORO - ARENILLAS,CUL,0.0006378024103484
EL ORO - ARENILLAS,EDU,0.007002941616654
EL ORO - ARENILLAS,ELE,0.0033159350863781
EL ORO - ARENILLAS,FRT,0.0006858025585784
EL ORO - ARENILLAS,FRV,0.0004708078501373
EL ORO - ARENILLAS,GAN,0.0005162520630194
EL ORO - ARENILLAS,HIL,4.302410003662576e-05
EL ORO - ARENILLAS,HOT,0.0001383946098041
EL ORO - ARENILLAS,INM,0.010514076097865
EL ORO - ARENILLAS,LAC,7.05214468184461e-05
EL ORO - ARENILLAS,MAD,8.02828805734251e-05
EL ORO - ARENILLAS,MAN,4.969824528359413e-05
EL ORO - ARENILLAS,MAQ,0.0001227761758774
EL ORO - ARENILLAS,MET,6.834524991780421e-05
EL ORO - ARENILLAS,MOL,7.058688701975698e-05
EL ORO - ARENILLAS,MUE,5.238372124472637e-05
EL ORO - ARENILLAS,PAN,5.4077182018962806e-05
EL ORO - ARENILLAS,PAP,6.909406277369466e-05
EL ORO - ARENILLAS,PES,0.0004667702079435
EL ORO - ARENILLAS,PLS,5.851832201246128e-05
EL ORO - ARENILLAS,QU1,2.259262257573781e-05
EL ORO - ARENILLAS,QU2,0.000102980218261
EL ORO - ARENILLAS,RES,0.0007462336400814
EL ORO - ARENILLAS,SAL,0.0038880177236896
EL ORO - ARENILLAS,SIL,0.0002995294738074
EL ORO - ARENILLAS,TAB,5.352609244238347e-06
EL ORO - ARENILLAS,TEL,0.0025884595317135
EL ORO - ARENILLAS,TRA,0.0041330762326642
EL ORO - ARENILLAS,VES,4.662606251042855e-05
EL ORO - ARENILLAS,VID,2.649330095610152e-05
EL ORO - ATAHUALPA,AGU,0.0009325011889885
EL ORO - ATAHUALPA,AYG,1.5077183420106728e-05
EL ORO - ATAHUALPA,AZU,5.597841732255915e-06
EL ORO - ATAHUALPA,BAL,1.568776216240934e-05
EL ORO - ATAHUALPA,BNA,3.067387603546916e-05
EL ORO - ATAHUALPA,CAN,2.208691509635824e-05
EL ORO - ATAHUALPA,CAR,3.3870455182316074e-05
EL ORO - ATAHUALPA,CAU,1.9200707615098064e-06
EL ORO - ATAHUALPA,CEM,1.8130010781193196e-05
EL ORO - ATAHUALPA,CER,3.76133951794455e-05
EL ORO - ATAHUALPA,CHO,8.520268388281485e-06
EL ORO - ATAHUALPA,CIN,2.0813819186387343e-05
EL ORO - ATAHUALPA,COM,0.0008402865443437
EL ORO - ATAHUALPA,CUE,4.249214019764246e-06
EL ORO - ATAHUALPA,CUL,0.0001307358814789
EL ORO - ATAHUALPA,EDU,0.0014354535673499
EL ORO - ATAHUALPA,ELE,0.0006796959205718
EL ORO - ATAHUALPA,FRT,0.000140574887397
EL ORO - ATAHUALPA,FRV,9.650556080729567e-05
EL ORO - ATAHUALPA,GAN,0.0001058206545304
EL ORO - ATAHUALPA,HIL,8.819022242413542e-06
EL ORO - ATAHUALPA,HOT,2.8367941248129783e-05
EL ORO - ATAHUALPA,INM,0.0021551611977139
EL ORO - ATAHUALPA,LAC,1.4455391455710178e-05
EL ORO - ATAHUALPA,MAD,1.6456277036808265e-05
EL ORO - ATAHUALPA,MAN,1.0187079571492047e-05
EL ORO - ATAHUALPA,MAQ,2.51664956380164e-05
EL ORO - ATAHUALPA,MET,1.4009317537736423e-05
EL ORO - ATAHUALPA,MOL,1.446880530028606e-05
EL ORO - ATAHUALPA,MUE,1.073754482730288e-05
EL ORO - ATAHUALPA,PAN,1.1084668142420043e-05
EL ORO - ATAHUALPA,PAP,1.4162808191251116e-05
EL ORO - ATAHUALPA,PES,9.567793033313212e-05
EL ORO - ATAHUALPA,PLS,1.1995007053658011e-05
EL ORO - ATAHUALPA,QU1,4.631005432775397e-06
EL ORO - ATAHUALPA,QU2,2.110874683258597e-05
EL ORO - ATAHUALPA,RES,0.0001529619693221
EL ORO - ATAHUALPA,SAL,0.0007969606512379
EL ORO - ATAHUALPA,SIL,6.139714926094838e-05
EL ORO - ATAHUALPA,TAB,1.0971706541148243e-06
EL ORO - ATAHUALPA,TEL,0.0005305789584055
EL ORO - ATAHUALPA,TRA,0.0008471924152841
EL ORO - ATAHUALPA,VES,9.557347672713397e-06
EL ORO - ATAHUALPA,VID,5.430561248414651e-06
EL ORO - BALSAS,AGU,0.0012059815112241
EL ORO - BALSAS,AYG,1.949896113881177e-05
EL ORO - BALSAS,AZU,7.239554985642286e-06
EL ORO - BALSAS,BAL,2.0288608040133278e-05
EL ORO - BALSAS,BNA,3.9669791109307135e-05
EL ORO - BALSAS,CAN,2.856447966042426e-05
EL ORO - BALSAS,CAR,4.380385055693458e-05
EL ORO - BALSAS,CAU,2.4831816473440112e-06
EL ORO - BALSAS,CEM,2.344710983599761e-05
EL ORO - BALSAS,CER,4.864450544023336e-05
EL ORO - BALSAS,CHO,1.1019059566111655e-05
EL ORO - BALSAS,CIN,2.691801513301142e-05
EL ORO - BALSAS,COM,0.001086722514218
EL ORO - BALSAS,CUE,5.495406982406445e-06
EL ORO - BALSAS,CUL,0.0001690775923709
EL ORO - BALSAS,EDU,0.0018564378071436
EL ORO - BALSAS,ELE,0.0008790344968387
EL ORO - BALSAS,FRT,0.000181802143681
EL ORO - BALSAS,FRV,0.0001248083363734
EL ORO - BALSAS,GAN,0.0001368553245576
EL ORO - BALSAS,HIL,1.1405430788738196e-05
EL ORO - BALSAS,HOT,3.668758073525265e-05
EL ORO - BALSAS,INM,0.002787218492418
EL ORO - BALSAS,LAC,1.869481244522853e-05
EL ORO - BALSAS,MAD,2.1282509968163103e-05
EL ORO - BALSAS,MAN,1.3174706650952226e-05
EL ORO - BALSAS,MAQ,3.254722760693749e-05
EL ORO - BALSAS,MET,1.81179157033604e-05
EL ORO - BALSAS,MOL,1.8712160249975565e-05
EL ORO - BALSAS,MUE,1.3886610216243304e-05
EL ORO - BALSAS,PAN,1.4335536507265185e-05
EL ORO - BALSAS,PAP,1.831642149881703e-05
EL ORO - BALSAS,PES,0.0001237379816524
EL ORO - BALSAS,PLS,1.5512856074108506e-05
EL ORO - BALSAS,QU1,5.989168696249399e-06
EL ORO - BALSAS,QU2,2.7299438012321824e-05
EL ORO - BALSAS,RES,0.0001978220608201
EL ORO - BALSAS,SAL,0.0010306901716754
EL ORO - BALSAS,SIL,7.94034664244062e-05
EL ORO - BALSAS,TAB,1.418944596687689e-06
EL ORO - BALSAS,TEL,0.00068618509192
EL ORO - BALSAS,TRA,0.0010956537121311
EL ORO - BALSAS,VES,1.236028942990948e-05
EL ORO - BALSAS,VID,7.02321513204917e-06
EL ORO - CHILLA,AGU,0.0003711624462752
EL ORO - CHILLA,AYG,6.001155116184774e-06
EL ORO - CHILLA,AZU,2.228102929776683e-06
EL ORO - CHILLA,BAL,6.244183116913112e-06
EL ORO - CHILLA,BNA,1.2209089919141556e-05
EL ORO - CHILLA,CAN,8.791231083286159e-06
EL ORO - CHILLA,CAR,1.3481420882218356e-05
EL ORO - CHILLA,CAU,7.642437020766709e-07
EL ORO - CHILLA,CEM,7.216268710437461e-06
EL ORO - CHILLA,CER,1.4971219267465226e-05
EL ORO - CHILLA,CHO,3.391313271510289e-06
EL ORO - CHILLA,CIN,8.284502086189321e-06
EL ORO - CHILLA,COM,0.0003344583503524
EL ORO - CHILLA,CUE,1.6913100904818578e-06
EL ORO - CHILLA,CUL,5.203666242861918e-05
EL ORO - CHILLA,EDU,0.0005713520410091
EL ORO - CHILLA,ELE,0.000270538636928
EL ORO - CHILLA,FRT,5.59528713821132e-05
EL ORO - CHILLA,FRV,3.8412004672347725e-05
EL ORO - CHILLA,GAN,4.211968141786282e-05
EL ORO - CHILLA,HIL,3.5102259470577364e-06
EL ORO - CHILLA,HOT,1.129126117347706e-05
EL ORO - CHILLA,INM,0.0008578164957929
EL ORO - CHILLA,LAC,5.753663928715057e-06
EL ORO - CHILLA,MAD,6.550074266596464e-06
EL ORO - CHILLA,MAN,4.054752335765386e-06
EL ORO - CHILLA,MAQ,1.001699321725535e-05
EL ORO - CHILLA,MET,5.5761136064529546e-06
EL ORO - CHILLA,MOL,5.759003026858343e-06
EL ORO - CHILLA,MUE,4.273853430057688e-06
EL ORO - CHILLA,PAN,4.412018550187774e-06
EL ORO - CHILLA,PAP,5.637207326344817e-06
EL ORO - CHILLA,PES,3.8082583804010105e-05
EL ORO - CHILLA,PLS,4.7743597688634266e-06
EL ORO - CHILLA,QU1,1.8432741163656168e-06
EL ORO - CHILLA,QU2,8.401891820304308e-06
EL ORO - CHILLA,RES,6.088328829077972e-05
EL ORO - CHILLA,SAL,0.0003172133916734
EL ORO - CHILLA,SIL,2.443784134874525e-05
EL ORO - CHILLA,TAB,4.367056565411449e-07
EL ORO - CHILLA,TEL,0.000211185772704
EL ORO - CHILLA,TRA,0.0003372070867424
EL ORO - CHILLA,VES,3.804100824745066e-06
EL ORO - CHILLA,VID,2.1615204585371865e-06
EL ORO - EL GUABO,AGU,0.0085582294587617
EL ORO - EL GUABO,AYG,0.000138374081261
EL ORO - EL GUABO,AZU,5.137539188603111e-05
EL ORO - EL GUABO,BAL,0.0001439777984905
EL ORO - EL GUABO,BNA,0.000281516069471
EL ORO - EL GUABO,CAN,0.0002027073956182
EL ORO - EL GUABO,CAR,0.0003108533594872
EL ORO - EL GUABO,CAU,1.762186080629383e-05
EL ORO - EL GUABO,CEM,0.0001663920584632
EL ORO - EL GUABO,CER,0.0003452049932696
EL ORO - EL GUABO,CHO,7.819658867806523e-05
EL ORO - EL GUABO,CIN,0.0001910232851321
EL ORO - EL GUABO,COM,0.0077119097997113
EL ORO - EL GUABO,CUE,3.8998072098946125e-05
EL ORO - EL GUABO,CUL,0.001199856563619
EL ORO - EL GUABO,EDU,0.0131741826732719
EL ORO - EL GUABO,ELE,0.0062380549420502
EL ORO - EL GUABO,FRT,0.001290156148528
EL ORO - EL GUABO,FRV,0.0008857004614987
EL ORO - EL GUABO,GAN,0.0009711917299863
EL ORO - EL GUABO,HIL,8.093846618507919e-05
EL ORO - EL GUABO,HOT,0.0002603528588928
EL ORO - EL GUABO,INM,0.0197794536548112
EL ORO - EL GUABO,LAC,0.0001326674522832
EL ORO - EL GUABO,MAD,0.0001510310084115
EL ORO - EL GUABO,MAN,9.349410544136106e-05
EL ORO - EL GUABO,MAQ,0.0002309709058673
EL ORO - EL GUABO,MET,0.0001285735133256
EL ORO - EL GUABO,MOL,0.0001327905607158
EL ORO - EL GUABO,MUE,9.854611826872783e-05
EL ORO - EL GUABO,PAN,0.0001017319168675
EL ORO - EL GUABO,PAP,0.000129982206685
EL ORO - EL GUABO,PES,0.0008781047054947
EL ORO - EL GUABO,PLS,0.0001100867472737
EL ORO - EL GUABO,QU1,4.2502044594121473e-05
EL ORO - EL GUABO,QU2,0.0001937300467961
EL ORO - EL GUABO,RES,0.0014038412469402
EL ORO - EL GUABO,SAL,0.0073142771327687
EL ORO - EL GUABO,SIL,0.0005634854922372
EL ORO - EL GUABO,TAB,1.0069518756881005e-05
EL ORO - EL GUABO,TEL,0.0048695020721106
EL ORO - EL GUABO,TRA,0.0077752899099125
EL ORO - EL GUABO,VES,8.77146060145615e-05
EL ORO - EL GUABO,VID,4.984013940422033e-05
EL ORO - HUAQUILLAS,AGU,0.0081977394079883
EL ORO - HUAQUILLAS,AYG,0.0001325454832058
EL ORO - HUAQUILLAS,AZU,4.921135577099823e-05
EL ORO - HUAQUILLAS,BAL,0.0001379131604555
EL ORO - HUAQUILLAS,BNA,0.0002696580394116
EL ORO - HUAQUILLAS,CAN,0.000194168947369
EL ORO - HUAQUILLAS,CAR,0.0002977595830368
EL ORO - HUAQUILLAS,CAU,1.6879592148110204e-05
EL ORO - HUAQUILLAS,CEM,0.000159383286159
EL ORO - HUAQUILLAS,CER,0.0003306642560587
EL ORO - HUAQUILLAS,CHO,7.490278914176009e-05
EL ORO - HUAQUILLAS,CIN,0.0001829769954074
EL ORO - HUAQUILLAS,COM,0.0073870684562239
EL ORO - HUAQUILLAS,CUE,3.7355393895615056e-05
EL ORO - HUAQUILLAS,CUL,0.001149316162053
EL ORO - HUAQUILLAS,EDU,0.0126192592742593
EL ORO - HUAQUILLAS,ELE,0.0059752953661796
EL ORO - HUAQUILLAS,FRT,0.0012358121445807
EL ORO - HUAQUILLAS,FRV,0.0008483929546278
EL ORO - HUAQUILLAS,GAN,0.0009302831568123
EL ORO - HUAQUILLAS,HIL,7.752917318526262e-05
EL ORO - HUAQUILLAS,HOT,0.0002493862663548
EL ORO - HUAQUILLAS,INM,0.0189463027926322
EL ORO - HUAQUILLAS,LAC,0.0001270792290601
EL ORO - HUAQUILLAS,MAD,0.0001446692748131
EL ORO - HUAQUILLAS,MAN,8.95559433507122e-05
EL ORO - HUAQUILLAS,MAQ,0.0002212419410172
EL ORO - HUAQUILLAS,MET,0.0001231577351474
EL ORO - HUAQUILLAS,MOL,0.0001271971519149
EL ORO - HUAQUILLAS,MUE,9.439515511105676e-05
EL ORO - HUAQUILLAS,PAN,9.744676138606214e-05
EL ORO - HUAQUILLAS,PAP,0.0001245070914741
EL ORO - HUAQUILLAS,PES,0.0008411171473329
EL ORO - HUAQUILLAS,PLS,0.0001054496693237
EL ORO - HUAQUILLAS,QU1,4.07117719346262e-05
EL ORO - HUAQUILLAS,QU2,0.0001855697427586
EL ORO - HUAQUILLAS,RES,0.0013447085951662
EL ORO - HUAQUILLAS,SAL,0.0070061848868588
EL ORO - HUAQUILLAS,SIL,0.0005397503359545
EL ORO - HUAQUILLAS,TAB,9.645370123635904e-06
EL ORO - HUAQUILLAS,TEL,0.0046643887297218
EL ORO - HUAQUILLAS,TRA,0.0074477788671311
EL ORO - HUAQUILLAS,VES,8.401988820778595e-05
EL ORO - HUAQUILLAS,VID,4.774077124974924e-05
EL ORO - LAS LAJAS,AGU,0.000743362494586
EL ORO - LAS LAJAS,AYG,1.20190867431053e-05
EL ORO - LAS LAJAS,AZU,4.462434625848865e-06
EL ORO - LAS LAJAS,BAL,1.2505822140742273e-05
EL ORO - LAS LAJAS,BNA,2.445231092207227e-05
EL ORO - LAS LAJAS,CAN,1.7607038465600398e-05
EL ORO - LAS LAJAS,CAR,2.7000529709138185e-05
EL ORO - LAS LAJAS,CAU,1.5306238832851743e-06
EL ORO - LAS LAJAS,CEM,1.4452710838683476e-05
EL ORO - LAS LAJAS,CER,2.9984291280927725e-05
EL ORO - LAS LAJAS,CHO,6.792107118410863e-06
EL ORO - LAS LAJAS,CIN,1.6592163886716718e-05
EL ORO - LAS LAJAS,COM,0.0006698516947179
EL ORO - LAS LAJAS,CUE,3.387348317687582e-06
EL ORO - LAS LAJAS,CUL,0.0001042187957889
EL ORO - LAS LAJAS,EDU,0.0011443013234601
EL ORO - LAS LAJAS,ELE,0.0005418335773108
EL ORO - LAS LAJAS,FRT,0.0001120621616418
EL ORO - LAS LAJAS,FRV,7.693139190626754e-05
EL ORO - LAS LAJAS,GAN,8.435711038162518e-05
EL ORO - LAS LAJAS,HIL,7.030264895470313e-06
EL ORO - LAS LAJAS,HOT,2.261408759741501e-05
EL ORO - LAS LAJAS,INM,0.0017180310578536
EL ORO - LAS LAJAS,LAC,1.1523412494937594e-05
EL ORO - LAS LAJAS,MAD,1.3118459573172074e-05
EL ORO - LAS LAJAS,MAN,8.12083992195753e-06
EL ORO - LAS LAJAS,MAQ,2.0061989409104044e-05
EL ORO - LAS LAJAS,MET,1.1167815500155833e-05
EL ORO - LAS LAJAS,MOL,1.1534105616923568e-05
EL ORO - LAS LAJAS,MUE,8.559654617932703e-06
EL ORO - LAS LAJAS,PAN,8.836371105269695e-06
EL ORO - LAS LAJAS,PAP,1.129017373030038e-05
EL ORO - LAS LAJAS,PES,7.627162925809656e-05
EL ORO - LAS LAJAS,PLS,9.562066484500925e-06
EL ORO - LAS LAJAS,QU1,3.6917011920204777e-06
EL ORO - LAS LAJAS,QU2,1.6827271523457005e-05
EL ORO - LAS LAJAS,RES,0.0001219367786709
EL ORO - LAS LAJAS,SAL,0.0006353135682687
EL ORO - LAS LAJAS,SIL,4.894399982974396e-05
EL ORO - LAS LAJAS,TAB,8.74632144237873e-07
EL ORO - LAS LAJAS,TEL,0.0004229619251456
EL ORO - LAS LAJAS,TRA,0.0006753568517195
EL ORO - LAS LAJAS,VES,7.618836191855834e-06
EL ORO - LAS LAJAS,VID,4.329083548947093e-06
EL ORO - MACHALA,AGU,0.040524151090952
EL ORO - MACHALA,AYG,0.0006552163859491
EL ORO - MACHALA,AZU,0.0002432680910436
EL ORO - MACHALA,BAL,0.0006817505989862
EL ORO - MACHALA,BNA,0.0013330093319824
EL ORO - MACHALA,CAN,0.0009598416549673
EL ORO - MACHALA,CAR,0.0014719246039956
EL ORO - MACHALA,CAU,8.344143531777876e-05
EL ORO - MACHALA,CEM,0.0007878845677124
EL ORO - MACHALA,CER,0.0016345833413346
EL ORO - MACHALA,CHO,0.0003702693868698
EL ORO - MACHALA,CIN,0.0009045161158494
EL ORO - MACHALA,COM,0.0365167350827858
EL ORO - MACHALA,CUE,0.0001846601301833
EL ORO - MACHALA,CUL,0.0056814518593901
EL ORO - MACHALA,EDU,0.0623811936480514
EL ORO - MACHALA,ELE,0.0295378713790501
EL ORO - MACHALA,FRT,0.0061090302551243
EL ORO - MACHALA,FRV,0.0041938884083501
EL ORO - MACHALA,GAN,0.0045986989007355
EL ORO - MACHALA,HIL,0.0003832524762929
EL ORO - MACHALA,HOT,0.0012327992187606
EL ORO - MACHALA,INM,0.0936578730760073
EL ORO - MACHALA,LAC,0.0006281948745453
EL ORO - MACHALA,MAD,0.0007151483182101
EL ORO - MACHALA,MAN,0.0004427047993133
EL ORO - MACHALA,MAQ,0.0010936724625208
EL ORO - MACHALA,MET,0.0006088096265015
EL ORO - MACHALA,MOL,0.0006287778064179
EL ORO - MACHALA,MUE,0.0004666266317573
EL ORO - MACHALA,PAN,0.0004817117360286
EL ORO - MACHALA,PAP,0.0006154799433949
EL ORO - MACHALA,PES,0.0041579216741748
EL ORO - MACHALA,PLS,0.0005212727703936
EL ORO - MACHALA,QU1,0.0002012518226002
EL ORO - MACHALA,QU2,0.0009173329279206
EL ORO - MACHALA,RES,0.0066473416111175
EL ORO - MACHALA,SAL,0.0346339009812318
EL ORO - MACHALA,SIL,0.0026681653413257
EL ORO - MACHALA,TAB,4.768027095829487e-05
EL ORO - MACHALA,TEL,0.0230576240867075
EL ORO - MACHALA,TRA,0.0368168468260304
EL ORO - MACHALA,VES,0.0004153382383757
EL ORO - MACHALA,VID,0.0002359985028846
EL ORO - MARCABELI,AGU,0.0008881810717265
EL ORO - MARCABELI,AYG,1.4360591800652631e-05
EL ORO - MARCABELI,AZU,5.3317863052843575e-06
EL ORO - MARCABELI,BAL,1.494215082504378e-05
EL ORO - MARCABELI,BNA,2.9216001451687287e-05
EL ORO - MARCABELI,CAN,2.103716344071828e-05
EL ORO - MARCABELI,CAR,3.2260652896673296e-05
EL ORO - MARCABELI,CAU,1.8288132249979216e-06
EL ORO - MARCABELI,CEM,1.7268323725699145e-05
EL ORO - MARCABELI,CER,3.582569763582731e-05
EL ORO - MARCABELI,CHO,8.115315238053181e-06
EL ORO - MARCABELI,CIN,1.9824575507232556e-05
EL ORO - MARCABELI,COM,0.0008003492245646
EL ORO - MARCABELI,CUE,4.04725646104879e-06
EL ORO - MARCABELI,CUL,0.0001245222383588
EL ORO - MARCABELI,EDU,0.0013672290211719
EL ORO - MARCABELI,ELE,0.0006473911865318
EL ORO - MARCABELI,FRT,0.0001338936138854
EL ORO - MARCABELI,FRV,9.19188237372272e-05
EL ORO - MARCABELI,GAN,0.0001007911876805
EL ORO - MARCABELI,HIL,8.399869854689384e-06
EL ORO - MARCABELI,HOT,2.701966362934944e-05
EL ORO - MARCABELI,INM,0.0020527302323391
EL ORO - MARCABELI,LAC,1.3768352498601242e-05
EL ORO - MARCABELI,MAD,1.5674139559043984e-05
EL ORO - MARCABELI,MAN,9.70290586051178e-06
EL ORO - MARCABELI,MAQ,2.397037701541076e-05
EL ORO - MARCABELI,MET,1.3343479677833137e-05
EL ORO - MARCABELI,MOL,1.378112880708435e-05
EL ORO - MARCABELI,MUE,1.0227208485138552e-05
EL ORO - MARCABELI,PAN,1.0557833648605031e-05
EL ORO - MARCABELI,PAP,1.3489675194523633e-05
EL ORO - MARCABELI,PES,9.113052906241454e-05
EL ORO - MARCABELI,PLS,1.1424905776089073e-05
EL ORO - MARCABELI,QU1,4.410902009589096e-06
EL ORO - MARCABELI,QU2,2.01054857687697e-05
EL ORO - MARCABELI,RES,0.000145691959914
EL ORO - MARCABELI,SAL,0.0007590825338337
EL ORO - MARCABELI,SIL,5.847905233310346e-05
EL ORO - MARCABELI,TAB,1.0450240910637206e-06
EL ORO - MARCABELI,TEL,0.0005053614874457
EL ORO - MARCABELI,TRA,0.0008069268717842
EL ORO - MARCABELI,VES,9.103103994988936e-06
EL ORO - MARCABELI,VID,5.172456364291767e-06
EL ORO - PASAJE,AGU,0.0121374865541668
EL ORO - PASAJE,AYG,0.0001962454452575
EL ORO - PASAJE,AZU,7.286181461205859e-05
EL ORO - PASAJE,BAL,0.0002041927716121
EL ORO - PASAJE,BNA,0.0003992528506569
EL ORO - PASAJE,CAN,0.0002874844967177
EL ORO - PASAJE,CAR,0.0004408596999267
EL ORO - PASAJE,CAU,2.4991746204797112e-05
EL ORO - PASAJE,CEM,0.0002359812134098
EL ORO - PASAJE,CER,0.0004895780119511
EL ORO - PASAJE,CHO,0.0001109002800444
EL ORO - PASAJE,CIN,0.0002709138106189
EL ORO - PASAJE,COM,0.0109372156883589
EL ORO - PASAJE,CUE,5.530800243440476e-05
EL ORO - PASAJE,CUL,0.0017016653944637
EL ORO - PASAJE,EDU,0.0186839422604254
EL ORO - PASAJE,ELE,0.0088469593328996
EL ORO - PASAJE,FRT,0.0018297304344303
EL ORO - PASAJE,FRV,0.0012561216656156
EL ORO - PASAJE,GAN,0.0013773674357561
EL ORO - PASAJE,HIL,0.0001147888765742
EL ORO - PASAJE,HOT,0.000369238677156
EL ORO - PASAJE,INM,0.0280516961996452
EL ORO - PASAJE,LAC,0.0001881521669899
EL ORO - PASAJE,MAD,0.0002141958033131
EL ORO - PASAJE,MAN,0.0001325955857057
EL ORO - PASAJE,MAQ,0.0003275684857337
EL ORO - PASAJE,MET,0.0001823460444396
EL ORO - PASAJE,MOL,0.0001883267623256
EL ORO - PASAJE,MUE,0.0001397604716273
EL ORO - PASAJE,PAN,0.0001442786477108
EL ORO - PASAJE,PAP,0.0001843438871933
EL ORO - PASAJE,PES,0.0012453491820299
EL ORO - PASAJE,PLS,0.0001561276688438
EL ORO - PASAJE,QU1,6.027742037900317e-05
EL ORO - PASAJE,QU2,0.0002747526050167
EL ORO - PASAJE,RES,0.0019909613712773
EL ORO - PASAJE,SAL,0.0103732834904938
EL ORO - PASAJE,SIL,0.0007991486578448
EL ORO - PASAJE,TAB,1.4280833332115131e-05
EL ORO - PASAJE,TEL,0.0069060447853757
EL ORO - PASAJE,TRA,0.0110271028827927
EL ORO - PASAJE,VES,0.0001243989608172
EL ORO - PASAJE,VID,7.068448267149552e-05
EL ORO - PORTOVELO,AGU,0.0019889208402476
EL ORO - PORTOVELO,AYG,3.215794754000421e-05
EL ORO - PORTOVELO,AZU,1.1939570922979312e-05
EL ORO - PORTOVELO,BAL,3.34602437724573e-05
EL ORO - PORTOVELO,BNA,6.542395014454412e-05
EL ORO - PORTOVELO,CAN,4.710892195169619e-05
EL ORO - PORTOVELO,CAR,7.224189628524623e-05
EL ORO - PORTOVELO,CAU,4.095296389336571e-06
EL ORO - PORTOVELO,CEM,3.86692871842236e-05
EL ORO - PORTOVELO,CER,8.022516907030463e-05
EL ORO - PORTOVELO,CHO,1.8172780434024377e-05
EL ORO - PORTOVELO,CIN,4.439355062898343e-05
EL ORO - PORTOVELO,COM,0.0017922373071047
EL ORO - PORTOVELO,CUE,9.063098705266118e-06
EL ORO - PORTOVELO,CUL,0.0002788450270221
EL ORO - PORTOVELO,EDU,0.0030616620643741
EL ORO - PORTOVELO,ELE,0.0014497154506825
EL ORO - PORTOVELO,FRT,0.0002998305272539
EL ORO - PORTOVELO,FRV,0.0002058355778587
EL ORO - PORTOVELO,GAN,0.0002257036319198
EL ORO - PORTOVELO,HIL,1.8809989022714792e-05
EL ORO - PORTOVELO,HOT,6.050564890380711e-05
EL ORO - PORTOVELO,INM,0.004596718021213
EL ORO - PORTOVELO,LAC,3.083173475776834e-05
EL ORO - PORTOVELO,MAD,3.509940012719631e-05
EL ORO - PORTOVELO,MAN,2.172790244158023e-05
EL ORO - PORTOVELO,MAQ,5.3677323140726736e-05
EL ORO - PORTOVELO,MET,2.9880308934160323e-05
EL ORO - PORTOVELO,MOL,3.0860344989411854e-05
EL ORO - PORTOVELO,MUE,2.2901983324310144e-05
EL ORO - PORTOVELO,PAN,2.364235856857252e-05
EL ORO - PORTOVELO,PAP,3.0207687347360758e-05
EL ORO - PORTOVELO,PES,0.0002040703345351
EL ORO - PORTOVELO,PLS,2.558400974674781e-05
EL ORO - PORTOVELO,QU1,9.877417128590689e-06
EL ORO - PORTOVELO,QU2,4.502259834368485e-05
EL ORO - PORTOVELO,RES,0.0003262507888918
EL ORO - PORTOVELO,SAL,0.001699828018261
EL ORO - PORTOVELO,SIL,0.0001309532589758
EL ORO - PORTOVELO,TAB,2.340142409516888e-06
EL ORO - PORTOVELO,TEL,0.0011316656324205
EL ORO - PORTOVELO,TRA,0.0018069667581721
EL ORO - PORTOVELO,VES,2.0384754666500115e-05
EL ORO - PORTOVELO,VID,1.1582780342541058e-05
EL ORO - SANTA ROSA,AGU,0.011442001637132
EL ORO - SANTA ROSA,AYG,0.0001850004690753
EL ORO - SANTA ROSA,AZU,6.86867909888126e-05
EL ORO - SANTA ROSA,BAL,0.0001924924090873
EL ORO - SANTA ROSA,BNA,0.0003763754341114
EL ORO - SANTA ROSA,CAN,0.0002710114707369
EL ORO - SANTA ROSA,CAR,0.0004155981871366
EL ORO - SANTA ROSA,CAU,2.3559704862610617e-05
EL ORO - SANTA ROSA,CEM,0.0002224593550005
EL ORO - SANTA ROSA,CER,0.0004615249120358
EL ORO - SANTA ROSA,CHO,0.0001045456306101
EL ORO - SANTA ROSA,CIN,0.000255390294423
EL ORO - SANTA ROSA,COM,0.0103105069779793
EL ORO - SANTA ROSA,CUE,5.213882228225453e-05
EL ORO - SANTA ROSA,CUL,0.0016041589947319
EL ORO - SANTA ROSA,EDU,0.017613341689633
EL ORO - SANTA ROSA,ELE,0.0083400235064257
EL ORO - SANTA ROSA,FRT,0.0017248858347097
EL ORO - SANTA ROSA,FRV,0.0011841451762083
EL ORO - SANTA ROSA,GAN,0.0012984434944188
EL ORO - SANTA ROSA,HIL,0.0001082114083361
EL ORO - SANTA ROSA,HOT,0.0003480810899074
EL ORO - SANTA ROSA,INM,0.0264443179737636
EL ORO - SANTA ROSA,LAC,0.0001773709402783
EL ORO - SANTA ROSA,MAD,0.0002019222613544
EL ORO - SANTA ROSA,MAN,0.0001249977828564
EL ORO - SANTA ROSA,MAQ,0.0003087986242713
EL ORO - SANTA ROSA,MET,0.0001718975118688
EL ORO - SANTA ROSA,MOL,0.0001775355312016
EL ORO - SANTA ROSA,MUE,0.0001317521167195
EL ORO - SANTA ROSA,PAN,0.0001360113987309
EL ORO - SANTA ROSA,PAP,0.0001737808770908
EL ORO - SANTA ROSA,PES,0.0011739899620894
EL ORO - SANTA ROSA,PLS,0.0001471814641804
EL ORO - SANTA ROSA,QU1,5.682348973823352e-05
EL ORO - SANTA ROSA,QU2,0.0002590091237076
EL ORO - SANTA ROSA,RES,0.0018768781467198
EL ORO - SANTA ROSA,SAL,0.0097788884173813
EL ORO - SANTA ROSA,SIL,0.0007533569829771
EL ORO - SANTA ROSA,TAB,1.3462533419620888e-05
EL ORO - SANTA ROSA,TEL,0.0065103244718527
EL ORO - SANTA ROSA,TRA,0.0103952435847949
EL ORO - SANTA ROSA,VES,0.0001172708292591
EL ORO - SANTA ROSA,VID,6.663422141295182e-05
EL ORO - ZARUMA,AGU,0.0037864795761559
EL ORO - ZARUMA,AYG,6.122184910896687e-05
EL ORO - ZARUMA,AZU,2.2730387521253846e-05
EL ORO - ZARUMA,BAL,6.370114239530726e-05
EL ORO - ZARUMA,BNA,0.0001245531978954
EL ORO - ZARUMA,CAN,8.968530431940814e-05
EL ORO - ZARUMA,CAR,0.000137533108051
EL ORO - ZARUMA,CAU,7.796567778231643e-06
EL ORO - ZARUMA,CEM,7.361804612059931e-05
EL ORO - ZARUMA,CER,0.0001527315507139
EL ORO - ZARUMA,CHO,3.459708428960513e-05
EL ORO - ZARUMA,CIN,8.451581851229515e-05
EL ORO - ZARUMA,COM,0.0034120362267067
EL ORO - ZARUMA,CUE,1.7254200091695357e-05
EL ORO - ZARUMA,CUL,0.0005308612481532
EL ORO - ZARUMA,EDU,0.0058287492600261
EL ORO - ZARUMA,ELE,0.002759947924606
EL ORO - ZARUMA,FRT,0.0005708131489103
EL ORO - ZARUMA,FRV,0.0003918668837072
EL ORO - ZARUMA,GAN,0.0004296914061307
EL ORO - ZARUMA,HIL,3.581019305592838e-05
EL ORO - ZARUMA,HOT,0.000115189805034
EL ORO - ZARUMA,INM,0.008751167242284
EL ORO - ZARUMA,LAC,5.869702383087894e-05
EL ORO - ZARUMA,MAD,6.682174525377634e-05
EL ORO - ZARUMA,MAN,4.1365275662509e-05
EL ORO - ZARUMA,MAQ,0.000102190134299
EL ORO - ZARUMA,MET,5.688571270354893e-05
EL ORO - ZARUMA,MOL,5.875149158826529e-05
EL ORO - ZARUMA,MUE,4.36004743658714e-05
EL ORO - ZARUMA,PAN,4.500999036286899e-05
EL ORO - ZARUMA,PAP,5.75089711310203e-05
EL ORO - ZARUMA,PES,0.0003885062382475
EL ORO - ZARUMA,PLS,4.870647861992023e-05
EL ORO - ZARUMA,QU1,1.880448807501303e-05
EL ORO - ZARUMA,QU2,8.571339072127655e-05
EL ORO - ZARUMA,RES,0.0006211116721418
EL ORO - ZARUMA,SAL,0.0032361087198029
EL ORO - ZARUMA,SIL,0.0002493069761797
EL ORO - ZARUMA,TAB,4.45513026945246e-06
EL ORO - ZARUMA,TEL,0.0021544491452281
EL ORO - ZARUMA,TRA,0.0034400779488839
EL ORO - ZARUMA,VES,3.880820978276944e-05
EL ORO - ZARUMA,VID,2.205113462266887e-05
ESMERALDAS - ATACAMES,AGU,1.842036481555996
ESMERALDAS - ATACAMES,AYG,0.0297830418093845
ESMERALDAS - ATACAMES,AZU,0.0110578182747156
ESMERALDAS - ATACAMES,BAL,0.0309891617923562
ESMERALDAS - ATACAMES,BNA,0.0605923073935642
ESMERALDAS - ATACAMES,CAN,0.0436298675572196
ESMERALDAS - ATACAMES,CAR,0.0669067394545674
ESMERALDAS - ATACAMES,CAU,0.0037928534908424
ESMERALDAS - ATACAMES,CEM,0.0358135106574864
ESMERALDAS - ATACAMES,CER,0.074300437290455
ESMERALDAS - ATACAMES,CHO,0.0168306972572181
ESMERALDAS - ATACAMES,CIN,0.0411150298944069
ESMERALDAS - ATACAMES,COM,1.6598782799629277
ESMERALDAS - ATACAMES,CUE,0.0083937772249218
ESMERALDAS - ATACAMES,CUL,0.258251963618245
ESMERALDAS - ATACAMES,EDU,2.835554388414468
ESMERALDAS - ATACAMES,ELE,1.342652102584512
ESMERALDAS - ATACAMES,FRT,0.2776876577034781
ESMERALDAS - ATACAMES,FRV,0.1906343560514596
ESMERALDAS - ATACAMES,GAN,0.2090351288009502
ESMERALDAS - ATACAMES,HIL,0.0174208471731808
ESMERALDAS - ATACAMES,HOT,0.0560372290166934
ESMERALDAS - ATACAMES,INM,4.257244491161371
ESMERALDAS - ATACAMES,LAC,0.0285547715445507
ESMERALDAS - ATACAMES,MAD,0.0325072643449081
ESMERALDAS - ATACAMES,MAN,0.0201232689381931
ESMERALDAS - ATACAMES,MAQ,0.0497131838817565
ESMERALDAS - ATACAMES,MET,0.0276736097400607
ESMERALDAS - ATACAMES,MOL,0.0285812688738394
ESMERALDAS - ATACAMES,MUE,0.021210642439703
ESMERALDAS - ATACAMES,PAN,0.0218963400212128
ESMERALDAS - ATACAMES,PAP,0.02797681083695
ESMERALDAS - ATACAMES,PES,0.1889994782146707
ESMERALDAS - ATACAMES,PLS,0.0236945977659553
ESMERALDAS - ATACAMES,QU1,0.0091479571867449
ESMERALDAS - ATACAMES,QU2,0.0416976216274068
ESMERALDAS - ATACAMES,RES,0.3021567490843165
ESMERALDAS - ATACAMES,SAL,1.5742935357940488
ESMERALDAS - ATACAMES,SIL,0.1212821925995316
ESMERALDAS - ATACAMES,TAB,0.0021673198868134
ESMERALDAS - ATACAMES,TEL,1.0480906719154608
ESMERALDAS - ATACAMES,TRA,1.6735199421499811
ESMERALDAS - ATACAMES,VES,0.0188793143514886
ESMERALDAS - ATACAMES,VID,0.010727377136917
ESMERALDAS - ELOY ALFARO,AGU,0.0194054632357456
ESMERALDAS - ELOY ALFARO,AYG,0.0003137580219868
ESMERALDAS - ELOY ALFARO,AZU,0.0001164917677505
ESMERALDAS - ELOY ALFARO,BAL,0.0003264642399265
ESMERALDAS - ELOY ALFARO,BNA,0.0006383270935554
ESMERALDAS - ELOY ALFARO,CAN,0.0004596313913103
ESMERALDAS - ELOY ALFARO,CAR,0.0007048482946507
ESMERALDAS - ELOY ALFARO,CAU,3.995690623507059e-05
ESMERALDAS - ELOY ALFARO,CEM,0.0003772877309247
ESMERALDAS - ELOY ALFARO,CER,0.0007827393315369
ESMERALDAS - ELOY ALFARO,CHO,0.0001773078221453
ESMERALDAS - ELOY ALFARO,CIN,0.0004331381104778
ESMERALDAS - ELOY ALFARO,COM,0.0174864652574222
ESMERALDAS - ELOY ALFARO,CUE,8.842666091480933e-05
ESMERALDAS - ELOY ALFARO,CUL,0.0027206296051854
ESMERALDAS - ELOY ALFARO,EDU,0.0298719634427943
ESMERALDAS - ELOY ALFARO,ELE,0.0141445548315587
ESMERALDAS - ELOY ALFARO,FRT,0.0029253805158263
ESMERALDAS - ELOY ALFARO,FRV,0.0020082924659026
ESMERALDAS - ELOY ALFARO,GAN,0.0022021407000037
ESMERALDAS - ELOY ALFARO,HIL,0.0001835249262105
ESMERALDAS - ELOY ALFARO,HOT,0.0005903403099801
ESMERALDAS - ELOY ALFARO,INM,0.044849166824876
ESMERALDAS - ELOY ALFARO,LAC,0.0003008184555307
ESMERALDAS - ELOY ALFARO,MAD,0.0003424571279972
ESMERALDAS - ELOY ALFARO,MAN,0.0002119943657322
ESMERALDAS - ELOY ALFARO,MAQ,0.000523717837192
ESMERALDAS - ELOY ALFARO,MET,0.0002915356030068
ESMERALDAS - ELOY ALFARO,MOL,0.0003010975992689
ESMERALDAS - ELOY ALFARO,MUE,0.0002234496147017
ESMERALDAS - ELOY ALFARO,PAN,0.000230673293137
ESMERALDAS - ELOY ALFARO,PAP,0.0002947297621875
ESMERALDAS - ELOY ALFARO,PES,0.0019910693750059
ESMERALDAS - ELOY ALFARO,PLS,0.0002496175566754
ESMERALDAS - ELOY ALFARO,QU1,9.637178668665644e-05
ESMERALDAS - ELOY ALFARO,QU2,0.0004392755906903
ESMERALDAS - ELOY ALFARO,RES,0.0031831571982956
ESMERALDAS - ELOY ALFARO,SAL,0.0165848481487823
ESMERALDAS - ELOY ALFARO,SIL,0.0012776821486471
ESMERALDAS - ELOY ALFARO,TAB,2.2832254846620767e-05
ESMERALDAS - ELOY ALFARO,TEL,0.0110414127001453
ESMERALDAS - ELOY ALFARO,TRA,0.0176301772721928
ESMERALDAS - ELOY ALFARO,VES,0.0001988895682752
ESMERALDAS - ELOY ALFARO,VID,0.0001130106405224
ESMERALDAS - ESMERALDAS,AGU,8.707774909412603
ESMERALDAS - ESMERALDAS,AYG,0.1407920129652771
ESMERALDAS - ESMERALDAS,AZU,0.0522731191751838
ESMERALDAS - ESMERALDAS,BAL,0.1464936488615381
ESMERALDAS - ESMERALDAS,BNA,0.2864352467001099
ESMERALDAS - ESMERALDAS,CAN,0.2062494797577672
ESMERALDAS - ESMERALDAS,CAR,0.3162851729195669
ESMERALDAS - ESMERALDAS,CAU,0.0179297830381388
ESMERALDAS - ESMERALDAS,CEM,0.1692995728606913
ESMERALDAS - ESMERALDAS,CER,0.3512370629324808
ESMERALDAS - ESMERALDAS,CHO,0.0795629862664412
ESMERALDAS - ESMERALDAS,CIN,0.1943612025598106
ESMERALDAS - ESMERALDAS,COM,7.846666764564155
ESMERALDAS - ESMERALDAS,CUE,0.0396795196220177
ESMERALDAS - ESMERALDAS,CUL,1.220822709874831
ESMERALDAS - ESMERALDAS,EDU,13.404386723575165
ESMERALDAS - ESMERALDAS,ELE,6.3470579481029015
ESMERALDAS - ESMERALDAS,FRT,1.3127001786421435
ESMERALDAS - ESMERALDAS,FRV,0.9011770826030008
ESMERALDAS - ESMERALDAS,GAN,0.9881622150182224
ESMERALDAS - ESMERALDAS,HIL,0.0823527750043227
ESMERALDAS - ESMERALDAS,HOT,0.2649022327790077
ESMERALDAS - ESMERALDAS,INM,20.12507739914873
ESMERALDAS - ESMERALDAS,LAC,0.1349856670534619
ESMERALDAS - ESMERALDAS,MAD,0.1536701057066599
ESMERALDAS - ESMERALDAS,MAN,0.0951278099591936
ESMERALDAS - ESMERALDAS,MAQ,0.2350068631142987
ESMERALDAS - ESMERALDAS,MET,0.1308201911092562
ESMERALDAS - ESMERALDAS,MOL,0.1351109266677294
ESMERALDAS - ESMERALDAS,MUE,0.1002681010383417
ESMERALDAS - ESMERALDAS,PAN,0.1035095678906551
ESMERALDAS - ESMERALDAS,PAP,0.1322534998034298
ESMERALDAS - ESMERALDAS,PES,0.8934485992913566
ESMERALDAS - ESMERALDAS,PLS,0.1120103895774755
ESMERALDAS - ESMERALDAS,QU1,0.0432447201023019
ESMERALDAS - ESMERALDAS,QU2,0.1971152618446529
ESMERALDAS - ESMERALDAS,RES,1.4283717965040246
ESMERALDAS - ESMERALDAS,SAL,7.442085913226872
ESMERALDAS - ESMERALDAS,SIL,0.5733317685351413
ESMERALDAS - ESMERALDAS,TAB,0.0102454722911477
ESMERALDAS - ESMERALDAS,TEL,4.95459115336604
ESMERALDAS - ESMERALDAS,TRA,7.9111543710282595
ESMERALDAS - ESMERALDAS,VES,0.0892473202691063
ESMERALDAS - ESMERALDAS,VID,0.0507110398800278
ESMERALDAS - LA CONCORDIA,AGU,0.1860101257502951
ESMERALDAS - LA CONCORDIA,AYG,0.0030075122874386
ESMERALDAS - LA CONCORDIA,AZU,0.0011166261843339
ESMERALDAS - LA CONCORDIA,BAL,0.0031293071226381
ESMERALDAS - LA CONCORDIA,BNA,0.0061186533657882
ESMERALDAS - LA CONCORDIA,CAN,0.0044057743872324
ESMERALDAS - LA CONCORDIA,CAR,0.0067562891094174
ESMERALDAS - LA CONCORDIA,CAU,0.0003830049848893
ESMERALDAS - LA CONCORDIA,CEM,0.0036164732282236
ESMERALDAS - LA CONCORDIA,CER,0.0075029098620375
ESMERALDAS - LA CONCORDIA,CHO,0.0016995755212381
ESMERALDAS - LA CONCORDIA,CIN,0.0041518243300075
ESMERALDAS - LA CONCORDIA,COM,0.1676156637925425
ESMERALDAS - LA CONCORDIA,CUE,0.0008476094652635
ESMERALDAS - LA CONCORDIA,CUL,0.0260784629994474
ESMERALDAS - LA CONCORDIA,EDU,0.2863362553575694
ESMERALDAS - LA CONCORDIA,ELE,0.1355819436484115
ESMERALDAS - LA CONCORDIA,FRT,0.0280410929131528
ESMERALDAS - LA CONCORDIA,FRV,0.0192503899333769
ESMERALDAS - LA CONCORDIA,GAN,0.0211085127704143
ESMERALDAS - LA CONCORDIA,HIL,0.0017591692704276
ESMERALDAS - LA CONCORDIA,HOT,0.005658678381488
ESMERALDAS - LA CONCORDIA,INM,0.4298995112636184
ESMERALDAS - LA CONCORDIA,LAC,0.0028834807013627
ESMERALDAS - LA CONCORDIA,MAD,0.0032826061748173
ESMERALDAS - LA CONCORDIA,MAN,0.0020320617008293
ESMERALDAS - LA CONCORDIA,MAQ,0.0050200719029635
ESMERALDAS - LA CONCORDIA,MET,0.0027945003691593
ESMERALDAS - LA CONCORDIA,MOL,0.0028861564201133
ESMERALDAS - LA CONCORDIA,MUE,0.002141865433697
ESMERALDAS - LA CONCORDIA,PAN,0.0022111076526435
ESMERALDAS - LA CONCORDIA,PAP,0.0028251178269159
ESMERALDAS - LA CONCORDIA,PES,0.0190852988317334
ESMERALDAS - LA CONCORDIA,PLS,0.0023926969710854
ESMERALDAS - LA CONCORDIA,QU1,0.0009237670826298
ESMERALDAS - LA CONCORDIA,QU2,0.0042106548486218
ESMERALDAS - LA CONCORDIA,RES,0.0305119987884265
ESMERALDAS - LA CONCORDIA,SAL,0.1589732567693589
ESMERALDAS - LA CONCORDIA,SIL,0.0122471602069758
ESMERALDAS - LA CONCORDIA,TAB,0.0002188574703725
ESMERALDAS - LA CONCORDIA,TEL,0.105836925399015
ESMERALDAS - LA CONCORDIA,TRA,0.1689932083331986
ESMERALDAS - LA CONCORDIA,VES,0.0019064463010164
ESMERALDAS - LA CONCORDIA,VID,0.0010832580082904
ESMERALDAS - MUISNE,AGU,7.332543404757064
ESMERALDAS - MUISNE,AYG,0.1185565264204393
ESMERALDAS - MUISNE,AZU,0.0440175497462336
ESMERALDAS - MUISNE,BAL,0.1233576947007842
ESMERALDAS - MUISNE,BNA,0.2411981132873051
ESMERALDAS - MUISNE,CAN,0.1736762006672504
ESMERALDAS - MUISNE,CAR,0.2663337974213048
ESMERALDAS - MUISNE,CAU,0.0150981064316347
ESMERALDAS - MUISNE,CEM,0.1425618460883701
ESMERALDAS - MUISNE,CER,0.2957656848166665
ESMERALDAS - MUISNE,CHO,0.0669974885983961
ESMERALDAS - MUISNE,CIN,0.1636654563073366
ESMERALDAS - MUISNE,COM,6.607431316539684
ESMERALDAS - MUISNE,CUE,0.033412875612328
ESMERALDAS - MUISNE,CUL,1.0280164109425969
ESMERALDAS - MUISNE,EDU,11.287412512066693
ESMERALDAS - MUISNE,ELE,5.344657892645536
ESMERALDAS - MUISNE,FRT,1.1053835379829735
ESMERALDAS - MUISNE,FRV,0.7588528805924997
ESMERALDAS - MUISNE,GAN,0.8321003250474206
ESMERALDAS - MUISNE,HIL,0.0693466819598949
ESMERALDAS - MUISNE,HOT,0.2230658394453333
ESMERALDAS - MUISNE,INM,16.94669477432644
ESMERALDAS - MUISNE,LAC,0.1136671851289692
ESMERALDAS - MUISNE,MAD,0.1294007633212581
ESMERALDAS - MUISNE,MAN,0.0801041371397049
ESMERALDAS - MUISNE,MAQ,0.1978918888152149
ESMERALDAS - MUISNE,MET,0.1101595688343237
ESMERALDAS - MUISNE,MOL,0.1137726623109168
ESMERALDAS - MUISNE,MUE,0.0844326146030114
ESMERALDAS - MUISNE,PAN,0.0871621519000742
ESMERALDAS - MUISNE,PAP,0.1113665130102789
ESMERALDAS - MUISNE,PES,0.7523449678449714
ESMERALDAS - MUISNE,PLS,0.0943204265044548
ESMERALDAS - MUISNE,QU1,0.036415018816568
ESMERALDAS - MUISNE,QU2,0.1659845630200689
ESMERALDAS - MUISNE,RES,1.2027869696855886
ESMERALDAS - MUISNE,SAL,6.266746505089464
ESMERALDAS - MUISNE,SIL,0.4827846518593164
ESMERALDAS - MUISNE,TAB,0.0086273900116401
ESMERALDAS - MUISNE,TEL,4.172105395789627
ESMERALDAS - MUISNE,TRA,6.661734301904615
ESMERALDAS - MUISNE,VES,0.0751523617042624
ESMERALDAS - MUISNE,VID,0.0427021718968335
ESMERALDAS - QUININDE,AGU,7.167217783959127
ESMERALDAS - QUININDE,AYG,0.1158834523930302
ESMERALDAS - QUININDE,AZU,0.0430250934679551
ESMERALDAS - QUININDE,BAL,0.1205763695410342
ESMERALDAS - QUININDE,BNA,0.2357598600628311
ESMERALDAS - QUININDE,CAN,0.169760352630877
ESMERALDAS - QUININDE,CAR,0.2603288141613922
ESMERALDAS - QUININDE,CAU,0.0147576919695718
ESMERALDAS - QUININDE,CEM,0.1393475281627006
ESMERALDAS - QUININDE,CER,0.2890971057501832
ESMERALDAS - QUININDE,CHO,0.0654869075103596
ESMERALDAS - QUININDE,CIN,0.1599753188374877
ESMERALDAS - QUININDE,COM,6.4584546758316375
ESMERALDAS - QUININDE,CUE,0.0326595211351259
ESMERALDAS - QUININDE,CUL,1.0048378981199804
ESMERALDAS - QUININDE,EDU,11.032917123802209
ESMERALDAS - QUININDE,ELE,5.224152791580472
ESMERALDAS - QUININDE,FRT,1.0804606415813929
ESMERALDAS - QUININDE,FRV,0.7417431525414027
ESMERALDAS - QUININDE,GAN,0.8133390992065503
ESMERALDAS - QUININDE,HIL,0.0677831340049168
ESMERALDAS - QUININDE,HOT,0.2180364115443424
ESMERALDAS - QUININDE,INM,16.56460050234149
ESMERALDAS - QUININDE,LAC,0.1111043502559278
ESMERALDAS - QUININDE,MAD,0.1264831861114274
ESMERALDAS - QUININDE,MAN,0.0782980426551481
ESMERALDAS - QUININDE,MAQ,0.1934300537379037
ESMERALDAS - QUININDE,MET,0.1076758195949326
ESMERALDAS - QUININDE,MOL,0.1112074492616243
ESMERALDAS - QUININDE,MUE,0.0825289266663291
ESMERALDAS - QUININDE,PAN,0.0851969215458134
ESMERALDAS - QUININDE,PAP,0.1088555510038922
ESMERALDAS - QUININDE,PES,0.7353819726061733
ESMERALDAS - QUININDE,PLS,0.0921937997386782
ESMERALDAS - QUININDE,QU1,0.0355939755223255
ESMERALDAS - QUININDE,QU2,0.1622421370418791
ESMERALDAS - QUININDE,RES,1.1756679345194372
ESMERALDAS - QUININDE,SAL,6.125451227428364
ESMERALDAS - QUININDE,SIL,0.4718993876509142
ESMERALDAS - QUININDE,TAB,0.0084328697025458
ESMERALDAS - QUININDE,TEL,4.078037638325572
ESMERALDAS - QUININDE,TRA,6.511533300934231
ESMERALDAS - QUININDE,VES,0.073457914066199
ESMERALDAS - QUININDE,VID,0.0417393732213174
ESMERALDAS - RIO VERDE,AGU,1.1190916126781625
ESMERALDAS - RIO VERDE,AYG,0.0180940782783905
ESMERALDAS - RIO VERDE,AZU,0.0067179514682035
ESMERALDAS - RIO VERDE,BAL,0.0188268318206477
ESMERALDAS - RIO VERDE,BNA,0.0368116178348845
ESMERALDAS - RIO VERDE,CAN,0.0265064342288702
ESMERALDAS - RIO VERDE,CAR,0.04064782196496
ESMERALDAS - RIO VERDE,CAU,0.0023042706114774
ESMERALDAS - RIO VERDE,CEM,0.0217577663627476
ESMERALDAS - RIO VERDE,CER,0.0451397119561013
ESMERALDAS - RIO VERDE,CHO,0.0102251460949176
ESMERALDAS - RIO VERDE,CIN,0.0249785960107457
ESMERALDAS - RIO VERDE,COM,1.0084251206599677
ESMERALDAS - RIO VERDE,CUE,0.0050994677820736
ESMERALDAS - RIO VERDE,CUL,0.1568957017608657
ESMERALDAS - RIO VERDE,EDU,1.7226831092329398
ESMERALDAS - RIO VERDE,ELE,0.8157008407769427
ESMERALDAS - RIO VERDE,FRT,0.1687034604318504
ESMERALDAS - RIO VERDE,FRV,0.1158160064046515
ESMERALDAS - RIO VERDE,GAN,0.1269950197721595
ESMERALDAS - RIO VERDE,HIL,0.0105836796135473
ESMERALDAS - RIO VERDE,HOT,0.0340442730739698
ESMERALDAS - RIO VERDE,INM,2.586401871451846
ESMERALDAS - RIO VERDE,LAC,0.0173478677851454
ESMERALDAS - RIO VERDE,MAD,0.0197491239960508
ESMERALDAS - RIO VERDE,MAN,0.0122254807186968
ESMERALDAS - RIO VERDE,MAQ,0.0302022287173196
ESMERALDAS - RIO VERDE,MET,0.0168125359419974
ESMERALDAS - RIO VERDE,MOL,0.0173639656959426
ESMERALDAS - RIO VERDE,MUE,0.0128860922633499
ESMERALDAS - RIO VERDE,PAN,0.0133026738131644
ESMERALDAS - RIO VERDE,PAP,0.0169967395709055
ESMERALDAS - RIO VERDE,PES,0.1148227697922265
ESMERALDAS - RIO VERDE,PLS,0.0143951685491399
ESMERALDAS - RIO VERDE,QU1,0.0055576544022502
ESMERALDAS - RIO VERDE,QU2,0.0253325377098075
ESMERALDAS - RIO VERDE,RES,0.1835691567458673
ESMERALDAS - RIO VERDE,SAL,0.956429858713964
ESMERALDAS - RIO VERDE,SIL,0.0736825170751795
ESMERALDAS - RIO VERDE,TAB,0.0013167108966673
ESMERALDAS - RIO VERDE,TEL,0.6367460644840419
ESMERALDAS - RIO VERDE,TRA,1.0167128336826894
ESMERALDAS - RIO VERDE,VES,0.0114697415362905
ESMERALDAS - RIO VERDE,VID,0.0065171987092343
ESMERALDAS - SAN LORENZO,AGU,1.0017926874477032e-06
ESMERALDAS - SAN LORENZO,AYG,1.6197525832597717e-08
ESMERALDAS - SAN LORENZO,AZU,6.013801353911426e-09
ESMERALDAS - SAN LORENZO,BAL,1.685347493633367e-08
ESMERALDAS - SAN LORENZO,BNA,3.2953164104101266e-08
ESMERALDAS - SAN LORENZO,CAN,2.372813063735499e-08
ESMERALDAS - SAN LORENZO,CAR,3.638727191219143e-08
ESMERALDAS - SAN LORENZO,CAU,2.062745732634358e-09
ESMERALDAS - SAN LORENZO,CEM,1.9477200070540305e-08
ESMERALDAS - SAN LORENZO,CER,4.040833908396282e-08
ESMERALDAS - SAN LORENZO,CHO,9.153385183058161e-09
ESMERALDAS - SAN LORENZO,CIN,2.2360434608557715e-08
ESMERALDAS - SAN LORENZO,COM,9.027258360895732e-07
ESMERALDAS - SAN LORENZO,CUE,4.564960970202255e-09
ESMERALDAS - SAN LORENZO,CUL,1.404504912156939e-07
ESMERALDAS - SAN LORENZO,EDU,1.5421180197117098e-06
ESMERALDAS - SAN LORENZO,ELE,7.302021819998135e-07
ESMERALDAS - SAN LORENZO,FRT,1.5102060554568264e-07
ESMERALDAS - SAN LORENZO,FRV,1.036766132380471e-07
ESMERALDAS - SAN LORENZO,GAN,1.1368388495519321e-07
ESMERALDAS - SAN LORENZO,HIL,9.474338582314336e-09
ESMERALDAS - SAN LORENZO,HOT,3.0475881892597145e-08
ESMERALDAS - SAN LORENZO,INM,2.315305067313257e-06
ESMERALDAS - SAN LORENZO,LAC,1.5529530284279083e-08
ESMERALDAS - SAN LORENZO,MAD,1.7679095954793365e-08
ESMERALDAS - SAN LORENZO,MAN,1.0944052341893103e-08
ESMERALDAS - SAN LORENZO,MAQ,2.7036546008262522e-08
ESMERALDAS - SAN LORENZO,MET,1.5050309888247263e-08
ESMERALDAS - SAN LORENZO,MOL,1.554394087331142e-08
ESMERALDAS - SAN LORENZO,MUE,1.1535421097747929e-08
ESMERALDAS - SAN LORENZO,PAN,1.1908338154405146e-08
ESMERALDAS - SAN LORENZO,PAP,1.5215205993580242e-08
ESMERALDAS - SAN LORENZO,PES,1.0278748390854437e-07
ESMERALDAS - SAN LORENZO,PLS,1.2886321748577772e-08
ESMERALDAS - SAN LORENZO,QU1,4.975122212033743e-09
ESMERALDAS - SAN LORENZO,QU2,2.2677277485303432e-08
ESMERALDAS - SAN LORENZO,RES,1.6432813612895706e-07
ESMERALDAS - SAN LORENZO,SAL,8.561805196835481e-07
ESMERALDAS - SAN LORENZO,SIL,6.595939596223532e-08
ESMERALDAS - SAN LORENZO,TAB,1.1786982699363621e-09
ESMERALDAS - SAN LORENZO,TEL,5.700047645202625e-07
ESMERALDAS - SAN LORENZO,TRA,9.101448625640532e-07
ESMERALDAS - SAN LORENZO,VES,1.0267526865359118e-08
ESMERALDAS - SAN LORENZO,VID,5.834090735368778e-09
GALAPAGOS - ISABELA,AGU,0.0003988810480411
GALAPAGOS - ISABELA,AYG,6.4493244567798124e-06
GALAPAGOS - ISABELA,AZU,2.394498798819096e-06
GALAPAGOS - ISABELA,BAL,6.710501913191908e-06
GALAPAGOS - ISABELA,BNA,1.3120871013346275e-05
GALAPAGOS - ISABELA,CAN,9.44776472744895e-06
GALAPAGOS - ISABELA,CAR,1.4488220305011671e-05
GALAPAGOS - ISABELA,CAU,8.213178135406258e-07
GALAPAGOS - ISABELA,CEM,7.755183357184578e-06
GALAPAGOS - ISABELA,CER,1.608927759742042e-05
GALAPAGOS - ISABELA,CHO,3.6445782851982257e-06
GALAPAGOS - ISABELA,CIN,8.903192949072089e-06
GALAPAGOS - ISABELA,COM,0.0003594358714182
GALAPAGOS - ISABELA,CUE,1.8176179950965416e-06
GALAPAGOS - ISABELA,CUL,5.592278705561054e-05
GALAPAGOS - ISABELA,EDU,0.0006140209043378
GALAPAGOS - ISABELA,ELE,0.0002907426010266
GALAPAGOS - ISABELA,FRT,6.013146050141311e-05
GALAPAGOS - ISABELA,FRV,4.128063287336048e-05
GALAPAGOS - ISABELA,GAN,4.52652008189873e-05
GALAPAGOS - ISABELA,HIL,3.7723714203166584e-06
GALAPAGOS - ISABELA,HOT,1.213449834642664e-05
GALAPAGOS - ISABELA,INM,0.0009218786714621
GALAPAGOS - ISABELA,LAC,6.18335050055242e-06
GALAPAGOS - ISABELA,MAD,7.0392371707500445e-06
GALAPAGOS - ISABELA,MAN,4.3575633188868246e-06
GALAPAGOS - ISABELA,MAQ,1.0765067405975268e-05
GALAPAGOS - ISABELA,MET,5.992540629201836e-06
GALAPAGOS - ISABELA,MOL,6.189088325282159e-06
GALAPAGOS - ISABELA,MUE,4.593026995224008e-06
GALAPAGOS - ISABELA,PAN,4.741510357356361e-06
GALAPAGOS - ISABELA,PAP,6.058196859415185e-06
GALAPAGOS - ISABELA,PES,4.092661068569636e-05
GALAPAGOS - ISABELA,PLS,5.130911403998517e-06
GALAPAGOS - ISABELA,QU1,1.980930772338321e-06
GALAPAGOS - ISABELA,QU2,9.029349408711142e-06
GALAPAGOS - ISABELA,RES,6.543008347241858e-05
GALAPAGOS - ISABELA,SAL,0.0003409030503844
GALAPAGOS - ISABELA,SIL,2.626287186883556e-05
GALAPAGOS - ISABELA,TAB,4.693190588506982e-07
GALAPAGOS - ISABELA,TEL,0.0002269572344748
GALAPAGOS - ISABELA,TRA,0.000362389884851
GALAPAGOS - ISABELA,VES,4.088193024525916e-06
GALAPAGOS - ISABELA,VID,2.3229439144936395e-06
GALAPAGOS - SAN CRISTOBAL,AGU,0.001288692633071
GALAPAGOS - SAN CRISTOBAL,AYG,2.0836279278127444e-05
GALAPAGOS - SAN CRISTOBAL,AZU,7.736073140324994e-06
GALAPAGOS - SAN CRISTOBAL,BAL,2.1680083378761976e-05
GALAPAGOS - SAN CRISTOBAL,BNA,4.239050688773618e-05
GALAPAGOS - SAN CRISTOBAL,CAN,3.05235479676052e-05
GALAPAGOS - SAN CRISTOBAL,CAR,4.680809696291677e-05
GALAPAGOS - SAN CRISTOBAL,CAU,2.6534883542792346e-06
GALAPAGOS - SAN CRISTOBAL,CEM,2.505520808671895e-05
GALAPAGOS - SAN CRISTOBAL,CER,5.198074366544725e-05
GALAPAGOS - SAN CRISTOBAL,CHO,1.1774791532089562e-05
GALAPAGOS - SAN CRISTOBAL,CIN,2.8764162199795283e-05
GALAPAGOS - SAN CRISTOBAL,COM,0.0011612543685214
GALAPAGOS - SAN CRISTOBAL,CUE,5.872304366229939e-06
GALAPAGOS - SAN CRISTOBAL,CUL,0.0001806736220065
GALAPAGOS - SAN CRISTOBAL,EDU,0.0019837598699105
GALAPAGOS - SAN CRISTOBAL,ELE,0.0009393222613682
GALAPAGOS - SAN CRISTOBAL,FRT,0.0001942708748498
GALAPAGOS - SAN CRISTOBAL,FRV,0.0001333682002031
GALAPAGOS - SAN CRISTOBAL,GAN,0.0001462414198828
GALAPAGOS - SAN CRISTOBAL,HIL,1.218766166616321e-05
GALAPAGOS - SAN CRISTOBAL,HOT,3.920376438501664e-05
GALAPAGOS - SAN CRISTOBAL,INM,0.002978377283987
GALAPAGOS - SAN CRISTOBAL,LAC,1.9976978793277985e-05
GALAPAGOS - SAN CRISTOBAL,MAD,2.2742151147402127e-05
GALAPAGOS - SAN CRISTOBAL,MAN,1.4078281670106037e-05
GALAPAGOS - SAN CRISTOBAL,MAQ,3.477944898290386e-05
GALAPAGOS - SAN CRISTOBAL,MET,1.9360516124183262e-05
GALAPAGOS - SAN CRISTOBAL,MOL,1.999551638110117e-05
GALAPAGOS - SAN CRISTOBAL,MUE,1.483901048021553e-05
GALAPAGOS - SAN CRISTOBAL,PAN,1.5318725963950055e-05
GALAPAGOS - SAN CRISTOBAL,PAP,1.95726362552516e-05
GALAPAGOS - SAN CRISTOBAL,PES,0.0001322244361977
GALAPAGOS - SAN CRISTOBAL,PLS,1.657679089980573e-05
GALAPAGOS - SAN CRISTOBAL,QU1,6.399930268617146e-06
GALAPAGOS - SAN CRISTOBAL,QU2,2.9171744613022424e-05
GALAPAGOS - SAN CRISTOBAL,RES,0.0002113895031268
GALAPAGOS - SAN CRISTOBAL,SAL,0.0011013790998077
GALAPAGOS - SAN CRISTOBAL,SIL,8.48492794201837e-05
GALAPAGOS - SAN CRISTOBAL,TAB,1.5162615939536286e-06
GALAPAGOS - SAN CRISTOBAL,TEL,0.0007332464591292
GALAPAGOS - SAN CRISTOBAL,TRA,0.0011707981043482
GALAPAGOS - SAN CRISTOBAL,VES,1.320800840037854e-05
GALAPAGOS - SAN CRISTOBAL,VID,7.504895818806927e-06
GALAPAGOS - SANTA CRUZ,AGU,0.0026786248724222
GALAPAGOS - SANTA CRUZ,AYG,4.330945525010426e-05
GALAPAGOS - SANTA CRUZ,AZU,1.6079891664446404e-05
GALAPAGOS - SANTA CRUZ,BAL,4.506335264457084e-05
GALAPAGOS - SANTA CRUZ,BNA,8.811120913563794e-05
GALAPAGOS - SANTA CRUZ,CAN,6.344502380351145e-05
GALAPAGOS - SANTA CRUZ,CAR,9.729343486416218e-05
GALAPAGOS - SANTA CRUZ,CAU,5.515434574586737e-06
GALAPAGOS - SANTA CRUZ,CEM,5.207875162975474e-05
GALAPAGOS - SANTA CRUZ,CER,0.000108045091045
GALAPAGOS - SANTA CRUZ,CHO,2.447460989225949e-05
GALAPAGOS - SANTA CRUZ,CIN,5.978803504071341e-05
GALAPAGOS - SANTA CRUZ,COM,0.0024137368018609
GALAPAGOS - SANTA CRUZ,CUE,1.2205936567149127e-05
GALAPAGOS - SANTA CRUZ,CUL,0.0003755409515643
GALAPAGOS - SANTA CRUZ,EDU,0.0041233637813172
GALAPAGOS - SANTA CRUZ,ELE,0.0019524376161947
GALAPAGOS - SANTA CRUZ,FRT,0.0004038036565165
GALAPAGOS - SANTA CRUZ,FRV,0.0002772137972133
GALAPAGOS - SANTA CRUZ,GAN,0.0003039715558419
GALAPAGOS - SANTA CRUZ,HIL,2.533278521027501e-05
GALAPAGOS - SANTA CRUZ,HOT,8.148737385425844e-05
GALAPAGOS - SANTA CRUZ,INM,0.0061907356863934
GALAPAGOS - SANTA CRUZ,LAC,4.152334769230974e-05
GALAPAGOS - SANTA CRUZ,MAD,4.727092415407656e-05
GALAPAGOS - SANTA CRUZ,MAN,2.9262552198072484e-05
GALAPAGOS - SANTA CRUZ,MAQ,7.22911691306399e-05
GALAPAGOS - SANTA CRUZ,MET,4.024199308844128e-05
GALAPAGOS - SANTA CRUZ,MOL,4.15618791796044e-05
GALAPAGOS - SANTA CRUZ,MUE,3.084377262227209e-05
GALAPAGOS - SANTA CRUZ,PAN,3.1840890005767333e-05
GALAPAGOS - SANTA CRUZ,PAP,4.0682897493758695e-05
GALAPAGOS - SANTA CRUZ,PES,0.0002748364151794
GALAPAGOS - SANTA CRUZ,PLS,3.4455853373932704e-05
GALAPAGOS - SANTA CRUZ,QU1,1.3302638627205611e-05
GALAPAGOS - SANTA CRUZ,QU2,6.063521951404307e-05
GALAPAGOS - SANTA CRUZ,RES,0.0004393857513526
GALAPAGOS - SANTA CRUZ,SAL,0.0022892824673642
GALAPAGOS - SANTA CRUZ,SIL,0.0001763643125051
GALAPAGOS - SANTA CRUZ,TAB,3.151640596395771e-06
GALAPAGOS - SANTA CRUZ,TEL,0.0015240967106009
GALAPAGOS - SANTA CRUZ,TRA,0.0024335740287569
GALAPAGOS - SANTA CRUZ,VES,2.7453637049282432e-05
GALAPAGOS - SANTA CRUZ,VID,1.5599375746633966e-05
GUAYAS - ALFREDO BAQUERIZO MORENO,AGU,2.165753631672565e-07
GUAYAS - ALFREDO BAQUERIZO MORENO,AYG,3.5017075723953087e-09
GUAYAS - ALFREDO BAQUERIZO MORENO,AZU,1.300110520428507e-09
GUAYAS - ALFREDO BAQUERIZO MORENO,BAL,3.6435157699803675e-09
GUAYAS - ALFREDO BAQUERIZO MORENO,BNA,7.124072248459588e-09
GUAYAS - ALFREDO BAQUERIZO MORENO,CAN,5.129732502997065e-09
GUAYAS - ALFREDO BAQUERIZO MORENO,CAR,7.86648448106182e-09
GUAYAS - ALFREDO BAQUERIZO MORENO,CAU,4.4594047427633686e-10
GUAYAS - ALFREDO BAQUERIZO MORENO,CEM,4.2107331502944215e-09
GUAYAS - ALFREDO BAQUERIZO MORENO,CER,8.735790170710093e-09
GUAYAS - ALFREDO BAQUERIZO MORENO,CHO,1.9788502602082464e-09
GUAYAS - ALFREDO BAQUERIZO MORENO,CIN,4.834053299254976e-09
GUAYAS - ALFREDO BAQUERIZO MORENO,COM,1.951583179247061e-07
GUAYAS - ALFREDO BAQUERIZO MORENO,CUE,9.868888966286411e-10
GUAYAS - ALFREDO BAQUERIZO MORENO,CUL,3.0363683547696495e-08
GUAYAS - ALFREDO BAQUERIZO MORENO,EDU,3.333871112762231e-07
GUAYAS - ALFREDO BAQUERIZO MORENO,ELE,1.5786080766374968e-07
GUAYAS - ALFREDO BAQUERIZO MORENO,FRT,3.2648813373877464e-08
GUAYAS - ALFREDO BAQUERIZO MORENO,FRV,2.241361954955716e-08
GUAYAS - ALFREDO BAQUERIZO MORENO,GAN,2.4577069666143762e-08
GUAYAS - ALFREDO BAQUERIZO MORENO,HIL,2.048236471422032e-09
GUAYAS - ALFREDO BAQUERIZO MORENO,HOT,6.588514042308981e-09
GUAYAS - ALFREDO BAQUERIZO MORENO,INM,5.005407227256633e-07
GUAYAS - ALFREDO BAQUERIZO MORENO,LAC,3.3572950803858078e-09
GUAYAS - ALFREDO BAQUERIZO MORENO,MAD,3.8220049665495565e-09
GUAYAS - ALFREDO BAQUERIZO MORENO,MAN,2.365970664554982e-09
GUAYAS - ALFREDO BAQUERIZO MORENO,MAQ,5.844971563373853e-09
GUAYAS - ALFREDO BAQUERIZO MORENO,MET,3.2536934743767132e-09
GUAYAS - ALFREDO BAQUERIZO MORENO,MOL,3.360410474011892e-09
GUAYAS - ALFREDO BAQUERIZO MORENO,MUE,2.4938173784208314e-09
GUAYAS - ALFREDO BAQUERIZO MORENO,PAN,2.57443749871994e-09
GUAYAS - ALFREDO BAQUERIZO MORENO,PAP,3.2893420016067743e-09
GUAYAS - ALFREDO BAQUERIZO MORENO,PES,2.2221400630560743e-08
GUAYAS - ALFREDO BAQUERIZO MORENO,PLS,2.785865626249182e-09
GUAYAS - ALFREDO BAQUERIZO MORENO,QU1,1.075560755606874e-09
GUAYAS - ALFREDO BAQUERIZO MORENO,QU2,4.902550865625707e-09
GUAYAS - ALFREDO BAQUERIZO MORENO,RES,3.5525739213967976e-08
GUAYAS - ALFREDO BAQUERIZO MORENO,SAL,1.850957880912609e-07
GUAYAS - ALFREDO BAQUERIZO MORENO,SIL,1.4259617098232936e-08
GUAYAS - ALFREDO BAQUERIZO MORENO,TAB,2.5482019291482486e-10
GUAYAS - ALFREDO BAQUERIZO MORENO,TEL,1.2322807945180456e-07
GUAYAS - ALFREDO BAQUERIZO MORENO,TRA,1.96762220980888e-07
GUAYAS - ALFREDO BAQUERIZO MORENO,VES,2.219714106079256e-09
GUAYAS - ALFREDO BAQUERIZO MORENO,VID,1.261259276090673e-09
GUAYAS - BALAO,AGU,8.437117288284744e-08
GUAYAS - BALAO,AYG,1.3641587420429543e-09
GUAYAS - BALAO,AZU,5.064835070883369e-10
GUAYAS - BALAO,BAL,1.4194029017649164e-09
GUAYAS - BALAO,BNA,2.775321821071997e-09
GUAYAS - BALAO,CAN,1.9983877275961612e-09
GUAYAS - BALAO,CAR,3.0645430413954253e-09
GUAYAS - BALAO,CAU,1.7372484247698655e-10
GUAYAS - BALAO,CEM,1.6403735373753671e-09
GUAYAS - BALAO,CER,3.403198092259706e-09
GUAYAS - BALAO,CHO,7.708998612384157e-10
GUAYAS - BALAO,CIN,1.883200104904652e-09
GUAYAS - BALAO,COM,7.602774360089587e-08
GUAYAS - BALAO,CUE,3.84461891213886e-10
GUAYAS - BALAO,CUL,1.18287673930129e-08
GUAYAS - BALAO,EDU,1.2987747632530324e-07
GUAYAS - BALAO,ELE,6.149776825971775e-08
GUAYAS - BALAO,FRT,1.2718984455586035e-08
GUAYAS - BALAO,FRV,8.731664314401395e-09
GUAYAS - BALAO,GAN,9.574478663829396e-09
GUAYAS - BALAO,HIL,7.979306182755538e-10
GUAYAS - BALAO,HOT,2.56668463658733e-09
GUAYAS - BALAO,INM,1.9499543823633385e-07
GUAYAS - BALAO,LAC,1.3079000284404892e-09
GUAYAS - BALAO,MAD,1.4889368627899734e-09
GUAYAS - BALAO,MAN,9.217101938818023e-10
GUAYAS - BALAO,MAQ,2.277023106676706e-09
GUAYAS - BALAO,MET,1.2675399944841642e-09
GUAYAS - BALAO,MOL,1.3091136910214059e-09
GUAYAS - BALAO,MUE,9.71515384279887e-10
GUAYAS - BALAO,PAN,1.0029225305412046e-09
GUAYAS - BALAO,PAP,1.2814275762014975e-09
GUAYAS - BALAO,PES,8.656781671201225e-09
GUAYAS - BALAO,PLS,1.0852884970075296e-09
GUAYAS - BALAO,QU1,4.190057499164026e-10
GUAYAS - BALAO,QU2,1.90988467294509e-09
GUAYAS - BALAO,RES,1.3839747241692754e-08
GUAYAS - BALAO,SAL,7.210768809781095e-08
GUAYAS - BALAO,SIL,5.5551130185989315e-09
GUAYAS - BALAO,TAB,9.92701950768686e-11
GUAYAS - BALAO,TEL,4.800591093743272e-08
GUAYAS - BALAO,TRA,7.665257543800531e-08
GUAYAS - BALAO,VES,8.64733088083873e-10
GUAYAS - BALAO,VID,4.913482442181567e-10
GUAYAS - BALZAR,AGU,4.35492968672273e-07
GUAYAS - BALZAR,AYG,7.041285785340738e-09
GUAYAS - BALZAR,AZU,2.6142816147846357e-09
GUAYAS - BALZAR,BAL,7.326435822931524e-09
GUAYAS - BALZAR,BNA,1.4325190673333602e-08
GUAYAS - BALZAR,CAN,1.0314942584210745e-08
GUAYAS - BALZAR,CAR,1.5818044257537758e-08
GUAYAS - BALZAR,CAU,8.967037531584041e-10
GUAYAS - BALZAR,CEM,8.467004986584312e-09
GUAYAS - BALZAR,CER,1.7566057096727862e-08
GUAYAS - BALZAR,CHO,3.97910160127705e-09
GUAYAS - BALZAR,CIN,9.720386433736448e-09
GUAYAS - BALZAR,COM,3.9242725484191625e-07
GUAYAS - BALZAR,CUE,1.984450904559253e-09
GUAYAS - BALZAR,CUL,6.105574749885023e-08
GUAYAS - BALZAR,EDU,6.703797730429311e-07
GUAYAS - BALZAR,ELE,3.174288652278376e-07
GUAYAS - BALZAR,FRT,6.565072061699092e-08
GUAYAS - BALZAR,FRV,4.5069640302481464e-08
GUAYAS - BALZAR,GAN,4.94199380467316e-08
GUAYAS - BALZAR,HIL,4.118624429102468e-09
GUAYAS - BALZAR,HOT,1.3248282249021249e-08
GUAYAS - BALZAR,INM,1.0064947466477126e-06
GUAYAS - BALZAR,LAC,6.750898993699946e-09
GUAYAS - BALZAR,MAD,7.685344560070822e-09
GUAYAS - BALZAR,MAN,4.757529081010161e-09
GUAYAS - BALZAR,MAQ,1.1753155948642706e-08
GUAYAS - BALZAR,MET,6.542575339982825e-09
GUAYAS - BALZAR,MOL,6.757163473643395e-09
GUAYAS - BALZAR,MUE,5.014605159019253e-09
GUAYAS - BALZAR,PAN,5.176717298693517e-09
GUAYAS - BALZAR,PAP,6.614257929937548e-09
GUAYAS - BALZAR,PES,4.4683123634821164e-08
GUAYAS - BALZAR,PLS,5.601860129216772e-09
GUAYAS - BALZAR,QU1,2.162753600394039e-09
GUAYAS - BALZAR,QU2,9.858122361264727e-09
GUAYAS - BALZAR,RES,7.143568598160361e-08
GUAYAS - BALZAR,SAL,3.72193369854102e-07
GUAYAS - BALZAR,SIL,2.8673450624407092e-08
GUAYAS - BALZAR,TAB,5.123962424314014e-10
GUAYAS - BALZAR,TEL,2.47788859080914e-07
GUAYAS - BALZAR,TRA,3.956524070161261e-07
GUAYAS - BALZAR,VES,4.463434213030211e-09
GUAYAS - BALZAR,VID,2.536158953527784e-09
GUAYAS - COLIMES,AGU,1.891174203478492e-07
GUAYAS - COLIMES,AYG,3.057752706583256e-09
GUAYAS - COLIMES,AZU,1.1352793974107572e-09
GUAYAS - COLIMES,BAL,3.1815821215234636e-09
GUAYAS - COLIMES,BNA,6.220865320493073e-09
GUAYAS - COLIMES,CAN,4.479372740527814e-09
GUAYAS - COLIMES,CAR,6.8691527536116385e-09
GUAYAS - COLIMES,CAU,3.8940307378686934e-10
GUAYAS - COLIMES,CEM,3.6768863249781084e-09
GUAYAS - COLIMES,CER,7.628245787628742e-09
GUAYAS - COLIMES,CHO,1.7279668887187315e-09
GUAYAS - COLIMES,CIN,4.2211804538131635e-09
GUAYAS - COLIMES,COM,1.704156793533469e-07
GUAYAS - COLIMES,CUE,8.617687606332553e-10
GUAYAS - COLIMES,CUL,2.6514103085511786e-08
GUAYAS - COLIMES,EDU,2.9111949549445765e-07
GUAYAS - COLIMES,ELE,1.3784683669832074e-07
GUAYAS - COLIMES,FRT,2.8509518683884932e-08
GUAYAS - COLIMES,FRV,1.9571967226008217e-08
GUAYAS - COLIMES,GAN,2.1461129959555783e-08
GUAYAS - COLIMES,HIL,1.7885561500297151e-09
GUAYAS - COLIMES,HOT,5.753206465339241e-09
GUAYAS - COLIMES,INM,4.370809720763154e-07
GUAYAS - COLIMES,LAC,2.9316491758979596e-09
GUAYAS - COLIMES,MAD,3.3374420306168933e-09
GUAYAS - COLIMES,MAN,2.0660072418014204e-09
GUAYAS - COLIMES,MAQ,5.10393208122261e-09
GUAYAS - COLIMES,MET,2.841182429423187e-09
GUAYAS - COLIMES,MOL,2.9343695924648164e-09
GUAYAS - COLIMES,MUE,2.177645243338958e-09
GUAYAS - COLIMES,PAN,2.24804415185805e-09
GUAYAS - COLIMES,PAP,2.872311351062084e-09
GUAYAS - COLIMES,PES,1.9404118281552882e-08
GUAYAS - COLIMES,PLS,2.432666915419697e-09
GUAYAS - COLIMES,QU1,9.391985891334664e-10
GUAYAS - COLIMES,QU2,4.280993734800872e-09
GUAYAS - COLIMES,RES,3.1021700981322936e-08
GUAYAS - COLIMES,SAL,1.6162890113238745e-07
GUAYAS - COLIMES,SIL,1.2451748718450764e-08
GUAYAS - COLIMES,TAB,2.2251347905798558e-10
GUAYAS - COLIMES,TEL,1.0760492864715855e-07
GUAYAS - COLIMES,TRA,1.7181623574183555e-07
GUAYAS - COLIMES,VES,1.938293439809443e-09
GUAYAS - COLIMES,VID,1.1013538068032935e-09
GUAYAS - DAULE,AGU,0.0654658313065819
GUAYAS - DAULE,AYG,0.0010584869574586
GUAYAS - DAULE,AZU,0.0003929939895543
GUAYAS - DAULE,BAL,0.0011013523665487
GUAYAS - DAULE,BNA,0.0021534458269539
GUAYAS - DAULE,CAN,0.0015506020526893
GUAYAS - DAULE,CAR,0.0023778602444975
GUAYAS - DAULE,CAU,0.0001347977139911
GUAYAS - DAULE,CEM,0.0012728093448067
GUAYAS - DAULE,CER,0.0026406316825785
GUAYAS - DAULE,CHO,0.0005981616533905
GUAYAS - DAULE,CIN,0.0014612249204525
GUAYAS - DAULE,COM,0.0589919431854689
GUAYAS - DAULE,CUE,0.0002983141807091
GUAYAS - DAULE,CUL,0.0091782544233566
GUAYAS - DAULE,EDU,0.1007753793756427
GUAYAS - DAULE,ELE,0.0477177498552996
GUAYAS - DAULE,FRT,0.009868997458606
GUAYAS - DAULE,FRV,0.006775129982204
GUAYAS - DAULE,GAN,0.0074290919947866
GUAYAS - DAULE,HIL,0.0006191355348694
GUAYAS - DAULE,HOT,0.0019915587006161
GUAYAS - DAULE,INM,0.1513021335244241
GUAYAS - DAULE,LAC,0.0010148343290977
GUAYAS - DAULE,MAD,0.0011553056115612
GUAYAS - DAULE,MAN,0.0007151793913071
GUAYAS - DAULE,MAQ,0.0017668026351828
GUAYAS - DAULE,MET,0.0009835179080474
GUAYAS - DAULE,MOL,0.0010157760420913
GUAYAS - DAULE,MUE,0.0007538245598094
GUAYAS - DAULE,PAN,0.0007781941977877
GUAYAS - DAULE,PAP,0.0009942936511229
GUAYAS - DAULE,PES,0.0067170265527976
GUAYAS - DAULE,PLS,0.00084210413624
GUAYAS - DAULE,QU1,0.0003251176770838
GUAYAS - DAULE,QU2,0.0014819301847049
GUAYAS - DAULE,RES,0.0107386270368488
GUAYAS - DAULE,SAL,0.0559502681262193
GUAYAS - DAULE,SIL,0.0043103595616664
GUAYAS - DAULE,TAB,7.702637788024592e-05
GUAYAS - DAULE,TEL,0.0372490598360246
GUAYAS - DAULE,TRA,0.059476766783927
GUAYAS - DAULE,VES,0.0006709693433837
GUAYAS - DAULE,VID,0.0003812501375728
GUAYAS - DURAN,AGU,2.5308943170544246e-06
GUAYAS - DURAN,AYG,4.092086775409191e-08
GUAYAS - DURAN,AZU,1.5193059263874074e-08
GUAYAS - DURAN,BAL,4.2578034830397746e-08
GUAYAS - DURAN,BNA,8.325173142610462e-08
GUAYAS - DURAN,CAN,5.99459266741171e-08
GUAYAS - DURAN,CAR,9.192754234442033e-08
GUAYAS - DURAN,CAU,5.211249311025836e-09
GUAYAS - DURAN,CEM,4.920652305443769e-08
GUAYAS - DURAN,CER,1.020862270513913e-07
GUAYAS - DURAN,CHO,2.3124795011863598e-08
GUAYAS - DURAN,CIN,5.6490626840016814e-08
GUAYAS - DURAN,COM,2.2806152580711206e-06
GUAYAS - DURAN,CUE,1.1532759144504402e-08
GUAYAS - DURAN,CUL,3.548292520989864e-07
GUAYAS - DURAN,EDU,3.895953505369678e-06
GUAYAS - DURAN,ELE,1.844757479147145e-06
GUAYAS - DURAN,FRT,3.815332225148021e-07
GUAYAS - DURAN,FRV,2.619250015930275e-07
GUAYAS - DURAN,GAN,2.872070259434665e-07
GUAYAS - DURAN,HIL,2.3935640553455908e-08
GUAYAS - DURAN,HOT,7.699321152533612e-08
GUAYAS - DURAN,INM,5.849306458843895e-06
GUAYAS - DURAN,LAC,3.923326695779888e-08
GUAYAS - DURAN,MAD,4.466385515015268e-08
GUAYAS - DURAN,MAN,2.7648674446018417e-08
GUAYAS - DURAN,MAQ,6.830419257643482e-08
GUAYAS - DURAN,MET,3.802258116209444e-08
GUAYAS - DURAN,MOL,3.926967337036741e-08
GUAYAS - DURAN,MUE,2.9142687970203427e-08
GUAYAS - DURAN,PAN,3.0084812694462495e-08
GUAYAS - DURAN,PAP,3.8439168966258696e-08
GUAYAS - DURAN,PES,2.5967873607785585e-07
GUAYAS - DURAN,PLS,3.2555556543641536e-08
GUAYAS - DURAN,QU1,1.2568976287067134e-08
GUAYAS - DURAN,QU2,5.729108770003559e-08
GUAYAS - DURAN,RES,4.1515290645664093e-07
GUAYAS - DURAN,SAL,2.163024784259982e-06
GUAYAS - DURAN,SIL,1.6663753138633144e-07
GUAYAS - DURAN,TAB,2.9778224479798383e-09
GUAYAS - DURAN,TEL,1.440040277089353e-06
GUAYAS - DURAN,TRA,2.2993584293655488e-06
GUAYAS - DURAN,VES,2.5939523934783737e-08
GUAYAS - DURAN,VID,1.4739044587102275e-08
GUAYAS - EL EMPALME,AGU,6.110343347057182e-07
GUAYAS - EL EMPALME,AYG,9.879533505295925e-09
GUAYAS - EL EMPALME,AZU,3.6680634180926205e-09
GUAYAS - EL EMPALME,BAL,1.0279623692840872e-08
GUAYAS - EL EMPALME,BNA,2.0099482614609328e-08
GUAYAS - EL EMPALME,CAN,1.44727573873047e-08
GUAYAS - EL EMPALME,CAR,2.219408542626504e-08
GUAYAS - EL EMPALME,CAU,1.2581529913324423e-09
GUAYAS - EL EMPALME,CEM,1.1879940965983591e-08
GUAYAS - EL EMPALME,CER,2.46466987612357e-08
GUAYAS - EL EMPALME,CHO,5.583024008574723e-09
GUAYAS - EL EMPALME,CIN,1.3638543638784576e-08
GUAYAS - EL EMPALME,COM,5.506094100985846e-07
GUAYAS - EL EMPALME,CUE,2.784356408601473e-09
GUAYAS - EL EMPALME,CUL,8.566649920126607e-08
GUAYAS - EL EMPALME,EDU,9.406008548664264e-07
GUAYAS - EL EMPALME,ELE,4.453801770261093e-07
GUAYAS - EL EMPALME,FRT,9.211364426262908e-08
GUAYAS - EL EMPALME,FRV,6.323660692298598e-08
GUAYAS - EL EMPALME,GAN,6.934045125377716e-08
GUAYAS - EL EMPALME,HIL,5.778786614194934e-09
GUAYAS - EL EMPALME,HOT,1.8588486869729976e-08
GUAYAS - EL EMPALME,INM,1.4121992595602644e-06
GUAYAS - EL EMPALME,LAC,9.472095698484654e-09
GUAYAS - EL EMPALME,MAD,1.0783203720979092e-08
GUAYAS - EL EMPALME,MAN,6.675225149377329e-09
GUAYAS - EL EMPALME,MAQ,1.6490695240537618e-08
GUAYAS - EL EMPALME,MET,9.17979957820378e-09
GUAYAS - EL EMPALME,MOL,9.480885306147422e-09
GUAYAS - EL EMPALME,MUE,7.03592514132887e-09
GUAYAS - EL EMPALME,PAN,7.263382506979539e-09
GUAYAS - EL EMPALME,PAP,9.28037645731277e-09
GUAYAS - EL EMPALME,PES,6.26942905783696e-08
GUAYAS - EL EMPALME,PLS,7.859894701873726e-09
GUAYAS - EL EMPALME,QU1,3.034530526125821e-09
GUAYAS - EL EMPALME,QU2,1.3831799068599913e-08
GUAYAS - EL EMPALME,RES,1.002304514607766e-07
GUAYAS - EL EMPALME,SAL,5.222195178582228e-07
GUAYAS - EL EMPALME,SIL,4.023133342294382e-08
GUAYAS - EL EMPALME,TAB,7.189362851352855e-10
GUAYAS - EL EMPALME,TEL,3.476692198214016e-07
GUAYAS - EL EMPALME,TRA,5.551345777932576e-07
GUAYAS - EL EMPALME,VES,6.262584590462295e-09
GUAYAS - EL EMPALME,VID,3.5584505614440827e-09
GUAYAS - EL TRIUNFO,AGU,1.873465785293403e-07
GUAYAS - EL TRIUNFO,AYG,3.0291207785804478e-09
GUAYAS - EL TRIUNFO,AZU,1.1246489635304263e-09
GUAYAS - EL TRIUNFO,BAL,3.151790690044274e-09
GUAYAS - EL TRIUNFO,BNA,6.162614904235393e-09
GUAYAS - EL TRIUNFO,CAN,4.437429166239282e-09
GUAYAS - EL TRIUNFO,CAR,6.8048319579311175e-09
GUAYAS - EL TRIUNFO,CAU,3.857568139867444e-10
GUAYAS - EL TRIUNFO,CEM,3.6424570055944236e-09
GUAYAS - EL TRIUNFO,CER,7.55681706034518e-09
GUAYAS - EL TRIUNFO,CHO,1.711786697481385e-09
GUAYAS - EL TRIUNFO,CIN,4.181654518775895e-09
GUAYAS - EL TRIUNFO,COM,1.6881995532658384e-07
GUAYAS - EL TRIUNFO,CUE,8.536994026840665e-10
GUAYAS - EL TRIUNFO,CUL,2.626583255370292e-08
GUAYAS - EL TRIUNFO,EDU,2.8839353521085934e-07
GUAYAS - EL TRIUNFO,ELE,1.365560780652685e-07
GUAYAS - EL TRIUNFO,FRT,2.8242563647071692e-08
GUAYAS - EL TRIUNFO,FRV,1.9388700882957685e-08
GUAYAS - EL TRIUNFO,GAN,2.126017403315337e-08
GUAYAS - EL TRIUNFO,HIL,1.771808618155611e-09
GUAYAS - EL TRIUNFO,HOT,5.699335073795303e-09
GUAYAS - EL TRIUNFO,INM,4.3298826997619365e-07
GUAYAS - EL TRIUNFO,LAC,2.904198045545565e-09
GUAYAS - EL TRIUNFO,MAD,3.306191171210102e-09
GUAYAS - EL TRIUNFO,MAN,2.04666173669462e-09
GUAYAS - EL TRIUNFO,MAQ,5.0561403106303826e-09
GUAYAS - EL TRIUNFO,MET,2.814578403994005e-09
GUAYAS - EL TRIUNFO,MOL,2.906892988904235e-09
GUAYAS - EL TRIUNFO,MUE,2.157254391688757e-09
GUAYAS - EL TRIUNFO,PAN,2.2269941048203822e-09
GUAYAS - EL TRIUNFO,PAP,2.845415843250677e-09
GUAYAS - EL TRIUNFO,PES,1.9222423628352427e-08
GUAYAS - EL TRIUNFO,PLS,2.4098881132532723e-09
GUAYAS - EL TRIUNFO,QU1,9.304042002587505e-10
GUAYAS - EL TRIUNFO,QU2,4.240907725186231e-09
GUAYAS - EL TRIUNFO,RES,3.0731222582886864e-08
GUAYAS - EL TRIUNFO,SAL,1.6011545400161326e-07
GUAYAS - EL TRIUNFO,SIL,1.2335154079502964e-08
GUAYAS - EL TRIUNFO,TAB,2.2042992602953888e-10
GUAYAS - EL TRIUNFO,TEL,1.065973466529902e-07
GUAYAS - EL TRIUNFO,TRA,1.702073973027811e-07
GUAYAS - EL TRIUNFO,VES,1.920143810476287e-09
GUAYAS - EL TRIUNFO,VID,1.0910410425192103e-09
GUAYAS - GENERAL ANTONIO ELIZALDE,AGU,4.2965649305152506e-08
GUAYAS - GENERAL ANTONIO ELIZALDE,AYG,6.946918491765015e-10
GUAYAS - GENERAL ANTONIO ELIZALDE,AZU,2.579245019459161e-10
GUAYAS - GENERAL ANTONIO ELIZALDE,BAL,7.228246949301985e-10
GUAYAS - GENERAL ANTONIO ELIZALDE,BNA,1.4133204505606527e-09
GUAYAS - GENERAL ANTONIO ELIZALDE,CAN,1.0176701750826667e-09
GUAYAS - GENERAL ANTONIO ELIZALDE,CAR,1.560605087000156e-09
GUAYAS - GENERAL ANTONIO ELIZALDE,CAU,8.846861318170118e-11
GUAYAS - GENERAL ANTONIO ELIZALDE,CEM,8.353530208023332e-10
GUAYAS - GENERAL ANTONIO ELIZALDE,CER,1.7330636845718319e-09
GUAYAS - GENERAL ANTONIO ELIZALDE,CHO,3.9257736920822414e-10
GUAYAS - GENERAL ANTONIO ELIZALDE,CIN,9.590113840317274e-10
GUAYAS - GENERAL ANTONIO ELIZALDE,COM,3.8716794580465494e-08
GUAYAS - GENERAL ANTONIO ELIZALDE,CUE,1.9578552987556895e-10
GUAYAS - GENERAL ANTONIO ELIZALDE,CUL,6.023747853145444e-09
GUAYAS - GENERAL ANTONIO ELIZALDE,EDU,6.613953450877877e-08
GUAYAS - GENERAL ANTONIO ELIZALDE,ELE,3.131746844109294e-08
GUAYAS - GENERAL ANTONIO ELIZALDE,FRT,6.477086983195115e-09
GUAYAS - GENERAL ANTONIO ELIZALDE,FRV,4.4465617101686075e-09
GUAYAS - GENERAL ANTONIO ELIZALDE,GAN,4.875761216700957e-09
GUAYAS - GENERAL ANTONIO ELIZALDE,HIL,4.0634266353361045e-10
GUAYAS - GENERAL ANTONIO ELIZALDE,HOT,1.307072880516441e-09
GUAYAS - GENERAL ANTONIO ELIZALDE,INM,9.930057067003399e-08
GUAYAS - GENERAL ANTONIO ELIZALDE,LAC,6.66042346314204e-10
GUAYAS - GENERAL ANTONIO ELIZALDE,MAD,7.582345592490115e-10
GUAYAS - GENERAL ANTONIO ELIZALDE,MAN,4.693768688779324e-10
GUAYAS - GENERAL ANTONIO ELIZALDE,MAQ,1.1595640183531183e-09
GUAYAS - GENERAL ANTONIO ELIZALDE,MET,6.454891762484121e-10
GUAYAS - GENERAL ANTONIO ELIZALDE,MOL,6.666603986541763e-10
GUAYAS - GENERAL ANTONIO ELIZALDE,MUE,4.94739943386708e-10
GUAYAS - GENERAL ANTONIO ELIZALDE,PAN,5.107338947071804e-10
GUAYAS - GENERAL ANTONIO ELIZALDE,PAP,6.525613662556804e-10
GUAYAS - GENERAL ANTONIO ELIZALDE,PES,4.408428052938917e-09
GUAYAS - GENERAL ANTONIO ELIZALDE,PLS,5.526784014498561e-10
GUAYAS - GENERAL ANTONIO ELIZALDE,QU1,2.1337683823298551e-10
GUAYAS - GENERAL ANTONIO ELIZALDE,QU2,9.726003831307082e-10
GUAYAS - GENERAL ANTONIO ELIZALDE,RES,7.047830510596244e-09
GUAYAS - GENERAL ANTONIO ELIZALDE,SAL,3.672052352902298e-08
GUAYAS - GENERAL ANTONIO ELIZALDE,SIL,2.828916911455334e-09
GUAYAS - GENERAL ANTONIO ELIZALDE,TAB,5.055291093379984e-11
GUAYAS - GENERAL ANTONIO ELIZALDE,TEL,2.4446799344322552e-08
GUAYAS - GENERAL ANTONIO ELIZALDE,TRA,3.903498744979085e-08
GUAYAS - GENERAL ANTONIO ELIZALDE,VES,4.403615279446539e-10
GUAYAS - GENERAL ANTONIO ELIZALDE,VID,2.5021693579030023e-10
GUAYAS - GUAYAQUIL,AGU,2.7072037201250367
GUAYAS - GUAYAQUIL,AYG,0.0437715335121359
GUAYAS - GUAYAQUIL,AZU,0.0162514516240685
GUAYAS - GUAYAQUIL,BAL,0.0455441436300745
GUAYAS - GUAYAQUIL,BNA,0.0890512873275199
GUAYAS - GUAYAQUIL,CAN,0.0641219329487406
GUAYAS - GUAYAQUIL,CAR,0.0983314802754819
GUAYAS - GUAYAQUIL,CAU,0.0055742799793108
GUAYAS - GUAYAQUIL,CEM,0.0526343914756704
GUAYAS - GUAYAQUIL,CER,0.1091978482802498
GUAYAS - GUAYAQUIL,CHO,0.0247357349777081
GUAYAS - GUAYAQUIL,CIN,0.0604259269551317
GUAYAS - GUAYAQUIL,COM,2.4394894995101013
GUAYAS - GUAYAQUIL,CUE,0.0123361644336241
GUAYAS - GUAYAQUIL,CUL,0.3795476819472836
GUAYAS - GUAYAQUIL,EDU,4.167356871481791
GUAYAS - GUAYAQUIL,ELE,1.973268609685784
GUAYAS - GUAYAQUIL,FRT,0.4081119280181917
GUAYAS - GUAYAQUIL,FRV,0.2801714532006482
GUAYAS - GUAYAQUIL,GAN,0.3072146963390887
GUAYAS - GUAYAQUIL,HIL,0.0256030663600791
GUAYAS - GUAYAQUIL,HOT,0.0823567808664377
GUAYAS - GUAYAQUIL,INM,6.256786029676432
GUAYAS - GUAYAQUIL,LAC,0.0419663695734347
GUAYAS - GUAYAQUIL,MAD,0.0477752682136268
GUAYAS - GUAYAQUIL,MAN,0.0295747609105629
GUAYAS - GUAYAQUIL,MAQ,0.073062459778357
GUAYAS - GUAYAQUIL,MET,0.0406713439107875
GUAYAS - GUAYAQUIL,MOL,0.042005312161783
GUAYAS - GUAYAQUIL,MUE,0.0311728517290282
GUAYAS - GUAYAQUIL,PAN,0.0321806075808428
GUAYAS - GUAYAQUIL,PAP,0.0411169524237912
GUAYAS - GUAYAQUIL,PES,0.2777687063462719
GUAYAS - GUAYAQUIL,PLS,0.0348234705778874
GUAYAS - GUAYAQUIL,QU1,0.0134445674531813
GUAYAS - GUAYAQUIL,QU2,0.0612821502290373
GUAYAS - GUAYAQUIL,RES,0.444073656180236
GUAYAS - GUAYAQUIL,SAL,2.313707333890764
GUAYAS - GUAYAQUIL,SIL,0.1782459827902122
GUAYAS - GUAYAQUIL,TAB,0.0031852661546236
GUAYAS - GUAYAQUIL,TEL,1.5403576391934943
GUAYAS - GUAYAQUIL,TRA,2.4595383742154957
GUAYAS - GUAYAQUIL,VES,0.0277465460415781
GUAYAS - GUAYAQUIL,VID,0.0157658089744859
GUAYAS - LOMAS DE SARGENTILLO,AGU,1.6074197495664437e-07
GUAYAS - LOMAS DE SARGENTILLO,AYG,2.5989631631034835e-09
GUAYAS - LOMAS DE SARGENTILLO,AZU,9.649404699563927e-10
GUAYAS - LOMAS DE SARGENTILLO,BAL,2.7042130373805527e-09
GUAYAS - LOMAS DE SARGENTILLO,BNA,5.287477883931105e-09
GUAYAS - LOMAS DE SARGENTILLO,CAN,3.807281315253971e-09
GUAYAS - LOMAS DE SARGENTILLO,CAR,5.838495353117077e-09
GUAYAS - LOMAS DE SARGENTILLO,CAU,3.309764855059856e-10
GUAYAS - LOMAS DE SARGENTILLO,CEM,3.125201097185868e-09
GUAYAS - LOMAS DE SARGENTILLO,CER,6.483692994028788e-09
GUAYAS - LOMAS DE SARGENTILLO,CHO,1.468700291287026e-09
GUAYAS - LOMAS DE SARGENTILLO,CIN,3.5878285646361333e-09
GUAYAS - LOMAS DE SARGENTILLO,COM,1.448462696479815e-07
GUAYAS - LOMAS DE SARGENTILLO,CUE,7.324677561979265e-10
GUAYAS - LOMAS DE SARGENTILLO,CUL,2.2535889535348624e-08
GUAYAS - LOMAS DE SARGENTILLO,EDU,2.4743951439317124e-07
GUAYAS - LOMAS DE SARGENTILLO,ELE,1.171641022368996e-07
GUAYAS - LOMAS DE SARGENTILLO,FRT,2.4231910153395522e-08
GUAYAS - LOMAS DE SARGENTILLO,FRV,1.6635361564834593e-08
GUAYAS - LOMAS DE SARGENTILLO,GAN,1.8241071648265205e-08
GUAYAS - LOMAS DE SARGENTILLO,HIL,1.5201986540839484e-09
GUAYAS - LOMAS DE SARGENTILLO,HOT,4.889987225243378e-09
GUAYAS - LOMAS DE SARGENTILLO,INM,3.715007244615045e-07
GUAYAS - LOMAS DE SARGENTILLO,LAC,2.491780384626086e-09
GUAYAS - LOMAS DE SARGENTILLO,MAD,2.8366875051379907e-09
GUAYAS - LOMAS DE SARGENTILLO,MAN,1.7560205913926883e-09
GUAYAS - LOMAS DE SARGENTILLO,MAQ,4.3381308885838406e-09
GUAYAS - LOMAS DE SARGENTILLO,MET,2.414887396822478e-09
GUAYAS - LOMAS DE SARGENTILLO,MOL,2.494092626041272e-09
GUAYAS - LOMAS DE SARGENTILLO,MUE,1.8509082691875214e-09
GUAYAS - LOMAS DE SARGENTILLO,PAN,1.9107444258426676e-09
GUAYAS - LOMAS DE SARGENTILLO,PAP,2.4413456910044922e-09
GUAYAS - LOMAS DE SARGENTILLO,PES,1.6492696913548032e-08
GUAYAS - LOMAS DE SARGENTILLO,PLS,2.067666128678227e-09
GUAYAS - LOMAS DE SARGENTILLO,QU1,7.982799036499461e-10
GUAYAS - LOMAS DE SARGENTILLO,QU2,3.638667376295667e-09
GUAYAS - LOMAS DE SARGENTILLO,RES,2.6367161063642498e-08
GUAYAS - LOMAS DE SARGENTILLO,SAL,1.373778720664939e-07
GUAYAS - LOMAS DE SARGENTILLO,SIL,1.0583470718806284e-08
GUAYAS - LOMAS DE SARGENTILLO,TAB,1.8912724175523736e-10
GUAYAS - LOMAS DE SARGENTILLO,TEL,9.145973286860017e-08
GUAYAS - LOMAS DE SARGENTILLO,TRA,1.4603668457384988e-07
GUAYAS - LOMAS DE SARGENTILLO,VES,1.647469148994348e-09
GUAYAS - LOMAS DE SARGENTILLO,VID,9.361051229757495e-10
GUAYAS - MILAGRO,AGU,1.391776807711989e-06
GUAYAS - MILAGRO,AYG,2.250299995057826e-08
GUAYAS - MILAGRO,AZU,8.35489154136775e-09
GUAYAS - MILAGRO,BAL,2.341430102220524e-08
GUAYAS - MILAGRO,BNA,4.578137783942407e-08
GUAYAS - MILAGRO,CAN,3.2965165672718034e-08
GUAYAS - MILAGRO,CAR,5.055233660401582e-08
GUAYAS - MILAGRO,CAU,2.865744287075608e-09
GUAYAS - MILAGRO,CEM,2.7059406279364997e-08
GUAYAS - MILAGRO,CER,5.613874994286905e-08
GUAYAS - MILAGRO,CHO,1.2716672191221147e-08
GUAYAS - MILAGRO,CIN,3.1065044383422634e-08
GUAYAS - MILAGRO,COM,1.2541445931221875e-06
GUAYAS - MILAGRO,CUE,6.342037515391214e-09
GUAYAS - MILAGRO,CUL,1.951259364886946e-07
GUAYAS - MILAGRO,EDU,2.142443363264758e-06
GUAYAS - MILAGRO,ELE,1.014459852404425e-06
GUAYAS - MILAGRO,FRT,2.0981085100611114e-07
GUAYAS - MILAGRO,FRV,1.440364933931227e-07
GUAYAS - MILAGRO,GAN,1.579394584066532e-07
GUAYAS - MILAGRO,HIL,1.3162568336240065e-08
GUAYAS - MILAGRO,HOT,4.233972372143183e-08
GUAYAS - MILAGRO,INM,3.2166214984802987e-06
GUAYAS - MILAGRO,LAC,2.157496291911085e-08
GUAYAS - MILAGRO,MAD,2.456132495225538e-08
GUAYAS - MILAGRO,MAN,1.5204421456338534e-08
GUAYAS - MILAGRO,MAQ,3.756150166239088e-08
GUAYAS - MILAGRO,MET,2.0909188611375685e-08
GUAYAS - MILAGRO,MOL,2.1594983352332192e-08
GUAYAS - MILAGRO,MUE,1.6026001938525076e-08
GUAYAS - MILAGRO,PAN,1.6544090478358652e-08
GUAYAS - MILAGRO,PAP,2.113827650347157e-08
GUAYAS - MILAGRO,PES,1.428012382396726e-07
GUAYAS - MILAGRO,PLS,1.7902789640118432e-08
GUAYAS - MILAGRO,QU1,6.9118688896427e-09
GUAYAS - MILAGRO,QU2,3.1505229836030525e-08
GUAYAS - MILAGRO,RES,2.2829882028936282e-07
GUAYAS - MILAGRO,SAL,1.1894798249588604e-06
GUAYAS - MILAGRO,SIL,9.163648197993384e-08
GUAYAS - MILAGRO,TAB,1.63754930131022e-09
GUAYAS - MILAGRO,TEL,7.918997827442704e-07
GUAYAS - MILAGRO,TRA,1.264451744604087e-06
GUAYAS - MILAGRO,VES,1.4264533912873653e-08
GUAYAS - MILAGRO,VID,8.105222049744225e-09
GUAYAS - NARANJAL,AGU,6.158754661617885e-07
GUAYAS - NARANJAL,AYG,9.957807536241868e-09
GUAYAS - NARANJAL,AZU,3.697124922802896e-09
GUAYAS - NARANJAL,BAL,1.03610675770703e-08
GUAYAS - NARANJAL,BNA,2.0258727737198372e-08
GUAYAS - NARANJAL,CAN,1.4587422827631389e-08
GUAYAS - NARANJAL,CAR,2.2369925766149626e-08
GUAYAS - NARANJAL,CAU,1.268121144800974e-09
GUAYAS - NARANJAL,CEM,1.197406391888505e-08
GUAYAS - NARANJAL,CER,2.4841970780963982e-08
GUAYAS - NARANJAL,CHO,5.62725745277377e-09
GUAYAS - NARANJAL,CIN,1.3746599731338702e-08
GUAYAS - NARANJAL,COM,5.549718041308617e-07
GUAYAS - NARANJAL,CUE,2.8064164380122322e-09
GUAYAS - NARANJAL,CUL,8.634522175490852e-08
GUAYAS - NARANJAL,EDU,9.48053091389753e-07
GUAYAS - NARANJAL,ELE,4.489088559602476e-07
GUAYAS - NARANJAL,FRT,9.284344655923465e-08
GUAYAS - NARANJAL,FRV,6.373762087516836e-08
GUAYAS - NARANJAL,GAN,6.988982502980967e-08
GUAYAS - NARANJAL,HIL,5.824571055537942e-09
GUAYAS - NARANJAL,HOT,1.8735760604436133e-08
GUAYAS - NARANJAL,INM,1.4233878980203097e-06
GUAYAS - NARANJAL,LAC,9.547141662084927e-09
GUAYAS - NARANJAL,MAD,1.0868637392649914e-08
GUAYAS - NARANJAL,MAN,6.728111935948114e-09
GUAYAS - NARANJAL,MAQ,1.662134849343524e-08
GUAYAS - NARANJAL,MET,9.252529724407212e-09
GUAYAS - NARANJAL,MOL,9.556000908463108e-09
GUAYAS - NARANJAL,MUE,7.091669698695926e-09
GUAYAS - NARANJAL,PAN,7.320929174220332e-09
GUAYAS - NARANJAL,PAP,9.353903458726382e-09
GUAYAS - NARANJAL,PES,6.319100784120745e-08
GUAYAS - NARANJAL,PLS,7.922167443880881e-09
GUAYAS - NARANJAL,QU1,3.058572646756422e-09
GUAYAS - NARANJAL,QU2,1.3941386294328062e-08
GUAYAS - NARANJAL,RES,1.0102456197775205e-07
GUAYAS - NARANJAL,SAL,5.263569831220937e-07
GUAYAS - NARANJAL,SIL,4.0550080116363714e-08
GUAYAS - NARANJAL,TAB,7.246323072197974e-10
GUAYAS - NARANJAL,TEL,3.504237498057035e-07
GUAYAS - NARANJAL,TRA,5.595328240361657e-07
GUAYAS - NARANJAL,VES,6.3122020890792774e-09
GUAYAS - NARANJAL,VID,3.586643620277961e-09
GUAYAS - NARANJITO,AGU,1.4680463251832464e-07
GUAYAS - NARANJITO,AYG,2.3736166747421083e-09
GUAYAS - NARANJITO,AZU,8.812740488737672e-10
GUAYAS - NARANJITO,BAL,2.469740721494753e-09
GUAYAS - NARANJITO,BNA,4.829020222680726e-09
GUAYAS - NARANJITO,CAN,3.4771660266741e-09
GUAYAS - NARANJITO,CAR,5.3322610040437906e-09
GUAYAS - NARANJITO,CAU,3.0227873795888276e-10
GUAYAS - NARANJITO,CEM,2.854226462888633e-09
GUAYAS - NARANJITO,CER,5.921515942595351e-09
GUAYAS - NARANJITO,CHO,1.341354718331061e-09
GUAYAS - NARANJITO,CIN,3.276741212817752e-09
GUAYAS - NARANJITO,COM,1.3228718505578565e-07
GUAYAS - NARANJITO,CUE,6.689581847501965e-10
GUAYAS - NARANJITO,CUL,2.0581885861504143e-08
GUAYAS - NARANJITO,EDU,2.259849488025758e-07
GUAYAS - NARANJITO,ELE,1.0700523604905777e-07
GUAYAS - NARANJITO,FRT,2.2130850801390157e-08
GUAYAS - NARANJITO,FRV,1.5192970859003716e-08
GUAYAS - NARANJITO,GAN,1.6659455756881702e-08
GUAYAS - NARANJITO,HIL,1.3883878484623582e-09
GUAYAS - NARANJITO,HOT,4.4659945096156876e-09
GUAYAS - NARANJITO,INM,3.39289269959341e-07
GUAYAS - NARANJITO,LAC,2.2757273187670348e-09
GUAYAS - NARANJITO,MAD,2.590728817867445e-09
GUAYAS - NARANJITO,MAN,1.6037625373431352e-09
GUAYAS - NARANJITO,MAQ,3.961987595876671e-09
GUAYAS - NARANJITO,MET,2.205501437687812e-09
GUAYAS - NARANJITO,MOL,2.277839074276705e-09
GUAYAS - NARANJITO,MUE,1.6904228553648899e-09
GUAYAS - NARANJITO,PAN,1.745070840071043e-09
GUAYAS - NARANJITO,PAP,2.2296656309889076e-09
GUAYAS - NARANJITO,PES,1.506267613224596e-08
GUAYAS - NARANJITO,PLS,1.888386442141613e-09
GUAYAS - NARANJITO,QU1,7.290640041824976e-10
GUAYAS - NARANJITO,QU2,3.3231719790526403e-09
GUAYAS - NARANJITO,RES,2.4080961998529382e-08
GUAYAS - NARANJITO,SAL,1.254663446203813e-07
GUAYAS - NARANJITO,SIL,9.665817096386136e-09
GUAYAS - NARANJITO,TAB,1.7272871776379956e-10
GUAYAS - NARANJITO,TEL,8.352959752809099e-08
GUAYAS - NARANJITO,TRA,1.333743835040041e-07
GUAYAS - NARANJITO,VES,1.5046231892362036e-09
GUAYAS - NARANJITO,VID,8.549389082350296e-10
GUAYAS - PALESTINA,AGU,1.314341082526369e-07
GUAYAS - PALESTINA,AYG,2.125097727684967e-09
GUAYAS - PALESTINA,AZU,7.890041802696936e-10
GUAYAS - PALESTINA,BAL,2.2111575348575487e-09
GUAYAS - PALESTINA,BNA,4.3234191987965115e-09
GUAYAS - PALESTINA,CAN,3.113104866804721e-09
GUAYAS - PALESTINA,CAR,4.7739703987156176e-09
GUAYAS - PALESTINA,CAU,2.7062999093301137e-10
GUAYAS - PALESTINA,CEM,2.5553874115928802e-09
GUAYAS - PALESTINA,CER,5.301530027137556e-09
GUAYAS - PALESTINA,CHO,1.20091415529618e-09
GUAYAS - PALESTINA,CIN,2.9336646391428212e-09
GUAYAS - PALESTINA,COM,1.1843664537553633e-07
GUAYAS - PALESTINA,CUE,5.989179017220036e-10
GUAYAS - PALESTINA,CUL,1.8426951302280503e-08
GUAYAS - PALESTINA,EDU,2.0232420268261522e-07
GUAYAS - PALESTINA,ELE,9.580173007629913e-08
GUAYAS - PALESTINA,FRT,1.9813738776872663e-08
GUAYAS - PALESTINA,FRV,1.3602258609326898e-08
GUAYAS - PALESTINA,GAN,1.491520174682968e-08
GUAYAS - PALESTINA,HIL,1.2430228913155672e-09
GUAYAS - PALESTINA,HOT,3.998402473840471e-09
GUAYAS - PALESTINA,INM,3.037655002557756e-07
GUAYAS - PALESTINA,LAC,2.0374574401184104e-09
GUAYAS - PALESTINA,MAD,2.319478112234042e-09
GUAYAS - PALESTINA,MAN,1.4358477340173166e-09
GUAYAS - PALESTINA,MAQ,3.5471653560187113e-09
GUAYAS - PALESTINA,MET,1.974584246694141e-09
GUAYAS - PALESTINA,MOL,2.0393480936863515e-09
GUAYAS - PALESTINA,MUE,1.5134346699653868e-09
GUAYAS - PALESTINA,PAN,1.5623609811753575e-09
GUAYAS - PALESTINA,PAP,1.996218435913458e-09
GUAYAS - PALESTINA,PES,1.3485605810790114e-08
GUAYAS - PALESTINA,PLS,1.690671362351401e-09
GUAYAS - PALESTINA,QU1,6.52730609416309e-10
GUAYAS - PALESTINA,QU2,2.975234079090891e-09
GUAYAS - PALESTINA,RES,2.1559672279056133e-08
GUAYAS - PALESTINA,SAL,1.12329950615417e-07
GUAYAS - PALESTINA,SIL,8.653800829057803e-09
GUAYAS - PALESTINA,TAB,1.5464392777981718e-10
GUAYAS - PALESTINA,TEL,7.478400357996818e-08
GUAYAS - PALESTINA,TRA,1.1941001355938713e-07
GUAYAS - PALESTINA,VES,1.3470883291698175e-09
GUAYAS - PALESTINA,VID,7.654263430708016e-10
GUAYAS - PEDRO CARBO,AGU,3.618316849608774e-07
GUAYAS - PEDRO CARBO,AYG,5.8502903221801774e-09
GUAYAS - PEDRO CARBO,AZU,2.172089998430309e-09
GUAYAS - PEDRO CARBO,BAL,6.087208770904377e-09
GUAYAS - PEDRO CARBO,BNA,1.1902162036096622e-08
GUAYAS - PEDRO CARBO,CAN,8.570225753353953e-09
GUAYAS - PEDRO CARBO,CAR,1.3142507498893222e-08
GUAYAS - PEDRO CARBO,CAU,7.450311560832911e-10
GUAYAS - PEDRO CARBO,CEM,7.034856820325531e-09
GUAYAS - PEDRO CARBO,CER,1.4594853406717452e-08
GUAYAS - PEDRO CARBO,CHO,3.306058055105097e-09
GUAYAS - PEDRO CARBO,CIN,8.076235564750331e-09
GUAYAS - PEDRO CARBO,COM,3.260503040426301e-07
GUAYAS - PEDRO CARBO,CUE,1.648791751352397e-09
GUAYAS - PEDRO CARBO,CUL,5.072849754935985e-08
GUAYAS - PEDRO CARBO,EDU,5.56988654910648e-07
GUAYAS - PEDRO CARBO,ELE,2.637374869926812e-07
GUAYAS - PEDRO CARBO,FRT,5.454625578034973e-08
GUAYAS - PEDRO CARBO,FRV,3.7446354050091944e-08
GUAYAS - PEDRO CARBO,GAN,4.106082242528192e-08
GUAYAS - PEDRO CARBO,HIL,3.421981350116018e-09
GUAYAS - PEDRO CARBO,HOT,1.1007406855765026e-08
GUAYAS - PEDRO CARBO,INM,8.362515959652047e-07
GUAYAS - PEDRO CARBO,LAC,5.609020888071722e-09
GUAYAS - PEDRO CARBO,MAD,6.385410033492434e-09
GUAYAS - PEDRO CARBO,MAN,3.952818730645743e-09
GUAYAS - PEDRO CARBO,MAQ,9.765173094460822e-09
GUAYAS - PEDRO CARBO,MET,5.435934055300381e-09
GUAYAS - PEDRO CARBO,MOL,5.614225765064919e-09
GUAYAS - PEDRO CARBO,MUE,4.166411778434224e-09
GUAYAS - PEDRO CARBO,PAN,4.3011035251914355e-09
GUAYAS - PEDRO CARBO,PAP,5.495491922295923e-09
GUAYAS - PEDRO CARBO,PES,3.7125214589330094e-08
GUAYAS - PEDRO CARBO,PLS,4.654335741973861e-09
GUAYAS - PEDRO CARBO,QU1,1.7969355091348982e-09
GUAYAS - PEDRO CARBO,QU2,8.190674203998972e-09
GUAYAS - PEDRO CARBO,RES,5.935272549603724e-08
GUAYAS - PEDRO CARBO,SAL,3.09238871424633e-07
GUAYAS - PEDRO CARBO,SIL,2.3823491306192225e-08
GUAYAS - PEDRO CARBO,TAB,4.257271852903289e-10
GUAYAS - PEDRO CARBO,TEL,2.0587671178510321e-07
GUAYAS - PEDRO CARBO,TRA,3.287299391444491e-07
GUAYAS - PEDRO CARBO,VES,3.708468421284924e-09
GUAYAS - PEDRO CARBO,VID,2.1071813634129046e-09
GUAYAS - PLAYAS (GENERAL VILLAMIL),AGU,3.799803333932646e-07
GUAYAS - PLAYAS (GENERAL VILLAMIL),AYG,6.1437274828758355e-09
GUAYAS - PLAYAS (GENERAL VILLAMIL),AZU,2.281037056920442e-09
GUAYAS - PLAYAS (GENERAL VILLAMIL),BAL,6.392529218254455e-09
GUAYAS - PLAYAS (GENERAL VILLAMIL),BNA,1.249914721831409e-08
GUAYAS - PLAYAS (GENERAL VILLAMIL),CAN,9.000088644439982e-09
GUAYAS - PLAYAS (GENERAL VILLAMIL),CAR,1.3801705568136977e-08
GUAYAS - PLAYAS (GENERAL VILLAMIL),CAU,7.824002121525312e-10
GUAYAS - PLAYAS (GENERAL VILLAMIL),CEM,7.3877091229592115e-09
GUAYAS - PLAYAS (GENERAL VILLAMIL),CER,1.5326897819658744e-08
GUAYAS - PLAYAS (GENERAL VILLAMIL),CHO,3.47188235362017e-09
GUAYAS - PLAYAS (GENERAL VILLAMIL),CIN,8.481321039610402e-09
GUAYAS - PLAYAS (GENERAL VILLAMIL),COM,3.424042403762667e-07
GUAYAS - PLAYAS (GENERAL VILLAMIL),CUE,1.7314913685425006e-09
GUAYAS - PLAYAS (GENERAL VILLAMIL),CUL,5.3272922777421614e-08
GUAYAS - PLAYAS (GENERAL VILLAMIL),EDU,5.849259298894675e-07
GUAYAS - PLAYAS (GENERAL VILLAMIL),ELE,2.769659551695049e-07
GUAYAS - PLAYAS (GENERAL VILLAMIL),FRT,5.728217101554445e-08
GUAYAS - PLAYAS (GENERAL VILLAMIL),FRV,3.9324577387009774e-08
GUAYAS - PLAYAS (GENERAL VILLAMIL),GAN,4.312033921586288e-08
GUAYAS - PLAYAS (GENERAL VILLAMIL),HIL,3.5936200955513613e-09
GUAYAS - PLAYAS (GENERAL VILLAMIL),HOT,1.1559513167845264e-08
GUAYAS - PLAYAS (GENERAL VILLAMIL),INM,8.781960603308289e-07
GUAYAS - PLAYAS (GENERAL VILLAMIL),LAC,5.890356526653336e-09
GUAYAS - PLAYAS (GENERAL VILLAMIL),MAD,6.705687573053466e-09
GUAYAS - PLAYAS (GENERAL VILLAMIL),MAN,4.151083063044387e-09
GUAYAS - PLAYAS (GENERAL VILLAMIL),MAQ,1.0254971806787352e-08
GUAYAS - PLAYAS (GENERAL VILLAMIL),MET,5.708588054858088e-09
GUAYAS - PLAYAS (GENERAL VILLAMIL),MOL,5.895822468353163e-09
GUAYAS - PLAYAS (GENERAL VILLAMIL),MUE,4.375389448810261e-09
GUAYAS - PLAYAS (GENERAL VILLAMIL),PAN,4.516837025032504e-09
GUAYAS - PLAYAS (GENERAL VILLAMIL),PAP,5.771133208026763e-09
GUAYAS - PLAYAS (GENERAL VILLAMIL),PES,3.8987330306563474e-08
GUAYAS - PLAYAS (GENERAL VILLAMIL),PLS,4.8877865606231765e-09
GUAYAS - PLAYAS (GENERAL VILLAMIL),QU1,1.887065677847149e-09
GUAYAS - PLAYAS (GENERAL VILLAMIL),QU2,8.601499658847332e-09
GUAYAS - PLAYAS (GENERAL VILLAMIL),RES,6.232972224149371e-08
GUAYAS - PLAYAS (GENERAL VILLAMIL),SAL,3.2474958480983774e-07
GUAYAS - PLAYAS (GENERAL VILLAMIL),SIL,2.5018423055176188e-08
GUAYAS - PLAYAS (GENERAL VILLAMIL),TAB,4.4708068564721266e-10
GUAYAS - PLAYAS (GENERAL VILLAMIL),TEL,2.1620301602517477e-07
GUAYAS - PLAYAS (GENERAL VILLAMIL),TRA,3.452182798362758e-07
GUAYAS - PLAYAS (GENERAL VILLAMIL),VES,3.8944767019245455e-09
GUAYAS - PLAYAS (GENERAL VILLAMIL),VID,2.2128727534634864e-09
GUAYAS - SALINAS,AGU,6.115537061631612e-07
GUAYAS - SALINAS,AYG,9.887930983840191e-09
GUAYAS - SALINAS,AZU,3.671181225612169e-09
GUAYAS - SALINAS,BAL,1.0288361242985068e-08
GUAYAS - SALINAS,BNA,2.011656692065643e-08
GUAYAS - SALINAS,CAN,1.4485059048063392e-08
GUAYAS - SALINAS,CAR,2.2212950118213985e-08
GUAYAS - SALINAS,CAU,1.259222405464644e-09
GUAYAS - SALINAS,CEM,1.1890038765572561e-08
GUAYAS - SALINAS,CER,2.466764814350396e-08
GUAYAS - SALINAS,CHO,5.587769508379852e-09
GUAYAS - SALINAS,CIN,1.3650136228406382e-08
GUAYAS - SALINAS,COM,5.510774211342369e-07
GUAYAS - SALINAS,CUE,2.7867230763381928e-09
GUAYAS - SALINAS,CUL,8.573931464226028e-08
GUAYAS - SALINAS,EDU,9.414003536983528e-07
GUAYAS - SALINAS,ELE,4.457587445443645e-07
GUAYAS - SALINAS,FRT,9.219193969539573e-08
GUAYAS - SALINAS,FRV,6.329035723918902e-08
GUAYAS - SALINAS,GAN,6.939938976047299e-08
GUAYAS - SALINAS,HIL,5.783698509739252e-09
GUAYAS - SALINAS,HOT,1.8604286848501783e-08
GUAYAS - SALINAS,INM,1.4133996110724116e-06
GUAYAS - SALINAS,LAC,9.480146860045537e-09
GUAYAS - SALINAS,MAD,1.0792369307779002e-08
GUAYAS - SALINAS,MAN,6.6808990063403126e-09
GUAYAS - SALINAS,MAQ,1.6504712122952992e-08
GUAYAS - SALINAS,MET,9.187602291758761e-09
GUAYAS - SALINAS,MOL,9.488943938763662e-09
GUAYAS - SALINAS,MUE,7.04190558872365e-09
GUAYAS - SALINAS,PAN,7.269556290258727e-09
GUAYAS - SALINAS,PAP,9.288264659943112e-09
GUAYAS - SALINAS,PES,6.274757993253778e-08
GUAYAS - SALINAS,PLS,7.866575512975164e-09
GUAYAS - SALINAS,QU1,3.037109838698769e-09
GUAYAS - SALINAS,QU2,1.3843555922893178e-08
GUAYAS - SALINAS,RES,1.0031564607701764e-07
GUAYAS - SALINAS,SAL,5.226633978444856e-07
GUAYAS - SALINAS,SIL,4.0265529547593384e-08
GUAYAS - SALINAS,TAB,7.195473718860802e-10
GUAYAS - SALINAS,TEL,3.479647342616723e-07
GUAYAS - SALINAS,TRA,5.556064351642258e-07
GUAYAS - SALINAS,VES,6.2679077081683984e-09
GUAYAS - SALINAS,VID,3.5614751994216292e-09
GUAYAS - SAMBORONDON,AGU,0.0376355157686249
GUAYAS - SAMBORONDON,AYG,0.0006085113681938
GUAYAS - SAMBORONDON,AZU,0.0002259274982942
GUAYAS - SAMBORONDON,BAL,0.0006331541741819
GUAYAS - SAMBORONDON,BNA,0.0012379899981359
GUAYAS - SAMBORONDON,CAN,0.0008914223930275
GUAYAS - SAMBORONDON,CAR,0.0013670031364648
GUAYAS - SAMBORONDON,CAU,7.749357778305499e-05
GUAYAS - SAMBORONDON,CEM,0.0007317227202476
GUAYAS - SAMBORONDON,CER,0.0015180672626519
GUAYAS - SAMBORONDON,CHO,0.0003438759103652
GUAYAS - SAMBORONDON,CIN,0.0008400405591377
GUAYAS - SAMBORONDON,COM,0.0339137556747916
GUAYAS - SAMBORONDON,CUE,0.0001714972196641
GUAYAS - SAMBORONDON,CUL,0.0052764676195895
GUAYAS - SAMBORONDON,EDU,0.0579345485100384
GUAYAS - SAMBORONDON,ELE,0.0274323580909278
GUAYAS - SAMBORONDON,FRT,0.0056735674482536
GUAYAS - SAMBORONDON,FRV,0.0038949404015906
GUAYAS - SAMBORONDON,GAN,0.0042708952645385
GUAYAS - SAMBORONDON,HIL,0.0003559335415198
GUAYAS - SAMBORONDON,HOT,0.0011449230443613
GUAYAS - SAMBORONDON,INM,0.0869817692441424
GUAYAS - SAMBORONDON,LAC,0.0005834159993544
GUAYAS - SAMBORONDON,MAD,0.0006641712431309
GUAYAS - SAMBORONDON,MAN,0.0004111479946368
GUAYAS - SAMBORONDON,MAQ,0.0010157134967869
GUAYAS - SAMBORONDON,MET,0.0005654125671099
GUAYAS - SAMBORONDON,MOL,0.0005839573787811
GUAYAS - SAMBORONDON,MUE,0.00043336463528
GUAYAS - SAMBORONDON,PAN,0.0004473744458347
GUAYAS - SAMBORONDON,PAP,0.0005716074116623
GUAYAS - SAMBORONDON,PES,0.0038615374417566
GUAYAS - SAMBORONDON,PLS,0.0004841154975924
GUAYAS - SAMBORONDON,QU1,0.0001869062260165
GUAYAS - SAMBORONDON,QU2,0.000851943765493
GUAYAS - SAMBORONDON,RES,0.0061735069900207
GUAYAS - SAMBORONDON,SAL,0.0321651334184068
GUAYAS - SAMBORONDON,SIL,0.0024779736545594
GUAYAS - SAMBORONDON,TAB,4.428153437380397e-05
GUAYAS - SAMBORONDON,TEL,0.0214140346322038
GUAYAS - SAMBORONDON,TRA,0.0341924749061922
GUAYAS - SAMBORONDON,VES,0.000385732172023
GUAYAS - SAMBORONDON,VID,0.0002191760996239
GUAYAS - SANTA ELENA,AGU,0.0748041153119654
GUAYAS - SANTA ELENA,AYG,0.0012094733823992
GUAYAS - SANTA ELENA,AZU,0.0004490520799142
GUAYAS - SANTA ELENA,BAL,0.0012584532691656
GUAYAS - SANTA ELENA,BNA,0.002460621162865
GUAYAS - SANTA ELENA,CAN,0.0017717855625959
GUAYAS - SANTA ELENA,CAR,0.0027170468681919
GUAYAS - SANTA ELENA,CAU,0.0001540257496152
GUAYAS - SANTA ELENA,CEM,0.0014543674936806
GUAYAS - SANTA ELENA,CER,0.003017300978811
GUAYAS - SANTA ELENA,CHO,0.0006834856046641
GUAYAS - SANTA ELENA,CIN,0.0016696593515227
GUAYAS - SANTA ELENA,COM,0.0674067682705659
GUAYAS - SANTA ELENA,CUE,0.0003408667991774
GUAYAS - SANTA ELENA,CUL,0.0104874739775632
GUAYAS - SANTA ELENA,EDU,0.115150345592033
GUAYAS - SANTA ELENA,ELE,0.0545243830462819
GUAYAS - SANTA ELENA,FRT,0.0112767471087293
GUAYAS - SANTA ELENA,FRV,0.0077415591359242
GUAYAS - SANTA ELENA,GAN,0.0084888046657302
GUAYAS - SANTA ELENA,HIL,0.0007074512767922
GUAYAS - SANTA ELENA,HOT,0.0022756418687141
GUAYAS - SANTA ELENA,INM,0.1728844195089216
GUAYAS - SANTA ELENA,LAC,0.0011595939845453
GUAYAS - SANTA ELENA,MAD,0.001320102601051
GUAYAS - SANTA ELENA,MAN,0.0008171951778255
GUAYAS - SANTA ELENA,MAQ,0.0020188257816015
GUAYAS - SANTA ELENA,MET,0.0011238104754283
GUAYAS - SANTA ELENA,MOL,0.0011606700269014
GUAYAS - SANTA ELENA,MUE,0.0008613528335552
GUAYAS - SANTA ELENA,PAN,0.0008891986452261
GUAYAS - SANTA ELENA,PAP,0.0011361233096428
GUAYAS - SANTA ELENA,PES,0.007675167622266
GUAYAS - SANTA ELENA,PLS,0.0009622249294747
GUAYAS - SANTA ELENA,QU1,0.0003714936436482
GUAYAS - SANTA ELENA,QU2,0.0016933180898873
GUAYAS - SANTA ELENA,RES,0.01227042380925
GUAYAS - SANTA ELENA,SAL,0.0639312176309033
GUAYAS - SANTA ELENA,SIL,0.0049252049084498
GUAYAS - SANTA ELENA,TAB,8.801370024667565e-05
GUAYAS - SANTA ELENA,TEL,0.0425624010514344
GUAYAS - SANTA ELENA,TRA,0.0679607488684014
GUAYAS - SANTA ELENA,VES,0.0007666788480576
GUAYAS - SANTA ELENA,VID,0.0004356330422223
GUAYAS - SANTA LUCIA,AGU,3.1946991987763525e-07
GUAYAS - SANTA LUCIA,AYG,5.165362399619284e-09
GUAYAS - SANTA LUCIA,AZU,1.917790637490945e-09
GUAYAS - SANTA LUCIA,BAL,5.374543411060108e-09
GUAYAS - SANTA LUCIA,BNA,1.0508705870945348e-08
GUAYAS - SANTA LUCIA,CAN,7.56685898044907e-09
GUAYAS - SANTA LUCIA,CAR,1.1603836789795262e-08
GUAYAS - SANTA LUCIA,CAU,6.578059734210563e-10
GUAYAS - SANTA LUCIA,CEM,6.211244725522127e-09
GUAYAS - SANTA LUCIA,CER,1.2886148013748428e-08
GUAYAS - SANTA LUCIA,CHO,2.9189983792863116e-09
GUAYAS - SANTA LUCIA,CIN,7.1307031308291e-09
GUAYAS - SANTA LUCIA,COM,2.8787767583107097e-07
GUAYAS - SANTA LUCIA,CUE,1.455757996308171e-09
GUAYAS - SANTA LUCIA,CUL,4.478941375562256e-08
GUAYAS - SANTA LUCIA,EDU,4.917787146703205e-07
GUAYAS - SANTA LUCIA,ELE,2.3286018704357206e-07
GUAYAS - SANTA LUCIA,FRT,4.8160204559358815e-08
GUAYAS - SANTA LUCIA,FRV,3.306228897390763e-08
GUAYAS - SANTA LUCIA,GAN,3.625359026181735e-08
GUAYAS - SANTA LUCIA,HIL,3.0213498518310516e-09
GUAYAS - SANTA LUCIA,HOT,9.718704946063549e-09
GUAYAS - SANTA LUCIA,INM,7.383466994866263e-07
GUAYAS - SANTA LUCIA,LAC,4.952339798262842e-09
GUAYAS - SANTA LUCIA,MAD,5.6378324966378865e-09
GUAYAS - SANTA LUCIA,MAN,3.490038975737437e-09
GUAYAS - SANTA LUCIA,MAQ,8.621906802926753e-09
GUAYAS - SANTA LUCIA,MET,4.799517259785283e-09
GUAYAS - SANTA LUCIA,MOL,4.956935309670776e-09
GUAYAS - SANTA LUCIA,MUE,3.6786254282223383e-09
GUAYAS - SANTA LUCIA,PAN,3.7975480193971754e-09
GUAYAS - SANTA LUCIA,PAP,4.852102336736755e-09
GUAYAS - SANTA LUCIA,PES,3.2778747200029465e-08
GUAYAS - SANTA LUCIA,PLS,4.1094252614520894e-09
GUAYAS - SANTA LUCIA,QU1,1.5865576923996414e-09
GUAYAS - SANTA LUCIA,QU2,7.231743765000268e-09
GUAYAS - SANTA LUCIA,RES,5.240395257476824e-08
GUAYAS - SANTA LUCIA,SAL,2.7303445658099204e-07
GUAYAS - SANTA LUCIA,SIL,2.1034334954987947e-08
GUAYAS - SANTA LUCIA,TAB,3.7588479789750347e-10
GUAYAS - SANTA LUCIA,TEL,1.8177351335544145e-07
GUAYAS - SANTA LUCIA,TRA,2.902435902793095e-07
GUAYAS - SANTA LUCIA,VES,3.274296195328317e-09
GUAYAS - SANTA LUCIA,VID,1.8604812384243075e-09
GUAYAS - SIMON BOLIVAR,AGU,1.0400601261907305e-07
GUAYAS - SIMON BOLIVAR,AYG,1.6816254473117851e-09
GUAYAS - SIMON BOLIVAR,AZU,6.24352231095879e-10
GUAYAS - SIMON BOLIVAR,BAL,1.7497260150394694e-09
GUAYAS - SIMON BOLIVAR,BNA,3.4211940699841235e-09
GUAYAS - SIMON BOLIVAR,CAN,2.463452054918885e-09
GUAYAS - SIMON BOLIVAR,CAR,3.777722785454636e-09
GUAYAS - SIMON BOLIVAR,CAU,2.1415404742561337e-10
GUAYAS - SIMON BOLIVAR,CEM,2.0221208855914872e-09
GUAYAS - SIMON BOLIVAR,CER,4.1951895610156524e-09
GUAYAS - SIMON BOLIVAR,CHO,9.503034977045395e-10
GUAYAS - SIMON BOLIVAR,CIN,2.321457995456785e-09
GUAYAS - SIMON BOLIVAR,COM,9.372090241454945e-08
GUAYAS - SIMON BOLIVAR,CUE,4.739337731462695e-10
GUAYAS - SIMON BOLIVAR,CUL,1.4581555390418075e-08
GUAYAS - SIMON BOLIVAR,EDU,1.6010253241802475e-07
GUAYAS - SIMON BOLIVAR,ELE,7.580951459032472e-08
GUAYAS - SIMON BOLIVAR,FRT,1.567894356080961e-08
GUAYAS - SIMON BOLIVAR,FRV,1.0763695203456942e-08
GUAYAS - SIMON BOLIVAR,GAN,1.1802649112321769e-08
GUAYAS - SIMON BOLIVAR,HIL,9.836248462344615e-10
GUAYAS - SIMON BOLIVAR,HOT,3.164002888436241e-09
GUAYAS - SIMON BOLIVAR,INM,2.4037473128446763e-07
GUAYAS - SIMON BOLIVAR,LAC,1.612274218960421e-09
GUAYAS - SIMON BOLIVAR,MAD,1.8354419033069947e-09
GUAYAS - SIMON BOLIVAR,MAN,1.1362103758959111e-09
GUAYAS - SIMON BOLIVAR,MAQ,2.806931394633776e-09
GUAYAS - SIMON BOLIVAR,MET,1.5625216072858581e-09
GUAYAS - SIMON BOLIVAR,MOL,1.613770324814981e-09
GUAYAS - SIMON BOLIVAR,MUE,1.1976062186232748e-09
GUAYAS - SIMON BOLIVAR,PAN,1.2363224286600772e-09
GUAYAS - SIMON BOLIVAR,PAP,1.5796411037914587e-09
GUAYAS - SIMON BOLIVAR,PES,1.0671385888942128e-08
GUAYAS - SIMON BOLIVAR,PLS,1.3378565836916035e-09
GUAYAS - SIMON BOLIVAR,QU1,5.165166706142722e-10
GUAYAS - SIMON BOLIVAR,QU2,2.3543525899671882e-09
GUAYAS - SIMON BOLIVAR,RES,1.7060530001911468e-08
GUAYAS - SIMON BOLIVAR,SAL,8.888857250623544e-08
GUAYAS - SIMON BOLIVAR,SIL,6.847897628672605e-09
GUAYAS - SIMON BOLIVAR,TAB,1.2237233179392766e-10
GUAYAS - SIMON BOLIVAR,TEL,5.9177835368977974e-08
GUAYAS - SIMON BOLIVAR,TRA,9.449114497151189e-08
GUAYAS - SIMON BOLIVAR,VES,1.0659735712843867e-09
GUAYAS - SIMON BOLIVAR,VID,6.05694693369638e-10
IMBABURA - ANTONIO ANTE,AGU,1.7591148191835856e-07
IMBABURA - ANTONIO ANTE,AYG,2.8442319537014012e-09
IMBABURA - ANTONIO ANTE,AZU,1.0560036236882748e-09
IMBABURA - ANTONIO ANTE,BAL,2.9594144463937676e-09
IMBABURA - ANTONIO ANTE,BNA,5.786466605401254e-09
IMBABURA - ANTONIO ANTE,CAN,4.166581245670573e-09
IMBABURA - ANTONIO ANTE,CAR,6.389484576242735e-09
IMBABURA - ANTONIO ANTE,CAU,3.6221132694924237e-10
IMBABURA - ANTONIO ANTE,CEM,3.420131900501584e-09
IMBABURA - ANTONIO ANTE,CER,7.095570669645662e-09
IMBABURA - ANTONIO ANTE,CHO,1.6073041581323812e-09
IMBABURA - ANTONIO ANTE,CIN,3.926418347444044e-09
IMBABURA - ANTONIO ANTE,COM,1.5851567053966537e-07
IMBABURA - ANTONIO ANTE,CUE,8.01592045170191e-10
IMBABURA - ANTONIO ANTE,CUL,2.4662641637822786e-08
IMBABURA - ANTONIO ANTE,EDU,2.7079082283144815e-07
IMBABURA - ANTONIO ANTE,ELE,1.282210876013324e-07
IMBABURA - ANTONIO ANTE,FRT,2.6518718747521062e-08
IMBABURA - ANTONIO ANTE,FRV,1.8205270315404907e-08
IMBABURA - ANTONIO ANTE,GAN,1.9962514124209155e-08
IMBABURA - ANTONIO ANTE,HIL,1.663662513306376e-09
IMBABURA - ANTONIO ANTE,HOT,5.351464044076981e-09
IMBABURA - ANTONIO ANTE,INM,4.065599106356241e-07
IMBABURA - ANTONIO ANTE,LAC,2.726934145190764e-09
IMBABURA - ANTONIO ANTE,MAD,3.104390766025539e-09
IMBABURA - ANTONIO ANTE,MAN,1.921739387576633e-09
IMBABURA - ANTONIO ANTE,MAQ,4.747528040341801e-09
IMBABURA - ANTONIO ANTE,MET,2.6427846289408155e-09
IMBABURA - ANTONIO ANTE,MOL,2.7294645969536473e-09
IMBABURA - ANTONIO ANTE,MUE,2.025581784817198e-09
IMBABURA - ANTONIO ANTE,PAN,2.091064786331549e-09
IMBABURA - ANTONIO ANTE,PAP,2.6717398395499007e-09
IMBABURA - ANTONIO ANTE,PES,1.8049142146443732e-08
IMBABURA - ANTONIO ANTE,PLS,2.2627954702328827e-09
IMBABURA - ANTONIO ANTE,QU1,8.736150023948791e-10
IMBABURA - ANTONIO ANTE,QU2,3.982054908463087e-09
IMBABURA - ANTONIO ANTE,RES,2.8855477095739567e-08
IMBABURA - ANTONIO ANTE,SAL,1.503424669537985e-07
IMBABURA - ANTONIO ANTE,SIL,1.1582251732858976e-08
IMBABURA - ANTONIO ANTE,TAB,2.0697551698782487e-10
IMBABURA - ANTONIO ANTE,TEL,1.0009095103573395e-07
IMBABURA - ANTONIO ANTE,TRA,1.5981842704594645e-07
IMBABURA - ANTONIO ANTE,VES,1.8029437518889545e-09
IMBABURA - ANTONIO ANTE,VID,1.0244470335669756e-09
IMBABURA - COTACACHI,AGU,1.5262475627587677e-07
IMBABURA - COTACACHI,AYG,2.4677195825523514e-09
IMBABURA - COTACACHI,AZU,9.16212483314003e-10
IMBABURA - COTACACHI,BAL,2.567654502562741e-09
IMBABURA - COTACACHI,BNA,5.020468509029699e-09
IMBABURA - COTACACHI,CAN,3.615019555228609e-09
IMBABURA - COTACACHI,CAR,5.543660456627349e-09
IMBABURA - COTACACHI,CAU,3.1426268992291757e-10
IMBABURA - COTACACHI,CEM,2.9673833228672756e-09
IMBABURA - COTACACHI,CER,6.1562766243737076e-09
IMBABURA - COTACACHI,CHO,1.3945332204637427e-09
IMBABURA - COTACACHI,CIN,3.406648825765119e-09
IMBABURA - COTACACHI,COM,1.3753175925862474e-07
IMBABURA - COTACACHI,CUE,6.954792785132805e-10
IMBABURA - COTACACHI,CUL,2.1397862311449035e-08
IMBABURA - COTACACHI,EDU,2.3494420537924346e-07
IMBABURA - COTACACHI,ELE,1.1124749806646281e-07
IMBABURA - COTACACHI,FRT,2.300823653721109e-08
IMBABURA - COTACACHI,FRV,1.579530178771775e-08
IMBABURA - COTACACHI,GAN,1.7319926019810316e-08
IMBABURA - COTACACHI,HIL,1.4434309963720391e-09
IMBABURA - COTACACHI,HOT,4.6430505077856855e-09
IMBABURA - COTACACHI,INM,3.527405181038871e-07
IMBABURA - COTACACHI,LAC,2.3659493669848472e-09
IMBABURA - COTACACHI,MAD,2.6934392166034202e-09
IMBABURA - COTACACHI,MAN,1.6673442941647246e-09
IMBABURA - COTACACHI,MAQ,4.1190620542116996e-09
IMBABURA - COTACACHI,MET,2.292939354970156e-09
IMBABURA - COTACACHI,MOL,2.3681448438199355e-09
IMBABURA - COTACACHI,MUE,1.757440292431055e-09
IMBABURA - COTACACHI,PAN,1.8142548166301011e-09
IMBABURA - COTACACHI,PAP,2.3180615466198143e-09
IMBABURA - COTACACHI,PES,1.5659841478500656e-08
IMBABURA - COTACACHI,PLS,1.9632522185603238e-09
IMBABURA - COTACACHI,QU1,7.579680153075484e-10
IMBABURA - COTACACHI,QU2,3.454920356838345e-09
IMBABURA - COTACACHI,RES,2.5035660611428103e-08
IMBABURA - COTACACHI,SAL,1.304405040904999e-07
IMBABURA - COTACACHI,SIL,1.0049021977279852e-08
IMBABURA - COTACACHI,TAB,1.7957661143461494e-10
IMBABURA - COTACACHI,TEL,8.68411592049429e-08
IMBABURA - COTACACHI,TRA,1.38662060089984e-07
IMBABURA - COTACACHI,VES,1.5642745300666399e-09
IMBABURA - COTACACHI,VID,8.888332763194515e-10
IMBABURA - IBARRA,AGU,7.246301933725614e-07
IMBABURA - IBARRA,AYG,1.1716212768667332e-08
IMBABURA - IBARRA,AZU,4.349983876495903e-09
IMBABURA - IBARRA,BAL,1.2190682718227186e-08
IMBABURA - IBARRA,BNA,2.3836126951405e-08
IMBABURA - IBARRA,CAN,1.7163351367558803e-08
IMBABURA - IBARRA,CAR,2.6320132111572946e-08
IMBABURA - IBARRA,CAU,1.4920530543354467e-09
IMBABURA - IBARRA,CEM,1.4088510956722742e-08
IMBABURA - IBARRA,CER,2.9228704632368936e-08
IMBABURA - IBARRA,CHO,6.6209499812896435e-09
IMBABURA - IBARRA,CIN,1.61740510360229e-08
IMBABURA - IBARRA,COM,6.529718227775973e-07
IMBABURA - IBARRA,CUE,3.301989116134908e-09
IMBABURA - IBARRA,CUL,1.0159254293240433e-07
IMBABURA - IBARRA,EDU,1.1154655976517529e-06
IMBABURA - IBARRA,ELE,5.281796872481296e-07
IMBABURA - IBARRA,FRT,1.0923826054132798e-07
IMBABURA - IBARRA,FRV,7.499276570914302e-08
IMBABURA - IBARRA,GAN,8.223136041080967e-08
IMBABURA - IBARRA,HIL,6.8531063212995875e-09
IMBABURA - IBARRA,HOT,2.204422578217796e-08
IMBABURA - IBARRA,INM,1.67473767743115e-06
IMBABURA - IBARRA,LAC,1.1233029222395528e-08
IMBABURA - IBARRA,MAD,1.2787882044749653e-08
IMBABURA - IBARRA,MAN,7.916199493320244e-09
IMBABURA - IBARRA,MAQ,1.9556438979413256e-08
IMBABURA - IBARRA,MET,1.08863930644402e-08
IMBABURA - IBARRA,MOL,1.1243452883945424e-08
IMBABURA - IBARRA,MUE,8.343956314945019e-09
IMBABURA - IBARRA,PAN,8.613699708227228e-09
IMBABURA - IBARRA,PAP,1.1005667938564347e-08
IMBABURA - IBARRA,PES,7.434962869482494e-08
IMBABURA - IBARRA,PLS,9.321107987245533e-09
IMBABURA - IBARRA,QU1,3.598672475582764e-09
IMBABURA - IBARRA,QU2,1.6403234097470387e-08
IMBABURA - IBARRA,RES,1.1886404298184193e-07
IMBABURA - IBARRA,SAL,6.193040369667274e-07
IMBABURA - IBARRA,SIL,4.7710639586143964e-08
IMBABURA - IBARRA,TAB,8.52591924430949e-10
IMBABURA - IBARRA,TEL,4.123035313722644e-07
IMBABURA - IBARRA,TRA,6.583382530342758e-07
IMBABURA - IBARRA,VES,7.426845964366801e-09
IMBABURA - IBARRA,VID,4.219993168939995e-09
IMBABURA - OTAVALO,AGU,4.159482443821762e-07
IMBABURA - OTAVALO,AYG,6.725276115329678e-09
IMBABURA - OTAVALO,AZU,2.496953857384984e-09
IMBABURA - OTAVALO,BAL,6.997628750282681e-09
IMBABURA - OTAVALO,BNA,1.3682282699487372e-08
IMBABURA - OTAVALO,CAN,9.852012701574012e-09
IMBABURA - OTAVALO,CAR,1.510813770091829e-08
IMBABURA - OTAVALO,CAU,8.564601008238816e-10
IMBABURA - OTAVALO,CEM,8.087009694053655e-09
IMBABURA - OTAVALO,CER,1.6777700527237508e-08
IMBABURA - OTAVALO,CHO,3.800521350127764e-09
IMBABURA - OTAVALO,CIN,9.284139957886813e-09
IMBABURA - OTAVALO,COM,3.7481529999637953e-07
IMBABURA - OTAVALO,CUE,1.8953896599768366e-09
IMBABURA - OTAVALO,CUL,5.8315593611110154e-08
IMBABURA - OTAVALO,EDU,6.402934369219872e-07
IMBABURA - OTAVALO,ELE,3.031828036404111e-07
IMBABURA - OTAVALO,FRT,6.270434644746703e-08
IMBABURA - OTAVALO,FRV,4.3046935558817206e-08
IMBABURA - OTAVALO,GAN,4.72019939396158e-08
IMBABURA - OTAVALO,HIL,3.933782457562297e-09
IMBABURA - OTAVALO,HOT,1.2653705430332444e-08
IMBABURA - OTAVALO,INM,9.61323724983149e-07
IMBABURA - OTAVALO,LAC,6.447921749441726e-09
IMBABURA - OTAVALO,MAD,7.34042982824649e-09
IMBABURA - OTAVALO,MAN,4.544013362320254e-09
IMBABURA - OTAVALO,MAQ,1.1225679711184552e-08
IMBABURA - OTAVALO,MET,6.248947565562016e-09
IMBABURA - OTAVALO,MOL,6.453905082404342e-09
IMBABURA - OTAVALO,MUE,4.789551984095356e-09
IMBABURA - OTAVALO,PAN,4.9443886054445575e-09
IMBABURA - OTAVALO,PAP,6.3174130738234664e-09
IMBABURA - OTAVALO,PES,4.2677765581566126e-08
IMBABURA - OTAVALO,PLS,5.350451221121126e-09
IMBABURA - OTAVALO,QU1,2.0656902127669332e-09
IMBABURA - OTAVALO,QU2,9.415694360288316e-09
IMBABURA - OTAVALO,RES,6.822968522517103e-08
IMBABURA - OTAVALO,SAL,3.5548950246772694e-07
IMBABURA - OTAVALO,SIL,2.7386599338131844e-08
IMBABURA - OTAVALO,TAB,4.894001345582114e-10
IMBABURA - OTAVALO,TEL,2.366682089641985e-07
IMBABURA - OTAVALO,TRA,3.778957088232267e-07
IMBABURA - OTAVALO,VES,4.2631173368550885e-09
IMBABURA - OTAVALO,VID,2.422337305261717e-09
IMBABURA - PIMAMPIRO,AGU,4.7671547565640446e-08
IMBABURA - PIMAMPIRO,AYG,7.707793566966728e-10
IMBABURA - PIMAMPIRO,AZU,2.861741964035522e-10
IMBABURA - PIMAMPIRO,BAL,8.019935083781503e-10
IMBABURA - PIMAMPIRO,BNA,1.5681171860310926e-09
IMBABURA - PIMAMPIRO,CAN,1.129132526615142e-09
IMBABURA - PIMAMPIRO,CAR,1.7315334654371587e-09
IMBABURA - PIMAMPIRO,CAU,9.815831413146943e-11
IMBABURA - PIMAMPIRO,CEM,9.268467231217719e-10
IMBABURA - PIMAMPIRO,CER,1.9228809341755367e-09
IMBABURA - PIMAMPIRO,CHO,4.355751869705723e-10
IMBABURA - PIMAMPIRO,CIN,1.0640490147178259e-09
IMBABURA - PIMAMPIRO,COM,4.295732857016204e-08
IMBABURA - PIMAMPIRO,CUE,2.1722932973360247e-10
IMBABURA - PIMAMPIRO,CUL,6.6835108266410085e-09
IMBABURA - PIMAMPIRO,EDU,7.338359867231087e-08
IMBABURA - PIMAMPIRO,ELE,3.4747576507495454e-08
IMBABURA - PIMAMPIRO,FRT,7.186502827251535e-09
IMBABURA - PIMAMPIRO,FRV,4.933580232067805e-09
IMBABURA - PIMAMPIRO,GAN,5.4097886688469204e-09
IMBABURA - PIMAMPIRO,HIL,4.5084815255587304e-10
IMBABURA - PIMAMPIRO,HOT,1.450232639398885e-09
IMBABURA - PIMAMPIRO,INM,1.1017666332402147e-07
IMBABURA - PIMAMPIRO,LAC,7.389919600084031e-10
IMBABURA - PIMAMPIRO,MAD,8.41281708567522e-10
IMBABURA - PIMAMPIRO,MAN,5.207863047060335e-10
IMBABURA - PIMAMPIRO,MAQ,1.2865675755002911e-09
IMBABURA - PIMAMPIRO,MET,7.161876630814021e-10
IMBABURA - PIMAMPIRO,MOL,7.396777057611041e-10
IMBABURA - PIMAMPIRO,MUE,5.489273204339392e-10
IMBABURA - PIMAMPIRO,PAN,5.666730411077101e-10
IMBABURA - PIMAMPIRO,PAP,7.240344487759522e-10
IMBABURA - PIMAMPIRO,PES,4.891269910127459e-09
IMBABURA - PIMAMPIRO,PLS,6.132116034392006e-10
IMBABURA - PIMAMPIRO,QU1,2.3674736115322456e-10
IMBABURA - PIMAMPIRO,QU2,1.0791263759911444e-09
IMBABURA - PIMAMPIRO,RES,7.819758175519284e-09
IMBABURA - PIMAMPIRO,SAL,4.07424119583621e-08
IMBABURA - PIMAMPIRO,SIL,3.1387596669583e-09
IMBABURA - PIMAMPIRO,TAB,5.6089819126118033e-11
IMBABURA - PIMAMPIRO,TEL,2.7124383702279614e-08
IMBABURA - PIMAMPIRO,TRA,4.331037214684255e-08
IMBABURA - PIMAMPIRO,VES,4.885930008038814e-10
IMBABURA - PIMAMPIRO,VID,2.7762244372333136e-10
IMBABURA - SAN MIGUEL DE URCUQUI,AGU,6.01331692282889e-08
IMBABURA - SAN MIGUEL DE URCUQUI,AYG,9.722655936456172e-10
IMBABURA - SAN MIGUEL DE URCUQUI,AZU,3.6098180696587166e-10
IMBABURA - SAN MIGUEL DE URCUQUI,BAL,1.0116393073434003e-09
IMBABURA - SAN MIGUEL DE URCUQUI,BNA,1.9780322001830753e-09
IMBABURA - SAN MIGUEL DE URCUQUI,CAN,1.424294380429384e-09
IMBABURA - SAN MIGUEL DE URCUQUI,CAR,2.184166451869609e-09
IMBABURA - SAN MIGUEL DE URCUQUI,CAU,1.2381747218723624e-10
IMBABURA - SAN MIGUEL DE URCUQUI,CEM,1.1691298834682123e-09
IMBABURA - SAN MIGUEL DE URCUQUI,CER,2.4255332693241127e-09
IMBABURA - SAN MIGUEL DE URCUQUI,CHO,5.494370912477661e-10
IMBABURA - SAN MIGUEL DE URCUQUI,CIN,1.3421976574416562e-09
IMBABURA - SAN MIGUEL DE URCUQUI,COM,5.4186625784445726e-08
IMBABURA - SAN MIGUEL DE URCUQUI,CUE,2.7401434845873345e-10
IMBABURA - SAN MIGUEL DE URCUQUI,CUL,8.430619690374332e-09
IMBABURA - SAN MIGUEL DE URCUQUI,EDU,9.256650104481716e-08
IMBABURA - SAN MIGUEL DE URCUQUI,ELE,4.3830796462419584e-08
IMBABURA - SAN MIGUEL DE URCUQUI,FRT,9.065096745090062e-09
IMBABURA - SAN MIGUEL DE URCUQUI,FRV,6.223246992092662e-09
IMBABURA - SAN MIGUEL DE URCUQUI,GAN,6.823939102566897e-09
IMBABURA - SAN MIGUEL DE URCUQUI,HIL,5.687024994641477e-10
IMBABURA - SAN MIGUEL DE URCUQUI,HOT,1.8293319428173183e-09
IMBABURA - SAN MIGUEL DE URCUQUI,INM,1.389774882292011e-07
IMBABURA - SAN MIGUEL DE URCUQUI,LAC,9.32168785339772e-10
IMBABURA - SAN MIGUEL DE URCUQUI,MAD,1.0611976731046404e-09
IMBABURA - SAN MIGUEL DE URCUQUI,MAN,6.56922894091962e-10
IMBABURA - SAN MIGUEL DE URCUQUI,MAQ,1.6228838729152136e-09
IMBABURA - SAN MIGUEL DE URCUQUI,MET,9.034033116711159e-10
IMBABURA - SAN MIGUEL DE URCUQUI,MOL,9.33033789047444e-10
IMBABURA - SAN MIGUEL DE URCUQUI,MUE,6.924201361039196e-10
IMBABURA - SAN MIGUEL DE URCUQUI,PAN,7.148046920675052e-10
IMBABURA - SAN MIGUEL DE URCUQUI,PAP,9.133012930911403e-10
IMBABURA - SAN MIGUEL DE URCUQUI,PES,6.169876504259454e-09
IMBABURA - SAN MIGUEL DE URCUQUI,PLS,7.735087070875218e-10
IMBABURA - SAN MIGUEL DE URCUQUI,QU1,2.9863450757446425e-10
IMBABURA - SAN MIGUEL DE URCUQUI,QU2,1.361216329233591e-09
IMBABURA - SAN MIGUEL DE URCUQUI,RES,9.863888749265521e-09
IMBABURA - SAN MIGUEL DE URCUQUI,SAL,5.139271700142332e-08
IMBABURA - SAN MIGUEL DE URCUQUI,SIL,3.959249822134351e-09
IMBABURA - SAN MIGUEL DE URCUQUI,TAB,7.075202626578835e-11
IMBABURA - SAN MIGUEL DE URCUQUI,TEL,3.421485642219487e-08
IMBABURA - SAN MIGUEL DE URCUQUI,TRA,5.463195701923012e-08
IMBABURA - SAN MIGUEL DE URCUQUI,VES,6.163140720498357e-10
IMBABURA - SAN MIGUEL DE URCUQUI,VID,3.5019457606236235e-10
LOJA - CALVAS,AGU,0.0043998462826116
LOJA - CALVAS,AYG,7.11390936618132e-05
LOJA - CALVAS,AZU,2.641245225974317e-05
LOJA - CALVAS,BAL,7.402000431510219e-05
LOJA - CALVAS,BNA,0.0001447294020014
LOJA - CALVAS,CAN,0.0001042133054934
LOJA - CALVAS,CAR,0.0001598119102517
LOJA - CALVAS,CAU,9.059523250091771e-06
LOJA - CALVAS,CEM,8.554333386519588e-05
LOJA - CALVAS,CER,0.0001774723280902
LOJA - CALVAS,CHO,4.020141919142694e-05
LOJA - CALVAS,CIN,9.82064216706314e-05
LOJA - CALVAS,COM,0.0039647473613082
LOJA - CALVAS,CUE,2.004918463338285e-05
LOJA - CALVAS,CUL,0.0006168547439098
LOJA - CALVAS,EDU,0.0067729404710106
LOJA - CALVAS,ELE,0.0032070281569055
LOJA - CALVAS,FRT,0.0006632783990476
LOJA - CALVAS,FRV,0.0004553448703157
LOJA - CALVAS,GAN,0.0004992965359802
LOJA - CALVAS,HIL,4.161103780643863e-05
LOJA - CALVAS,HOT,0.0001338492457916
LOJA - CALVAS,INM,0.0101687569905145
LOJA - CALVAS,LAC,6.820527535100194e-05
LOJA - CALVAS,MAD,7.764610941092881e-05
LOJA - CALVAS,MAN,4.806598073286467e-05
LOJA - CALVAS,MAQ,0.0001187437759724
LOJA - CALVAS,MET,6.610055238341452e-05
LOJA - CALVAS,MOL,6.826856626675589e-05
LOJA - CALVAS,MUE,5.066325625174428e-05
LOJA - CALVAS,PAN,5.2301097839144975e-05
LOJA - CALVAS,PAP,6.682477160078059e-05
LOJA - CALVAS,PES,0.0004514398384422
LOJA - CALVAS,PLS,5.659637523055662e-05
LOJA - CALVAS,QU1,2.1850601670815427e-05
LOJA - CALVAS,QU2,9.9597986982386e-05
LOJA - CALVAS,RES,0.0007217247120435
LOJA - CALVAS,SAL,0.0037603215954507
LOJA - CALVAS,SIL,0.0002896918761376
LOJA - CALVAS,TAB,5.176810797564392e-06
LOJA - CALVAS,TEL,0.0025034454490129
LOJA - CALVAS,TRA,0.0039973315241429
LOJA - CALVAS,VES,4.509469920893605e-05
LOJA - CALVAS,VID,2.5623168102603637e-05
LOJA - CATAMAYO,AGU,0.0050467124756935
LOJA - CATAMAYO,AYG,8.159797602735728e-05
LOJA - CATAMAYO,AZU,3.029561574905381e-05
LOJA - CATAMAYO,BAL,8.490243868387577e-05
LOJA - CATAMAYO,BNA,0.000166007544756
LOJA - CATAMAYO,CAN,0.0001195347644406
LOJA - CATAMAYO,CAR,0.0001833074860863
LOJA - CATAMAYO,CAU,1.0391455990352191e-05
LOJA - CATAMAYO,CEM,9.811993022029967e-05
LOJA - CATAMAYO,CER,0.0002035643417368
LOJA - CATAMAYO,CHO,4.611183908305344e-05
LOJA - CATAMAYO,CIN,0.000112644747476
LOJA - CATAMAYO,COM,0.004547645232599
LOJA - CATAMAYO,CUE,2.2996819369952257e-05
LOJA - CATAMAYO,CUL,0.0007075448394831
LOJA - CATAMAYO,EDU,0.007768699399173
LOJA - CATAMAYO,ELE,0.0036785260142652
LOJA - CATAMAYO,FRT,0.0007607937087622
LOJA - CATAMAYO,FRV,0.0005222897551779
LOJA - CATAMAYO,GAN,0.000572703202646
LOJA - CATAMAYO,HIL,4.7728700080780525e-05
LOJA - CATAMAYO,HOT,0.0001535277860202
LOJA - CATAMAYO,INM,0.0116637694751153
LOJA - CATAMAYO,LAC,7.823282721997652e-05
LOJA - CATAMAYO,MAD,8.906165440411718e-05
LOJA - CATAMAYO,MAN,5.513264987907835e-05
LOJA - CATAMAYO,MAQ,0.000136201507307
LOJA - CATAMAYO,MET,7.581866750253813e-05
LOJA - CATAMAYO,MOL,7.83054231775662e-05
LOJA - CATAMAYO,MUE,5.8111777312631016e-05
LOJA - CATAMAYO,PAN,5.999041466526107e-05
LOJA - CATAMAYO,PAP,7.664936155970617e-05
LOJA - CATAMAYO,PES,0.0005178106048148
LOJA - CATAMAYO,PLS,6.491718451253275e-05
LOJA - CATAMAYO,QU1,2.5063081064745263e-05
LOJA - CATAMAYO,QU2,0.0001142409009706
LOJA - CATAMAYO,RES,0.0008278328092235
LOJA - CATAMAYO,SAL,0.0043131647538187
LOJA - CATAMAYO,SIL,0.0003322824279541
LOJA - CATAMAYO,TAB,5.937906453601239e-06
LOJA - CATAMAYO,TEL,0.0028715024499111
LOJA - CATAMAYO,TRA,0.0045850199249235
LOJA - CATAMAYO,VES,5.1724530010238885e-05
LOJA - CATAMAYO,VID,2.9390290892945665e-05
LOJA - CELICA,AGU,0.0023274731741154
LOJA - CELICA,AYG,3.763184472673719e-05
LOJA - CELICA,AZU,1.3971914050748674e-05
LOJA - CELICA,BAL,3.915581666390526e-05
LOJA - CELICA,BNA,7.656035666413543e-05
LOJA - CELICA,CAN,5.5127760685748646e-05
LOJA - CELICA,CAR,8.453884752406938e-05
LOJA - CELICA,CAU,4.792394092992574e-06
LOJA - CELICA,CEM,4.525153880545574e-05
LOJA - CELICA,CER,9.388102589178944e-05
LOJA - CELICA,CHO,2.1266134932758315e-05
LOJA - CELICA,CIN,5.195018127510234e-05
LOJA - CELICA,COM,0.0020973103451497
LOJA - CELICA,CUE,1.0605811294249742e-05
LOJA - CELICA,CUL,0.0003263097791507
LOJA - CELICA,EDU,0.0035828154539073
LOJA - CELICA,ELE,0.0016964847234162
LOJA - CELICA,FRT,0.0003508674125399
LOJA - CELICA,FRV,0.0002408727265812
LOJA - CELICA,GAN,0.0002641227031079
LOJA - CELICA,HIL,2.201180859984515e-05
LOJA - CELICA,HOT,7.080486656699879e-05
LOJA - CELICA,INM,0.0053791672684239
LOJA - CELICA,LAC,3.60798851859851e-05
LOJA - CELICA,MAD,4.107398875332881e-05
LOJA - CELICA,MAN,2.542640664184421e-05
LOJA - CELICA,MAQ,6.281422927461062e-05
LOJA - CELICA,MET,3.4966508506130606e-05
LOJA - CELICA,MOL,3.6113365425775446e-05
LOJA - CELICA,MUE,2.680033852666241e-05
LOJA - CELICA,PAN,2.76667397855407e-05
LOJA - CELICA,PAP,3.5349612981225555e-05
LOJA - CELICA,PES,0.0002388070051114
LOJA - CELICA,PLS,2.9938897097809555e-05
LOJA - CELICA,QU1,1.1558742274267993e-05
LOJA - CELICA,QU2,5.2686304931498776e-05
LOJA - CELICA,RES,0.0003817849075809
LOJA - CELICA,SAL,0.0019891712294692
LOJA - CELICA,SIL,0.0001532440060768
LOJA - CELICA,TAB,2.738479366067795e-06
LOJA - CELICA,TEL,0.001324296748381
LOJA - CELICA,TRA,0.002114547030258
LOJA - CELICA,VES,2.385462944885017e-05
LOJA - CELICA,VID,1.35543908955065e-05
LOJA - GONZANAMA,AGU,0.0018066006254239
LOJA - GONZANAMA,AYG,2.9210095727534196e-05
LOJA - GONZANAMA,AZU,1.0845095420721734e-05
LOJA - GONZANAMA,BAL,3.039301318730802e-05
LOJA - GONZANAMA,BNA,5.942667342865214e-05
LOJA - GONZANAMA,CAN,4.279054557565218e-05
LOJA - GONZANAMA,CAR,6.561963270216724e-05
LOJA - GONZANAMA,CAU,3.719889132113769e-06
LOJA - GONZANAMA,CEM,3.512455448102066e-05
LOJA - GONZANAMA,CER,7.287109556311274e-05
LOJA - GONZANAMA,CHO,1.6506919648804268e-05
LOJA - GONZANAMA,CIN,4.032408666456739e-05
LOJA - GONZANAMA,COM,0.0016279466605219
LOJA - GONZANAMA,CUE,8.232303396837987e-06
LOJA - GONZANAMA,CUL,0.0002532838864274
LOJA - GONZANAMA,EDU,0.0027810059045116
LOJA - GONZANAMA,ELE,0.0013168230665046
LOJA - GONZANAMA,FRT,0.0002723456897313
LOJA - GONZANAMA,FRV,0.0001869670608146
LOJA - GONZANAMA,GAN,0.0002050138519017
LOJA - GONZANAMA,HIL,1.708571665849836e-05
LOJA - GONZANAMA,HOT,5.495922257905855e-05
LOJA - GONZANAMA,INM,0.0041753464914103
LOJA - GONZANAMA,LAC,2.800545409808944e-05
LOJA - GONZANAMA,MAD,3.1881911506293094e-05
LOJA - GONZANAMA,MAN,1.973615105527345e-05
LOJA - GONZANAMA,MAQ,4.875683516144603e-05
LOJA - GONZANAMA,MET,2.714124349041101e-05
LOJA - GONZANAMA,MOL,2.803144168961886e-05
LOJA - GONZANAMA,MUE,2.0802606398349867e-05
LOJA - GONZANAMA,PAN,2.147511299200909e-05
LOJA - GONZANAMA,PAP,2.7438611808983484e-05
LOJA - GONZANAMA,PES,0.0001853636336556
LOJA - GONZANAMA,PLS,2.323877706644748e-05
LOJA - GONZANAMA,QU1,8.971974952941356e-06
LOJA - GONZANAMA,QU2,4.089547089052762e-05
LOJA - GONZANAMA,RES,0.0002963440612265
LOJA - GONZANAMA,SAL,0.0015440083379694
LOJA - GONZANAMA,SIL,0.0001189490475335
LOJA - GONZANAMA,TAB,2.125626447801645e-06
LOJA - GONZANAMA,TEL,0.0010279282100775
LOJA - GONZANAMA,TRA,0.0016413258936075
LOJA - GONZANAMA,VES,1.8516126828369394e-05
LOJA - GONZANAMA,VID,1.0521011086784714e-05
LOJA - LOJA,AGU,0.0368307585765109
LOJA - LOJA,AYG,0.0005954996187854
LOJA - LOJA,AZU,0.0002210965088568
LOJA - LOJA,BAL,0.0006196154896446
LOJA - LOJA,BNA,0.0012115181580556
LOJA - LOJA,CAN,0.000872361180039
LOJA - LOJA,CAR,0.001337772618874
LOJA - LOJA,CAU,7.583653887207097e-05
LOJA - LOJA,CEM,0.0007160763524558
LOJA - LOJA,CER,0.0014856065530593
LOJA - LOJA,CHO,0.0003365228395646
LOJA - LOJA,CIN,0.0008220780397507
LOJA - LOJA,COM,0.0331885805779847
LOJA - LOJA,CUE,0.0001678301084759
LOJA - LOJA,CUL,0.0051636413389048
LOJA - LOJA,EDU,0.0566957387413092
LOJA - LOJA,ELE,0.0268457741948536
LOJA - LOJA,FRT,0.0055522500140248
LOJA - LOJA,FRV,0.0038116552057584
LOJA - LOJA,GAN,0.0041795710562552
LOJA - LOJA,HIL,0.0003483226433668
LOJA - LOJA,HOT,0.0011204412474323
LOJA - LOJA,INM,0.0851218451019473
LOJA - LOJA,LAC,0.0005709408621898
LOJA - LOJA,MAD,0.000649969323115
LOJA - LOJA,MAN,0.000402356450295
LOJA - LOJA,MAQ,0.0009939945771714
LOJA - LOJA,MET,0.000553322395882
LOJA - LOJA,MOL,0.000571470665344
LOJA - LOJA,MUE,0.0004240980343068
LOJA - LOJA,PAN,0.0004378082742146
LOJA - LOJA,PAP,0.000559384776574
LOJA - LOJA,PES,0.003778966498715
LOJA - LOJA,PLS,0.0004737636950318
LOJA - LOJA,QU1,0.0001829096252907
LOJA - LOJA,QU2,0.0008337267208065
LOJA - LOJA,RES,0.0060414993889737
LOJA - LOJA,SAL,0.0314773489699909
LOJA - LOJA,SIL,0.0024249873441648
LOJA - LOJA,TAB,4.333466590296258e-05
LOJA - LOJA,TEL,0.0209561400602683
LOJA - LOJA,TRA,0.0334613399785854
LOJA - LOJA,VES,0.0003774840921621
LOJA - LOJA,VID,0.0002144894747986
LOJA - MACARA,AGU,0.0029915337939611
LOJA - MACARA,AYG,4.8368735881099575e-05
LOJA - MACARA,AZU,1.7958296367914496e-05
LOJA - MACARA,BAL,5.032751830737584e-05
LOJA - MACARA,BNA,9.840409624722167e-05
LOJA - MACARA,CAN,7.085648114483578e-05
LOJA - MACARA,CAR,0.000108658962038
LOJA - MACARA,CAU,6.159731094909777e-06
LOJA - MACARA,CEM,5.816243515533314e-05
LOJA - MACARA,CER,0.0001206665944383
LOJA - MACARA,CHO,2.733366039437304e-05
LOJA - MACARA,CIN,6.677229392598356e-05
LOJA - MACARA,COM,0.0026957022936791
LOJA - MACARA,CUE,1.3631797458280665e-05
LOJA - MACARA,CUL,0.0004194105188775
LOJA - MACARA,EDU,0.0046050427678779
LOJA - MACARA,ELE,0.0021805155210724
LOJA - MACARA,FRT,0.0004509747882322
LOJA - MACARA,FRV,0.0003095970813434
LOJA - MACARA,GAN,0.0003394806010599
LOJA - MACARA,HIL,2.8292085178454604e-05
LOJA - MACARA,HOT,9.100648440022936e-05
LOJA - MACARA,INM,0.0069139188566483
LOJA - MACARA,LAC,4.637398059684808e-05
LOJA - MACARA,MAD,5.279297169775682e-05
LOJA - MACARA,MAN,3.2680915756197387e-05
LOJA - MACARA,MAQ,8.07360066300396e-05
LOJA - MACARA,MET,4.494294199230698e-05
LOJA - MACARA,MOL,4.641701321689142e-05
LOJA - MACARA,MUE,3.444684960658279e-05
LOJA - MACARA,PAN,3.556044725139773e-05
LOJA - MACARA,PAP,4.5435351527510274e-05
LOJA - MACARA,PES,0.0003069419806727
LOJA - MACARA,PLS,3.84808827951636e-05
LOJA - MACARA,QU1,1.485661296281191e-05
LOJA - MACARA,QU2,6.771844394787635e-05
LOJA - MACARA,RES,0.0004907134766384
LOJA - MACARA,SAL,0.002556709577198
LOJA - MACARA,SIL,0.000196966662387
LOJA - MACARA,TAB,3.519805795729819e-06
LOJA - MACARA,TEL,0.0017021371159392
LOJA - MACARA,TRA,0.0027178568459081
LOJA - MACARA,VES,3.066068856659459e-05
LOJA - MACARA,VID,1.7421648022163763e-05
LOJA - OLMEDO,AGU,0.0006940026315484
LOJA - OLMEDO,AYG,1.122100978899756e-05
LOJA - OLMEDO,AZU,4.16612540450596e-06
LOJA - OLMEDO,BAL,1.1675425567689662e-05
LOJA - OLMEDO,BNA,2.2828657957525904e-05
LOJA - OLMEDO,CAN,1.6437917056476285e-05
LOJA - OLMEDO,CAR,2.5207672982987528e-05
LOJA - OLMEDO,CAU,1.4289892355980256e-06
LOJA - OLMEDO,CEM,1.349303930196268e-05
LOJA - OLMEDO,CER,2.799331040459041e-05
LOJA - OLMEDO,CHO,6.341105783875663e-06
LOJA - OLMEDO,CIN,1.549043095976506e-05
LOJA - OLMEDO,COM,0.0006253730074723
LOJA - OLMEDO,CUE,3.16242568540582e-06
LOJA - OLMEDO,CUL,9.729858455475377e-05
LOJA - OLMEDO,EDU,0.0010683188021314
LOJA - OLMEDO,ELE,0.0005058553952528
LOJA - OLMEDO,FRT,0.0001046211446539
LOJA - OLMEDO,FRV,7.182308607237853e-05
LOJA - OLMEDO,GAN,7.875573091331261e-05
LOJA - OLMEDO,HIL,6.563449694426352e-06
LOJA - OLMEDO,HOT,2.1112494129007467e-05
LOJA - OLMEDO,INM,0.0016039524241753
LOJA - OLMEDO,LAC,1.0758248706585504e-05
LOJA - OLMEDO,MAD,1.224738338556169e-05
LOJA - OLMEDO,MAN,7.581609668591548e-06
LOJA - OLMEDO,MAQ,1.8729857297640243e-05
LOJA - OLMEDO,MET,1.0426263636116384e-05
LOJA - OLMEDO,MOL,1.0768231796735708e-05
LOJA - OLMEDO,MUE,7.991286718465409e-06
LOJA - OLMEDO,PAN,8.249629010151304e-06
LOJA - OLMEDO,PAP,1.0540497182105558e-05
LOJA - OLMEDO,PES,7.120713219070875e-05
LOJA - OLMEDO,PLS,8.927137636907423e-06
LOJA - OLMEDO,QU1,3.446569285930049e-06
LOJA - OLMEDO,QU2,1.5709927261748584e-05
LOJA - OLMEDO,RES,0.0001138400792298
LOJA - OLMEDO,SAL,0.0005931282401898
LOJA - OLMEDO,SIL,4.569407917097352e-05
LOJA - OLMEDO,TAB,8.165558716759415e-07
LOJA - OLMEDO,TEL,0.000394876915682
LOJA - OLMEDO,TRA,0.0006305126176544
LOJA - OLMEDO,VES,7.112939386898493e-06
LOJA - OLMEDO,VID,4.0416289455594e-06
LOJA - PINDAL,AGU,0.0014502609535245
LOJA - PINDAL,AYG,2.344860324202366e-05
LOJA - PINDAL,AZU,8.705974195171145e-06
LOJA - PINDAL,BAL,2.439819828755282e-05
LOJA - PINDAL,BNA,4.7705166741656735e-05
LOJA - PINDAL,CAN,3.4350401829302744e-05
LOJA - PINDAL,CAR,5.267660696743396e-05
LOJA - PINDAL,CAU,2.986166330192126e-06
LOJA - PINDAL,CEM,2.8196475278988236e-05
LOJA - PINDAL,CER,5.849776815556041e-05
LOJA - PINDAL,CHO,1.325104214663422e-05
LOJA - PINDAL,CIN,3.2370435143871304e-05
LOJA - PINDAL,COM,0.0013068452667127
LOJA - PINDAL,CUE,6.608537607032108e-06
LOJA - PINDAL,CUL,0.0002033253644847
LOJA - PINDAL,EDU,0.0022324714262113
LOJA - PINDAL,ELE,0.0010570886831194
LOJA - PINDAL,FRT,0.0002186273568821
LOJA - PINDAL,FRV,0.0001500890811609
LOJA - PINDAL,GAN,0.0001645762655899
LOJA - PINDAL,HIL,1.3715675387298104e-05
LOJA - PINDAL,HOT,4.411889015247677e-05
LOJA - PINDAL,INM,0.0033517878266577
LOJA - PINDAL,LAC,2.248156897136742e-05
LOJA - PINDAL,MAD,2.5593421551291985e-05
LOJA - PINDAL,MAN,1.584332964658929e-05
LOJA - PINDAL,MAQ,3.913988141982744e-05
LOJA - PINDAL,MET,2.1787818021489576e-05
LOJA - PINDAL,MOL,2.25024306874218e-05
LOJA - PINDAL,MUE,1.6699433934928304e-05
LOJA - PINDAL,PAN,1.7239293182205454e-05
LOJA - PINDAL,PAP,2.2026532464057484e-05
LOJA - PINDAL,PES,0.000148801919091
LOJA - PINDAL,PLS,1.8655086527063743e-05
LOJA - PINDAL,QU1,7.202313985249485e-06
LOJA - PINDAL,QU2,3.282911772191787e-05
LOJA - PINDAL,RES,0.0002378922130091
LOJA - PINDAL,SAL,0.0012394632067328
LOJA - PINDAL,SIL,9.548715785279566e-05
LOJA - PINDAL,TAB,1.706361104741934e-06
LOJA - PINDAL,TEL,0.000825176369986
LOJA - PINDAL,TRA,0.0013175855371738
LOJA - PINDAL,VES,1.4863946891079752e-05
LOJA - PINDAL,VID,8.445813289355235e-06
LOJA - QUILANGA,AGU,0.0006514612480895
LOJA - QUILANGA,AYG,1.053317769942122e-05
LOJA - QUILANGA,AZU,3.910747787312524e-06
LOJA - QUILANGA,BAL,1.0959738431154824e-05
LOJA - QUILANGA,BNA,2.142929339048444e-05
LOJA - QUILANGA,CAN,1.5430295902066016e-05
LOJA - QUILANGA,CAR,2.366247814693576e-05
LOJA - QUILANGA,CAU,1.3413942089127046e-06
LOJA - QUILANGA,CEM,1.2665935004548658e-05
LOJA - QUILANGA,CER,2.627735991957896e-05
LOJA - QUILANGA,CHO,5.952404933990969e-06
LOJA - QUILANGA,CIN,1.454088936806798e-05
LOJA - QUILANGA,COM,0.0005870385232696
LOJA - QUILANGA,CUE,2.9685734467725888e-06
LOJA - QUILANGA,CUL,9.133431841600232e-05
LOJA - QUILANGA,EDU,0.0010028323648302
LOJA - QUILANGA,ELE,0.000474847172278
LOJA - QUILANGA,FRT,9.82080158986699e-05
LOJA - QUILANGA,FRV,6.742043209542315e-05
LOJA - QUILANGA,GAN,7.392811557575794e-05
LOJA - QUILANGA,HIL,6.161119476109184e-06
LOJA - QUILANGA,HOT,1.9818327986566128e-05
LOJA - QUILANGA,INM,0.0015056324005547
LOJA - QUILANGA,LAC,1.0098783219327092e-05
LOJA - QUILANGA,MAD,1.149663604068427e-05
LOJA - QUILANGA,MAN,7.116867678453298e-06
LOJA - QUILANGA,MAQ,1.7581743435808073e-05
LOJA - QUILANGA,MET,9.787148365908207e-06
LOJA - QUILANGA,MOL,1.010815436011734e-05
LOJA - QUILANGA,MUE,7.501432102408009e-06
LOJA - QUILANGA,PAN,7.743938375619838e-06
LOJA - QUILANGA,PAP,9.894379556484192e-06
LOJA - QUILANGA,PES,6.684223531881596e-05
LOJA - QUILANGA,PLS,8.37991667817068e-06
LOJA - QUILANGA,QU1,3.235299444945204e-06
LOJA - QUILANGA,QU2,1.4746930856011894e-05
LOJA - QUILANGA,RES,0.0001068618427746
LOJA - QUILANGA,SAL,0.0005567703147884
LOJA - QUILANGA,SIL,4.28930965011023e-05
LOJA - QUILANGA,TAB,7.66502147275718e-07
LOJA - QUILANGA,TEL,0.0003706715171353
LOJA - QUILANGA,TRA,0.0005918630825893
LOJA - QUILANGA,VES,6.67692622466799e-06
LOJA - QUILANGA,VID,3.7938827858829183e-06
LOJA - SARAGURO,AGU,0.0048409722657949
LOJA - SARAGURO,AYG,7.827145707149678e-05
LOJA - SARAGURO,AZU,2.9060549084717608e-05
LOJA - SARAGURO,BAL,8.144120612112193e-05
LOJA - SARAGURO,BNA,0.000159239886153
LOJA - SARAGURO,CAN,0.0001146616697984
LOJA - SARAGURO,CAR,0.0001758345577503
LOJA - SARAGURO,CAU,9.96782568707963e-06
LOJA - SARAGURO,CEM,9.4119857869043e-05
LOJA - SARAGURO,CER,0.0001952655986246
LOJA - SARAGURO,CHO,4.423198967664244e-05
LOJA - SARAGURO,CIN,0.0001080525393601
LOJA - SARAGURO,COM,0.00436225058426
LOJA - SARAGURO,CUE,2.2059304013774817e-05
LOJA - SARAGURO,CUL,0.0006787002352998
LOJA - SARAGURO,EDU,0.0074519914724339
LOJA - SARAGURO,ELE,0.0035285629010628
LOJA - SARAGURO,FRT,0.0007297782986146
LOJA - SARAGURO,FRV,0.0005009974774078
LOJA - SARAGURO,GAN,0.0005493557110483
LOJA - SARAGURO,HIL,4.578293581937206e-05
LOJA - SARAGURO,HOT,0.0001472688919237
LOJA - SARAGURO,INM,0.0111882705455494
LOJA - SARAGURO,LAC,7.504349587393235e-05
LOJA - SARAGURO,MAD,8.543086236687027e-05
LOJA - SARAGURO,MAN,5.288504750168499e-05
LOJA - SARAGURO,MAQ,0.0001306489566442
LOJA - SARAGURO,MET,7.272775462780311e-05
LOJA - SARAGURO,MOL,7.511313229942579e-05
LOJA - SARAGURO,MUE,5.574272432626282e-05
LOJA - SARAGURO,PAN,5.754477494146429e-05
LOJA - SARAGURO,PAP,7.352458363509831e-05
LOJA - SARAGURO,PES,0.0004967009293507
LOJA - SARAGURO,PLS,6.227069430094181e-05
LOJA - SARAGURO,QU1,2.4041330056776746e-05
LOJA - SARAGURO,QU2,0.0001095836221861
LOJA - SARAGURO,RES,0.0007940844043459
LOJA - SARAGURO,SAL,0.0041373292121562
LOJA - SARAGURO,SIL,0.0003187362121151
LOJA - SARAGURO,TAB,5.695834782982736e-06
LOJA - SARAGURO,TEL,0.0027544394074623
LOJA - SARAGURO,TRA,0.0043981016159676
LOJA - SARAGURO,VES,4.9615867051437706e-05
LOJA - SARAGURO,VID,2.819213176531167e-05
LOJA - SOZORANGA,AGU,0.0011136355812768
LOJA - SOZORANGA,AYG,1.800586221265826e-05
LOJA - SOZORANGA,AZU,6.685198694661416e-06
LOJA - SOZORANGA,BAL,1.873504328033815e-05
LOJA - SOZORANGA,BNA,3.663214607353421e-05
LOJA - SOZORANGA,CAN,2.6377204471582462e-05
LOJA - SOZORANGA,CAR,4.044964713233442e-05
LOJA - SOZORANGA,CAU,2.293036345514901e-06
LOJA - SOZORANGA,CEM,2.1651688312342795e-05
LOJA - SOZORANGA,CER,4.491963731423292e-05
LOJA - SOZORANGA,CHO,1.0175294306605863e-05
LOJA - SOZORANGA,CIN,2.4856815092498258e-05
LOJA - SOZORANGA,COM,0.0010035086338756
LOJA - SOZORANGA,CUE,5.074605781470896e-06
LOJA - SOZORANGA,CUL,0.0001561307707526
LOJA - SOZORANGA,EDU,0.0017142843212945
LOJA - SOZORANGA,ELE,0.0008117239640396
LOJA - SOZORANGA,FRT,0.0001678809617488
LOJA - SOZORANGA,FRV,0.0001152513557893
LOJA - SOZORANGA,GAN,0.0001263758668736
LOJA - SOZORANGA,HIL,1.053207982702532e-05
LOJA - SOZORANGA,HOT,3.387829325531903e-05
LOJA - SOZORANGA,INM,0.0025737920996805
LOJA - SOZORANGA,LAC,1.72632898021554e-05
LOJA - SOZORANGA,MAD,1.965283890245359e-05
LOJA - SOZORANGA,MAN,1.2165876477237493e-05
LOJA - SOZORANGA,MAQ,3.0054980443448156e-05
LOJA - SOZORANGA,MET,1.6730567921689003e-05
LOJA - SOZORANGA,MOL,1.7279309229023506e-05
LOJA - SOZORANGA,MUE,1.282326726919188e-05
LOJA - SOZORANGA,PAN,1.3237817812794444e-05
LOJA - SOZORANGA,PAP,1.6913873482224317e-05
LOJA - SOZORANGA,PES,0.0001142629616134
LOJA - SOZORANGA,PLS,1.4324986188070214e-05
LOJA - SOZORANGA,QU1,5.530558553623763e-06
LOJA - SOZORANGA,QU2,2.5209031180356825e-05
LOJA - SOZORANGA,RES,0.0001826741816855
LOJA - SOZORANGA,SAL,0.0009517668701943
LOJA - SOZORANGA,SIL,7.332328453127115e-05
LOJA - SOZORANGA,TAB,1.3102913900628144e-06
LOJA - SOZORANGA,TEL,0.0006336416658064
LOJA - SOZORANGA,TRA,0.0010117559408922
LOJA - SOZORANGA,VES,1.141382183384815e-05
LOJA - SOZORANGA,VID,6.485424687873397e-06
LOJA - ZAPOTILLO,AGU,0.0020196039983521
LOJA - ZAPOTILLO,AYG,3.265404943039552e-05
LOJA - ZAPOTILLO,AZU,1.2123763141651931e-05
LOJA - ZAPOTILLO,BAL,3.397643623678732e-05
LOJA - ZAPOTILLO,BNA,6.64332479333162e-05
LOJA - ZAPOTILLO,CAN,4.783567309790848e-05
LOJA - ZAPOTILLO,CAR,7.335637479069126e-05
LOJA - ZAPOTILLO,CAU,4.1584746838448e-06
LOJA - ZAPOTILLO,CEM,3.926583976110411e-05
LOJA - ZAPOTILLO,CER,8.146280583127108e-05
LOJA - ZAPOTILLO,CHO,1.845313261495167e-05
LOJA - ZAPOTILLO,CIN,4.507841163762907e-05
LOJA - ZAPOTILLO,COM,0.0018198862207979
LOJA - ZAPOTILLO,CUE,9.202915476684514e-06
LOJA - ZAPOTILLO,CUL,0.0002831467799514
LOJA - ZAPOTILLO,EDU,0.0031088944424973
LOJA - ZAPOTILLO,ELE,0.0014720802665563
LOJA - ZAPOTILLO,FRT,0.0003044560243004
LOJA - ZAPOTILLO,FRV,0.0002090110112149
LOJA - ZAPOTILLO,GAN,0.0002291855705082
LOJA - ZAPOTILLO,HIL,1.910017144498537e-05
LOJA - ZAPOTILLO,HOT,6.143907187065506e-05
LOJA - ZAPOTILLO,INM,0.0046676317664725
LOJA - ZAPOTILLO,LAC,3.1307377112689915e-05
LOJA - ZAPOTILLO,MAD,3.564087991949467e-05
LOJA - ZAPOTILLO,MAN,2.206309962610504e-05
LOJA - ZAPOTILLO,MAQ,5.450540526406912e-05
LOJA - ZAPOTILLO,MET,3.034127360640107e-05
LOJA - ZAPOTILLO,MOL,3.133642871547459e-05
LOJA - ZAPOTILLO,MUE,2.3255293099654688e-05
LOJA - ZAPOTILLO,PAN,2.400709014121369e-05
LOJA - ZAPOTILLO,PAP,3.067370249894133e-05
LOJA - ZAPOTILLO,PES,0.0002072185354148
LOJA - ZAPOTILLO,PLS,2.5978695246603236e-05
LOJA - ZAPOTILLO,QU1,1.0029796421565824e-05
LOJA - ZAPOTILLO,QU2,4.571716369555767e-05
LOJA - ZAPOTILLO,RES,0.0003312838723282
LOJA - ZAPOTILLO,SAL,0.0017260513303101
LOJA - ZAPOTILLO,SIL,0.0001329734799258
LOJA - ZAPOTILLO,TAB,2.376243876244576e-06
LOJA - ZAPOTILLO,TEL,0.0011491238815465
LOJA - ZAPOTILLO,TRA,0.001834842903672
LOJA - ZAPOTILLO,VES,2.06992310587709e-05
LOJA - ZAPOTILLO,VID,1.176146833924152e-05
LOS RIOS - BABA,AGU,3.165910578427472e-07
LOS RIOS - BABA,AYG,5.118815401659671e-09
LOS RIOS - BABA,AZU,1.900508714174812e-09
LOS RIOS - BABA,BAL,5.326111405358647e-09
LOS RIOS - BABA,BNA,1.04140080215226e-08
LOS RIOS - BABA,CAN,7.498671205366802e-09
LOS RIOS - BABA,CAR,1.1499270309151406e-08
LOS RIOS - BABA,CAU,6.518782396177305e-10
LOS RIOS - BABA,CEM,6.155272893693474e-09
LOS RIOS - BABA,CER,1.2770026150673064e-08
LOS RIOS - BABA,CHO,2.892694201361686e-09
LOS RIOS - BABA,CIN,7.066445718008312e-09
LOS RIOS - BABA,COM,2.852835032342915e-07
LOS RIOS - BABA,CUE,1.4426396206277267e-09
LOS RIOS - BABA,CUL,4.438579972249124e-08
LOS RIOS - BABA,EDU,4.87347114124727e-07
LOS RIOS - BABA,ELE,2.30761797460686e-07
LOS RIOS - BABA,FRT,4.772621507906131e-08
LOS RIOS - BABA,FRV,3.2764352415279715e-08
LOS RIOS - BABA,GAN,3.5926895702676667e-08
LOS RIOS - BABA,HIL,2.9941233467945753e-09
LOS RIOS - BABA,HOT,9.631126088222352e-09
LOS RIOS - BABA,INM,7.316931833040978e-07
LOS RIOS - BABA,LAC,4.907712426037799e-09
LOS RIOS - BABA,MAD,5.587027895253676e-09
LOS RIOS - BABA,MAN,3.4585889390285715e-09
LOS RIOS - BABA,MAQ,8.544211600283587e-09
LOS RIOS - BABA,MET,4.7562670281820125e-09
LOS RIOS - BABA,MOL,4.9122665255865874e-09
LOS RIOS - BABA,MUE,3.6454759689870542e-09
LOS RIOS - BABA,PAN,3.763326904548884e-09
LOS RIOS - BABA,PAP,4.808378241485554e-09
LOS RIOS - BABA,PES,3.248336574157634e-08
LOS RIOS - BABA,PLS,4.072393705007164e-09
LOS RIOS - BABA,QU1,1.5722606321050186e-09
LOS RIOS - BABA,QU2,7.166575837518794e-09
LOS RIOS - BABA,RES,5.193172110582943e-08
LOS RIOS - BABA,SAL,2.705740417426612e-07
LOS RIOS - BABA,SIL,2.084478675478736e-08
LOS RIOS - BABA,TAB,3.7249756045563987e-10
LOS RIOS - BABA,TEL,1.8013548475247427e-07
LOS RIOS - BABA,TRA,2.8762809754921216e-07
LOS RIOS - BABA,VES,3.2447902968971926e-09
LOS RIOS - BABA,VID,1.8437157513763475e-09
LOS RIOS - BABAHOYO,AGU,0.0746902771623716
LOS RIOS - BABAHOYO,AYG,0.0012076327856451
LOS RIOS - BABAHOYO,AZU,0.0004483687049737
LOS RIOS - BABAHOYO,BAL,0.0012565381340034
LOS RIOS - BABAHOYO,BNA,0.0024568765485632
LOS RIOS - BABAHOYO,CAN,0.0017690892297928
LOS RIOS - BABAHOYO,CAR,0.0027129120209774
LOS RIOS - BABAHOYO,CAU,0.000153791350662
LOS RIOS - BABAHOYO,CEM,0.0014521542129858
LOS RIOS - BABAHOYO,CER,0.003012709199886
LOS RIOS - BABAHOYO,CHO,0.0006824454648779
LOS RIOS - BABAHOYO,CIN,0.00166711843609
LOS RIOS - BABAHOYO,COM,0.0673041875270063
LOS RIOS - BABAHOYO,CUE,0.0003403480624005
LOS RIOS - BABAHOYO,CUL,0.0104715139648481
LOS RIOS - BABAHOYO,EDU,0.1149751078766665
LOS RIOS - BABAHOYO,ELE,0.0544414069312935
LOS RIOS - BABAHOYO,FRT,0.0112595859670068
LOS RIOS - BABAHOYO,FRV,0.0077297779021869
LOS RIOS - BABAHOYO,GAN,0.0084758862612897
LOS RIOS - BABAHOYO,HIL,0.0007063746656467
LOS RIOS - BABAHOYO,HOT,0.0022721787589856
LOS RIOS - BABAHOYO,INM,0.1726213211174974
LOS RIOS - BABAHOYO,LAC,0.0011578292950903
LOS RIOS - BABAHOYO,MAD,0.0013180936469079
LOS RIOS - BABAHOYO,MAN,0.000815951556582
LOS RIOS - BABAHOYO,MAQ,0.0020157534988752
LOS RIOS - BABAHOYO,MET,0.001122100241914
LOS RIOS - BABAHOYO,MOL,0.0011589036999072
LOS RIOS - BABAHOYO,MUE,0.0008600420124552
LOS RIOS - BABAHOYO,PAN,0.0008878454479058
LOS RIOS - BABAHOYO,PAP,0.0011343943382521
LOS RIOS - BABAHOYO,PES,0.0076634874242409
LOS RIOS - BABAHOYO,PLS,0.0009607605995377
LOS RIOS - BABAHOYO,QU1,0.0003709282984288
LOS RIOS - BABAHOYO,QU2,0.0016907411701922
LOS RIOS - BABAHOYO,RES,0.012251750473761
LOS RIOS - BABAHOYO,SAL,0.0638339260382412
LOS RIOS - BABAHOYO,SIL,0.0049177096495218
LOS RIOS - BABAHOYO,TAB,8.787975953053728e-05
LOS RIOS - BABAHOYO,TEL,0.0424976288800404
LOS RIOS - BABAHOYO,TRA,0.0678573250679338
LOS RIOS - BABAHOYO,VES,0.0007655121034069
LOS RIOS - BABAHOYO,VID,0.0004349700885971
LOS RIOS - BUENA FE,AGU,2.625335672334256e-07
LOS RIOS - BUENA FE,AYG,4.24478466500029e-09
LOS RIOS - BUENA FE,AZU,1.5759994476481842e-09
LOS RIOS - BUENA FE,BAL,4.416685159269328e-09
LOS RIOS - BUENA FE,BNA,8.635830379156964e-09
LOS RIOS - BUENA FE,CAN,6.218283341512948e-09
LOS RIOS - BUENA FE,CAR,9.535785613826348e-09
LOS RIOS - BUENA FE,CAU,5.405709207797486e-10
LOS RIOS - BUENA FE,CEM,5.1042684562468516e-09
LOS RIOS - BUENA FE,CER,1.058956163147718e-08
LOS RIOS - BUENA FE,CHO,2.3987706183923292e-09
LOS RIOS - BUENA FE,CIN,5.859859765627261e-09
LOS RIOS - BUENA FE,COM,2.365717348029097e-07
LOS RIOS - BUENA FE,CUE,1.1963108762970683e-09
LOS RIOS - BUENA FE,CUL,3.680698505844095e-08
LOS RIOS - BUENA FE,EDU,4.041332601871244e-07
LOS RIOS - BUENA FE,ELE,1.9135953580420757e-07
LOS RIOS - BUENA FE,FRT,3.957702905645322e-08
LOS RIOS - BUENA FE,FRV,2.716988400205865e-08
LOS RIOS - BUENA FE,GAN,2.9792427343705562e-08
LOS RIOS - BUENA FE,HIL,2.482880875812047e-09
LOS RIOS - BUENA FE,HOT,7.986624466417622e-09
LOS RIOS - BUENA FE,INM,6.06757571872481e-07
LOS RIOS - BUENA FE,LAC,4.069727234063219e-09
LOS RIOS - BUENA FE,MAD,4.633050514971161e-09
LOS RIOS - BUENA FE,MAN,2.868039602711225e-09
LOS RIOS - BUENA FE,MAQ,7.085299142384016e-09
LOS RIOS - BUENA FE,MET,3.944140930991091e-09
LOS RIOS - BUENA FE,MOL,4.073503727335728e-09
LOS RIOS - BUENA FE,MUE,3.023015927623822e-09
LOS RIOS - BUENA FE,PAN,3.1207439769429283e-09
LOS RIOS - BUENA FE,PAP,3.9873542258158495e-09
LOS RIOS - BUENA FE,PES,2.6936875419014465e-08
LOS RIOS - BUENA FE,PLS,3.3770380434608663e-09
LOS RIOS - BUENA FE,QU1,1.3037992771489995e-09
LOS RIOS - BUENA FE,QU2,5.9428928040261325e-09
LOS RIOS - BUENA FE,RES,4.306445067458847e-08
LOS RIOS - BUENA FE,SAL,2.2437389376534454e-07
LOS RIOS - BUENA FE,SIL,1.7285567893937762e-08
LOS RIOS - BUENA FE,TAB,3.0889411090297503e-10
LOS RIOS - BUENA FE,TEL,1.4937759682675386e-07
LOS RIOS - BUENA FE,TRA,2.38515992841673e-07
LOS RIOS - BUENA FE,VES,2.6907467866384062e-09
LOS RIOS - BUENA FE,VID,1.528903805658694e-09
LOS RIOS - MOCACHE,AGU,3.107892220927825e-07
LOS RIOS - MOCACHE,AYG,5.025008184244292e-09
LOS RIOS - MOCACHE,AZU,1.865680063371617e-09
LOS RIOS - MOCACHE,BAL,5.228505289221111e-09
LOS RIOS - MOCACHE,BNA,1.0223161304463076e-08
LOS RIOS - MOCACHE,CAN,7.3612508405182845e-09
LOS RIOS - MOCACHE,CAR,1.1288535116462289e-08
LOS RIOS - MOCACHE,CAU,6.399319436578591e-10
LOS RIOS - MOCACHE,CEM,6.042471595486377e-09
LOS RIOS - MOCACHE,CER,1.2536003134502592e-08
LOS RIOS - MOCACHE,CHO,2.8396827968528693e-09
LOS RIOS - MOCACHE,CIN,6.936946301090825e-09
LOS RIOS - MOCACHE,COM,2.800554085457737e-07
LOS RIOS - MOCACHE,CUE,1.4162018615125247e-09
LOS RIOS - MOCACHE,CUL,4.3572387235810587e-08
LOS RIOS - MOCACHE,EDU,4.784160093467283e-07
LOS RIOS - MOCACHE,ELE,2.265328654897187e-07
LOS RIOS - MOCACHE,FRT,4.685158626691798e-08
LOS RIOS - MOCACHE,FRV,3.216391413233289e-08
LOS RIOS - MOCACHE,GAN,3.5268500771078255e-08
LOS RIOS - MOCACHE,HIL,2.939253155603435e-09
LOS RIOS - MOCACHE,HOT,9.454626435857496e-09
LOS RIOS - MOCACHE,INM,7.182842017054834e-07
LOS RIOS - MOCACHE,LAC,4.817773873768026e-09
LOS RIOS - MOCACHE,MAD,5.484640233392317e-09
LOS RIOS - MOCACHE,MAN,3.395206968964035e-09
LOS RIOS - MOCACHE,MAQ,8.387630701708707e-09
LOS RIOS - MOCACHE,MET,4.669103858544443e-09
LOS RIOS - MOCACHE,MOL,4.822244515060757e-09
LOS RIOS - MOCACHE,MUE,3.578669114281094e-09
LOS RIOS - MOCACHE,PAN,3.694360318055904e-09
LOS RIOS - MOCACHE,PAP,4.720260083724256e-09
LOS RIOS - MOCACHE,PES,3.18880768097826e-08
LOS RIOS - MOCACHE,PLS,3.997763172020418e-09
LOS RIOS - MOCACHE,QU1,1.5434474432368101e-09
LOS RIOS - MOCACHE,QU2,7.035241439818899e-09
LOS RIOS - MOCACHE,RES,5.098002234932615e-08
LOS RIOS - MOCACHE,SAL,2.656155120890069e-07
LOS RIOS - MOCACHE,SIL,2.0462785981239333e-08
LOS RIOS - MOCACHE,TAB,3.656711842536322e-10
LOS RIOS - MOCACHE,TEL,1.7683432867309678e-07
LOS RIOS - MOCACHE,TRA,2.823570359139708e-07
LOS RIOS - MOCACHE,VES,3.185326392660744e-09
LOS RIOS - MOCACHE,VID,1.8099278862610238e-09
LOS RIOS - MONTALVO,AGU,9.538205983801459e-08
LOS RIOS - MONTALVO,AYG,1.5421887158397467e-09
LOS RIOS - MONTALVO,AZU,5.725822994916368e-10
LOS RIOS - MONTALVO,BAL,1.604642532330098e-09
LOS RIOS - MONTALVO,BNA,3.137516084727243e-09
LOS RIOS - MONTALVO,CAN,2.259187958401392e-09
LOS RIOS - MONTALVO,CAR,3.464482213094544e-09
LOS RIOS - MONTALVO,CAU,1.9639685871734863e-10
LOS RIOS - MONTALVO,CEM,1.8544510115544627e-09
LOS RIOS - MONTALVO,CER,3.8473335498992925e-09
LOS RIOS - MONTALVO,CHO,8.715063946765195e-10
LOS RIOS - MONTALVO,CIN,2.1289677380968123e-09
LOS RIOS - MONTALVO,COM,8.594976864383663e-08
LOS RIOS - MONTALVO,CUE,4.346362135337133e-10
LOS RIOS - MONTALVO,CUL,1.3372484472355658e-08
LOS RIOS - MONTALVO,EDU,1.468271779944505e-07
LOS RIOS - MONTALVO,ELE,6.952355421439516e-08
LOS RIOS - MONTALVO,FRT,1.4378879597964192e-08
LOS RIOS - MONTALVO,FRV,9.871192963953768e-09
LOS RIOS - MONTALVO,GAN,1.0823999070147198e-08
LOS RIOS - MONTALVO,HIL,9.020648093232273e-10
LOS RIOS - MONTALVO,HOT,2.9016506376202834e-09
LOS RIOS - MONTALVO,INM,2.2044338039277205e-07
LOS RIOS - MONTALVO,LAC,1.478587940789588e-09
LOS RIOS - MONTALVO,MAD,1.683251045221999e-09
LOS RIOS - MONTALVO,MAN,1.0419982781111131e-09
LOS RIOS - MONTALVO,MAQ,2.5741867369220044e-09
LOS RIOS - MONTALVO,MET,1.4329607076677744e-09
LOS RIOS - MONTALVO,MOL,1.4799599927945644e-09
LOS RIOS - MONTALVO,MUE,1.098303310842969e-09
LOS RIOS - MONTALVO,PAN,1.1338092567920427e-09
LOS RIOS - MONTALVO,PAP,1.4486606926876256e-09
LOS RIOS - MONTALVO,PES,9.786537737405417e-09
LOS RIOS - MONTALVO,PLS,1.226924420107546e-09
LOS RIOS - MONTALVO,QU1,4.736882295863336e-10
LOS RIOS - MONTALVO,QU2,2.1591347842408644e-09
LOS RIOS - MONTALVO,RES,1.5645907890638117e-08
LOS RIOS - MONTALVO,SAL,8.151812504107717e-08
LOS RIOS - MONTALVO,SIL,6.280084823315957e-09
LOS RIOS - MONTALVO,TAB,1.1222548369809632e-10
LOS RIOS - MONTALVO,TEL,5.427093772858397e-08
LOS RIOS - MONTALVO,TRA,8.66561443600854e-08
LOS RIOS - MONTALVO,VES,9.775853568618008e-10
LOS RIOS - MONTALVO,VID,5.55471804290247e-10
LOS RIOS - PALENQUE,AGU,1.7529140720304176e-07
LOS RIOS - PALENQUE,AYG,2.834206250434318e-09
LOS RIOS - PALENQUE,AZU,1.052281290505749e-09
LOS RIOS - PALENQUE,BAL,2.948982733521246e-09
LOS RIOS - PALENQUE,BNA,5.7660697467431054e-09
LOS RIOS - PALENQUE,CAN,4.151894360814742e-09
LOS RIOS - PALENQUE,CAR,6.3669621246868244e-09
LOS RIOS - PALENQUE,CAU,3.609345593216079e-10
LOS RIOS - PALENQUE,CEM,3.4080761933276e-09
LOS RIOS - PALENQUE,CER,7.070559317828202e-09
LOS RIOS - PALENQUE,CHO,1.601638532117452e-09
LOS RIOS - PALENQUE,CIN,3.9125780187033894e-09
LOS RIOS - PALENQUE,COM,1.5795691474833645e-07
LOS RIOS - PALENQUE,CUE,7.98766493626945e-10
LOS RIOS - PALENQUE,CUL,2.4575707684872348e-08
LOS RIOS - PALENQUE,EDU,2.698363055904671e-07
LOS RIOS - PALENQUE,ELE,1.277691179315589e-07
LOS RIOS - PALENQUE,FRT,2.6425242262651432e-08
LOS RIOS - PALENQUE,FRV,1.8141098109674023e-08
LOS RIOS - PALENQUE,GAN,1.9892147766495672e-08
LOS RIOS - PALENQUE,HIL,1.6577982283371866e-09
LOS RIOS - PALENQUE,HOT,5.332600536661365e-09
LOS RIOS - PALENQUE,INM,4.051268175930471e-07
LOS RIOS - PALENQUE,LAC,2.7173219078579475e-09
LOS RIOS - PALENQUE,MAD,3.0934480225531783e-09
LOS RIOS - PALENQUE,MAN,1.91496540107689e-09
LOS RIOS - PALENQUE,MAQ,4.730793361820705e-09
LOS RIOS - PALENQUE,MET,2.633469012310432e-09
LOS RIOS - PALENQUE,MOL,2.719843439969086e-09
LOS RIOS - PALENQUE,MUE,2.018441761693782e-09
LOS RIOS - PALENQUE,PAN,2.083693940563248e-09
LOS RIOS - PALENQUE,PAP,2.662322157984474e-09
LOS RIOS - PALENQUE,PES,1.7985520280741056e-08
LOS RIOS - PALENQUE,PLS,2.2548192867471683e-09
LOS RIOS - PALENQUE,QU1,8.705355753557852e-10
LOS RIOS - PALENQUE,QU2,3.968018465038166e-09
LOS RIOS - PALENQUE,RES,2.8753763713813913e-08
LOS RIOS - PALENQUE,SAL,1.4981252108909553e-07
LOS RIOS - PALENQUE,SIL,1.1541425168454766e-08
LOS RIOS - PALENQUE,TAB,2.06245943890184e-10
LOS RIOS - PALENQUE,TEL,9.973813797718629e-08
LOS RIOS - PALENQUE,TRA,1.5925507913612166e-07
LOS RIOS - PALENQUE,VES,1.7965885110513861e-09
LOS RIOS - PALENQUE,VID,1.0208359349862075e-09
LOS RIOS - PUEBLO VIEJO,AGU,3.072738607654611e-07
LOS RIOS - PUEBLO VIEJO,AYG,4.9681699215741275e-09
LOS RIOS - PUEBLO VIEJO,AZU,1.844577209483161e-09
LOS RIOS - PUEBLO VIEJO,BAL,5.169365254796314e-09
LOS RIOS - PUEBLO VIEJO,BNA,1.0107526323138182e-08
LOS RIOS - PUEBLO VIEJO,CAN,7.2779871534727134e-09
LOS RIOS - PUEBLO VIEJO,CAR,1.116084960818339e-08
LOS RIOS - PUEBLO VIEJO,CAU,6.326936231276161e-10
LOS RIOS - PUEBLO VIEJO,CEM,5.974124724172194e-09
LOS RIOS - PUEBLO VIEJO,CER,1.2394207417387752e-08
LOS RIOS - PUEBLO VIEJO,CHO,2.8075629214637027e-09
LOS RIOS - PUEBLO VIEJO,CIN,6.858481956052247e-09
LOS RIOS - PUEBLO VIEJO,COM,2.7688767979997093e-07
LOS RIOS - PUEBLO VIEJO,CUE,1.400183090906138e-09
LOS RIOS - PUEBLO VIEJO,CUL,4.307953653784748e-08
LOS RIOS - PUEBLO VIEJO,EDU,4.73004608248891e-07
LOS RIOS - PUEBLO VIEJO,ELE,2.239705344367065e-07
LOS RIOS - PUEBLO VIEJO,FRT,4.632164429088247e-08
LOS RIOS - PUEBLO VIEJO,FRV,3.1800105570650104e-08
LOS RIOS - PUEBLO VIEJO,GAN,3.486957598582222e-08
LOS RIOS - PUEBLO VIEJO,HIL,2.9060070320575843e-09
LOS RIOS - PUEBLO VIEJO,HOT,9.34768441285851e-09
LOS RIOS - PUEBLO VIEJO,INM,7.101596326239098e-07
LOS RIOS - PUEBLO VIEJO,LAC,4.763279654677742e-09
LOS RIOS - PUEBLO VIEJO,MAD,5.422603036475038e-09
LOS RIOS - PUEBLO VIEJO,MAN,3.356803515985268e-09
LOS RIOS - PUEBLO VIEJO,MAQ,8.292757551352685e-09
LOS RIOS - PUEBLO VIEJO,MET,4.616291257685736e-09
LOS RIOS - PUEBLO VIEJO,MOL,4.7676997281953e-09
LOS RIOS - PUEBLO VIEJO,MUE,3.538190506551681e-09
LOS RIOS - PUEBLO VIEJO,PAN,3.6525731180242148e-09
LOS RIOS - PUEBLO VIEJO,PAP,4.6668688507803135e-09
LOS RIOS - PUEBLO VIEJO,PES,3.1527388265743266e-08
LOS RIOS - PUEBLO VIEJO,PLS,3.9525441584520705e-09
LOS RIOS - PUEBLO VIEJO,QU1,1.525989387850681e-09
LOS RIOS - PUEBLO VIEJO,QU2,6.955665270737576e-09
LOS RIOS - PUEBLO VIEJO,RES,5.0403383308158584e-08
LOS RIOS - PUEBLO VIEJO,SAL,2.626111141473833e-07
LOS RIOS - PUEBLO VIEJO,SIL,2.0231329800090848e-08
LOS RIOS - PUEBLO VIEJO,TAB,3.615350487371397e-10
LOS RIOS - PUEBLO VIEJO,TEL,1.7483414167763313e-07
LOS RIOS - PUEBLO VIEJO,TRA,2.791632732800378e-07
LOS RIOS - PUEBLO VIEJO,VES,3.149296915382692e-09
LOS RIOS - PUEBLO VIEJO,VID,1.7894556496314571e-09
LOS RIOS - QUEVEDO,AGU,6.970042162983729e-07
LOS RIOS - QUEVEDO,AYG,1.1269541034169091e-08
LOS RIOS - QUEVEDO,AZU,4.184144037162324e-09
LOS RIOS - QUEVEDO,BAL,1.1725922176405132e-08
LOS RIOS - QUEVEDO,BNA,2.292739267187933e-08
LOS RIOS - QUEVEDO,CAN,1.650901160124349e-08
LOS RIOS - QUEVEDO,CAR,2.5316697017432332e-08
LOS RIOS - QUEVEDO,CAU,1.435169662158947e-09
LOS RIOS - QUEVEDO,CEM,1.3551397151281616e-08
LOS RIOS - QUEVEDO,CER,2.8114382414681694e-08
LOS RIOS - QUEVEDO,CHO,6.368531279908793e-09
LOS RIOS - QUEVEDO,CIN,1.5557427595260208e-08
LOS RIOS - QUEVEDO,COM,6.280777667872055e-07
LOS RIOS - QUEVEDO,CUE,3.176103282980474e-09
LOS RIOS - QUEVEDO,CUL,9.77194042091934e-08
LOS RIOS - QUEVEDO,EDU,1.0729393169231637e-06
LOS RIOS - QUEVEDO,ELE,5.080432368705136e-07
LOS RIOS - QUEVEDO,FRT,1.0507363462739316e-07
LOS RIOS - QUEVEDO,FRV,7.213372333807028e-08
LOS RIOS - QUEVEDO,GAN,7.909635210137759e-08
LOS RIOS - QUEVEDO,HIL,6.591836835359384e-09
LOS RIOS - QUEVEDO,HOT,2.120380637701584e-08
LOS RIOS - QUEVEDO,INM,1.6108895724182178e-06
LOS RIOS - QUEVEDO,LAC,1.0804778494493495e-08
LOS RIOS - QUEVEDO,MAD,1.2300353731098437e-08
LOS RIOS - QUEVEDO,MAN,7.614400385696351e-09
LOS RIOS - QUEVEDO,MAQ,1.881086456112475e-08
LOS RIOS - QUEVEDO,MET,1.0471357577415989e-08
LOS RIOS - QUEVEDO,MOL,1.0814804761844753e-08
LOS RIOS - QUEVEDO,MUE,8.025849302605571e-09
LOS RIOS - QUEVEDO,PAN,8.285308933401917e-09
LOS RIOS - QUEVEDO,PAP,1.0586085187338042e-08
LOS RIOS - QUEVEDO,PES,7.151510543512187e-08
LOS RIOS - QUEVEDO,PLS,8.965747807781844e-09
LOS RIOS - QUEVEDO,QU1,3.461475814144661e-09
LOS RIOS - QUEVEDO,QU2,1.57778732261407e-08
LOS RIOS - QUEVEDO,RES,1.143324414057627e-07
LOS RIOS - QUEVEDO,SAL,5.956935398004868e-07
LOS RIOS - QUEVEDO,SIL,4.5891707602000134e-08
LOS RIOS - QUEVEDO,TAB,8.20087503316029e-10
LOS RIOS - QUEVEDO,TEL,3.965847716387172e-07
LOS RIOS - QUEVEDO,TRA,6.332396059564616e-07
LOS RIOS - QUEVEDO,VES,7.143703089253897e-09
LOS RIOS - QUEVEDO,VID,4.059109126838772e-09
LOS RIOS - QUINSALOMA,AGU,6.636398005961315e-08
LOS RIOS - QUINSALOMA,AYG,1.07300871212009e-09
LOS RIOS - QUINSALOMA,AZU,3.983856122470317e-10
LOS RIOS - QUINSALOMA,BAL,1.1164622068260255e-09
LOS RIOS - QUINSALOMA,BNA,2.1829897072590674e-09
LOS RIOS - QUINSALOMA,CAN,1.5718753073365055e-09
LOS RIOS - QUINSALOMA,CAR,2.410482945085836e-09
LOS RIOS - QUINSALOMA,CAU,1.3664705121511972e-10
LOS RIOS - QUINSALOMA,CEM,1.2902714636414331e-09
LOS RIOS - QUINSALOMA,CER,2.6768594368984013e-09
LOS RIOS - QUINSALOMA,CHO,6.063680433863632e-10
LOS RIOS - QUINSALOMA,CIN,1.4812719788035723e-09
LOS RIOS - QUINSALOMA,COM,5.98012743915876e-08
LOS RIOS - QUINSALOMA,CUE,3.024068578212992e-10
LOS RIOS - QUINSALOMA,CUL,9.304174122240997e-09
LOS RIOS - QUINSALOMA,EDU,1.0215795223107035e-07
LOS RIOS - QUINSALOMA,ELE,4.8372406439881675e-08
LOS RIOS - QUINSALOMA,FRT,1.0004393704009327e-08
LOS RIOS - QUINSALOMA,FRV,6.868080372105094e-09
LOS RIOS - QUINSALOMA,GAN,7.531014319426889e-09
LOS RIOS - QUINSALOMA,HIL,6.276296729182855e-10
LOS RIOS - QUINSALOMA,HOT,2.018881594526536e-09
LOS RIOS - QUINSALOMA,INM,1.5337790068179097e-07
LOS RIOS - QUINSALOMA,LAC,1.028757198005457e-09
LOS RIOS - QUINSALOMA,MAD,1.1711556553732002e-09
LOS RIOS - QUINSALOMA,MAN,7.249911887849265e-10
LOS RIOS - QUINSALOMA,MAQ,1.7910420216226756e-09
LOS RIOS - QUINSALOMA,MET,9.970111359659735e-10
LOS RIOS - QUINSALOMA,MOL,1.0297118306906146e-09
LOS RIOS - QUINSALOMA,MUE,7.641665439389104e-10
LOS RIOS - QUINSALOMA,PAN,7.888705175474032e-10
LOS RIOS - QUINSALOMA,PAP,1.0079347152487347e-09
LOS RIOS - QUINSALOMA,PES,6.8091798013254546e-09
LOS RIOS - QUINSALOMA,PLS,8.536572589116827e-10
LOS RIOS - QUINSALOMA,QU1,3.2957808078508424e-10
LOS RIOS - QUINSALOMA,QU2,1.5022613058548151e-09
LOS RIOS - QUINSALOMA,RES,1.0885954036138642e-08
LOS RIOS - QUINSALOMA,SAL,5.6717869522953946e-08
LOS RIOS - QUINSALOMA,SIL,4.369494899722378e-09
LOS RIOS - QUINSALOMA,TAB,7.808312983562355e-11
LOS RIOS - QUINSALOMA,TEL,3.776009278215253e-08
LOS RIOS - QUINSALOMA,TRA,6.029274945542394e-08
LOS RIOS - QUINSALOMA,VES,6.801746076728134e-10
LOS RIOS - QUINSALOMA,VID,3.8648064223187815e-10
LOS RIOS - VALENCIA,AGU,1.74292675465877e-07
LOS RIOS - VALENCIA,AYG,2.818058215700928e-09
LOS RIOS - VALENCIA,AZU,1.0462858641581502e-09
LOS RIOS - VALENCIA,BAL,2.9321807539187486e-09
LOS RIOS - VALENCIA,BNA,5.733217270134782e-09
LOS RIOS - VALENCIA,CAN,4.128238730834557e-09
LOS RIOS - VALENCIA,CAR,6.330686033093325e-09
LOS RIOS - VALENCIA,CAU,3.5887811625240184e-10
LOS RIOS - VALENCIA,CEM,3.3886585053116126e-09
LOS RIOS - VALENCIA,CER,7.030274445324203e-09
LOS RIOS - VALENCIA,CHO,1.592513114853622e-09
LOS RIOS - VALENCIA,CIN,3.890285905794019e-09
LOS RIOS - VALENCIA,COM,1.5705694716646256e-07
LOS RIOS - VALENCIA,CUE,7.942154807707071e-10
LOS RIOS - VALENCIA,CUL,2.443568633630883e-08
LOS RIOS - VALENCIA,EDU,2.682988994703808e-07
LOS RIOS - VALENCIA,ELE,1.2704114686244662e-07
LOS RIOS - VALENCIA,FRT,2.6274683096454494e-08
LOS RIOS - VALENCIA,FRV,1.803773827750515e-08
LOS RIOS - VALENCIA,GAN,1.9778811239555943e-08
LOS RIOS - VALENCIA,HIL,1.648352838338474e-09
LOS RIOS - VALENCIA,HOT,5.302217772996192e-09
LOS RIOS - VALENCIA,INM,4.028185868773334e-07
LOS RIOS - VALENCIA,LAC,2.701839827630664e-09
LOS RIOS - VALENCIA,MAD,3.075822944594766e-09
LOS RIOS - VALENCIA,MAN,1.9040547879889782e-09
LOS RIOS - VALENCIA,MAQ,4.703839425242707e-09
LOS RIOS - VALENCIA,MET,2.6184646882343074e-09
LOS RIOS - VALENCIA,MOL,2.704346993183933e-09
LOS RIOS - VALENCIA,MUE,2.006941586761149e-09
LOS RIOS - VALENCIA,PAN,2.071821988011872e-09
LOS RIOS - VALENCIA,PAP,2.647153441638577e-09
LOS RIOS - VALENCIA,PES,1.7883046861191232e-08
LOS RIOS - VALENCIA,PLS,2.241972338803866e-09
LOS RIOS - VALENCIA,QU1,8.655756544942238e-10
LOS RIOS - VALENCIA,QU2,3.945410477356836e-09
LOS RIOS - VALENCIA,RES,2.85899376778311e-08
LOS RIOS - VALENCIA,SAL,1.4895895660568057e-07
LOS RIOS - VALENCIA,SIL,1.1475667309631164e-08
LOS RIOS - VALENCIA,TAB,2.0507084710072167e-10
LOS RIOS - VALENCIA,TEL,9.916987484670577e-08
LOS RIOS - VALENCIA,TRA,1.583477151964067e-07
LOS RIOS - VALENCIA,VES,1.7863523563348331e-09
LOS RIOS - VALENCIA,VID,1.015019670156249e-09
LOS RIOS - VENTANAS,AGU,5.389451095952459e-07
LOS RIOS - VENTANAS,AYG,8.713955935595622e-09
LOS RIOS - VENTANAS,AZU,3.235308932055893e-09
LOS RIOS - VENTANAS,BAL,9.066843879410177e-09
LOS RIOS - VENTANAS,BNA,1.7728165579689465e-08
LOS RIOS - VENTANAS,CAN,1.2765275817115784e-08
LOS RIOS - VENTANAS,CAR,1.957564922793646e-08
LOS RIOS - VENTANAS,CAU,1.1097173485804515e-09
LOS RIOS - VENTANAS,CEM,1.0478357307009051e-08
LOS RIOS - VENTANAS,CER,2.1738905672841693e-08
LOS RIOS - VENTANAS,CHO,4.924344370309957e-09
LOS RIOS - VENTANAS,CIN,1.2029481779717592e-08
LOS RIOS - VENTANAS,COM,4.856490576960344e-07
LOS RIOS - VENTANAS,CUE,2.455860799555005e-09
LOS RIOS - VENTANAS,CUL,7.555965054386545e-08
LOS RIOS - VENTANAS,EDU,8.296296983957751e-07
LOS RIOS - VENTANAS,ELE,3.928346652311946e-07
LOS RIOS - VENTANAS,FRT,8.124616782173033e-08
LOS RIOS - VENTANAS,FRV,5.5776014722567174e-08
LOS RIOS - VENTANAS,GAN,6.115973354975044e-08
LOS RIOS - VENTANAS,HIL,5.097011097772086e-09
LOS RIOS - VENTANAS,HOT,1.6395435614990917e-08
LOS RIOS - VENTANAS,INM,1.245589390783721e-06
LOS RIOS - VENTANAS,LAC,8.354587237352337e-09
LOS RIOS - VENTANAS,MAD,9.511012035010862e-09
LOS RIOS - VENTANAS,MAN,5.887688703183506e-09
LOS RIOS - VENTANAS,MAQ,1.4545139362739276e-08
LOS RIOS - VENTANAS,MET,8.096775923598733e-09
LOS RIOS - VENTANAS,MOL,8.362339855815896e-09
LOS RIOS - VENTANAS,MUE,6.205833667634566e-09
LOS RIOS - VENTANAS,PAN,6.406455838756725e-09
LOS RIOS - VENTANAS,PAP,8.185486842208975e-09
LOS RIOS - VENTANAS,PES,5.5297680322708396e-08
LOS RIOS - VENTANAS,PLS,6.932592116200089e-09
LOS RIOS - VENTANAS,QU1,2.676519622683152e-09
LOS RIOS - VENTANAS,QU2,1.2199937125491025e-08
LOS RIOS - VENTANAS,RES,8.840536215256268e-08
LOS RIOS - VENTANAS,SAL,4.606085768002302e-07
LOS RIOS - VENTANAS,SIL,3.5484880585693926e-08
LOS RIOS - VENTANAS,TAB,6.341168948727643e-10
LOS RIOS - VENTANAS,TEL,3.066515498998611e-07
LOS RIOS - VENTANAS,TRA,4.896403505917389e-07
LOS RIOS - VENTANAS,VES,5.523731068372342e-09
LOS RIOS - VENTANAS,VID,3.1386280915791526e-09
LOS RIOS - VINCES,AGU,5.854789603857202e-07
LOS RIOS - VINCES,AYG,9.466340395687124e-09
LOS RIOS - VINCES,AZU,3.514653489460716e-09
LOS RIOS - VINCES,BAL,9.849697555440121e-09
LOS RIOS - VINCES,BNA,1.925885914604105e-08
LOS RIOS - VINCES,CAN,1.3867461233769871e-08
LOS RIOS - VINCES,CAR,2.1265859091763928e-08
LOS RIOS - VINCES,CAU,1.2055330830570579e-09
LOS RIOS - VINCES,CEM,1.1383084535761212e-08
LOS RIOS - VINCES,CER,2.3615896436683923e-08
LOS RIOS - VINCES,CHO,5.349524415715712e-09
LOS RIOS - VINCES,CIN,1.3068136923363871e-08
LOS RIOS - VINCES,COM,5.275811958396276e-07
LOS RIOS - VINCES,CUE,2.6679058816497183e-09
LOS RIOS - VINCES,CUL,8.208365724063136e-08
LOS RIOS - VINCES,EDU,9.01261973945114e-07
LOS RIOS - VINCES,ELE,4.267529796786954e-07
LOS RIOS - VINCES,FRT,8.826116245365788e-08
LOS RIOS - VINCES,FRV,6.059185347975799e-08
LOS RIOS - VINCES,GAN,6.644041587661417e-08
LOS RIOS - VINCES,HIL,5.537099614540047e-09
LOS RIOS - VINCES,HOT,1.7811057987231748e-08
LOS RIOS - VINCES,INM,1.353136652694044e-06
LOS RIOS - VINCES,LAC,9.075942917174589e-09
LOS RIOS - VINCES,MAD,1.0332216285729433e-08
LOS RIOS - VINCES,MAN,6.396046275665168e-09
LOS RIOS - VINCES,MAQ,1.5801002590333423e-08
LOS RIOS - VINCES,MET,8.795871538355512e-09
LOS RIOS - VINCES,MOL,9.08436491584848e-09
LOS RIOS - VINCES,MUE,6.741660661476457e-09
LOS RIOS - VINCES,PAN,6.959605045955874e-09
LOS RIOS - VINCES,PAP,8.892241976602542e-09
LOS RIOS - VINCES,PES,6.007221850736467e-08
LOS RIOS - VINCES,PLS,7.531169228011625e-09
LOS RIOS - VINCES,QU1,2.907616932116486e-09
LOS RIOS - VINCES,QU2,1.325330980434718e-08
LOS RIOS - VINCES,RES,9.603849929073016e-08
LOS RIOS - VINCES,SAL,5.00378658027485e-07
LOS RIOS - VINCES,SIL,3.854873274632042e-08
LOS RIOS - VINCES,TAB,6.888681124724358e-10
LOS RIOS - VINCES,TEL,3.331286014838795e-07
LOS RIOS - VINCES,TRA,5.319171068138025e-07
LOS RIOS - VINCES,VES,6.000663640476738e-09
LOS RIOS - VINCES,VID,3.409624986624777e-09
MANABI - BOLIVAR,AGU,4.254183596660939
MANABI - BOLIVAR,AYG,0.0687839405966179
MANABI - BOLIVAR,AZU,0.025538033361541
MANABI - BOLIVAR,BAL,0.0715694749215563
MANABI - BOLIVAR,BNA,0.1399379451919407
MANABI - BOLIVAR,CAN,0.100763187235915
MANABI - BOLIVAR,CAR,0.1545211272109301
MANABI - BOLIVAR,CAU,0.0087595958423419
MANABI - BOLIVAR,CEM,0.0827113095226115
MANABI - BOLIVAR,CER,0.171596873737693
MANABI - BOLIVAR,CHO,0.0388704984450369
MANABI - BOLIVAR,CIN,0.0949551691860414
MANABI - BOLIVAR,COM,3.83348919621134
MANABI - BOLIVAR,CUE,0.0193854300616919
MANABI - BOLIVAR,CUL,0.5964329579955812
MANABI - BOLIVAR,EDU,6.548713387284815
MANABI - BOLIVAR,ELE,3.1008552805710083
MANABI - BOLIVAR,FRT,0.6413196970992905
MANABI - BOLIVAR,FRV,0.4402700807473054
MANABI - BOLIVAR,GAN,0.4827666688336847
MANABI - BOLIVAR,HIL,0.0402334497856849
MANABI - BOLIVAR,HOT,0.1294179908335885
MANABI - BOLIVAR,INM,9.832106943927156
MANABI - BOLIVAR,LAC,0.0659472501916003
MANABI - BOLIVAR,MAD,0.0750755330489502
MANABI - BOLIVAR,MAN,0.0464746933544679
MANABI - BOLIVAR,MAQ,0.1148126074185618
MANABI - BOLIVAR,MET,0.0639122068402878
MANABI - BOLIVAR,MOL,0.0660084457785194
MANABI - BOLIVAR,MUE,0.0489859826583906
MANABI - BOLIVAR,PAN,0.0505696013503857
MANABI - BOLIVAR,PAP,0.0646124498299308
MANABI - BOLIVAR,PES,0.436494330079253
MANABI - BOLIVAR,PLS,0.0547226779462357
MANABI - BOLIVAR,QU1,0.021127208823754
MANABI - BOLIVAR,QU2,0.0963006649017314
MANABI - BOLIVAR,RES,0.6978310681931078
MANABI - BOLIVAR,SAL,3.635831213639729
MANABI - BOLIVAR,SIL,0.2801012463597702
MANABI - BOLIVAR,TAB,0.0050054256815861
MANABI - BOLIVAR,TEL,2.420565601670226
MANABI - BOLIVAR,TRA,3.864994617568864
MANABI - BOLIVAR,VES,0.0436017800051734
MANABI - BOLIVAR,VID,0.0247748794923531
MANABI - CHONE,AGU,15.50964260849022
MANABI - CHONE,AYG,0.2507682876438374
MANABI - CHONE,AZU,0.0931050015500237
MANABI - CHONE,BAL,0.2609236184780278
MANABI - CHONE,BNA,0.5101772097934385
MANABI - CHONE,CAN,0.3673562709771274
MANABI - CHONE,CAR,0.5633436837055219
MANABI - CHONE,CAU,0.0319351992744679
MANABI - CHONE,CEM,0.3015438382543698
MANABI - CHONE,CER,0.6255973969940434
MANABI - CHONE,CHO,0.1417116880826632
MANABI - CHONE,CIN,0.3461817536648272
MANABI - CHONE,COM,13.975900669499246
MANABI - CHONE,CUE,0.070674216388947
MANABI - CHONE,CUL,2.174438833739265
MANABI - CHONE,EDU,23.874899113884656
MANABI - CHONE,ELE,11.30490870682069
MANABI - CHONE,FRT,2.338084164398124
MANABI - CHONE,FRV,1.605109758065307
MANABI - CHONE,GAN,1.7600412221932988
MANABI - CHONE,HIL,0.1466806527984326
MANABI - CHONE,HOT,0.471824203006488
MANABI - CHONE,INM,35.84529471376242
MANABI - CHONE,LAC,0.2404264550987428
MANABI - CHONE,MAD,0.273705790964225
MANABI - CHONE,MAN,0.1694345972357014
MANABI - CHONE,MAQ,0.4185767886013291
MANABI - CHONE,MET,0.2330072183980949
MANABI - CHONE,MOL,0.2406495582302288
MANABI - CHONE,MUE,0.1785901023297776
MANABI - CHONE,PAN,0.1843635625914003
MANABI - CHONE,PAP,0.2355601215019917
MANABI - CHONE,PES,1.5913443569937065
MANABI - CHONE,PLS,0.1995045954743899
MANABI - CHONE,QU1,0.0770242869697856
MANABI - CHONE,QU2,0.3510870797297358
MANABI - CHONE,RES,2.5441098680534164
MANABI - CHONE,SAL,13.255291274360063
MANABI - CHONE,SIL,1.0211760086335897
MANABI - CHONE,TAB,0.0182484750977113
MANABI - CHONE,TEL,8.824750163997782
MANABI - CHONE,TRA,14.090761209572932
MANABI - CHONE,VES,0.1589607052937336
MANABI - CHONE,VID,0.0903227418055966
MANABI - EL CARMEN,AGU,4.900995685761635
MANABI - EL CARMEN,AYG,0.0792419481797406
MANABI - EL CARMEN,AZU,0.0294208720625004
MANABI - EL CARMEN,BAL,0.0824509990819583
MANABI - EL CARMEN,BNA,0.1612143082396241
MANABI - EL CARMEN,CAN,0.116083364694091
MANABI - EL CARMEN,CAR,0.178014737872196
MANABI - EL CARMEN,CAU,0.0100914171795568
MANABI - EL CARMEN,CEM,0.0952868539693921
MANABI - EL CARMEN,CER,0.1976867050445838
MANABI - EL CARMEN,CHO,0.0447804239882958
MANABI - EL CARMEN,CIN,0.1093922873678566
MANABI - EL CARMEN,COM,4.41633831384053
MANABI - EL CARMEN,CUE,0.0223328182576691
MANABI - EL CARMEN,CUL,0.6871154682361885
MANABI - EL CARMEN,EDU,7.544389030027645
MANABI - EL CARMEN,ELE,3.5723137017823747
MANABI - EL CARMEN,FRT,0.7388268506193688
MANABI - EL CARMEN,FRV,0.5072093663296697
MANABI - EL CARMEN,GAN,0.556167195755369
MANABI - EL CARMEN,HIL,0.0463506003778766
MANABI - EL CARMEN,HOT,0.1490948851462812
MANABI - EL CARMEN,INM,11.326994385469288
MANABI - EL CARMEN,LAC,0.0759739633546982
MANABI - EL CARMEN,MAD,0.0864901232443178
MANABI - EL CARMEN,MAN,0.0535407714434605
MANABI - EL CARMEN,MAQ,0.1322688785860276
MANABI - EL CARMEN,MET,0.0736295091348688
MANABI - EL CARMEN,MOL,0.0760444632051779
MANABI - EL CARMEN,MUE,0.0564338807239074
MANABI - EL CARMEN,PAN,0.0582582750409395
MANABI - EL CARMEN,PAP,0.0744362180587429
MANABI - EL CARMEN,PES,0.5028595451914469
MANABI - EL CARMEN,PLS,0.0630427912745299
MANABI - EL CARMEN,QU1,0.0243394195254466
MANABI - EL CARMEN,QU2,0.11094235415458
MANABI - EL CARMEN,RES,0.8039302904767031
MANABI - EL CARMEN,SAL,4.188628132126664
MANABI - EL CARMEN,SIL,0.3226882358963459
MANABI - EL CARMEN,TAB,0.0057664576794731
MANABI - EL CARMEN,TEL,2.788591818228078
MANABI - EL CARMEN,TRA,4.452633864007317
MANABI - EL CARMEN,VES,0.050231056286477
MANABI - EL CARMEN,VID,0.0285416872000045
MANABI - FLAVIO ALFARO,AGU,1.639123507215833
MANABI - FLAVIO ALFARO,AYG,0.0265022351266989
MANABI - FLAVIO ALFARO,AZU,0.0098397236179039
MANABI - FLAVIO ALFARO,BAL,0.0275754927067777
MANABI - FLAVIO ALFARO,BNA,0.0539176484286256
MANABI - FLAVIO ALFARO,CAN,0.038823737882402
MANABI - FLAVIO ALFARO,CAR,0.0595365024141693
MANABI - FLAVIO ALFARO,CAU,0.003375044619645
MANABI - FLAVIO ALFARO,CEM,0.03186840639824
MANABI - FLAVIO ALFARO,CER,0.0661157336342898
MANABI - FLAVIO ALFARO,CHO,0.0149766803173385
MANABI - FLAVIO ALFARO,CIN,0.036585926866593
MANABI - FLAVIO ALFARO,COM,1.4770312830644718
MANABI - FLAVIO ALFARO,CUE,0.0074691449933067
MANABI - FLAVIO ALFARO,CUL,0.2298037354796251
MANABI - FLAVIO ALFARO,EDU,2.523198590569217
MANABI - FLAVIO ALFARO,ELE,1.1947497486586214
MANABI - FLAVIO ALFARO,FRT,0.2470984543264802
MANABI - FLAVIO ALFARO,FRV,0.1696346719598895
MANABI - FLAVIO ALFARO,GAN,0.1860084731666652
MANABI - FLAVIO ALFARO,HIL,0.0155018211653736
MANABI - FLAVIO ALFARO,HOT,0.0498643432310909
MANABI - FLAVIO ALFARO,INM,3.788279760633819
MANABI - FLAVIO ALFARO,LAC,0.0254092672704908
MANABI - FLAVIO ALFARO,MAD,0.0289263658328898
MANABI - FLAVIO ALFARO,MAN,0.0179065526057095
MANABI - FLAVIO ALFARO,MAQ,0.044236935117755
MANABI - FLAVIO ALFARO,MET,0.0246251714928761
MANABI - FLAVIO ALFARO,MOL,0.0254328457369058
MANABI - FLAVIO ALFARO,MUE,0.0188741444451191
MANABI - FLAVIO ALFARO,PAN,0.0194843077268715
MANABI - FLAVIO ALFARO,PAP,0.0248949729057695
MANABI - FLAVIO ALFARO,PES,0.1681798871494153
MANABI - FLAVIO ALFARO,PLS,0.02108447502592
MANABI - FLAVIO ALFARO,QU1,0.0081402468506657
MANABI - FLAVIO ALFARO,QU2,0.0371043421174479
MANABI - FLAVIO ALFARO,RES,0.2688721071743679
MANABI - FLAVIO ALFARO,SAL,1.400874286484381
MANABI - FLAVIO ALFARO,SIL,0.1079221258032001
MANABI - FLAVIO ALFARO,TAB,0.0019285747104918
MANABI - FLAVIO ALFARO,TEL,0.9326362833916788
MANABI - FLAVIO ALFARO,TRA,1.4891702224352104
MANABI - FLAVIO ALFARO,VES,0.0167996281634455
MANABI - FLAVIO ALFARO,VID,0.0095456828417628
MANABI - JAMA,AGU,13.491713080976146
MANABI - JAMA,AYG,0.2181413119633254
MANABI - JAMA,AZU,0.0809912903234227
MANABI - JAMA,BAL,0.2269753523932631
MANABI - JAMA,BNA,0.4437990422305471
MANABI - JAMA,CAN,0.3195602588423018
MANABI - JAMA,CAR,0.490048129308567
MANABI - JAMA,CAU,0.0277801724173231
MANABI - JAMA,CEM,0.2623105541347008
MANABI - JAMA,CER,0.5442021326673747
MANABI - JAMA,CHO,0.1232738551167811
MANABI - JAMA,CIN,0.3011407169213725
MANABI - JAMA,COM,12.157523331832689
MANABI - JAMA,CUE,0.0614789311276924
MANABI - JAMA,CUL,1.891526813189304
MANABI - JAMA,EDU,20.768582282189637
MANABI - JAMA,ELE,9.834048954523336
MANABI - JAMA,FRT,2.033880567174724
MANABI - JAMA,FRV,1.396272039655995
MANABI - JAMA,GAN,1.531045671389208
MANABI - JAMA,HIL,0.1275963174679094
MANABI - JAMA,HOT,0.4104360707924427
MANABI - JAMA,INM,31.18153292045398
MANABI - JAMA,LAC,0.2091450351984735
MANABI - JAMA,MAD,0.2380944612011551
MANABI - JAMA,MAN,0.1473897903129931
MANABI - JAMA,MAQ,0.3641165742319625
MANABI - JAMA,MET,0.2026911009994872
MANABI - JAMA,MOL,0.2093391108141056
MANABI - JAMA,MUE,0.1553540903912601
MANABI - JAMA,PAN,0.1603763769326399
MANABI - JAMA,PAP,0.2049118508304637
MANABI - JAMA,PES,1.3842976282275243
MANABI - JAMA,PLS,0.1735474393847879
MANABI - JAMA,QU1,0.0670028063376682
MANABI - JAMA,QU2,0.3054078205231119
MANABI - JAMA,RES,2.2131006659990384
MANABI - JAMA,SAL,11.530671027876211
MANABI - JAMA,SIL,0.8883127781499519
MANABI - JAMA,TAB,0.0158742013854583
MANABI - JAMA,TEL,7.676579030826889
MANABI - JAMA,TRA,12.257439589745156
MANABI - JAMA,VES,0.1382786361433399
MANABI - JAMA,VID,0.0785710249997065
MANABI - JARAMIJO,AGU,3.815048690261787
MANABI - JARAMIJO,AYG,0.06168376999294
MANABI - JARAMIJO,AZU,0.0229018890497062
MANABI - JARAMIJO,BAL,0.0641817696294335
MANABI - JARAMIJO,BNA,0.1254929559085009
MANABI - JARAMIJO,CAN,0.0903619829178752
MANABI - JARAMIJO,CAR,0.1385707999171757
MANABI - JARAMIJO,CAU,0.0078553931409492
MANABI - JARAMIJO,CEM,0.0741734967225548
MANABI - JARAMIJO,CER,0.1538839153345029
MANABI - JARAMIJO,CHO,0.0348581204391259
MANABI - JARAMIJO,CIN,0.0851534931687307
MANABI - JARAMIJO,COM,3.4377801533102006
MANABI - JARAMIJO,CUE,0.0173843836041929
MANABI - JARAMIJO,CUL,0.5348666138941341
MANABI - JARAMIJO,EDU,5.8727273666962
MANABI - JARAMIJO,ELE,2.780771823322091
MANABI - JARAMIJO,FRT,0.5751199530688085
MANABI - JARAMIJO,FRV,0.3948235323540804
MANABI - JARAMIJO,GAN,0.4329334420549187
MANABI - JARAMIJO,HIL,0.0360803821513639
MANABI - JARAMIJO,HOT,0.1160589159371311
MANABI - JARAMIJO,INM,8.817195089648756
MANABI - JARAMIJO,LAC,0.0591398948243096
MANABI - JARAMIJO,MAD,0.0673259175400677
MANABI - JARAMIJO,MAN,0.0416773780406291
MANABI - JARAMIJO,MAQ,0.1029611622548492
MANABI - JARAMIJO,MET,0.0573149172943919
MANABI - JARAMIJO,MOL,0.0591947735427337
MANABI - JARAMIJO,MUE,0.0439294413924126
MANABI - JARAMIJO,PAN,0.0453495922344007
MANABI - JARAMIJO,PAP,0.0579428782273895
MANABI - JARAMIJO,PES,0.3914375307127279
MANABI - JARAMIJO,PLS,0.0490739706180676
MANABI - JARAMIJO,QU1,0.0189463685618113
MANABI - JARAMIJO,QU2,0.086360101099786
MANABI - JARAMIJO,RES,0.6257979803278064
MANABI - JARAMIJO,SAL,3.2605252675263627
MANABI - JARAMIJO,SIL,0.2511880055915469
MANABI - JARAMIJO,TAB,0.0044887443752371
MANABI - JARAMIJO,TEL,2.1707045355524484
MANABI - JARAMIJO,TRA,3.466033451212178
MANABI - JARAMIJO,VES,0.0391010190139373
MANABI - JARAMIJO,VID,0.0222175111654515
MANABI - JIPIJAPA,AGU,3.151778852513522
MANABI - JIPIJAPA,AYG,0.0509596646310996
MANABI - JIPIJAPA,AZU,0.0189202538289287
MANABI - JIPIJAPA,BAL,0.0530233715630671
MANABI - JIPIJAPA,BNA,0.1036752284660053
MANABI - JIPIJAPA,CAN,0.0746519926623019
MANABI - JIPIJAPA,CAR,0.1144794083151971
MANABI - JIPIJAPA,CAU,0.0064896844024616
MANABI - JIPIJAPA,CEM,0.0612779750318435
MANABI - JIPIJAPA,CER,0.1271302437977499
MANABI - JIPIJAPA,CHO,0.0287978203577966
MANABI - JIPIJAPA,CIN,0.0703490311072396
MANABI - JIPIJAPA,COM,2.840100786774044
MANABI - JIPIJAPA,CUE,0.0143620008697499
MANABI - JIPIJAPA,CUL,0.4418767411514661
MANABI - JIPIJAPA,EDU,4.851717349814583
MANABI - JIPIJAPA,ELE,2.297317423178321
MANABI - JIPIJAPA,FRT,0.4751317880602086
MANABI - JIPIJAPA,FRV,0.3261810164899598
MANABI - JIPIJAPA,GAN,0.3576652824111005
MANABI - JIPIJAPA,HIL,0.0298075843030648
MANABI - JIPIJAPA,HOT,0.095881354759641
MANABI - JIPIJAPA,INM,7.284271126860531
MANABI - JIPIJAPA,LAC,0.0488580579123205
MANABI - JIPIJAPA,MAD,0.0556208898907378
MANABI - JIPIJAPA,MAN,0.0344315078001409
MANABI - JIPIJAPA,MAQ,0.0850607266568804
MANABI - JIPIJAPA,MET,0.0473503640263187
MANABI - JIPIJAPA,MOL,0.0489033956257351
MANABI - JIPIJAPA,MUE,0.0362920359933433
MANABI - JIPIJAPA,PAN,0.0374652848178165
MANABI - JIPIJAPA,PAP,0.0478691500627534
MANABI - JIPIJAPA,PES,0.3233836922002248
MANABI - JIPIJAPA,PLS,0.0405421569579711
MANABI - JIPIJAPA,QU1,0.015652425070608
MANABI - JIPIJAPA,QU2,0.0713458627781125
MANABI - JIPIJAPA,RES,0.5169991264796965
MANABI - JIPIJAPA,SAL,2.693662760453634
MANABI - JIPIJAPA,SIL,0.2075174154524776
MANABI - JIPIJAPA,TAB,0.0037083483711031
MANABI - JIPIJAPA,TEL,1.7933141109504238
MANABI - JIPIJAPA,TRA,2.8634420738901216
MANABI - JIPIJAPA,VES,0.0323030647431659
MANABI - JIPIJAPA,VID,0.0183548592775491
MANABI - JUNIN,AGU,2.340077405092865
MANABI - JUNIN,AYG,0.0378356367481955
MANABI - JUNIN,AZU,0.0140475777507006
MANABI - JUNIN,BAL,0.0393678616244362
MANABI - JUNIN,BNA,0.0769749626969104
MANABI - JUNIN,CAN,0.0554263003366799
MANABI - JUNIN,CAR,0.0849966603885142
MANABI - JUNIN,CAU,0.0048183468913985
MANABI - JUNIN,CEM,0.0454965946254462
MANABI - JUNIN,CER,0.0943894305204225
MANABI - JUNIN,CHO,0.0213812998591132
MANABI - JUNIN,CIN,0.0522315130177809
MANABI - JUNIN,COM,2.1086681491045045
MANABI - JUNIN,CUE,0.0106632461539691
MANABI - JUNIN,CUL,0.3280768817202976
MANABI - JUNIN,EDU,3.602217883130945
MANABI - JUNIN,ELE,1.705671890658987
MANABI - JUNIN,FRT,0.3527675048629688
MANABI - JUNIN,FRV,0.2421771521341544
MANABI - JUNIN,GAN,0.2655530369108548
MANABI - JUNIN,HIL,0.0221310116578693
MANABI - JUNIN,HOT,0.0711883042377151
MANABI - JUNIN,INM,5.408297686540664
MANABI - JUNIN,LAC,0.0362752727039085
MANABI - JUNIN,MAD,0.0412964214099838
MANABI - JUNIN,MAN,0.0255641011621525
MANABI - JUNIN,MAQ,0.0631543943356959
MANABI - JUNIN,MET,0.0351558666283154
MANABI - JUNIN,MOL,0.0363089342530605
MANABI - JUNIN,MUE,0.0269454734570326
MANABI - JUNIN,PAN,0.0278165666374795
MANABI - JUNIN,PAP,0.0355410457727755
MANABI - JUNIN,PES,0.2401002439272522
MANABI - JUNIN,PLS,0.0301010286224292
MANABI - JUNIN,QU1,0.0116213376498254
MANABI - JUNIN,QU2,0.0529716230885843
MANABI - JUNIN,RES,0.3838524309416773
MANABI - JUNIN,SAL,1.9999434153353493
MANABI - JUNIN,SIL,0.1540738858236655
MANABI - JUNIN,TAB,0.0027533093657604
MANABI - JUNIN,TEL,1.331468363626658
MANABI - JUNIN,TRA,2.125998177999952
MANABI - JUNIN,VES,0.0239838121448307
MANABI - JUNIN,VID,0.0136277935346885
MANABI - MANTA,AGU,22.871894779452443
MANABI - MANTA,AYG,0.3698051614595933
MANABI - MANTA,AZU,0.1373008942015971
MANABI - MANTA,BAL,0.3847811131403227
MANABI - MANTA,BNA,0.752352569032282
MANABI - MANTA,CAN,0.5417361436659681
MANABI - MANTA,CAR,0.8307565676161053
MANABI - MANTA,CAU,0.0470944776745942
MANABI - MANTA,CEM,0.4446832924551539
MANABI - MANTA,CER,0.9225614154715822
MANABI - MANTA,CHO,0.2089806258379524
MANABI - MANTA,CIN,0.5105103221433297
MANABI - MANTA,COM,20.61010286503194
MANABI - MANTA,CUE,0.1042224686714172
MANABI - MANTA,CUL,3.206620388687412
MANABI - MANTA,EDU,35.20804406568906
MANABI - MANTA,ELE,16.671221185469246
MANABI - MANTA,FRT,3.44794630950065
MANABI - MANTA,FRV,2.3670372311380925
MANABI - MANTA,GAN,2.5955129113979414
MANABI - MANTA,HIL,0.2163083019818033
MANABI - MANTA,HOT,0.6957938231056311
MANABI - MANTA,INM,52.86065125593793
MANABI - MANTA,LAC,0.3545541778122566
MANABI - MANTA,MAD,0.4036308385361276
MANABI - MANTA,MAN,0.2498632868466274
MANABI - MANTA,MAQ,0.61727046249086
MANABI - MANTA,MET,0.3436131132471596
MANABI - MANTA,MOL,0.3548831854803973
MANABI - MANTA,MUE,0.2633648068010474
MANABI - MANTA,PAN,0.2718788634399088
MANABI - MANTA,PAP,0.3473778506204439
MANABI - MANTA,PES,2.346737549652572
MANABI - MANTA,PLS,0.2942071736204667
MANABI - MANTA,QU1,0.1135868460354405
MANABI - MANTA,QU2,0.5177441510875297
MANABI - MANTA,RES,3.751770087702152
MANABI - MANTA,SAL,19.547428329018715
MANABI - MANTA,SIL,1.5059167261522275
MANABI - MANTA,TAB,0.0269108201172754
MANABI - MANTA,TEL,13.013759394779562
MANABI - MANTA,TRA,20.779486406174165
MANABI - MANTA,VES,0.2344175566982806
MANABI - MANTA,VID,0.1331979271810155
MANABI - MONTECRISTI,AGU,4.737294692217954
MANABI - MONTECRISTI,AYG,0.0765951420042024
MANABI - MONTECRISTI,AZU,0.0284381684862567
MANABI - MONTECRISTI,BAL,0.0796970055398709
MANABI - MONTECRISTI,BNA,0.1558294958210059
MANABI - MONTECRISTI,CAN,0.1122059970421415
MANABI - MONTECRISTI,CAR,0.1720687645795124
MANABI - MONTECRISTI,CAU,0.0097543479135388
MANABI - MONTECRISTI,CEM,0.0921041226089549
MANABI - MONTECRISTI,CER,0.1910836569904523
MANABI - MONTECRISTI,CHO,0.0432846871282353
MANABI - MONTECRISTI,CIN,0.1057384122624042
MANABI - MONTECRISTI,COM,4.268825641690858
MANABI - MONTECRISTI,CUE,0.0215868668690498
MANABI - MONTECRISTI,CUL,0.6641647267865937
MANABI - MONTECRISTI,EDU,7.292394525424518
MANABI - MONTECRISTI,ELE,3.452992784212418
MANABI - MONTECRISTI,FRT,0.7141488673568018
MANABI - MONTECRISTI,FRV,0.4902677727175701
MANABI - MONTECRISTI,GAN,0.5375903333463569
MANABI - MONTECRISTI,HIL,0.0448024171474265
MANABI - MONTECRISTI,HOT,0.1441148805929954
MANABI - MONTECRISTI,INM,10.948654890057783
MANABI - MONTECRISTI,LAC,0.0734363130317756
MANABI - MONTECRISTI,MAD,0.0836012165782819
MANABI - MONTECRISTI,MAN,0.0517524251476552
MANABI - MONTECRISTI,MAQ,0.1278508892165723
MANABI - MONTECRISTI,MET,0.0711701672842876
MANABI - MONTECRISTI,MOL,0.0735044580759449
MANABI - MONTECRISTI,MUE,0.0545489000105253
MANABI - MONTECRISTI,PAN,0.0563123566770345
MANABI - MONTECRISTI,PAP,0.0719499308564809
MANABI - MONTECRISTI,PES,0.4860632424728147
MANABI - MONTECRISTI,PLS,0.0609370625146802
MANABI - MONTECRISTI,QU1,0.023526444486483
MANABI - MONTECRISTI,QU2,0.1072367043712223
MANABI - MONTECRISTI,RES,0.777077749538291
MANABI - MONTECRISTI,SAL,4.0487213395526185
MANABI - MONTECRISTI,SIL,0.311909939360694
MANABI - MONTECRISTI,TAB,0.0055738488889573
MANABI - MONTECRISTI,TEL,2.69544844890051
MANABI - MONTECRISTI,TRA,4.30390886317905
MANABI - MONTECRISTI,VES,0.0485532597022576
MANABI - MONTECRISTI,VID,0.0275883497862158
MANABI - OLMEDO,AGU,0.4255481558252672
MANABI - OLMEDO,AYG,0.0068804926741431
MANABI - OLMEDO,AZU,0.0025545825076608
MANABI - OLMEDO,BAL,0.0071591310939555
MANABI - OLMEDO,BNA,0.0139980640593762
MANABI - OLMEDO,CAN,0.0100793930325375
MANABI - OLMEDO,CAR,0.015456827197647
MANABI - OLMEDO,CAU,0.0008762268415987
MANABI - OLMEDO,CEM,0.0082736544940999
MANABI - OLMEDO,CER,0.0171649228354345
MANABI - OLMEDO,CHO,0.0038882357927094
MANABI - OLMEDO,CIN,0.0094984140235301
MANABI - OLMEDO,COM,0.3834658802935157
MANABI - OLMEDO,CUE,0.0019391344602775
MANABI - OLMEDO,CUL,0.0596614931117787
MANABI - OLMEDO,EDU,0.6550711415404391
MANABI - OLMEDO,ELE,0.3101801358934637
MANABI - OLMEDO,FRT,0.064151536527297
MANABI - OLMEDO,FRV,0.0440404408202107
MANABI - OLMEDO,GAN,0.0482913962099167
MANABI - OLMEDO,HIL,0.0040245725107456
MANABI - OLMEDO,HOT,0.0129457476572171
MANABI - OLMEDO,INM,0.9835106743275036
MANABI - OLMEDO,LAC,0.0065967370855385
MANABI - OLMEDO,MAD,0.007509843877367
MANABI - OLMEDO,MAN,0.0046488872894582
MANABI - OLMEDO,MAQ,0.0114847637019727
MANABI - OLMEDO,MET,0.0063931706607478
MANABI - OLMEDO,MOL,0.0066028585113224
MANABI - OLMEDO,MUE,0.0049000928398878
MANABI - OLMEDO,PAN,0.0050585030256724
MANABI - OLMEDO,PAP,0.0064632163242932
MANABI - OLMEDO,PES,0.0436627505543494
MANABI - OLMEDO,PLS,0.0054739373966178
MANABI - OLMEDO,QU1,0.0021133654785704
MANABI - OLMEDO,QU2,0.0096330046464952
MANABI - OLMEDO,RES,0.0698043978121288
MANABI - OLMEDO,SAL,0.3636940514440248
MANABI - OLMEDO,SIL,0.0280186705920062
MANABI - OLMEDO,TAB,0.0005006952848934
MANABI - OLMEDO,TEL,0.2421304122025507
MANABI - OLMEDO,TRA,0.3866173836672101
MANABI - OLMEDO,VES,0.0043615083012552
MANABI - OLMEDO,VID,0.0024782438367349
MANABI - PAJAN,AGU,1.5765514365323954
MANABI - PAJAN,AYG,0.0254905360556303
MANABI - PAJAN,AZU,0.0094641009884836
MANABI - PAJAN,BAL,0.0265228229895884
MANABI - PAJAN,BNA,0.0518593905281632
MANABI - PAJAN,CAN,0.0373416764878344
MANABI - PAJAN,CAR,0.0572637497991868
MANABI - PAJAN,CAU,0.0032462053164622
MANABI - PAJAN,CEM,0.03065185854877
MANABI - PAJAN,CER,0.0635918247646775
MANABI - PAJAN,CHO,0.0144049589703538
MANABI - PAJAN,CIN,0.0351892919017245
MANABI - PAJAN,COM,1.420646937749004
MANABI - PAJAN,CUE,0.0071840170780467
MANABI - PAJAN,CUL,0.2210311838589279
MANABI - PAJAN,EDU,2.4268777460066127
MANABI - PAJAN,ELE,1.149141247900147
MANABI - PAJAN,FRT,0.2376656923156742
MANABI - PAJAN,FRV,0.1631590204073928
MANABI - PAJAN,GAN,0.1789077664295186
MANABI - PAJAN,HIL,0.0149100530372175
MANABI - PAJAN,HOT,0.0479608166234232
MANABI - PAJAN,INM,3.6436655763411143
MANABI - PAJAN,LAC,0.0244392912676672
MANABI - PAJAN,MAD,0.0278221277449467
MANABI - PAJAN,MAN,0.0172229860102647
MANABI - PAJAN,MAQ,0.0425482297707684
MANABI - PAJAN,MET,0.02368512764355
MANABI - PAJAN,MOL,0.024461969647261
MANABI - PAJAN,MUE,0.0181536408984917
MANABI - PAJAN,PAN,0.0187405117438741
MANABI - PAJAN,PAP,0.0239446296293388
MANABI - PAJAN,PES,0.1617597707030833
MANABI - PAJAN,PLS,0.0202795940905682
MANABI - PAJAN,QU1,0.0078295002235335
MANABI - PAJAN,QU2,0.035687917115052
MANABI - PAJAN,RES,0.258608155482591
MANABI - PAJAN,SAL,1.3473971662511413
MANABI - PAJAN,SIL,0.1038022953850915
MANABI - PAJAN,TAB,0.0018549530995687
MANABI - PAJAN,TEL,0.8970337292281759
MANABI - PAJAN,TRA,1.4323224839898263
MANABI - PAJAN,VES,0.0161583174164084
MANABI - PAJAN,VID,0.0091812849554126
MANABI - PEDERNALES,AGU,25.849426652790275
MANABI - PEDERNALES,AYG,0.4179475067173194
MANABI - PEDERNALES,AZU,0.1551751364830155
MANABI - PEDERNALES,BAL,0.4348730727126004
MANABI - PEDERNALES,BNA,0.8502960833708367
MANABI - PEDERNALES,CAN,0.6122609799446683
MANABI - PEDERNALES,CAR,0.9389069496860646
MANABI - PEDERNALES,CAU,0.0532253780519549
MANABI - PEDERNALES,CEM,0.5025734974247715
MANABI - PEDERNALES,CER,1.0426632280309027
MANABI - PEDERNALES,CHO,0.2361863506081451
MANABI - PEDERNALES,CIN,0.5769700873052136
MANABI - PEDERNALES,COM,23.293187882043068
MANABI - PEDERNALES,CUE,0.117790462288889
MANABI - PEDERNALES,CUL,3.6240678500839754
MANABI - PEDERNALES,EDU,39.79153285900283
MANABI - PEDERNALES,ELE,18.84153076960541
MANABI - PEDERNALES,FRT,3.896810303196475
MANABI - PEDERNALES,FRV,2.6751852385092474
MANABI - PEDERNALES,GAN,2.9334045682050585
MANABI - PEDERNALES,HIL,0.2444679656139138
MANABI - PEDERNALES,HOT,0.7863743502349272
MANABI - PEDERNALES,INM,59.7422094074449
MANABI - PEDERNALES,LAC,0.4007111042689791
MANABI - PEDERNALES,MAD,0.4561767119057044
MANABI - PEDERNALES,MAN,0.2823912390664477
MANABI - PEDERNALES,MAQ,0.6976285829815018
MANABI - PEDERNALES,MET,0.3883456990978695
MANABI - PEDERNALES,MOL,0.4010829431423133
MANABI - PEDERNALES,MUE,0.2976504273902984
MANABI - PEDERNALES,PAN,0.307272869462814
MANABI - PEDERNALES,PAP,0.3926005412758406
MANABI - PEDERNALES,PES,2.6522428835931
MANABI - PEDERNALES,PLS,0.3325079460429843
MANABI - PEDERNALES,QU1,0.1283739223893541
MANABI - PEDERNALES,QU2,0.5851456378013585
MANABI - PEDERNALES,RES,4.240186772252676
MANABI - PEDERNALES,SAL,22.092171187128063
MANABI - PEDERNALES,SIL,1.7019614830011027
MANABI - PEDERNALES,TAB,0.0304141514070308
MANABI - PEDERNALES,TEL,14.70792963137565
MANABI - PEDERNALES,TRA,23.484622280686743
MANABI - PEDERNALES,VES,0.2649347374333968
MANABI - PEDERNALES,VID,0.150538032907643
MANABI - PICHINCHA,AGU,1.270350787043419
MANABI - PICHINCHA,AYG,0.0205397183942518
MANABI - PICHINCHA,AZU,0.0076259663089854
MANABI - PICHINCHA,BAL,0.0213715127072193
MANABI - PICHINCHA,BNA,0.0417871666261302
MANABI - PICHINCHA,CAN,0.0300891090621047
MANABI - PICHINCHA,CAR,0.0461418815401648
MANABI - PICHINCHA,CAU,0.0026157214938338
MANABI - PICHINCHA,CEM,0.0246985995695887
MANABI - PICHINCHA,CER,0.0512409064286659
MANABI - PICHINCHA,CHO,0.011607201986106
MANABI - PICHINCHA,CIN,0.0283547644732604
MANABI - PICHINCHA,COM,1.1447263398203666
MANABI - PICHINCHA,CUE,0.0057887243877707
MANABI - PICHINCHA,CUL,0.1781021106383407
MANABI - PICHINCHA,EDU,1.9555251945846104
MANABI - PICHINCHA,ELE,0.9259529723336192
MANABI - PICHINCHA,FRT,0.1915058350081506
MANABI - PICHINCHA,FRV,0.1314699826373256
MANABI - PICHINCHA,GAN,0.1441599789422722
MANABI - PICHINCHA,HIL,0.0120141957767955
MANABI - PICHINCHA,HOT,0.03864578074206
MANABI - PICHINCHA,INM,2.9359863087047686
MANABI - PICHINCHA,LAC,0.0196926482557085
MANABI - PICHINCHA,MAD,0.0224184641610895
MANABI - PICHINCHA,MAN,0.0138779067567251
MANABI - PICHINCHA,MAQ,0.034284436222065
MANABI - PICHINCHA,MET,0.0190849596441882
MANABI - PICHINCHA,MOL,0.0197109219997159
MANABI - PICHINCHA,MUE,0.0146278081822855
MANABI - PICHINCHA,PAN,0.0151006959188025
MANABI - PICHINCHA,PAP,0.0192940606885607
MANABI - PICHINCHA,PES,0.1303424977218638
MANABI - PICHINCHA,PLS,0.0163408549298829
MANABI - PICHINCHA,QU1,0.0063088406382724
MANABI - PICHINCHA,QU2,0.0287565458027573
MANABI - PICHINCHA,RES,0.208380815392702
MANABI - PICHINCHA,SAL,1.0857032704064509
MANABI - PICHINCHA,SIL,0.083641627278207
MANABI - PICHINCHA,TAB,0.0014946807794287
MANABI - PICHINCHA,TEL,0.7228102284032841
MANABI - PICHINCHA,TRA,1.1541342405158324
MANABI - PICHINCHA,VES,0.0130200200079612
MANABI - PICHINCHA,VID,0.0073980793134361
MANABI - PORTOVIEJO,AGU,39.18853251190362
MANABI - PORTOVIEJO,AYG,0.6336213826039637
MANABI - PORTOVIEJO,AZU,0.2352503195829034
MANABI - PORTOVIEJO,BAL,0.6592810655902726
MANABI - PORTOVIEJO,BNA,1.2890752338727585
MANABI - PORTOVIEJO,CAN,0.9282066345460568
MANABI - PORTOVIEJO,CAR,1.42341205542572
MANABI - PORTOVIEJO,CAU,0.0806913238836671
MANABI - PORTOVIEJO,CEM,0.7619170091467311
MANABI - PORTOVIEJO,CER,1.5807097913425012
MANABI - PORTOVIEJO,CHO,0.3580658327164892
MANABI - PORTOVIEJO,CIN,0.8747045467763038
MANABI - PORTOVIEJO,COM,35.313195255059576
MANABI - PORTOVIEJO,CUE,0.1785739940387426
MANABI - PORTOVIEJO,CUL,5.494199259271777
MANABI - PORTOVIEJO,EDU,60.32519792755981
MANABI - PORTOVIEJO,ELE,28.564345006817067
MANABI - PORTOVIEJO,FRT,5.907685277153022
MANABI - PORTOVIEJO,FRV,4.055663791032976
MANABI - PORTOVIEJO,GAN,4.447132303387541
MANABI - PORTOVIEJO,HIL,0.3706210179151366
MANABI - PORTOVIEJO,HOT,1.19216790394003
MANABI - PORTOVIEJO,INM,90.571042334662
MANABI - PORTOVIEJO,LAC,0.6074904619143892
MANABI - PORTOVIEJO,MAD,0.691578043328102
MANABI - PORTOVIEJO,MAN,0.4281138766394137
MANABI - PORTOVIEJO,MAQ,1.0576265683808797
MANABI - PORTOVIEJO,MET,0.5887441241684963
MANABI - PORTOVIEJO,MOL,0.6080541811787494
MANABI - PORTOVIEJO,MUE,0.4512472793940136
MANABI - PORTOVIEJO,PAN,0.4658352000108904
MANABI - PORTOVIEJO,PAP,0.5951945968719766
MANABI - PORTOVIEJO,PES,4.020882469435113
MANABI - PORTOVIEJO,PLS,0.5040923587589603
MANABI - PORTOVIEJO,QU1,0.1946188477914559
MANABI - PORTOVIEJO,QU2,0.8870989348888272
MANABI - PORTOVIEJO,RES,6.428254653881503
MANABI - PORTOVIEJO,SAL,33.49241669667189
MANABI - PORTOVIEJO,SIL,2.58022639366343
MANABI - PORTOVIEJO,TAB,0.0461087968118523
MANABI - PORTOVIEJO,TEL,22.29767747981128
MANABI - PORTOVIEJO,TRA,35.603415740639846
MANABI - PORTOVIEJO,VES,0.4016492787595582
MANABI - PORTOVIEJO,VID,0.2282203267453279
MANABI - PUERTO LOPEZ,AGU,0.9692625372965668
MANABI - PUERTO LOPEZ,AYG,0.015671560776141
MANABI - PUERTO LOPEZ,AZU,0.0058185215685096
MANABI - PUERTO LOPEZ,BAL,0.0163062099411737
MANABI - PUERTO LOPEZ,BNA,0.0318831109986103
MANABI - PUERTO LOPEZ,CAN,0.0229576322477076
MANABI - PUERTO LOPEZ,CAR,0.035205706670475
MANABI - PUERTO LOPEZ,CAU,0.0019957643808567
MANABI - PUERTO LOPEZ,CEM,0.0188447376351908
MANABI - PUERTO LOPEZ,CER,0.0390962019978873
MANABI - PUERTO LOPEZ,CHO,0.0088561570258486
MANABI - PUERTO LOPEZ,CIN,0.0216343479597179
MANABI - PUERTO LOPEZ,COM,0.8734125786050131
MANABI - PUERTO LOPEZ,CUE,0.0044167278400792
MANABI - PUERTO LOPEZ,CUL,0.1358897915566779
MANABI - PUERTO LOPEZ,EDU,1.4920424588091814
MANABI - PUERTO LOPEZ,ELE,0.7064911019342771
MANABI - PUERTO LOPEZ,FRT,0.1461166737882719
MANABI - PUERTO LOPEZ,FRV,0.1003100326689799
MANABI - PUERTO LOPEZ,GAN,0.1099923488782241
MANABI - PUERTO LOPEZ,HIL,0.0091666884461862
MANABI - PUERTO LOPEZ,HOT,0.0294862709417723
MANABI - PUERTO LOPEZ,INM,2.240122624449479
MANABI - PUERTO LOPEZ,LAC,0.0150252563379286
MANABI - PUERTO LOPEZ,MAD,0.0171050214450153
MANABI - PUERTO LOPEZ,MAN,0.0105886777515168
MANABI - PUERTO LOPEZ,MAQ,0.0261586169594314
MANABI - PUERTO LOPEZ,MET,0.0145615971569403
MANABI - PUERTO LOPEZ,MOL,0.0150391989872057
MANABI - PUERTO LOPEZ,MUE,0.0111608436177282
MANABI - PUERTO LOPEZ,PAN,0.0115216513347995
MANABI - PUERTO LOPEZ,PAP,0.0147211387661455
MANABI - PUERTO LOPEZ,PES,0.0994497750920413
MANABI - PUERTO LOPEZ,PLS,0.0124678779062244
MANABI - PUERTO LOPEZ,QU1,0.0048135703514486
MANABI - PUERTO LOPEZ,QU2,0.0219409023341777
MANABI - PUERTO LOPEZ,RES,0.1589920830619791
MANABI - PUERTO LOPEZ,SAL,0.8283786788328803
MANABI - PUERTO LOPEZ,SIL,0.0638175665384287
MANABI - PUERTO LOPEZ,TAB,0.0011404236526584
MANABI - PUERTO LOPEZ,TEL,0.5514956050813489
MANABI - PUERTO LOPEZ,TRA,0.8805906949109382
MANABI - PUERTO LOPEZ,VES,0.0099341203683902
MANABI - PUERTO LOPEZ,VID,0.0056446465020509
MANABI - ROCAFUERTE,AGU,6.803297951373957
MANABI - ROCAFUERTE,AYG,0.1099993997710144
MANABI - ROCAFUERTE,AZU,0.04084046823627
MANABI - ROCAFUERTE,BAL,0.1144540312028148
MANABI - ROCAFUERTE,BNA,0.2237890100913971
MANABI - ROCAFUERTE,CAN,0.1611406677027456
MANABI - ROCAFUERTE,CAR,0.247110460635322
MANABI - ROCAFUERTE,CAU,0.0140083612037438
MANABI - ROCAFUERTE,CEM,0.132272072853721
MANABI - ROCAFUERTE,CER,0.2744180247599379
MANABI - ROCAFUERTE,CHO,0.0621617700391601
MANABI - ROCAFUERTE,CIN,0.1518524749385071
MANABI - ROCAFUERTE,COM,6.130522720192189
MANABI - ROCAFUERTE,CUE,0.031001214129246
MANABI - ROCAFUERTE,CUL,0.9538166440320298
MANABI - ROCAFUERTE,EDU,10.47271406124057
MANABI - ROCAFUERTE,ELE,4.9588932631807205
MANABI - ROCAFUERTE,FRT,1.0255995968006435
MANABI - ROCAFUERTE,FRV,0.7040806938258044
MANABI - ROCAFUERTE,GAN,0.7720413128492456
MANABI - ROCAFUERTE,HIL,0.0643414042399338
MANABI - ROCAFUERTE,HOT,0.2069654804273508
MANABI - ROCAFUERTE,INM,15.72352285919467
MANABI - ROCAFUERTE,LAC,0.1054629594452405
MANABI - ROCAFUERTE,MAD,0.1200609255771475
MANABI - ROCAFUERTE,MAN,0.0743224120222154
MANABI - ROCAFUERTE,MAQ,0.1836085253715153
MANABI - ROCAFUERTE,MET,0.1022085145092466
MANABI - ROCAFUERTE,MOL,0.1055608235363546
MANABI - ROCAFUERTE,MUE,0.0783384703301113
MANABI - ROCAFUERTE,PAN,0.0808709961504507
MANABI - ROCAFUERTE,PAP,0.1033283443399669
MANABI - ROCAFUERTE,PES,0.6980425066622268
MANABI - ROCAFUERTE,PLS,0.087512603606843
MANABI - ROCAFUERTE,QU1,0.0337866698140888
MANABI - ROCAFUERTE,QU2,0.1540041940728954
MANABI - ROCAFUERTE,RES,1.1159726816608413
MANABI - ROCAFUERTE,SAL,5.814427723973029
MANABI - ROCAFUERTE,SIL,0.4479384098590409
MANABI - ROCAFUERTE,TAB,0.008004685625702
MANABI - ROCAFUERTE,TEL,3.870972802380869
MANABI - ROCAFUERTE,TRA,6.180906245893113
MANABI - ROCAFUERTE,VES,0.0697280438997228
MANABI - ROCAFUERTE,VID,0.0396200312154266
MANABI - SAN VICENTE,AGU,17.123931095690917
MANABI - SAN VICENTE,AYG,0.2768689767388189
MANABI - SAN VICENTE,AZU,0.1027956395548434
MANABI - SAN VICENTE,BAL,0.2880813037954994
MANABI - SAN VICENTE,BNA,0.5632779302285364
MANABI - SAN VICENTE,CAN,0.4055917747800796
MANABI - SAN VICENTE,CAR,0.6219781246078052
MANABI - SAN VICENTE,CAU,0.0352591072346045
MANABI - SAN VICENTE,CEM,0.3329293936000402
MANABI - SAN VICENTE,CER,0.6907113845360501
MANABI - SAN VICENTE,CHO,0.1564614506883077
MANABI - SAN VICENTE,CIN,0.3822133524274037
MANABI - SAN VICENTE,COM,15.430552857079816
MANABI - SAN VICENTE,CUE,0.0780301933600833
MANABI - SAN VICENTE,CUL,2.400760720325219
MANABI - SAN VICENTE,EDU,26.359867707005183
MANABI - SAN VICENTE,ELE,12.481556321143252
MANABI - SAN VICENTE,FRT,2.5814387305844537
MANABI - SAN VICENTE,FRV,1.772174226831332
MANABI - SAN VICENTE,GAN,1.94323140611346
MANABI - SAN VICENTE,HIL,0.1619475996317511
MANABI - SAN VICENTE,HOT,0.5209330315025793
MANABI - SAN VICENTE,INM,39.57617672293694
MANABI - SAN VICENTE,LAC,0.2654507363334319
MANABI - SAN VICENTE,MAD,0.3021938817853403
MANABI - SAN VICENTE,MAN,0.1870698404553841
MANABI - SAN VICENTE,MAQ,0.4621434721094761
MANABI - SAN VICENTE,MET,0.2572592840058993
MANABI - SAN VICENTE,MOL,0.2656970606844978
MANABI - SAN VICENTE,MUE,0.1971782770154494
MANABI - SAN VICENTE,PAN,0.2035526557293482
MANABI - SAN VICENTE,PAP,0.260077900652886
MANABI - SAN VICENTE,PES,1.7569760829794805
MANABI - SAN VICENTE,PLS,0.2202696111325612
MANABI - SAN VICENTE,QU1,0.0850411976639174
MANABI - SAN VICENTE,QU2,0.387629239025036
MANABI - SAN VICENTE,RES,2.808908185709305
MANABI - SAN VICENTE,SAL,14.634940350669387
MANABI - SAN VICENTE,SIL,1.1274629628694253
MANABI - SAN VICENTE,TAB,0.0201478291965013
MANABI - SAN VICENTE,TEL,9.743255699667944
MANABI - SAN VICENTE,TRA,15.55736841456784
MANABI - SAN VICENTE,VES,0.175505795528921
MANABI - SAN VICENTE,VID,0.0997237941644278
MANABI - SANTA ANA,AGU,2.068257423270587
MANABI - SANTA ANA,AYG,0.0334407043110265
MANABI - SANTA ANA,AZU,0.0124158315868634
MANABI - SANTA ANA,BAL,0.0347949481781344
MANABI - SANTA ANA,BNA,0.068033663184549
MANABI - SANTA ANA,CAN,0.0489880620471245
MANABI - SANTA ANA,CAR,0.0751235721601171
MANABI - SANTA ANA,CAU,0.0042586547369497
MANABI - SANTA ANA,CEM,0.0402117764834696
MANABI - SANTA ANA,CER,0.083425291799012
MANABI - SANTA ANA,CHO,0.0188976792205855
MANABI - SANTA ANA,CIN,0.046164376568301
MANABI - SANTA ANA,COM,1.8637283292885625
MANABI - SANTA ANA,CUE,0.0094246190173495
MANABI - SANTA ANA,CUL,0.2899679491561708
MANABI - SANTA ANA,EDU,3.183789502351088
MANABI - SANTA ANA,ELE,1.5075435290481038
MANABI - SANTA ANA,FRT,0.3117905454894658
MANABI - SANTA ANA,FRV,0.214046207000626
MANABI - SANTA ANA,GAN,0.2347067830609336
MANABI - SANTA ANA,HIL,0.0195603055891476
MANABI - SANTA ANA,HOT,0.0629191745406628
MANABI - SANTA ANA,INM,4.780077707301724
MANABI - SANTA ANA,LAC,0.0320615898806331
MANABI - SANTA ANA,MAD,0.0364994892689543
MANABI - SANTA ANA,MAN,0.0225946124187135
MANABI - SANTA ANA,MAQ,0.0558184719072476
MANABI - SANTA ANA,MET,0.0310722123837773
MANABI - SANTA ANA,MOL,0.0320913413532814
MANABI - SANTA ANA,MUE,0.0238155265205155
MANABI - SANTA ANA,PAN,0.024585434786327
MANABI - SANTA ANA,PAP,0.0314126496800329
MANABI - SANTA ANA,PES,0.2122105494249286
MANABI - SANTA ANA,PLS,0.0266045369956251
MANABI - SANTA ANA,QU1,0.0102714200010112
MANABI - SANTA ANA,QU2,0.0468185165316394
MANABI - SANTA ANA,RES,0.339264691846413
MANABI - SANTA ANA,SAL,1.7676329021792834
MANABI - SANTA ANA,SIL,0.1361768877360255
MANABI - SANTA ANA,TAB,0.0024334889614767
MANABI - SANTA ANA,TEL,1.176806938491632
MANABI - SANTA ANA,TRA,1.8790453272778151
MANABI - SANTA ANA,VES,0.0211978874711218
MANABI - SANTA ANA,VID,0.0120448088937468
MANABI - SUCRE,AGU,25.03163156269611
MANABI - SUCRE,AYG,0.4047249535248823
MANABI - SUCRE,AZU,0.1502658800254142
MANABI - SUCRE,BAL,0.4211150474977495
MANABI - SUCRE,BNA,0.8233953721308098
MANABI - SUCRE,CAN,0.5928909556118097
MANABI - SUCRE,CAR,0.9092028675096164
MANABI - SUCRE,CAU,0.0515414933985754
MANABI - SUCRE,CEM,0.4866736423089883
MANABI - SUCRE,CER,1.0096766214048187
MANABI - SUCRE,CHO,0.2287141524635201
MANABI - SUCRE,CIN,0.5587165565454327
MANABI - SUCRE,COM,22.55626419942361
MANABI - SUCRE,CUE,0.1140639401105189
MANABI - SUCRE,CUL,3.509413667081162
MANABI - SUCRE,EDU,38.53265309209316
MANABI - SUCRE,ELE,18.24544360836161
MANABI - SUCRE,FRT,3.773527401189113
MANABI - SUCRE,FRV,2.590550736455056
MANABI - SUCRE,GAN,2.840600813392224
MANABI - SUCRE,HIL,0.2367337630472666
MANABI - SUCRE,HOT,0.7614959229012712
MANABI - SUCRE,INM,57.85215257248945
MANABI - SUCRE,LAC,0.38803385699309
MANABI - SUCRE,MAD,0.441744706112202
MANABI - SUCRE,MAN,0.2734572626229423
MANABI - SUCRE,MAQ,0.6755577944284398
MANABI - SUCRE,MET,0.3760596546046102
MANABI - SUCRE,MOL,0.3883939320463208
MANABI - SUCRE,MUE,0.2882336979071344
MANABI - SUCRE,PAN,0.2975517159787885
MANABI - SUCRE,PAP,0.3801798868707636
MANABI - SUCRE,PES,2.568334205962701
MANABI - SUCRE,PLS,0.3219884335855622
MANABI - SUCRE,QU1,0.1243125726025181
MANABI - SUCRE,QU2,0.5666334581692306
MANABI - SUCRE,RES,4.106040511679575
MANABI - SUCRE,SAL,21.39324392003516
MANABI - SUCRE,SIL,1.6481167396331704
MANABI - SUCRE,TAB,0.0294519426886658
MANABI - SUCRE,TEL,14.24261669428228
MANABI - SUCRE,TRA,22.741642211850728
MANABI - SUCRE,VES,0.256553030156921
MANABI - SUCRE,VID,0.145775479918058
MANABI - TOSAGUA,AGU,5.254899699273164
MANABI - TOSAGUA,AYG,0.0849640596234941
MANABI - TOSAGUA,AZU,0.0315453719338587
MANABI - TOSAGUA,BAL,0.0884048381310139
MANABI - TOSAGUA,BNA,0.172855695904429
MANABI - TOSAGUA,CAN,0.1244658182405231
MANABI - TOSAGUA,CAR,0.1908692952390186
MANABI - TOSAGUA,CAU,0.0108201248281353
MANABI - TOSAGUA,CEM,0.1021675782582596
MANABI - TOSAGUA,CER,0.2119617876643057
MANABI - TOSAGUA,CHO,0.0480140468666524
MANABI - TOSAGUA,CIN,0.1172915739677538
MANABI - TOSAGUA,COM,4.735244910480395
MANABI - TOSAGUA,CUE,0.0239454852586572
MANABI - TOSAGUA,CUL,0.7367325129238846
MANABI - TOSAGUA,EDU,8.089174157053156
MANABI - TOSAGUA,ELE,3.830272744728673
MANABI - TOSAGUA,FRT,0.7921780070963906
MANABI - TOSAGUA,FRV,0.5438352770514855
MANABI - TOSAGUA,GAN,0.5963283824573093
MANABI - TOSAGUA,HIL,0.0496976066913193
MANABI - TOSAGUA,HOT,0.1598611215664852
MANABI - TOSAGUA,INM,12.144923849411914
MANABI - TOSAGUA,LAC,0.0814600915371242
MANABI - TOSAGUA,MAD,0.0927356300163798
MANABI - TOSAGUA,MAN,0.0574069845795775
MANABI - TOSAGUA,MAQ,0.1418200983780095
MANABI - TOSAGUA,MET,0.0789463427879604
MANABI - TOSAGUA,MOL,0.0815356822266164
MANABI - TOSAGUA,MUE,0.0605090071200078
MANABI - TOSAGUA,PAN,0.0624651421102467
MANABI - TOSAGUA,PAP,0.0798113046759666
MANABI - TOSAGUA,PES,0.5391713525641519
MANABI - TOSAGUA,PLS,0.0675951513020737
MANABI - TOSAGUA,QU1,0.0260969844793642
MANABI - TOSAGUA,QU2,0.1189535720623594
MANABI - TOSAGUA,RES,0.8619826077251685
MANABI - TOSAGUA,SAL,4.491091631813781
MANABI - TOSAGUA,SIL,0.3459897585090769
MANABI - TOSAGUA,TAB,0.0061828572536328
MANABI - TOSAGUA,TEL,2.989957805834117
MANABI - TOSAGUA,TRA,4.7741613853939535
MANABI - TOSAGUA,VES,0.0538582727874736
MANABI - TOSAGUA,VID,0.0306027005736375
MORONA SANTIAGO - GUALAQUIZA,AGU,6.695199290668524e-08
MORONA SANTIAGO - GUALAQUIZA,AYG,1.0825160217657762e-09
MORONA SANTIAGO - GUALAQUIZA,AZU,4.019154767590681e-10
MORONA SANTIAGO - GUALAQUIZA,BAL,1.1263545327578707e-09
MORONA SANTIAGO - GUALAQUIZA,BNA,2.202331916568114e-09
MORONA SANTIAGO - GUALAQUIZA,CAN,1.5858027853732203e-09
MORONA SANTIAGO - GUALAQUIZA,CAR,2.431840840409254e-09
MORONA SANTIAGO - GUALAQUIZA,CAU,1.3785780170893922e-10
MORONA SANTIAGO - GUALAQUIZA,CEM,1.3017038128789283e-09
MORONA SANTIAGO - GUALAQUIZA,CER,2.700577540262433e-09
MORONA SANTIAGO - GUALAQUIZA,CHO,6.117407199383852e-10
MORONA SANTIAGO - GUALAQUIZA,CIN,1.494396673144719e-09
MORONA SANTIAGO - GUALAQUIZA,COM,6.033113889914048e-08
MORONA SANTIAGO - GUALAQUIZA,CUE,3.0508631009769813e-10
MORONA SANTIAGO - GUALAQUIZA,CUL,9.386613028261384e-09
MORONA SANTIAGO - GUALAQUIZA,EDU,1.0306311476484975e-07
MORONA SANTIAGO - GUALAQUIZA,ELE,4.8801006358164034e-08
MORONA SANTIAGO - GUALAQUIZA,FRT,1.0093036850786244e-08
MORONA SANTIAGO - GUALAQUIZA,FRV,6.928934460269994e-09
MORONA SANTIAGO - GUALAQUIZA,GAN,7.597742281904862e-09
MORONA SANTIAGO - GUALAQUIZA,HIL,6.331907364733659e-10
MORONA SANTIAGO - GUALAQUIZA,HOT,2.036769736757194e-09
MORONA SANTIAGO - GUALAQUIZA,INM,1.5473689355679372e-07
MORONA SANTIAGO - GUALAQUIZA,LAC,1.0378724205765216e-09
MORONA SANTIAGO - GUALAQUIZA,MAD,1.1815325883217962e-09
MORONA SANTIAGO - GUALAQUIZA,MAN,7.314149164250811e-10
MORONA SANTIAGO - GUALAQUIZA,MAQ,1.8069114091641406e-09
MORONA SANTIAGO - GUALAQUIZA,MET,1.005845075040985e-09
MORONA SANTIAGO - GUALAQUIZA,MOL,1.0388355117098104e-09
MORONA SANTIAGO - GUALAQUIZA,MUE,7.709373817448272e-10
MORONA SANTIAGO - GUALAQUIZA,PAN,7.958602429764325e-10
MORONA SANTIAGO - GUALAQUIZA,PAP,1.0168654418423446e-09
MORONA SANTIAGO - GUALAQUIZA,PES,6.869512005596605e-09
MORONA SANTIAGO - GUALAQUIZA,PLS,8.612210221878683e-10
MORONA SANTIAGO - GUALAQUIZA,QU1,3.324982815542501e-10
MORONA SANTIAGO - GUALAQUIZA,QU2,1.5155719744842194e-09
MORONA SANTIAGO - GUALAQUIZA,RES,1.0982408179186355e-08
MORONA SANTIAGO - GUALAQUIZA,SAL,5.7220413763189346e-08
MORONA SANTIAGO - GUALAQUIZA,SIL,4.408210467021759e-09
MORONA SANTIAGO - GUALAQUIZA,TAB,7.877497929133282e-11
MORONA SANTIAGO - GUALAQUIZA,TEL,3.8094663126526e-08
MORONA SANTIAGO - GUALAQUIZA,TRA,6.082696863928302e-08
MORONA SANTIAGO - GUALAQUIZA,VES,6.862012415064766e-10
MORONA SANTIAGO - GUALAQUIZA,VID,3.8990502368960376e-10
MORONA SANTIAGO - HUAMBOYA,AGU,3.7218379422810526e-08
MORONA SANTIAGO - HUAMBOYA,AYG,6.017668822122116e-10
MORONA SANTIAGO - HUAMBOYA,AZU,2.2342341221668324e-10
MORONA SANTIAGO - HUAMBOYA,BAL,6.261365576258901e-10
MORONA SANTIAGO - HUAMBOYA,BNA,1.2242686337961581e-09
MORONA SANTIAGO - HUAMBOYA,CAN,8.815422393479936e-10
MORONA SANTIAGO - HUAMBOYA,CAR,1.351851844356385e-09
MORONA SANTIAGO - HUAMBOYA,CAU,7.663467131664064e-11
MORONA SANTIAGO - HUAMBOYA,CEM,7.236126110744882e-10
MORONA SANTIAGO - HUAMBOYA,CER,1.501241638830611e-09
MORONA SANTIAGO - HUAMBOYA,CHO,3.4006453332588824e-10
MORONA SANTIAGO - HUAMBOYA,CIN,8.307299002556247e-10
MORONA SANTIAGO - HUAMBOYA,COM,3.3537869764206605e-08
MORONA SANTIAGO - HUAMBOYA,CUE,1.6959641607303918e-10
MORONA SANTIAGO - HUAMBOYA,CUL,5.217985455158054e-09
MORONA SANTIAGO - HUAMBOYA,EDU,5.729242615915963e-08
MORONA SANTIAGO - HUAMBOYA,ELE,2.7128309285499683e-08
MORONA SANTIAGO - HUAMBOYA,FRT,5.610683995090792e-09
MORONA SANTIAGO - HUAMBOYA,FRV,3.85177050812427e-09
MORONA SANTIAGO - HUAMBOYA,GAN,4.2235584443137605e-09
MORONA SANTIAGO - HUAMBOYA,HIL,3.5198852273031353e-10
MORONA SANTIAGO - HUAMBOYA,HOT,1.1322331952863786e-09
MORONA SANTIAGO - HUAMBOYA,INM,8.601769962442365e-08
MORONA SANTIAGO - HUAMBOYA,LAC,5.769496599649498e-10
MORONA SANTIAGO - HUAMBOYA,MAD,6.568098463307294e-10
MORONA SANTIAGO - HUAMBOYA,MAN,4.065910018982237e-10
MORONA SANTIAGO - HUAMBOYA,MAQ,1.0044557523986895e-09
MORONA SANTIAGO - HUAMBOYA,MET,5.59145770247904e-10
MORONA SANTIAGO - HUAMBOYA,MOL,5.774850389680428e-10
MORONA SANTIAGO - HUAMBOYA,MUE,4.2856140257091694e-10
MORONA SANTIAGO - HUAMBOYA,PAN,4.424159342338171e-10
MORONA SANTIAGO - HUAMBOYA,PAP,5.652719537293008e-10
MORONA SANTIAGO - HUAMBOYA,PES,3.818737772752951e-09
MORONA SANTIAGO - HUAMBOYA,PLS,4.78749763511345e-10
MORONA SANTIAGO - HUAMBOYA,QU1,1.8483463543148542e-10
MORONA SANTIAGO - HUAMBOYA,QU2,8.425011764407012e-10
MORONA SANTIAGO - HUAMBOYA,RES,6.1050824156770054e-09
MORONA SANTIAGO - HUAMBOYA,SAL,3.180862850694833e-08
MORONA SANTIAGO - HUAMBOYA,SIL,2.4505088290036308e-09
MORONA SANTIAGO - HUAMBOYA,TAB,4.3790736332153525e-11
MORONA SANTIAGO - HUAMBOYA,TEL,2.117669041164005e-08
MORONA SANTIAGO - HUAMBOYA,TRA,3.3813499787997825e-08
MORONA SANTIAGO - HUAMBOYA,VES,3.8145687765242844e-10
MORONA SANTIAGO - HUAMBOYA,VID,2.167468432308696e-10
MORONA SANTIAGO - LIMON - INDANZA,AGU,3.6715380481339214e-08
MORONA SANTIAGO - LIMON - INDANZA,AYG,5.936341233586724e-10
MORONA SANTIAGO - LIMON - INDANZA,AZU,2.2040388956180843e-10
MORONA SANTIAGO - LIMON - INDANZA,BAL,6.176744474914199e-10
MORONA SANTIAGO - LIMON - INDANZA,BNA,1.2077228884835987e-09
MORONA SANTIAGO - LIMON - INDANZA,CAN,8.696283725936948e-10
MORONA SANTIAGO - LIMON - INDANZA,CAR,1.33358183751346e-09
MORONA SANTIAGO - LIMON - INDANZA,CAU,7.559896908698772e-11
MORONA SANTIAGO - LIMON - INDANZA,CEM,7.138331316062688e-10
MORONA SANTIAGO - LIMON - INDANZA,CER,1.4809526588445112e-09
MORONA SANTIAGO - LIMON - INDANZA,CHO,3.354686292874113e-10
MORONA SANTIAGO - LIMON - INDANZA,CIN,8.195027520842817e-10
MORONA SANTIAGO - LIMON - INDANZA,COM,3.3084612173408334e-08
MORONA SANTIAGO - LIMON - INDANZA,CUE,1.6730435448720382e-10
MORONA SANTIAGO - LIMON - INDANZA,CUL,5.147465427116514e-09
MORONA SANTIAGO - LIMON - INDANZA,EDU,5.651813049773384e-08
MORONA SANTIAGO - LIMON - INDANZA,ELE,2.6761675620462944e-08
MORONA SANTIAGO - LIMON - INDANZA,FRT,5.534856724956319e-09
MORONA SANTIAGO - LIMON - INDANZA,FRV,3.799714601380799e-09
MORONA SANTIAGO - LIMON - INDANZA,GAN,4.16647789809766e-09
MORONA SANTIAGO - LIMON - INDANZA,HIL,3.4723146836391914e-10
MORONA SANTIAGO - LIMON - INDANZA,HOT,1.1169312904866576e-09
MORONA SANTIAGO - LIMON - INDANZA,INM,8.485518764701161e-08
MORONA SANTIAGO - LIMON - INDANZA,LAC,5.691523008981348e-10
MORONA SANTIAGO - LIMON - INDANZA,MAD,6.479331928445806e-10
MORONA SANTIAGO - LIMON - INDANZA,MAN,4.0109600596507925e-10
MORONA SANTIAGO - LIMON - INDANZA,MAQ,9.908807341403268e-10
MORONA SANTIAGO - LIMON - INDANZA,MET,5.515890271837367e-10
MORONA SANTIAGO - LIMON - INDANZA,MOL,5.696804443612604e-10
MORONA SANTIAGO - LIMON - INDANZA,MUE,4.2276948107428887e-10
MORONA SANTIAGO - LIMON - INDANZA,PAN,4.364367715174183e-10
MORONA SANTIAGO - LIMON - INDANZA,PAP,5.576324165227184e-10
MORONA SANTIAGO - LIMON - INDANZA,PES,3.767128296810158e-09
MORONA SANTIAGO - LIMON - INDANZA,PLS,4.722795563714752e-10
MORONA SANTIAGO - LIMON - INDANZA,QU1,1.8233663236388563e-10
MORONA SANTIAGO - LIMON - INDANZA,QU2,8.311149418300053e-10
MORONA SANTIAGO - LIMON - INDANZA,RES,6.022573449937388e-09
MORONA SANTIAGO - LIMON - INDANZA,SAL,3.1378741265301174e-08
MORONA SANTIAGO - LIMON - INDANZA,SIL,2.417390693121026e-09
MORONA SANTIAGO - LIMON - INDANZA,TAB,4.31989133037757e-11
MORONA SANTIAGO - LIMON - INDANZA,TEL,2.089049168332056e-08
MORONA SANTIAGO - LIMON - INDANZA,TRA,3.3356517112648454e-08
MORONA SANTIAGO - LIMON - INDANZA,VES,3.763015643730295e-10
MORONA SANTIAGO - LIMON - INDANZA,VID,2.1381755306823668e-10
MORONA SANTIAGO - MORONA,AGU,1.781466391864459e-07
MORONA SANTIAGO - MORONA,AYG,2.880371184944945e-09
MORONA SANTIAGO - MORONA,AZU,1.0694213616828242e-09
MORONA SANTIAGO - MORONA,BAL,2.9970172033997582e-09
MORONA SANTIAGO - MORONA,BNA,5.859990304642273e-09
MORONA SANTIAGO - MORONA,CAN,4.2195224423041125e-09
MORONA SANTIAGO - MORONA,CAR,6.470670310875731e-09
MORONA SANTIAGO - MORONA,CAU,3.6681363756129157e-10
MORONA SANTIAGO - MORONA,CEM,3.463588601518811e-09
MORONA SANTIAGO - MORONA,CER,7.185728038457134e-09
MORONA SANTIAGO - MORONA,CHO,1.6277268021343455e-09
MORONA SANTIAGO - MORONA,CIN,3.976307998825153e-09
MORONA SANTIAGO - MORONA,COM,1.6052979405933939e-07
MORONA SANTIAGO - MORONA,CUE,8.117771920762623e-10
MORONA SANTIAGO - MORONA,CUL,2.497600880468343e-08
MORONA SANTIAGO - MORONA,EDU,2.742315310170797e-07
MORONA SANTIAGO - MORONA,ELE,1.2985028367624917e-07
MORONA SANTIAGO - MORONA,FRT,2.6855669504245373e-08
MORONA SANTIAGO - MORONA,FRV,1.8436589168610054e-08
MORONA SANTIAGO - MORONA,GAN,2.0216160776760985e-08
MORONA SANTIAGO - MORONA,HIL,1.684801254892255e-09
MORONA SANTIAGO - MORONA,HOT,5.419460536532079e-09
MORONA SANTIAGO - MORONA,INM,4.11725720901448e-07
MORONA SANTIAGO - MORONA,LAC,2.761582973156681e-09
MORONA SANTIAGO - MORONA,MAD,3.1438356135590594e-09
MORONA SANTIAGO - MORONA,MAN,1.9461572920401127e-09
MORONA SANTIAGO - MORONA,MAQ,4.807850832743399e-09
MORONA SANTIAGO - MORONA,MET,2.6763642407259526e-09
MORONA SANTIAGO - MORONA,MOL,2.7641455772133637e-09
MORONA SANTIAGO - MORONA,MUE,2.051319126115594e-09
MORONA SANTIAGO - MORONA,PAN,2.1176341643178007e-09
MORONA SANTIAGO - MORONA,PAP,2.705687360517179e-09
MORONA SANTIAGO - MORONA,PES,1.8278477212076847e-08
MORONA SANTIAGO - MORONA,PLS,2.2915468836501915e-09
MORONA SANTIAGO - MORONA,QU1,8.847152836318897e-10
MORONA SANTIAGO - MORONA,QU2,4.0326514862049826e-09
MORONA SANTIAGO - MORONA,RES,2.9222119049131812e-08
MORONA SANTIAGO - MORONA,SAL,1.5225274054168135e-07
MORONA SANTIAGO - MORONA,SIL,1.1729417533858436e-08
MORONA SANTIAGO - MORONA,TAB,2.0960537847308129e-10
MORONA SANTIAGO - MORONA,TEL,1.0136272144115368e-07
MORONA SANTIAGO - MORONA,TRA,1.61849103582182e-07
MORONA SANTIAGO - MORONA,VES,1.8258522214614958e-09
MORONA SANTIAGO - MORONA,VID,1.0374638088671262e-09
MORONA SANTIAGO - PALORA,AGU,2.675458454178051e-08
MORONA SANTIAGO - PALORA,AYG,4.325825888787315e-10
MORONA SANTIAGO - PALORA,AZU,1.6060883529766896e-10
MORONA SANTIAGO - PALORA,BAL,4.5010082989895736e-10
MORONA SANTIAGO - PALORA,BNA,8.800705235616613e-10
MORONA SANTIAGO - PALORA,CAN,6.33700250670543e-10
MORONA SANTIAGO - PALORA,CAR,9.717842372155488e-10
MORONA SANTIAGO - PALORA,CAU,5.508914746879095e-11
MORONA SANTIAGO - PALORA,CEM,5.201718903060441e-10
MORONA SANTIAGO - PALORA,CER,1.0791737030634438e-09
MORONA SANTIAGO - PALORA,CHO,2.4445678311701086e-10
MORONA SANTIAGO - PALORA,CIN,5.971735925221976e-10
MORONA SANTIAGO - PALORA,COM,2.410883509365684e-08
MORONA SANTIAGO - PALORA,CUE,1.2191507857615538e-10
MORONA SANTIAGO - PALORA,CUL,3.750970223927741e-09
MORONA SANTIAGO - PALORA,EDU,4.118489528696417e-08
MORONA SANTIAGO - PALORA,ELE,1.95012962818482e-08
MORONA SANTIAGO - PALORA,FRT,4.033263178349742e-09
MORONA SANTIAGO - PALORA,FRV,2.768861011503056e-09
MORONA SANTIAGO - PALORA,GAN,3.036122292747865e-09
MORONA SANTIAGO - PALORA,HIL,2.53028391756168e-10
MORONA SANTIAGO - PALORA,HOT,8.139104714950047e-10
MORONA SANTIAGO - PALORA,INM,6.183417581262698e-08
MORONA SANTIAGO - PALORA,LAC,4.1474262698346466e-10
MORONA SANTIAGO - PALORA,MAD,4.721504491611304e-10
MORONA SANTIAGO - PALORA,MAN,2.922796076270375e-10
MORONA SANTIAGO - PALORA,MAQ,7.220571331366992e-10
MORONA SANTIAGO - PALORA,MET,4.019442279130501e-10
MORONA SANTIAGO - PALORA,MOL,4.1512748637342976e-10
MORONA SANTIAGO - PALORA,MUE,3.080731201692333e-10
MORONA SANTIAGO - PALORA,PAN,3.1803250702084507e-10
MORONA SANTIAGO - PALORA,PAP,4.0634806000927077e-10
MORONA SANTIAGO - PALORA,PES,2.745115294337397e-09
MORONA SANTIAGO - PALORA,PLS,3.441512290664497e-10
MORONA SANTIAGO - PALORA,QU1,1.3286913499705046e-10
MORONA SANTIAGO - PALORA,QU2,6.056354226379188e-10
MORONA SANTIAGO - PALORA,RES,4.388663508671209e-09
MORONA SANTIAGO - PALORA,SAL,2.2865762930711022e-08
MORONA SANTIAGO - PALORA,SIL,1.761558312121863e-09
MORONA SANTIAGO - PALORA,TAB,3.1479150234772584e-11
MORONA SANTIAGO - PALORA,TEL,1.5222950668993746e-08
MORONA SANTIAGO - PALORA,TRA,2.4306972865589363e-08
MORONA SANTIAGO - PALORA,VES,2.7421183943169234e-10
MORONA SANTIAGO - PALORA,VID,1.5580935632652114e-10
MORONA SANTIAGO - SANTIAGO,AGU,3.706252059587575e-08
MORONA SANTIAGO - SANTIAGO,AYG,5.992468724266076e-10
MORONA SANTIAGO - SANTIAGO,AZU,2.22487785478553e-10
MORONA SANTIAGO - SANTIAGO,BAL,6.23514495330702e-10
MORONA SANTIAGO - SANTIAGO,BNA,1.219141783135928e-09
MORONA SANTIAGO - SANTIAGO,CAN,8.778506186635631e-10
MORONA SANTIAGO - SANTIAGO,CAR,1.3461907154754786e-09
MORONA SANTIAGO - SANTIAGO,CAU,7.63137494990017e-11
MORONA SANTIAGO - SANTIAGO,CEM,7.205823498308143e-10
MORONA SANTIAGO - SANTIAGO,CER,1.494954912637735e-09
MORONA SANTIAGO - SANTIAGO,CHO,3.3864045038438827e-10
MORONA SANTIAGO - SANTIAGO,CIN,8.272510656109831e-10
MORONA SANTIAGO - SANTIAGO,COM,3.339742375015643e-08
MORONA SANTIAGO - SANTIAGO,CUE,1.6888619980700568e-10
MORONA SANTIAGO - SANTIAGO,CUL,5.196134178863491e-09
MORONA SANTIAGO - SANTIAGO,EDU,5.705250355984459e-08
MORONA SANTIAGO - SANTIAGO,ELE,2.7014704487882665e-08
MORONA SANTIAGO - SANTIAGO,FRT,5.587188221246307e-09
MORONA SANTIAGO - SANTIAGO,FRV,3.835640508851645e-09
MORONA SANTIAGO - SANTIAGO,GAN,4.20587151450032e-09
MORONA SANTIAGO - SANTIAGO,HIL,3.5051450588438845e-10
MORONA SANTIAGO - SANTIAGO,HOT,1.1274917599963242e-09
MORONA SANTIAGO - SANTIAGO,INM,8.565748464550723e-08
MORONA SANTIAGO - SANTIAGO,LAC,5.745335768738238e-10
MORONA SANTIAGO - SANTIAGO,MAD,6.540593339829085e-10
MORONA SANTIAGO - SANTIAGO,MAN,4.0488832710203806e-10
MORONA SANTIAGO - SANTIAGO,MAQ,1.0002494087129996e-09
MORONA SANTIAGO - SANTIAGO,MET,5.568042442280212e-10
MORONA SANTIAGO - SANTIAGO,MOL,5.750667138786172e-10
MORONA SANTIAGO - SANTIAGO,MUE,4.2676672267055326e-10
MORONA SANTIAGO - SANTIAGO,PAN,4.405632359273273e-10
MORONA SANTIAGO - SANTIAGO,PAP,5.629047731864162e-10
MORONA SANTIAGO - SANTIAGO,PES,3.802746104150958e-09
MORONA SANTIAGO - SANTIAGO,PLS,4.767449105947655e-10
MORONA SANTIAGO - SANTIAGO,QU1,1.8406060631194742e-10
MORONA SANTIAGO - SANTIAGO,QU2,8.38973047406401e-10
MORONA SANTIAGO - SANTIAGO,RES,6.079516257278812e-09
MORONA SANTIAGO - SANTIAGO,SAL,3.167542400953653e-08
MORONA SANTIAGO - SANTIAGO,SIL,2.4402468714062038e-09
MORONA SANTIAGO - SANTIAGO,TAB,4.36073545487125e-11
MORONA SANTIAGO - SANTIAGO,TEL,2.108800911554105e-08
MORONA SANTIAGO - SANTIAGO,TRA,3.36718995223966e-08
MORONA SANTIAGO - SANTIAGO,VES,3.798594566362767e-10
MORONA SANTIAGO - SANTIAGO,VID,2.1583917585653262e-10
MORONA SANTIAGO - SUCUA,AGU,7.612641021943666e-08
MORONA SANTIAGO - SUCUA,AYG,1.230852961418353e-09
MORONA SANTIAGO - SUCUA,AZU,4.5698986884445974e-10
MORONA SANTIAGO - SUCUA,BAL,1.280698654224612e-09
MORONA SANTIAGO - SUCUA,BNA,2.50411698952253e-09
MORONA SANTIAGO - SUCUA,CAN,1.8031050029340182e-09
MORONA SANTIAGO - SUCUA,CAR,2.765075472262593e-09
MORONA SANTIAGO - SUCUA,CAU,1.5674842688359416e-10
MORONA SANTIAGO - SUCUA,CEM,1.4800760088133454e-09
MORONA SANTIAGO - SUCUA,CER,3.0706371047976272e-09
MORONA SANTIAGO - SUCUA,CHO,6.955674203584908e-10
MORONA SANTIAGO - SUCUA,CIN,1.6991735306361123e-09
MORONA SANTIAGO - SUCUA,COM,6.859830199891159e-08
MORONA SANTIAGO - SUCUA,CUE,3.4689222212103217e-10
MORONA SANTIAGO - SUCUA,CUL,1.067285861014578e-08
MORONA SANTIAGO - SUCUA,EDU,1.171858314063481e-07
MORONA SANTIAGO - SUCUA,ELE,5.5488197854256564e-08
MORONA SANTIAGO - SUCUA,FRT,1.1476083538450197e-08
MORONA SANTIAGO - SUCUA,FRV,7.878404871999494e-09
MORONA SANTIAGO - SUCUA,GAN,8.638859286832304e-09
MORONA SANTIAGO - SUCUA,HIL,7.199567280857682e-10
MORONA SANTIAGO - SUCUA,HOT,2.315867859512664e-09
MORONA SANTIAGO - SUCUA,INM,1.7594045708846377e-07
MORONA SANTIAGO - SUCUA,LAC,1.1800918570768755e-09
MORONA SANTIAGO - SUCUA,MAD,1.3434377469776055e-09
MORONA SANTIAGO - SUCUA,MAN,8.316405464732772e-10
MORONA SANTIAGO - SUCUA,MAQ,2.054512094299061e-09
MORONA SANTIAGO - SUCUA,MET,1.1436758112113546e-09
MORONA SANTIAGO - SUCUA,MOL,1.181186920382812e-09
MORONA SANTIAGO - SUCUA,MUE,8.765787667889572e-10
MORONA SANTIAGO - SUCUA,PAN,9.049168023811707e-10
MORONA SANTIAGO - SUCUA,PAP,1.156206296525783e-09
MORONA SANTIAGO - SUCUA,PES,7.810839771032042e-09
MORONA SANTIAGO - SUCUA,PLS,9.792339552319703e-10
MORONA SANTIAGO - SUCUA,QU1,3.780604501815983e-10
MORONA SANTIAGO - SUCUA,QU2,1.7232504790032462e-09
MORONA SANTIAGO - SUCUA,RES,1.2487325230352574e-08
MORONA SANTIAGO - SUCUA,SAL,6.506131486083817e-08
MORONA SANTIAGO - SUCUA,SIL,5.012266607415725e-09
MORONA SANTIAGO - SUCUA,TAB,8.956949790751989e-11
MORONA SANTIAGO - SUCUA,TEL,4.3314766692353335e-08
MORONA SANTIAGO - SUCUA,TRA,6.916207518262692e-08
MORONA SANTIAGO - SUCUA,VES,7.80231251320866e-10
MORONA SANTIAGO - SUCUA,VID,4.4333362595171015e-10
MORONA SANTIAGO - TAISHA,AGU,8.077029481287957e-08
MORONA SANTIAGO - TAISHA,AYG,1.3059377984394064e-09
MORONA SANTIAGO - TAISHA,AZU,4.8486729279193e-10
MORONA SANTIAGO - TAISHA,BAL,1.3588241921562331e-09
MORONA SANTIAGO - TAISHA,BNA,2.6568738353307304e-09
MORONA SANTIAGO - TAISHA,CAN,1.9130985192360284e-09
MORONA SANTIAGO - TAISHA,CAR,2.933751380509592e-09
MORONA SANTIAGO - TAISHA,CAU,1.6631043831369938e-10
MORONA SANTIAGO - TAISHA,CEM,1.5703640199600716e-09
MORONA SANTIAGO - TAISHA,CER,3.2579529693171782e-09
MORONA SANTIAGO - TAISHA,CHO,7.379986189109071e-10
MORONA SANTIAGO - TAISHA,CIN,1.8028269901616781e-09
MORONA SANTIAGO - TAISHA,COM,7.278295482663356e-08
MORONA SANTIAGO - TAISHA,CUE,3.68053438593075e-10
MORONA SANTIAGO - TAISHA,CUL,1.1323927319740546e-08
MORONA SANTIAGO - TAISHA,EDU,1.243344343086664e-07
MORONA SANTIAGO - TAISHA,ELE,5.887310443779991e-08
MORONA SANTIAGO - TAISHA,FRT,1.2176150800043802e-08
MORONA SANTIAGO - TAISHA,FRV,8.359005532145199e-09
MORONA SANTIAGO - TAISHA,GAN,9.165849400137276e-09
MORONA SANTIAGO - TAISHA,HIL,7.638757300177601e-10
MORONA SANTIAGO - TAISHA,HOT,2.4571410791776914e-09
MORONA SANTIAGO - TAISHA,INM,1.866732261193593e-07
MORONA SANTIAGO - TAISHA,LAC,1.252080150996553e-09
MORONA SANTIAGO - TAISHA,MAD,1.4253905126138084e-09
MORONA SANTIAGO - TAISHA,MAN,8.823725159687155e-10
MORONA SANTIAGO - TAISHA,MAQ,2.1798420163885903e-09
MORONA SANTIAGO - TAISHA,MET,1.2134426433037692e-09
MORONA SANTIAGO - TAISHA,MOL,1.2532420156609224e-09
MORONA SANTIAGO - TAISHA,MUE,9.300520701838818e-10
MORONA SANTIAGO - TAISHA,PAN,9.60118790558627e-10
MORONA SANTIAGO - TAISHA,PAP,1.2267375167921878e-09
MORONA SANTIAGO - TAISHA,PES,8.287318805968666e-09
MORONA SANTIAGO - TAISHA,PLS,1.0389694591782323e-09
MORONA SANTIAGO - TAISHA,QU1,4.0112299962964977e-10
MORONA SANTIAGO - TAISHA,QU2,1.8283726872752323e-09
MORONA SANTIAGO - TAISHA,RES,1.324908054080775e-08
MORONA SANTIAGO - TAISHA,SAL,6.90302034087214e-08
MORONA SANTIAGO - TAISHA,SIL,5.318026298557226e-09
MORONA SANTIAGO - TAISHA,TAB,9.503344150050106e-11
MORONA SANTIAGO - TAISHA,TEL,4.5957066219302985e-08
MORONA SANTIAGO - TAISHA,TRA,7.338111945997204e-08
MORONA SANTIAGO - TAISHA,VES,8.278271365975704e-10
MORONA SANTIAGO - TAISHA,VID,4.703779879461584e-10
NAPO - ARCHIDONA,AGU,1.0381968996889253e-07
NAPO - ARCHIDONA,AYG,1.678612881960379e-09
NAPO - ARCHIDONA,AZU,6.232337288149583e-10
NAPO - ARCHIDONA,BAL,1.7465914502195874e-09
NAPO - ARCHIDONA,BNA,3.415065136378756e-09
NAPO - ARCHIDONA,CAN,2.459038878181245e-09
NAPO - ARCHIDONA,CAR,3.7709551447836e-09
NAPO - ARCHIDONA,CAU,2.1377039893589227e-10
NAPO - ARCHIDONA,CEM,2.018498336155151e-09
NAPO - ARCHIDONA,CER,4.187674045159074e-09
NAPO - ARCHIDONA,CHO,9.486010666458987e-10
NAPO - ARCHIDONA,CIN,2.3172991954499003e-09
NAPO - ARCHIDONA,COM,9.355300513173421e-08
NAPO - ARCHIDONA,CUE,4.730847395721618e-10
NAPO - ARCHIDONA,CUL,1.4555433111756674e-08
NAPO - ARCHIDONA,EDU,1.5981571507555058e-07
NAPO - ARCHIDONA,ELE,7.567370484902542e-08
NAPO - ARCHIDONA,FRT,1.5650855354726952e-08
NAPO - ARCHIDONA,FRV,1.074441247003086e-08
NAPO - ARCHIDONA,GAN,1.1781505134138384e-08
NAPO - ARCHIDONA,HIL,9.81862721300348e-10
NAPO - ARCHIDONA,HOT,3.158334702640951e-09
NAPO - ARCHIDONA,INM,2.3994410947865545e-07
NAPO - ARCHIDONA,LAC,1.6093858935864383e-09
NAPO - ARCHIDONA,MAD,1.8321537818699286e-09
NAPO - ARCHIDONA,MAN,1.134174900031887e-09
NAPO - ARCHIDONA,MAQ,2.801902888270028e-09
NAPO - ARCHIDONA,MET,1.559722411744153e-09
NAPO - ARCHIDONA,MOL,1.6108793192266455e-09
NAPO - ARCHIDONA,MUE,1.195460754539926e-09
NAPO - ARCHIDONA,PAN,1.2341076060206476e-09
NAPO - ARCHIDONA,PAP,1.5768112393501551e-09
NAPO - ARCHIDONA,PES,1.0652268523995076e-08
NAPO - ARCHIDONA,PLS,1.3354598666369096e-09
NAPO - ARCHIDONA,QU1,5.155913514667752e-10
NAPO - ARCHIDONA,QU2,2.350134860597745e-09
NAPO - ARCHIDONA,RES,1.7029966738467434e-08
NAPO - ARCHIDONA,SAL,8.872933215096112e-08
NAPO - ARCHIDONA,SIL,6.835629891431181e-09
NAPO - ARCHIDONA,TAB,1.2215310661074403e-10
NAPO - ARCHIDONA,TEL,5.9071820621943315e-08
NAPO - ARCHIDONA,TRA,9.432186782967813e-08
NAPO - ARCHIDONA,VES,1.0640639218725634e-09
NAPO - ARCHIDONA,VID,6.04609615328215e-10
NAPO - CARLOS JULIO AROSEMENA TOLA,AGU,1.4640102993668596e-08
NAPO - CARLOS JULIO AROSEMENA TOLA,AYG,2.367091009977225e-10
NAPO - CARLOS JULIO AROSEMENA TOLA,AZU,8.7885120652094e-11
NAPO - CARLOS JULIO AROSEMENA TOLA,BAL,2.4629507877298967e-10
NAPO - CARLOS JULIO AROSEMENA TOLA,BNA,4.815744040620082e-10
NAPO - CARLOS JULIO AROSEMENA TOLA,CAN,3.46760642926169e-10
NAPO - CARLOS JULIO AROSEMENA TOLA,CAR,5.317601287451163e-10
NAPO - CARLOS JULIO AROSEMENA TOLA,CAU,3.0144769825038136e-11
NAPO - CARLOS JULIO AROSEMENA TOLA,CEM,2.8463794818414947e-10
NAPO - CARLOS JULIO AROSEMENA TOLA,CER,5.905236217080913e-10
NAPO - CARLOS JULIO AROSEMENA TOLA,CHO,1.3376669993679412e-10
NAPO - CARLOS JULIO AROSEMENA TOLA,CIN,3.2677326332506867e-10
NAPO - CARLOS JULIO AROSEMENA TOLA,COM,1.3192349456121244e-08
NAPO - CARLOS JULIO AROSEMENA TOLA,CUE,6.67119051708262e-11
NAPO - CARLOS JULIO AROSEMENA TOLA,CUL,2.052530111941395e-09
NAPO - CARLOS JULIO AROSEMENA TOLA,EDU,2.2536365976568648e-08
NAPO - CARLOS JULIO AROSEMENA TOLA,ELE,1.0671105194343787e-08
NAPO - CARLOS JULIO AROSEMENA TOLA,FRT,2.207000756801203e-09
NAPO - CARLOS JULIO AROSEMENA TOLA,FRV,1.5151201589490442e-09
NAPO - CARLOS JULIO AROSEMENA TOLA,GAN,1.6613654754305482e-09
NAPO - CARLOS JULIO AROSEMENA TOLA,HIL,1.3845708236836254e-10
NAPO - CARLOS JULIO AROSEMENA TOLA,HOT,4.4537163758623806e-10
NAPO - CARLOS JULIO AROSEMENA TOLA,INM,3.3835647905942986e-08
NAPO - CARLOS JULIO AROSEMENA TOLA,LAC,2.2694707762778502e-10
NAPO - CARLOS JULIO AROSEMENA TOLA,MAD,2.5836062576233975e-10
NAPO - CARLOS JULIO AROSEMENA TOLA,MAN,1.5993533937806778e-10
NAPO - CARLOS JULIO AROSEMENA TOLA,MAQ,3.9510951029444976e-10
NAPO - CARLOS JULIO AROSEMENA TOLA,MET,2.199437963676203e-10
NAPO - CARLOS JULIO AROSEMENA TOLA,MOL,2.2715767260444667e-10
NAPO - CARLOS JULIO AROSEMENA TOLA,MUE,1.6857754609551723e-10
NAPO - CARLOS JULIO AROSEMENA TOLA,PAN,1.74027320470959e-10
NAPO - CARLOS JULIO AROSEMENA TOLA,PAP,2.223535723577806e-10
NAPO - CARLOS JULIO AROSEMENA TOLA,PES,1.502126507546202e-09
NAPO - CARLOS JULIO AROSEMENA TOLA,PLS,1.8831947964141892e-10
NAPO - CARLOS JULIO AROSEMENA TOLA,QU1,7.270596252387258e-11
NAPO - CARLOS JULIO AROSEMENA TOLA,QU2,3.3140357497186807e-10
NAPO - CARLOS JULIO AROSEMENA TOLA,RES,2.4014757422663995e-09
NAPO - CARLOS JULIO AROSEMENA TOLA,SAL,1.2512140631885169e-08
NAPO - CARLOS JULIO AROSEMENA TOLA,SIL,9.639243352309895e-10
NAPO - CARLOS JULIO AROSEMENA TOLA,TAB,1.7225384340039073e-11
NAPO - CARLOS JULIO AROSEMENA TOLA,TEL,8.329995381298978e-09
NAPO - CARLOS JULIO AROSEMENA TOLA,TRA,1.3300770402949937e-08
NAPO - CARLOS JULIO AROSEMENA TOLA,VES,1.5004866044898515e-10
NAPO - CARLOS JULIO AROSEMENA TOLA,VID,8.525884677578605e-11
NAPO - EL CHACO,AGU,3.2489480923766835e-08
NAPO - EL CHACO,AYG,5.253074943990104e-10
NAPO - EL CHACO,AZU,1.9503564641205086e-10
NAPO - EL CHACO,BAL,5.465808038968936e-10
NAPO - EL CHACO,BNA,1.0687153239914683e-09
NAPO - EL CHACO,CAN,7.695351117635668e-10
NAPO - EL CHACO,CAR,1.1800880476288911e-09
NAPO - EL CHACO,CAU,6.689761162236867e-11
NAPO - EL CHACO,CEM,6.316717301584851e-10
NAPO - EL CHACO,CER,1.3104966509331267e-09
NAPO - EL CHACO,CHO,2.968565622599264e-10
NAPO - EL CHACO,CIN,7.25178894560254e-10
NAPO - EL CHACO,COM,2.9276610019729984e-08
NAPO - EL CHACO,CUE,1.480478089104326e-10
NAPO - EL CHACO,CUL,4.554997867584435e-09
NAPO - EL CHACO,EDU,5.001295638448768e-08
NAPO - EL CHACO,ELE,2.3681436448710677e-08
NAPO - EL CHACO,FRT,4.8978008568547395e-09
NAPO - EL CHACO,FRV,3.3623716665571333e-09
NAPO - EL CHACO,GAN,3.686920914746912e-09
NAPO - EL CHACO,HIL,3.0726551160963497e-10
NAPO - EL CHACO,HOT,9.883737381904122e-10
NAPO - EL CHACO,INM,7.508844969593736e-08
NAPO - EL CHACO,LAC,5.03643502541022e-10
NAPO - EL CHACO,MAD,5.733568012320785e-10
NAPO - EL CHACO,MAN,3.549303006957749e-10
NAPO - EL CHACO,MAQ,8.768314610260567e-10
NAPO - EL CHACO,MET,4.88101742144644e-10
NAPO - EL CHACO,MOL,5.041108572775187e-10
NAPO - EL CHACO,MUE,3.7410918286670306e-10
NAPO - EL CHACO,PAN,3.8620338334372985e-10
NAPO - EL CHACO,PAP,4.934495440758683e-10
NAPO - EL CHACO,PES,3.3335360094879664e-09
NAPO - EL CHACO,PLS,4.1792070342876704e-10
NAPO - EL CHACO,QU1,1.6134988828186774e-10
NAPO - EL CHACO,QU2,7.354545341500059e-10
NAPO - EL CHACO,RES,5.329381927913722e-09
NAPO - EL CHACO,SAL,2.7767082960476834e-08
NAPO - EL CHACO,SIL,2.13915170644535e-09
NAPO - EL CHACO,TAB,3.8226766311840875e-11
NAPO - EL CHACO,TEL,1.848601926863639e-08
NAPO - EL CHACO,TRA,2.9517219002142953e-08
NAPO - EL CHACO,VES,3.329896718214594e-10
NAPO - EL CHACO,VID,1.8920738994132823e-10
NAPO - TENA,AGU,2.509504225953186e-07
NAPO - TENA,AYG,4.057502119570203e-09
NAPO - TENA,AZU,1.506465369609872e-09
NAPO - TENA,BAL,4.221818256876957e-09
NAPO - TENA,BNA,8.254812159635368e-09
NAPO - TENA,CAN,5.9439288042836795e-09
NAPO - TENA,CAR,9.115060808359008e-09
NAPO - TENA,CAU,5.167205947870377e-10
NAPO - TENA,CEM,4.879064950182936e-09
NAPO - TENA,CER,1.0122343571233907e-08
NAPO - TENA,CHO,2.2929353634217717e-09
NAPO - TENA,CIN,5.6013190999914105e-09
NAPO - TENA,COM,2.2613404239509066e-07
NAPO - TENA,CUE,1.1435288947077627e-09
NAPO - TENA,CUL,3.5183037933822444e-08
NAPO - TENA,EDU,3.863026488289393e-07
NAPO - TENA,ELE,1.8291663379948845e-07
NAPO - TENA,FRT,3.7830865863919975e-08
NAPO - TENA,FRV,2.5971131783388592e-08
NAPO - TENA,GAN,2.8477966878024974e-08
NAPO - TENA,HIL,2.373334623853532e-09
NAPO - TENA,HOT,7.634249616452223e-09
NAPO - TENA,INM,5.799870495757395e-07
NAPO - TENA,LAC,3.890168331609105e-09
NAPO - TENA,MAD,4.42863743821267e-09
NAPO - TENA,MAN,2.741499907631071e-09
NAPO - TENA,MAQ,6.772691327561165e-09
NAPO - TENA,MET,3.770122974513444e-09
NAPO - TENA,MOL,3.893778203644332e-09
NAPO - TENA,MUE,2.8896385804831647e-09
NAPO - TENA,PAN,2.9830548073469854e-09
NAPO - TENA,PAP,3.811429671833286e-09
NAPO - TENA,PES,2.574840368427552e-08
NAPO - TENA,PLS,3.228041019887812e-09
NAPO - TENA,QU1,1.2462748403106106e-09
NAPO - TENA,QU2,5.680688668977014e-09
NAPO - TENA,RES,4.116442026635932e-08
NAPO - TENA,SAL,2.144743777076953e-07
NAPO - TENA,SIL,1.652291786340175e-08
NAPO - TENA,TAB,2.9526551017906316e-10
NAPO - TENA,TEL,1.427869641393966e-07
NAPO - TENA,TRA,2.2799251855721959e-07
NAPO - TENA,VES,2.5720293611198536e-09
NAPO - TENA,VID,1.4614476167022901e-09
ORELLANA - LA JOYA DE LOS SACHAS,AGU,6.784972521753797e-09
ORELLANA - LA JOYA DE LOS SACHAS,AYG,1.0970310431649055e-10
ORELLANA - LA JOYA DE LOS SACHAS,AZU,4.0730459953277387e-11
ORELLANA - LA JOYA DE LOS SACHAS,BAL,1.1414573670968199e-10
ORELLANA - LA JOYA DE LOS SACHAS,BNA,2.2318620983430027e-10
ORELLANA - LA JOYA DE LOS SACHAS,CAN,1.6070661763084838e-10
ORELLANA - LA JOYA DE LOS SACHAS,CAR,2.4644484149190883e-10
ORELLANA - LA JOYA DE LOS SACHAS,CAU,1.3970628145575923e-11
ORELLANA - LA JOYA DE LOS SACHAS,CEM,1.3191578351006466e-10
ORELLANA - LA JOYA DE LOS SACHAS,CER,2.736788496958462e-10
ORELLANA - LA JOYA DE LOS SACHAS,CHO,6.199433048997982e-11
ORELLANA - LA JOYA DE LOS SACHAS,CIN,1.5144344363309868e-10
ORELLANA - LA JOYA DE LOS SACHAS,COM,6.114009484486999e-09
ORELLANA - LA JOYA DE LOS SACHAS,CUE,3.0917708956942e-11
ORELLANA - LA JOYA DE LOS SACHAS,CUL,9.512474342303019e-10
ORELLANA - LA JOYA DE LOS SACHAS,EDU,1.044450465664988e-08
ORELLANA - LA JOYA DE LOS SACHAS,ELE,4.945535939991612e-09
ORELLANA - LA JOYA DE LOS SACHAS,FRT,1.022837031738233e-09
ORELLANA - LA JOYA DE LOS SACHAS,FRV,7.021841752117678e-10
ORELLANA - LA JOYA DE LOS SACHAS,GAN,7.699617348499286e-10
ORELLANA - LA JOYA DE LOS SACHAS,HIL,6.416809360684256e-11
ORELLANA - LA JOYA DE LOS SACHAS,HOT,2.064079961936039e-10
ORELLANA - LA JOYA DE LOS SACHAS,INM,1.5681169824887397e-08
ORELLANA - LA JOYA DE LOS SACHAS,LAC,1.0517888339055931e-10
ORELLANA - LA JOYA DE LOS SACHAS,MAD,1.1973752829872158e-10
ORELLANA - LA JOYA DE LOS SACHAS,MAN,7.412221644935529e-11
ORELLANA - LA JOYA DE LOS SACHAS,MAQ,1.8311395565938368e-10
ORELLANA - LA JOYA DE LOS SACHAS,MET,1.0193320465914052e-10
ORELLANA - LA JOYA DE LOS SACHAS,MOL,1.0527648387400444e-10
ORELLANA - LA JOYA DE LOS SACHAS,MUE,7.812745706348004e-11
ORELLANA - LA JOYA DE LOS SACHAS,PAN,8.065316124760506e-11
ORELLANA - LA JOYA DE LOS SACHAS,PAP,1.0305001810532259e-10
ORELLANA - LA JOYA DE LOS SACHAS,PES,6.961622525679407e-10
ORELLANA - LA JOYA DE LOS SACHAS,PLS,8.727687880546923e-11
ORELLANA - LA JOYA DE LOS SACHAS,QU1,3.3695661711224147e-11
ORELLANA - LA JOYA DE LOS SACHAS,QU2,1.5358936687587078e-10
ORELLANA - LA JOYA DE LOS SACHAS,RES,1.1129666867768943e-09
ORELLANA - LA JOYA DE LOS SACHAS,SAL,5.798765924828152e-09
ORELLANA - LA JOYA DE LOS SACHAS,SIL,4.4673183859570524e-10
ORELLANA - LA JOYA DE LOS SACHAS,TAB,7.983124126541848e-12
ORELLANA - LA JOYA DE LOS SACHAS,TEL,3.8605459123403905e-09
ORELLANA - LA JOYA DE LOS SACHAS,TRA,6.164257296632403e-09
ORELLANA - LA JOYA DE LOS SACHAS,VES,6.954022376158265e-11
ORELLANA - LA JOYA DE LOS SACHAS,VID,3.951331031347939e-11
ORELLANA - LORETO,AGU,4.014345723250422e-09
ORELLANA - LORETO,AYG,6.490611218074124e-11
ORELLANA - LORETO,AZU,2.4098277066743107e-11
ORELLANA - LORETO,BAL,6.753460659105788e-11
ORELLANA - LORETO,BNA,1.3204867139317579e-10
ORELLANA - LORETO,CAN,9.508246660042207e-11
ORELLANA - LORETO,CAR,1.4580969816580066e-10
ORELLANA - LORETO,CAU,8.265756591865789e-12
ORELLANA - LORETO,CEM,7.804829859885354e-11
ORELLANA - LORETO,CER,1.6192276627476086e-10
ORELLANA - LORETO,CHO,3.667909850339321e-11
ORELLANA - LORETO,CIN,8.960188686301454e-11
ORELLANA - LORETO,COM,3.617368787754319e-09
ORELLANA - LORETO,CUE,1.829253874294542e-11
ORELLANA - LORETO,CUL,5.628078901000911e-10
ORELLANA - LORETO,EDU,6.1795169347353434e-09
ORELLANA - LORETO,ELE,2.926038533867917e-09
ORELLANA - LORETO,FRT,6.051640519951871e-10
ORELLANA - LORETO,FRV,4.1544899874802605e-10
ORELLANA - LORETO,GAN,4.55549759037542e-10
ORELLANA - LORETO,HIL,3.796521081166853e-11
ORELLANA - LORETO,HOT,1.2212179992002476e-10
ORELLANA - LORETO,INM,9.277802794377257e-09
ORELLANA - LORETO,LAC,6.222934571384365e-11
ORELLANA - LORETO,MAD,7.084300387325741e-11
ORELLANA - LORETO,MAN,4.385459213685946e-11
ORELLANA - LORETO,MAQ,1.0833982339823952e-10
ORELLANA - LORETO,MET,6.030903188902834e-11
ORELLANA - LORETO,MOL,6.228709128054256e-11
ORELLANA - LORETO,MUE,4.622430262254681e-11
ORELLANA - LORETO,PAN,4.771864173110333e-11
ORELLANA - LORETO,PAP,6.096979731836139e-11
ORELLANA - LORETO,PES,4.11886113366621e-10
ORELLANA - LORETO,PLS,5.1637580557337166e-11
ORELLANA - LORETO,QU1,1.9936121340043653e-11
ORELLANA - LORETO,QU2,9.087152764113504e-11
ORELLANA - LORETO,RES,6.584894846454233e-10
ORELLANA - LORETO,SAL,3.430854158337423e-09
ORELLANA - LORETO,SIL,2.643099938808478e-10
ORELLANA - LORETO,TAB,4.723235074690757e-12
ORELLANA - LORETO,TEL,2.2841015085805675e-09
ORELLANA - LORETO,TRA,3.6470980297139395e-09
ORELLANA - LORETO,VES,4.1143644864611637e-11
ORELLANA - LORETO,VID,2.3378147481042747e-11
PASTAZA - ARAJUNO,AGU,1.2811668235496143e-09
PASTAZA - ARAJUNO,AYG,2.0714597920635497e-11
PASTAZA - ARAJUNO,AZU,7.690895406392435e-12
PASTAZA - ARAJUNO,BAL,2.15534743071109e-11
PASTAZA - ARAJUNO,BNA,4.214295144110296e-11
PASTAZA - ARAJUNO,CAN,3.0345294129547484e-11
PASTAZA - ARAJUNO,CAR,4.6534743323140915e-11
PASTAZA - ARAJUNO,CAU,2.6379923023820656e-12
PASTAZA - ARAJUNO,CEM,2.4908888693916632e-11
PASTAZA - ARAJUNO,CER,5.1677182392907946e-11
PASTAZA - ARAJUNO,CHO,1.1706028169942016e-11
PASTAZA - ARAJUNO,CIN,2.8596182962385865e-11
PASTAZA - ARAJUNO,COM,1.1544727830920843e-09
PASTAZA - ARAJUNO,CUE,5.8380108171106e-12
PASTAZA - ARAJUNO,CUL,1.7961850984881248e-10
PASTAZA - ARAJUNO,EDU,1.972174951572315e-09
PASTAZA - ARAJUNO,ELE,9.338367326728318e-10
PASTAZA - ARAJUNO,FRT,1.9313635637573163e-10
PASTAZA - ARAJUNO,FRV,1.3258934600229326e-10
PASTAZA - ARAJUNO,GAN,1.4538738763196252e-10
PASTAZA - ARAJUNO,HIL,1.2116487192237434e-11
PASTAZA - ARAJUNO,HOT,3.897481913018072e-11
PASTAZA - ARAJUNO,INM,2.9609839199319387e-09
PASTAZA - ARAJUNO,LAC,1.986031564695965e-11
PASTAZA - ARAJUNO,MAD,2.260933972810004e-11
PASTAZA - ARAJUNO,MAN,1.3996066203423808e-11
PASTAZA - ARAJUNO,MAQ,3.457634119630858e-11
PASTAZA - ARAJUNO,MET,1.9247453045488195e-11
PASTAZA - ARAJUNO,MOL,1.9878744977506147e-11
PASTAZA - ARAJUNO,MUE,1.4752352449049414e-11
PASTAZA - ARAJUNO,PAN,1.5229266452227284e-11
PASTAZA - ARAJUNO,PAP,1.9458334420579263e-11
PASTAZA - ARAJUNO,PES,1.3145226144070994e-10
PASTAZA - ARAJUNO,PLS,1.6479984440618657e-11
PASTAZA - ARAJUNO,QU1,6.3625554478756795e-12
PASTAZA - ARAJUNO,QU2,2.900138514348665e-11
PASTAZA - ARAJUNO,RES,2.101550139286228e-10
PASTAZA - ARAJUNO,SAL,1.0949471787248315e-09
PASTAZA - ARAJUNO,SIL,8.435376986378706e-11
PASTAZA - ARAJUNO,TAB,1.507406809152445e-12
PASTAZA - ARAJUNO,TEL,7.289643882599146e-10
PASTAZA - ARAJUNO,TRA,1.1639607846529223e-09
PASTAZA - ARAJUNO,VES,1.3130875224609956e-11
PASTAZA - ARAJUNO,VID,7.461068132544982e-12
PASTAZA - MERA,AGU,2.535412576992313e-09
PASTAZA - MERA,AYG,4.099392142375764e-11
PASTAZA - MERA,AZU,1.522018255801692e-11
PASTAZA - MERA,BAL,4.265404694505296e-11
PASTAZA - MERA,BNA,8.340035594998445e-11
PASTAZA - MERA,CAN,6.005294468632966e-11
PASTAZA - MERA,CAR,9.209165529412527e-11
PASTAZA - MERA,CAU,5.220552654444679e-12
PASTAZA - MERA,CEM,4.929436862756237e-11
PASTAZA - MERA,CER,1.0226847571613732e-10
PASTAZA - MERA,CHO,2.316607837726132e-11
PASTAZA - MERA,CIN,5.6591476304333636e-11
PASTAZA - MERA,COM,2.2846867092118668e-09
PASTAZA - MERA,CUE,1.1553347915542688e-11
PASTAZA - MERA,CUL,3.5546270833765514e-10
PASTAZA - MERA,EDU,3.902908726899305e-09
PASTAZA - MERA,ELE,1.8480508184845422e-09
PASTAZA - MERA,FRT,3.8221435181468864e-10
PASTAZA - MERA,FRV,2.6239260122113304e-10
PASTAZA - MERA,GAN,2.8771976011433087e-10
PASTAZA - MERA,HIL,2.3978371474724182e-11
PASTAZA - MERA,HOT,7.713066307389747e-11
PASTAZA - MERA,INM,5.859748888960133e-09
PASTAZA - MERA,LAC,3.930330785090666e-11
PASTAZA - MERA,MAD,4.4743590959758294e-11
PASTAZA - MERA,MAN,2.769803403296101e-11
PASTAZA - MERA,MAQ,6.842613211963436e-11
PASTAZA - MERA,MET,3.809046068754209e-11
PASTAZA - MERA,MOL,3.933977925774788e-11
PASTAZA - MERA,MUE,2.919471473349056e-11
PASTAZA - MERA,PAN,3.013852137878815e-11
PASTAZA - MERA,PAP,3.850779220193299e-11
PASTAZA - MERA,PES,2.601423255774393e-10
PASTAZA - MERA,PLS,3.2613676104737234e-11
PASTAZA - MERA,QU1,1.2591414956922072e-11
PASTAZA - MERA,QU2,5.739336618104873e-11
PASTAZA - MERA,RES,4.158940550430126e-10
PASTAZA - MERA,SAL,2.166886307896716e-09
PASTAZA - MERA,SIL,1.6693501977892767e-10
PASTAZA - MERA,TAB,2.9831385829832588e-12
PASTAZA - MERA,TEL,1.4426110981027291e-09
PASTAZA - MERA,TRA,2.3034633416110904e-09
PASTAZA - MERA,VES,2.5985832273702775e-11
PASTAZA - MERA,VID,1.4765357354977212e-11
PASTAZA - SANTA CLARA,AGU,6.794118782751658e-10
PASTAZA - SANTA CLARA,AYG,1.0985098600962008e-11
PASTAZA - SANTA CLARA,AZU,4.078536532188444e-12
PASTAZA - SANTA CLARA,BAL,1.1429960714856624e-11
PASTAZA - SANTA CLARA,BNA,2.234870687279396e-11
PASTAZA - SANTA CLARA,CAN,1.6092325294723655e-11
PASTAZA - SANTA CLARA,CAR,2.4677705342565427e-11
PASTAZA - SANTA CLARA,CAU,1.3989460795363944e-12
PASTAZA - SANTA CLARA,CEM,1.3209360828118232e-11
PASTAZA - SANTA CLARA,CER,2.740477735464421e-11
PASTAZA - SANTA CLARA,CHO,6.207789992599906e-12
PASTAZA - SANTA CLARA,CIN,1.51647592029786e-11
PASTAZA - SANTA CLARA,COM,6.122251275637843e-10
PASTAZA - SANTA CLARA,CUE,3.0959386566493037e-12
PASTAZA - SANTA CLARA,CUL,9.525297323205478e-11
PASTAZA - SANTA CLARA,EDU,1.045858403063066e-09
PASTAZA - SANTA CLARA,ELE,4.952202608476478e-10
PASTAZA - SANTA CLARA,FRT,1.0242158338513675e-10
PASTAZA - SANTA CLARA,FRV,7.031307316958894e-11
PASTAZA - SANTA CLARA,GAN,7.709996566635727e-11
PASTAZA - SANTA CLARA,HIL,6.425459331336041e-12
PASTAZA - SANTA CLARA,HOT,2.0668623776336407e-11
PASTAZA - SANTA CLARA,INM,1.570230831461751e-09
PASTAZA - SANTA CLARA,LAC,1.0532066635517255e-11
PASTAZA - SANTA CLARA,MAD,1.1989893656994858e-11
PASTAZA - SANTA CLARA,MAN,7.422213448663729e-12
PASTAZA - SANTA CLARA,MAQ,1.83360796457256e-11
PASTAZA - SANTA CLARA,MET,1.0207061239235858e-11
PASTAZA - SANTA CLARA,MOL,1.0541839840576736e-11
PASTAZA - SANTA CLARA,MUE,7.823277423478924e-12
PASTAZA - SANTA CLARA,PAN,8.07618831120943e-12
PASTAZA - SANTA CLARA,PAP,1.0318893132249537e-11
PASTAZA - SANTA CLARA,PES,6.971006913955751e-11
PASTAZA - SANTA CLARA,PLS,8.739452955645963e-12
PASTAZA - SANTA CLARA,QU1,3.374108404941615e-12
PASTAZA - SANTA CLARA,QU2,1.5379640801442204e-11
PASTAZA - SANTA CLARA,RES,1.1144669852330115e-10
PASTAZA - SANTA CLARA,SAL,5.806582762176266e-10
PASTAZA - SANTA CLARA,SIL,4.4733404088595035e-11
PASTAZA - SANTA CLARA,TAB,7.993885516747274e-13
PASTAZA - SANTA CLARA,TEL,3.8657499953923536e-10
PASTAZA - SANTA CLARA,TRA,6.172566822708183e-10
PASTAZA - SANTA CLARA,VES,6.963396519300834e-12
PASTAZA - SANTA CLARA,VID,3.956657494319718e-12
PICHINCHA - CAYAMBE,AGU,0.0145623716749759
PICHINCHA - CAYAMBE,AYG,0.0002354522990083
PICHINCHA - CAYAMBE,AZU,8.741849645384178e-05
PICHINCHA - CAYAMBE,BAL,0.0002449873802363
PICHINCHA - CAYAMBE,BNA,0.0004790174949
PICHINCHA - CAYAMBE,CAN,0.0003449195245913
PICHINCHA - CAYAMBE,CAR,0.0005289367595342
PICHINCHA - CAYAMBE,CAU,2.998471680415432e-05
PICHINCHA - CAYAMBE,CEM,0.0002831266689894
PICHINCHA - CAYAMBE,CER,0.0005873882489682
PICHINCHA - CAYAMBE,CHO,0.000133056468459
PICHINCHA - CAYAMBE,CIN,0.0003250382675615
PICHINCHA - CAYAMBE,COM,0.0131223049543631
PICHINCHA - CAYAMBE,CUE,6.635769971450731e-05
PICHINCHA - CAYAMBE,CUL,0.0020416322465147
PICHINCHA - CAYAMBE,EDU,0.0224167096157727
PICHINCHA - CAYAMBE,ELE,0.0106144471859251
PICHINCHA - CAYAMBE,FRT,0.002195282732737
PICHINCHA - CAYAMBE,FRV,0.0015070756603561
PICHINCHA - CAYAMBE,GAN,0.001652544490408
PICHINCHA - CAYAMBE,HIL,0.0001377219474038
PICHINCHA - CAYAMBE,HOT,0.0004430069462508
PICHINCHA - CAYAMBE,INM,0.033655998245576
PICHINCHA - CAYAMBE,LAC,0.000225742106896
PICHINCHA - CAYAMBE,MAD,0.0002569888654579
PICHINCHA - CAYAMBE,MAN,0.00015908616606
PICHINCHA - CAYAMBE,MAQ,0.000393011684666
PICHINCHA - CAYAMBE,MET,0.0002187760094102
PICHINCHA - CAYAMBE,MOL,0.000225951583723
PICHINCHA - CAYAMBE,MUE,0.0001676824871628
PICHINCHA - CAYAMBE,PAN,0.0001731033260759
PICHINCHA - CAYAMBE,PAP,0.0002211729907455
PICHINCHA - CAYAMBE,PES,0.0014941509984718
PICHINCHA - CAYAMBE,PLS,0.0001873196013281
PICHINCHA - CAYAMBE,QU1,7.231993174620361e-05
PICHINCHA - CAYAMBE,QU2,0.0003296439946661
PICHINCHA - CAYAMBE,RES,0.0023887251573603
PICHINCHA - CAYAMBE,SAL,0.0124457076845619
PICHINCHA - CAYAMBE,SIL,0.0009588063992622
PICHINCHA - CAYAMBE,TAB,1.7133926524454158e-05
PICHINCHA - CAYAMBE,TEL,0.0082857674461558
PICHINCHA - CAYAMBE,TRA,0.0132301502424567
PICHINCHA - CAYAMBE,VES,0.0001492519802446
PICHINCHA - CAYAMBE,VID,8.480616672340094e-05
PICHINCHA - MEJIA,AGU,0.014194321341743
PICHINCHA - MEJIA,AYG,0.0002295014622185
PICHINCHA - MEJIA,AZU,8.520907566245775e-05
PICHINCHA - MEJIA,BAL,0.0002387955531805
PICHINCHA - MEJIA,BNA,0.0004669107754344
PICHINCHA - MEJIA,CAN,0.0003362020059894
PICHINCHA - MEJIA,CAR,0.0005155683773125
PICHINCHA - MEJIA,CAU,2.9226881112415547e-05
PICHINCHA - MEJIA,CEM,0.0002759709070576
PICHINCHA - MEJIA,CER,0.0005725425599833
PICHINCHA - MEJIA,CHO,0.0001296935905811
PICHINCHA - MEJIA,CIN,0.0003168232291488
PICHINCHA - MEJIA,COM,0.0127906509615223
PICHINCHA - MEJIA,CUE,6.468057087604618e-05
PICHINCHA - MEJIA,CUL,0.001990031899714
PICHINCHA - MEJIA,EDU,0.0218501482322141
PICHINCHA - MEJIA,ELE,0.0103461769541898
PICHINCHA - MEJIA,FRT,0.0021397990135079
PICHINCHA - MEJIA,FRV,0.0014689857316424
PICHINCHA - MEJIA,GAN,0.0016107779729785
PICHINCHA - MEJIA,HIL,0.0001342411539062
PICHINCHA - MEJIA,HOT,0.0004318103597448
PICHINCHA - MEJIA,INM,0.0328053743468016
PICHINCHA - MEJIA,LAC,0.0002200366861361
PICHINCHA - MEJIA,MAD,0.0002504937120804
PICHINCHA - MEJIA,MAN,0.0001550654119041
PICHINCHA - MEJIA,MAQ,0.0003830786816679
PICHINCHA - MEJIA,MET,0.0002132466502534
PICHINCHA - MEJIA,MOL,0.0002202408686321
PICHINCHA - MEJIA,MUE,0.0001634444690257
PICHINCHA - MEJIA,PAN,0.0001687283013019
PICHINCHA - MEJIA,PAP,0.0002155830501257
PICHINCHA - MEJIA,PES,0.0014563877285072
PICHINCHA - MEJIA,PLS,0.0001825852734844
PICHINCHA - MEJIA,QU1,7.049211306579535e-05
PICHINCHA - MEJIA,QU2,0.0003213125508056
PICHINCHA - MEJIA,RES,0.0023283523616515
PICHINCHA - MEJIA,SAL,0.0121311540553277
PICHINCHA - MEJIA,SIL,0.0009345734636779
PICHINCHA - MEJIA,TAB,1.6700882545927668e-05
PICHINCHA - MEJIA,TEL,0.0080763524183216
PICHINCHA - MEJIA,TRA,0.012895770560758
PICHINCHA - MEJIA,VES,0.0001454797759436
PICHINCHA - MEJIA,VID,8.266277012431625e-05
PICHINCHA - PEDRO MONCAYO,AGU,0.0057365750816002
PICHINCHA - PEDRO MONCAYO,AYG,9.275204764329696e-05
PICHINCHA - PEDRO MONCAYO,AZU,3.4436888414942504e-05
PICHINCHA - PEDRO MONCAYO,BAL,9.650821529199133e-05
PICHINCHA - PEDRO MONCAYO,BNA,0.0001887000199024
PICHINCHA - PEDRO MONCAYO,CAN,0.0001358746222174
PICHINCHA - PEDRO MONCAYO,CAR,0.0002083647844053
PICHINCHA - PEDRO MONCAYO,CAU,1.1811920687557591e-05
PICHINCHA - PEDRO MONCAYO,CEM,0.0001115324777111
PICHINCHA - PEDRO MONCAYO,CER,0.0002313906599463
PICHINCHA - PEDRO MONCAYO,CHO,5.241511743033282e-05
PICHINCHA - PEDRO MONCAYO,CIN,0.0001280427713202
PICHINCHA - PEDRO MONCAYO,COM,0.0051692876197985
PICHINCHA - PEDRO MONCAYO,CUE,2.6140379819359443e-05
PICHINCHA - PEDRO MONCAYO,CUL,0.000804262995929
PICHINCHA - PEDRO MONCAYO,EDU,0.0088306452179275
PICHINCHA - PEDRO MONCAYO,ELE,0.0041813637634572
PICHINCHA - PEDRO MONCAYO,FRT,0.0008647907430715
PICHINCHA - PEDRO MONCAYO,FRV,0.0005936843855003
PICHINCHA - PEDRO MONCAYO,GAN,0.0006509891215866
PICHINCHA - PEDRO MONCAYO,HIL,5.42529959610882e-05
PICHINCHA - PEDRO MONCAYO,HOT,0.000174514334997
PICHINCHA - PEDRO MONCAYO,INM,0.0132581536298599
PICHINCHA - PEDRO MONCAYO,LAC,8.892689832336384e-05
PICHINCHA - PEDRO MONCAYO,MAD,0.0001012359768545
PICHINCHA - PEDRO MONCAYO,MAN,6.266903196926147e-05
PICHINCHA - PEDRO MONCAYO,MAQ,0.0001548196329109
PICHINCHA - PEDRO MONCAYO,MET,8.618273396988403e-05
PICHINCHA - PEDRO MONCAYO,MOL,8.900941781765632e-05
PICHINCHA - PEDRO MONCAYO,MUE,6.605539255202506e-05
PICHINCHA - PEDRO MONCAYO,PAN,6.81908310729168e-05
PICHINCHA - PEDRO MONCAYO,PAP,8.712698012056822e-05
PICHINCHA - PEDRO MONCAYO,PES,0.0005885929556866
PICHINCHA - PEDRO MONCAYO,PLS,7.379106791517003e-05
PICHINCHA - PEDRO MONCAYO,QU1,2.8489090075294054e-05
PICHINCHA - PEDRO MONCAYO,QU2,0.0001298571117265
PICHINCHA - PEDRO MONCAYO,RES,0.0009409937831797
PICHINCHA - PEDRO MONCAYO,SAL,0.0049027547277086
PICHINCHA - PEDRO MONCAYO,SIL,0.000377703922194
PICHINCHA - PEDRO MONCAYO,TAB,6.749591216591109e-06
PICHINCHA - PEDRO MONCAYO,TEL,0.0032640237541273
PICHINCHA - PEDRO MONCAYO,TRA,0.0052117712623091
PICHINCHA - PEDRO MONCAYO,VES,5.8795037639516296e-05
PICHINCHA - PEDRO MONCAYO,VID,3.3407809775072186e-05
PICHINCHA - PEDRO VICENTE MALDONADO,AGU,0.0022545491541038
PICHINCHA - PEDRO VICENTE MALDONADO,AYG,3.645276974170841e-05
PICHINCHA - PEDRO VICENTE MALDONADO,AZU,1.3534148257712618e-05
PICHINCHA - PEDRO VICENTE MALDONADO,BAL,3.7928992832067387e-05
PICHINCHA - PEDRO VICENTE MALDONADO,BNA,7.41615797228757e-05
PICHINCHA - PEDRO VICENTE MALDONADO,CAN,5.340050643931949e-05
PICHINCHA - PEDRO VICENTE MALDONADO,CAR,8.189008977374916e-05
PICHINCHA - PEDRO VICENTE MALDONADO,CAU,4.642239562049995e-06
PICHINCHA - PEDRO VICENTE MALDONADO,CEM,4.3833724775157525e-05
PICHINCHA - PEDRO VICENTE MALDONADO,CER,9.093956049189632e-05
PICHINCHA - PEDRO VICENTE MALDONADO,CHO,2.0599827768984156e-05
PICHINCHA - PEDRO VICENTE MALDONADO,CIN,5.032248644233578e-05
PICHINCHA - PEDRO VICENTE MALDONADO,COM,0.0020315977503575
PICHINCHA - PEDRO VICENTE MALDONADO,CUE,1.027351169842098e-05
PICHINCHA - PEDRO VICENTE MALDONADO,CUL,0.0003160858929511
PICHINCHA - PEDRO VICENTE MALDONADO,EDU,0.0034705592488673
PICHINCHA - PEDRO VICENTE MALDONADO,ELE,0.0016433307333743
PICHINCHA - PEDRO VICENTE MALDONADO,FRT,0.0003398740904694
PICHINCHA - PEDRO VICENTE MALDONADO,FRV,0.0002333257405498
PICHINCHA - PEDRO VICENTE MALDONADO,GAN,0.0002558472525028
PICHINCHA - PEDRO VICENTE MALDONADO,HIL,2.1322138107107412e-05
PICHINCHA - PEDRO VICENTE MALDONADO,HOT,6.85864197277947e-05
PICHINCHA - PEDRO VICENTE MALDONADO,INM,0.0052106280534972
PICHINCHA - PEDRO VICENTE MALDONADO,LAC,3.494943595091796e-05
PICHINCHA - PEDRO VICENTE MALDONADO,MAD,3.9787065058089535e-05
PICHINCHA - PEDRO VICENTE MALDONADO,MAN,2.4629750505312388e-05
PICHINCHA - PEDRO VICENTE MALDONADO,MAQ,6.0846143814560494e-05
PICHINCHA - PEDRO VICENTE MALDONADO,MET,3.3870943412451254e-05
PICHINCHA - PEDRO VICENTE MALDONADO,MOL,3.498186719315009e-05
PICHINCHA - PEDRO VICENTE MALDONADO,MUE,2.596063457442328e-05
PICHINCHA - PEDRO VICENTE MALDONADO,PAN,2.6799889886597152e-05
PICHINCHA - PEDRO VICENTE MALDONADO,PAP,3.4242044518949286e-05
PICHINCHA - PEDRO VICENTE MALDONADO,PES,0.0002313247419372
PICHINCHA - PEDRO VICENTE MALDONADO,PLS,2.900085632665657e-05
PICHINCHA - PEDRO VICENTE MALDONADO,QU1,1.1196585596248404e-05
PICHINCHA - PEDRO VICENTE MALDONADO,QU2,5.1035545989187565e-05
PICHINCHA - PEDRO VICENTE MALDONADO,RES,0.0003698228834639
PICHINCHA - PEDRO VICENTE MALDONADO,SAL,0.0019268468322828
PICHINCHA - PEDRO VICENTE MALDONADO,SIL,0.0001484425892054
PICHINCHA - PEDRO VICENTE MALDONADO,TAB,2.652677765296045e-06
PICHINCHA - PEDRO VICENTE MALDONADO,TEL,0.0012828040928891
PICHINCHA - PEDRO VICENTE MALDONADO,TRA,0.0020482943783844
PICHINCHA - PEDRO VICENTE MALDONADO,VES,2.3107219985814037e-05
PICHINCHA - PEDRO VICENTE MALDONADO,VID,1.3129706871689868e-05
PICHINCHA - PUERTO QUITO,AGU,0.0034218453176998
PICHINCHA - PUERTO QUITO,AYG,5.5326245263185146e-05
PICHINCHA - PUERTO QUITO,AZU,2.05414735626458e-05
PICHINCHA - PUERTO QUITO,BAL,5.7566785044910654e-05
PICHINCHA - PUERTO QUITO,BNA,0.00011255884746
PICHINCHA - PUERTO QUITO,CAN,8.10486977361195e-05
PICHINCHA - PUERTO QUITO,CAR,0.0001242888050359
PICHINCHA - PUERTO QUITO,CAU,7.045765970605287e-06
PICHINCHA - PUERTO QUITO,CEM,6.652870069663086e-05
PICHINCHA - PUERTO QUITO,CER,0.0001380236526209
PICHINCHA - PUERTO QUITO,CHO,3.1265419105373446e-05
PICHINCHA - PUERTO QUITO,CIN,7.637702832705231e-05
PICHINCHA - PUERTO QUITO,COM,0.0030834604944658
PICHINCHA - PUERTO QUITO,CUE,1.559263759567484e-05
PICHINCHA - PUERTO QUITO,CUL,0.0004797398321597
PICHINCHA - PUERTO QUITO,EDU,0.0052674464399766
PICHINCHA - PUERTO QUITO,ELE,0.0024941676544037
PICHINCHA - PUERTO QUITO,FRT,0.0005158444041743
PICHINCHA - PUERTO QUITO,FRV,0.0003541304882823
PICHINCHA - PUERTO QUITO,GAN,0.0003883125464041
PICHINCHA - PUERTO QUITO,HIL,3.2361706690824536e-05
PICHINCHA - PUERTO QUITO,HOT,0.0001040971401205
PICHINCHA - PUERTO QUITO,INM,0.0079084384453008
PICHINCHA - PUERTO QUITO,LAC,5.304455817572795e-05
PICHINCHA - PUERTO QUITO,MAD,6.038687691781962e-05
PICHINCHA - PUERTO QUITO,MAN,3.738184030687891e-05
PICHINCHA - PUERTO QUITO,MAQ,9.234932488961644e-05
PICHINCHA - PUERTO QUITO,MET,5.140767452818848e-05
PICHINCHA - PUERTO QUITO,MOL,5.309378074165747e-05
PICHINCHA - PUERTO QUITO,MUE,3.9401791573853446e-05
PICHINCHA - PUERTO QUITO,PAN,4.067557256686906e-05
PICHINCHA - PUERTO QUITO,PAP,5.197091378218837e-05
PICHINCHA - PUERTO QUITO,PES,0.0003510934696745
PICHINCHA - PUERTO QUITO,PLS,4.401609264097029e-05
PICHINCHA - PUERTO QUITO,QU1,1.6993634371204114e-05
PICHINCHA - PUERTO QUITO,QU2,7.745927551035039e-05
PICHINCHA - PUERTO QUITO,RES,0.0005612992290968
PICHINCHA - PUERTO QUITO,SAL,0.0029244746334185
PICHINCHA - PUERTO QUITO,SIL,0.0002252989596148
PICHINCHA - PUERTO QUITO,TAB,4.026105606977908e-06
PICHINCHA - PUERTO QUITO,TEL,0.001946977811856
PICHINCHA - PUERTO QUITO,TRA,0.0031088018263818
PICHINCHA - PUERTO QUITO,VES,3.507101735599434e-05
PICHINCHA - PUERTO QUITO,VID,1.9927632050019264e-05
PICHINCHA - QUITO,AGU,0.3782368636322304
PICHINCHA - QUITO,AYG,0.0061155381210981
PICHINCHA - QUITO,AZU,0.0022705709385899
PICHINCHA - QUITO,BAL,0.0063631982755474
PICHINCHA - QUITO,BNA,0.012441797183855
PICHINCHA - QUITO,CAN,0.008958793395662
PICHINCHA - QUITO,CAR,0.0137383789846428
PICHINCHA - QUITO,CAU,0.0007788103129102
PICHINCHA - QUITO,CEM,0.0073538119805882
PICHINCHA - QUITO,CER,0.0152565731724844
PICHINCHA - QUITO,CHO,0.0034559522610194
PICHINCHA - QUITO,CIN,0.0084424060604215
PICHINCHA - QUITO,COM,0.3408331815958954
PICHINCHA - QUITO,CUE,0.0017235467393676
PICHINCHA - QUITO,CUL,0.0530284897850219
PICHINCHA - QUITO,EDU,0.5822421050133215
PICHINCHA - QUITO,ELE,0.2756951479059768
PICHINCHA - QUITO,FRT,0.0570193423261748
PICHINCHA - QUITO,FRV,0.0391441438079151
PICHINCHA - QUITO,GAN,0.0429224894828595
PICHINCHA - QUITO,HIL,0.0035771314317479
PICHINCHA - QUITO,HOT,0.0115064744711305
PICHINCHA - QUITO,INM,0.8741666194864219
PICHINCHA - QUITO,LAC,0.0058633297108331
PICHINCHA - QUITO,MAD,0.0066749197609244
PICHINCHA - QUITO,MAN,0.0041320365831086
PICHINCHA - QUITO,MAQ,0.0102079187577894
PICHINCHA - QUITO,MET,0.0056823952501858
PICHINCHA - QUITO,MOL,0.0058687705730663
PICHINCHA - QUITO,MUE,0.0043553137803444
PICHINCHA - QUITO,PAN,0.0044961123504201
PICHINCHA - QUITO,PAP,0.0057446534264411
PICHINCHA - QUITO,PES,0.0388084441235709
PICHINCHA - QUITO,PLS,0.0048653598524018
PICHINCHA - QUITO,QU1,0.0018784072246134
PICHINCHA - QUITO,QU2,0.0085620332622029
PICHINCHA - QUITO,RES,0.0620437337931672
PICHINCHA - QUITO,SAL,0.3232595311642497
PICHINCHA - QUITO,SIL,0.0249036306298
PICHINCHA - QUITO,TAB,0.0004450293382808
PICHINCHA - QUITO,TEL,0.2152110083143594
PICHINCHA - QUITO,TRA,0.3436343093542354
PICHINCHA - QUITO,VES,0.0038766076130055
PICHINCHA - QUITO,VID,0.0022027193944824
PICHINCHA - SAN MIGUEL DE LOS BANCOS,AGU,0.0034543072681541
PICHINCHA - SAN MIGUEL DE LOS BANCOS,AYG,5.58511076300681e-05
PICHINCHA - SAN MIGUEL DE LOS BANCOS,AZU,2.073634394255441e-05
PICHINCHA - SAN MIGUEL DE LOS BANCOS,BAL,5.811290269502018e-05
PICHINCHA - SAN MIGUEL DE LOS BANCOS,BNA,0.0001136266571914
PICHINCHA - SAN MIGUEL DE LOS BANCOS,CAN,8.181758077027812e-05
PICHINCHA - SAN MIGUEL DE LOS BANCOS,CAR,0.0001254678931175
PICHINCHA - SAN MIGUEL DE LOS BANCOS,CAU,7.112606895490821e-06
PICHINCHA - SAN MIGUEL DE LOS BANCOS,CEM,6.71598371698756e-05
PICHINCHA - SAN MIGUEL DE LOS BANCOS,CER,0.000139333038802
PICHINCHA - SAN MIGUEL DE LOS BANCOS,CHO,3.1562024121585406e-05
PICHINCHA - SAN MIGUEL DE LOS BANCOS,CIN,7.710159272994154e-05
PICHINCHA - SAN MIGUEL DE LOS BANCOS,COM,0.0031127122964925
PICHINCHA - SAN MIGUEL DE LOS BANCOS,CUE,1.574055995396037e-05
PICHINCHA - SAN MIGUEL DE LOS BANCOS,CUL,0.0004842909702787
PICHINCHA - SAN MIGUEL DE LOS BANCOS,EDU,0.0053174170171008
PICHINCHA - SAN MIGUEL DE LOS BANCOS,ELE,0.0025178290240171
PICHINCHA - SAN MIGUEL DE LOS BANCOS,FRT,0.0005207380548031
PICHINCHA - SAN MIGUEL DE LOS BANCOS,FRV,0.0003574900107907
PICHINCHA - SAN MIGUEL DE LOS BANCOS,GAN,0.0003919963431488
PICHINCHA - SAN MIGUEL DE LOS BANCOS,HIL,3.2668711836200275e-05
PICHINCHA - SAN MIGUEL DE LOS BANCOS,HOT,0.0001050846763447
PICHINCHA - SAN MIGUEL DE LOS BANCOS,INM,0.0079834632676252
PICHINCHA - SAN MIGUEL DE LOS BANCOS,LAC,5.354777490807503e-05
PICHINCHA - SAN MIGUEL DE LOS BANCOS,MAD,6.095974787620448e-05
PICHINCHA - SAN MIGUEL DE LOS BANCOS,MAN,3.773646985183674e-05
PICHINCHA - SAN MIGUEL DE LOS BANCOS,MAQ,9.32254133537989e-05
PICHINCHA - SAN MIGUEL DE LOS BANCOS,MET,5.189536266969278e-05
PICHINCHA - SAN MIGUEL DE LOS BANCOS,MOL,5.35974644327207e-05
PICHINCHA - SAN MIGUEL DE LOS BANCOS,MUE,3.977558374945664e-05
PICHINCHA - SAN MIGUEL DE LOS BANCOS,PAN,4.106144869473946e-05
PICHINCHA - SAN MIGUEL DE LOS BANCOS,PAP,5.2463945194080335e-05
PICHINCHA - SAN MIGUEL DE LOS BANCOS,PES,0.0003544241809601
PICHINCHA - SAN MIGUEL DE LOS BANCOS,PLS,4.443365921275881e-05
PICHINCHA - SAN MIGUEL DE LOS BANCOS,QU1,1.715484753713621e-05
PICHINCHA - SAN MIGUEL DE LOS BANCOS,QU2,7.819410684560555e-05
PICHINCHA - SAN MIGUEL DE LOS BANCOS,RES,0.0005666240950896
PICHINCHA - SAN MIGUEL DE LOS BANCOS,SAL,0.0029522181875072
PICHINCHA - SAN MIGUEL DE LOS BANCOS,SIL,0.0002274362986776
PICHINCHA - SAN MIGUEL DE LOS BANCOS,TAB,4.064299981241821e-06
PICHINCHA - SAN MIGUEL DE LOS BANCOS,TEL,0.0019654481667072
PICHINCHA - SAN MIGUEL DE LOS BANCOS,TRA,0.003138294033507
PICHINCHA - SAN MIGUEL DE LOS BANCOS,VES,3.540372486381267e-05
PICHINCHA - SAN MIGUEL DE LOS BANCOS,VID,2.011667911212137e-05
PICHINCHA - SANTO DOMINGO,AGU,7.211138801227825
PICHINCHA - SANTO DOMINGO,AYG,0.1165935911480017
PICHINCHA - SANTO DOMINGO,AZU,0.0432887530817906
PICHINCHA - SANTO DOMINGO,BAL,0.1213152666931008
PICHINCHA - SANTO DOMINGO,BNA,0.2372046065735707
PICHINCHA - SANTO DOMINGO,CAN,0.1708006513359238
PICHINCHA - SANTO DOMINGO,CAR,0.2619241202741648
PICHINCHA - SANTO DOMINGO,CAU,0.0148481277374499
PICHINCHA - SANTO DOMINGO,CEM,0.1402014557780275
PICHINCHA - SANTO DOMINGO,CER,0.2908687051848205
PICHINCHA - SANTO DOMINGO,CHO,0.0658882140817985
PICHINCHA - SANTO DOMINGO,CIN,0.1609556544367424
PICHINCHA - SANTO DOMINGO,COM,6.498032362445426
PICHINCHA - SANTO DOMINGO,CUE,0.0328596600781581
PICHINCHA - SANTO DOMINGO,CUL,1.0109955877571426
PICHINCHA - SANTO DOMINGO,EDU,11.100527312040546
PICHINCHA - SANTO DOMINGO,ELE,5.256166623431215
PICHINCHA - SANTO DOMINGO,FRT,1.087081750626419
PICHINCHA - SANTO DOMINGO,FRV,0.7462885863197123
PICHINCHA - SANTO DOMINGO,GAN,0.818323276009648
PICHINCHA - SANTO DOMINGO,HIL,0.0681985119505709
PICHINCHA - SANTO DOMINGO,HOT,0.219372548004166
PICHINCHA - SANTO DOMINGO,INM,16.666109083026832
PICHINCHA - SANTO DOMINGO,LAC,0.1117852024685032
PICHINCHA - SANTO DOMINGO,MAD,0.1272582804881928
PICHINCHA - SANTO DOMINGO,MAN,0.0787778564109487
PICHINCHA - SANTO DOMINGO,MAQ,0.194615401384172
PICHINCHA - SANTO DOMINGO,MET,0.108335661624909
PICHINCHA - SANTO DOMINGO,MOL,0.1118889332693183
PICHINCHA - SANTO DOMINGO,MUE,0.0830346674603917
PICHINCHA - SANTO DOMINGO,PAN,0.0857190119266622
PICHINCHA - SANTO DOMINGO,PAP,0.109522622478424
PICHINCHA - SANTO DOMINGO,PES,0.7398884248016421
PICHINCHA - SANTO DOMINGO,PLS,0.0927587672884926
PICHINCHA - SANTO DOMINGO,QU1,0.0358120969274092
PICHINCHA - SANTO DOMINGO,QU2,0.1632363638000886
PICHINCHA - SANTO DOMINGO,RES,1.1828724779295523
PICHINCHA - SANTO DOMINGO,SAL,6.162988254660965
PICHINCHA - SANTO DOMINGO,SIL,0.4747912072912342
PICHINCHA - SANTO DOMINGO,TAB,0.0084845466889295
PICHINCHA - SANTO DOMINGO,TEL,4.103028027474367
PICHINCHA - SANTO DOMINGO,TRA,6.5514362556339085
PICHINCHA - SANTO DOMINGO,VES,0.0739080673068951
PICHINCHA - SANTO DOMINGO,VID,0.0419951538864649
SUCUMBIOS - CASCALES,AGU,2.3333319802282237e-09
SUCUMBIOS - CASCALES,AYG,3.77265730717824e-11
SUCUMBIOS - CASCALES,AZU,1.400708469690626e-11
SUCUMBIOS - CASCALES,BAL,3.925438121045884e-11
SUCUMBIOS - CASCALES,BNA,7.675307737542469e-11
SUCUMBIOS - CASCALES,CAN,5.5266530431790316e-11
SUCUMBIOS - CASCALES,CAR,8.475165200325811e-11
SUCUMBIOS - CASCALES,CAU,4.804457694033931e-12
SUCUMBIOS - CASCALES,CEM,4.536544774117008e-11
SUCUMBIOS - CASCALES,CER,9.411734686617835e-11
SUCUMBIOS - CASCALES,CHO,2.131966687577936e-11
SUCUMBIOS - CASCALES,CIN,5.208095229450689e-11
SUCUMBIOS - CASCALES,COM,2.102589776426194e-09
SUCUMBIOS - CASCALES,CUE,1.063250865546234e-11
SUCUMBIOS - CASCALES,CUL,3.2713117883429326e-10
SUCUMBIOS - CASCALES,EDU,3.5918342564937046e-09
SUCUMBIOS - CASCALES,ELE,1.7007551808283075e-09
SUCUMBIOS - CASCALES,FRT,3.5175062965466953e-10
SUCUMBIOS - CASCALES,FRV,2.414790607889286e-10
SUCUMBIOS - CASCALES,GAN,2.6478756306192945e-10
SUCUMBIOS - CASCALES,HIL,2.2067217581659794e-11
SUCUMBIOS - CASCALES,HOT,7.098309933447916e-11
SUCUMBIOS - CASCALES,INM,5.392707917753197e-09
SUCUMBIOS - CASCALES,LAC,3.6170706878036274e-11
SUCUMBIOS - CASCALES,MAD,4.1177381797365366e-11
SUCUMBIOS - CASCALES,MAN,2.5490410982825064e-11
SUCUMBIOS - CASCALES,MAQ,6.297234769871877e-11
SUCUMBIOS - CASCALES,MET,3.5054527563044964e-11
SUCUMBIOS - CASCALES,MOL,3.620427139559005e-11
SUCUMBIOS - CASCALES,MUE,2.6867801382488836e-11
SUCUMBIOS - CASCALES,PAN,2.7736383580356285e-11
SUCUMBIOS - CASCALES,PAP,3.5438596403643886e-11
SUCUMBIOS - CASCALES,PES,2.394081394046119e-10
SUCUMBIOS - CASCALES,PLS,3.0014260455496335e-11
SUCUMBIOS - CASCALES,QU1,1.1587838390453536e-11
SUCUMBIOS - CASCALES,QU2,5.281892895003812e-11
SUCUMBIOS - CASCALES,RES,3.8274595141822577e-10
SUCUMBIOS - CASCALES,SAL,1.9941784487524844e-09
SUCUMBIOS - CASCALES,SIL,1.5362975785671662e-10
SUCUMBIOS - CASCALES,TAB,2.7453727729728186e-12
SUCUMBIOS - CASCALES,TEL,1.3276303197282195e-09
SUCUMBIOS - CASCALES,TRA,2.119869850389569e-09
SUCUMBIOS - CASCALES,VES,2.391467725107101e-11
SUCUMBIOS - CASCALES,VID,1.3588510536118083e-11
SUCUMBIOS - CUYABENO,AGU,1.264772582138352e-09
SUCUMBIOS - CUYABENO,AYG,2.0449526961252368e-11
SUCUMBIOS - CUYABENO,AZU,7.592480123040161e-12
SUCUMBIOS - CUYABENO,BAL,2.1277668803450398e-11
SUCUMBIOS - CUYABENO,BNA,4.1603676065711686e-11
SUCUMBIOS - CUYABENO,CAN,2.9956985543568625e-11
SUCUMBIOS - CUYABENO,CAR,4.5939269102276375e-11
SUCUMBIOS - CUYABENO,CAU,2.60423566596958e-12
SUCUMBIOS - CUYABENO,CEM,2.4590146179649108e-11
SUCUMBIOS - CUYABENO,CER,5.101590379278319e-11
SUCUMBIOS - CUYABENO,CHO,1.1556233897832034e-11
SUCUMBIOS - CUYABENO,CIN,2.8230256590965248e-11
SUCUMBIOS - CUYABENO,COM,1.1396997612179263e-09
SUCUMBIOS - CUYABENO,CUE,5.763305667915354e-12
SUCUMBIOS - CUYABENO,CUL,1.773200510078053e-10
SUCUMBIOS - CUYABENO,EDU,1.9469383378331755e-09
SUCUMBIOS - CUYABENO,ELE,9.218870438792003e-10
SUCUMBIOS - CUYABENO,FRT,1.9066491862577278e-10
SUCUMBIOS - CUYABENO,FRV,1.3089268815339535e-10
SUCUMBIOS - CUYABENO,GAN,1.435269617395815e-10
SUCUMBIOS - CUYABENO,HIL,1.1961440548479008e-11
SUCUMBIOS - CUYABENO,HOT,3.847608424098794e-11
SUCUMBIOS - CUYABENO,INM,2.923094174189275e-09
SUCUMBIOS - CUYABENO,LAC,1.9606176370766064e-11
SUCUMBIOS - CUYABENO,MAD,2.2320023015523324e-11
SUCUMBIOS - CUYABENO,MAN,1.3816967834710815e-11
SUCUMBIOS - CUYABENO,MAQ,3.4133890709556246e-11
SUCUMBIOS - CUYABENO,MET,1.9001156165191672e-11
SUCUMBIOS - CUYABENO,MOL,1.9624369873402823e-11
SUCUMBIOS - CUYABENO,MUE,1.4563576387268746e-11
SUCUMBIOS - CUYABENO,PAN,1.5034387638520174e-11
SUCUMBIOS - CUYABENO,PAP,1.9209339031307307e-11
SUCUMBIOS - CUYABENO,PES,1.2977015410815772e-10
SUCUMBIOS - CUYABENO,PLS,1.6269101019032076e-11
SUCUMBIOS - CUYABENO,QU1,6.281138049229642e-12
SUCUMBIOS - CUYABENO,QU2,2.8630273668724904e-11
SUCUMBIOS - CUYABENO,RES,2.0746579971482712e-10
SUCUMBIOS - CUYABENO,SAL,1.0809358664970756e-09
SUCUMBIOS - CUYABENO,SIL,8.327435066429084e-11
SUCUMBIOS - CUYABENO,TAB,1.4881175248219652e-12
SUCUMBIOS - CUYABENO,TEL,7.196363148648861e-10
SUCUMBIOS - CUYABENO,TRA,1.1490663511208607e-09
SUCUMBIOS - CUYABENO,VES,1.2962848130545039e-11
SUCUMBIOS - CUYABENO,VID,7.365593796258373e-12
SUCUMBIOS - GONZALO PIZARRO,AGU,1.637180718617348e-09
SUCUMBIOS - GONZALO PIZARRO,AYG,2.647082307018709e-11
SUCUMBIOS - GONZALO PIZARRO,AZU,9.82806098066339e-12
SUCUMBIOS - GONZALO PIZARRO,BAL,2.7542808560285697e-11
SUCUMBIOS - GONZALO PIZARRO,BNA,5.3853741961441766e-11
SUCUMBIOS - GONZALO PIZARRO,CAN,3.877772163348827e-11
SUCUMBIOS - GONZALO PIZARRO,CAR,5.946593614044151e-11
SUCUMBIOS - GONZALO PIZARRO,CAU,3.371044312055314e-12
SUCUMBIOS - GONZALO PIZARRO,CEM,3.183063403006291e-11
SUCUMBIOS - GONZALO PIZARRO,CER,6.603736925666994e-11
SUCUMBIOS - GONZALO PIZARRO,CHO,1.4958929047446102e-11
SUCUMBIOS - GONZALO PIZARRO,CIN,3.654256300702514e-11
SUCUMBIOS - GONZALO PIZARRO,COM,1.475280616001428e-09
SUCUMBIOS - GONZALO PIZARRO,CUE,7.460292109634731e-12
SUCUMBIOS - GONZALO PIZARRO,CUL,2.2953135815405223e-10
SUCUMBIOS - GONZALO PIZARRO,EDU,2.520207942560149e-09
SUCUMBIOS - GONZALO PIZARRO,ELE,1.1933336587913731e-09
SUCUMBIOS - GONZALO PIZARRO,FRT,2.4680557825115377e-10
SUCUMBIOS - GONZALO PIZARRO,FRV,1.6943361065783348e-10
SUCUMBIOS - GONZALO PIZARRO,GAN,1.8578800464229907e-10
SUCUMBIOS - GONZALO PIZARRO,HIL,1.5483447466696727e-11
SUCUMBIOS - GONZALO PIZARRO,HOT,4.9805240987072246e-11
SUCUMBIOS - GONZALO PIZARRO,INM,3.783789661691042e-09
SUCUMBIOS - GONZALO PIZARRO,LAC,2.5379150665773995e-11
SUCUMBIOS - GONZALO PIZARRO,MAD,2.8892080549634293e-11
SUCUMBIOS - GONZALO PIZARRO,MAN,1.7885328673475436e-11
SUCUMBIOS - GONZALO PIZARRO,MAQ,4.4184502819151316e-11
SUCUMBIOS - GONZALO PIZARRO,MET,2.459598424603266e-11
SUCUMBIOS - GONZALO PIZARRO,MOL,2.540270118556045e-11
SUCUMBIOS - GONZALO PIZARRO,MUE,1.8851773664349644e-11
SUCUMBIOS - GONZALO PIZARRO,PAN,1.9461213743572223e-11
SUCUMBIOS - GONZALO PIZARRO,PAP,2.486546587392719e-11
SUCUMBIOS - GONZALO PIZARRO,PES,1.679805501465537e-10
SUCUMBIOS - GONZALO PIZARRO,PLS,2.105948442728302e-11
SUCUMBIOS - GONZALO PIZARRO,QU1,8.130598536368072e-12
SUCUMBIOS - GONZALO PIZARRO,QU2,3.7060363800681276e-11
SUCUMBIOS - GONZALO PIZARRO,RES,2.685534236450491e-10
SUCUMBIOS - GONZALO PIZARRO,SAL,1.399213885312833e-09
SUCUMBIOS - GONZALO PIZARRO,SIL,1.0779420995389919e-10
SUCUMBIOS - GONZALO PIZARRO,TAB,1.9262888467711805e-12
SUCUMBIOS - GONZALO PIZARRO,TEL,9.31530866301429e-10
SUCUMBIOS - GONZALO PIZARRO,TRA,1.4874051675649616e-09
SUCUMBIOS - GONZALO PIZARRO,VES,1.677971622519863e-11
SUCUMBIOS - GONZALO PIZARRO,VID,9.534368719484674e-12
SUCUMBIOS - LAGO AGRIO,AGU,1.8441450736123718e-08
SUCUMBIOS - LAGO AGRIO,AYG,2.981713466585225e-10
SUCUMBIOS - LAGO AGRIO,AZU,1.107047623670952e-10
SUCUMBIOS - LAGO AGRIO,BAL,3.102463530281239e-10
SUCUMBIOS - LAGO AGRIO,BNA,6.066166783203913e-10
SUCUMBIOS - LAGO AGRIO,CAN,4.3679810972061317e-10
SUCUMBIOS - LAGO AGRIO,CAR,6.698332806762942e-10
SUCUMBIOS - LAGO AGRIO,CAU,3.797195196786836e-11
SUCUMBIOS - LAGO AGRIO,CEM,3.5854506633863316e-10
SUCUMBIOS - LAGO AGRIO,CER,7.438548952119236e-10
SUCUMBIOS - LAGO AGRIO,CHO,1.6849963474198726e-10
SUCUMBIOS - LAGO AGRIO,CIN,4.1162094556969825e-10
SUCUMBIOS - LAGO AGRIO,COM,1.6617783542506654e-08
SUCUMBIOS - LAGO AGRIO,CUE,8.403385640475349e-11
SUCUMBIOS - LAGO AGRIO,CUL,2.585475864489985e-09
SUCUMBIOS - LAGO AGRIO,EDU,2.8388002673743572e-08
SUCUMBIOS - LAGO AGRIO,ELE,1.3441890458461318e-08
SUCUMBIOS - LAGO AGRIO,FRT,2.780055287093185e-09
SUCUMBIOS - LAGO AGRIO,FRV,1.908525765334464e-09
SUCUMBIOS - LAGO AGRIO,GAN,2.092744127763256e-09
SUCUMBIOS - LAGO AGRIO,HIL,1.7440788938901788e-10
SUCUMBIOS - LAGO AGRIO,HOT,5.610137522506063e-10
SUCUMBIOS - LAGO AGRIO,INM,4.2621177887350056e-08
SUCUMBIOS - LAGO AGRIO,LAC,2.8587458391447317e-10
SUCUMBIOS - LAGO AGRIO,MAD,3.254447563798429e-10
SUCUMBIOS - LAGO AGRIO,MAN,2.0146304185027995e-10
SUCUMBIOS - LAGO AGRIO,MAQ,4.977009091138366e-10
SUCUMBIOS - LAGO AGRIO,MET,2.7705287914870754e-10
SUCUMBIOS - LAGO AGRIO,MOL,2.8613986052414315e-10
SUCUMBIOS - LAGO AGRIO,MUE,2.1234922410597622e-10
SUCUMBIOS - LAGO AGRIO,PAN,2.192140491492948e-10
SUCUMBIOS - LAGO AGRIO,PAP,2.800883608817837e-10
SUCUMBIOS - LAGO AGRIO,PES,1.8921582724055204e-09
SUCUMBIOS - LAGO AGRIO,PLS,2.3721721137901825e-10
SUCUMBIOS - LAGO AGRIO,QU1,9.15842891738064e-11
SUCUMBIOS - LAGO AGRIO,QU2,4.1745353186805144e-10
SUCUMBIOS - LAGO AGRIO,RES,3.025026300303666e-09
SUCUMBIOS - LAGO AGRIO,SAL,1.5760956406259654e-08
SUCUMBIOS - LAGO AGRIO,SIL,1.2142102517448647e-09
SUCUMBIOS - LAGO AGRIO,TAB,2.1698008330611225e-11
SUCUMBIOS - LAGO AGRIO,TEL,1.0492904286451946e-08
SUCUMBIOS - LAGO AGRIO,TRA,1.6754356321439286e-08
SUCUMBIOS - LAGO AGRIO,VES,1.8900925634799216e-10
SUCUMBIOS - LAGO AGRIO,VID,1.073965684062708e-10
SUCUMBIOS - PUTUMAYO,AGU,2.2441127927585107e-09
SUCUMBIOS - PUTUMAYO,AYG,3.6284029008613137e-11
SUCUMBIOS - PUTUMAYO,AZU,1.3471498365399675e-11
SUCUMBIOS - PUTUMAYO,BAL,3.7753418627380125e-11
SUCUMBIOS - PUTUMAYO,BNA,7.381828401671643e-11
SUCUMBIOS - PUTUMAYO,CAN,5.315331423230541e-11
SUCUMBIOS - PUTUMAYO,CAR,8.151101861181631e-11
SUCUMBIOS - PUTUMAYO,CAU,4.6207505253470325e-12
SUCUMBIOS - PUTUMAYO,CEM,4.363081742668263e-11
SUCUMBIOS - PUTUMAYO,CER,9.051859911602569e-11
SUCUMBIOS - PUTUMAYO,CHO,2.050447067913873e-11
SUCUMBIOS - PUTUMAYO,CIN,5.0089542462670485e-11
SUCUMBIOS - PUTUMAYO,COM,2.022193436332093e-09
SUCUMBIOS - PUTUMAYO,CUE,1.0225955369841894e-11
SUCUMBIOS - PUTUMAYO,CUL,3.1462272387849636e-10
SUCUMBIOS - PUTUMAYO,EDU,3.454493948039652e-09
SUCUMBIOS - PUTUMAYO,ELE,1.6357237165513875e-09
SUCUMBIOS - PUTUMAYO,FRT,3.3830080526805137e-10
SUCUMBIOS - PUTUMAYO,FRV,2.322456701796634e-10
SUCUMBIOS - PUTUMAYO,GAN,2.5466292952128773e-10
SUCUMBIOS - PUTUMAYO,HIL,2.1223437425627095e-11
SUCUMBIOS - PUTUMAYO,HOT,6.826893156908271e-11
SUCUMBIOS - PUTUMAYO,INM,5.186507933027333e-09
SUCUMBIOS - PUTUMAYO,LAC,3.478765418548804e-11
SUCUMBIOS - PUTUMAYO,MAD,3.9602889793132105e-11
SUCUMBIOS - PUTUMAYO,MAN,2.451573880782909e-11
SUCUMBIOS - PUTUMAYO,MAQ,6.056448557607714e-11
SUCUMBIOS - PUTUMAYO,MET,3.3714154014483893e-11
SUCUMBIOS - PUTUMAYO,MOL,3.4819935302733005e-11
SUCUMBIOS - PUTUMAYO,MUE,2.584046218311403e-11
SUCUMBIOS - PUTUMAYO,PAN,2.6675832562602848e-11
SUCUMBIOS - PUTUMAYO,PAP,3.408353728518491e-11
SUCUMBIOS - PUTUMAYO,PES,2.3025393423693316e-10
SUCUMBIOS - PUTUMAYO,PLS,2.8866610676967264e-11
SUCUMBIOS - PUTUMAYO,QU1,1.1144756336769306e-11
SUCUMBIOS - PUTUMAYO,QU2,5.0799301240018906e-11
SUCUMBIOS - PUTUMAYO,RES,3.681109645915693e-10
SUCUMBIOS - PUTUMAYO,SAL,1.917927412734066e-09
SUCUMBIOS - PUTUMAYO,SIL,1.4775544494998472e-10
SUCUMBIOS - PUTUMAYO,TAB,2.6403984571953653e-12
SUCUMBIOS - PUTUMAYO,TEL,1.2768659624100118e-09
SUCUMBIOS - PUTUMAYO,TRA,2.0388127752729803e-09
SUCUMBIOS - PUTUMAYO,VES,2.3000256118107197e-11
SUCUMBIOS - PUTUMAYO,VID,1.3068929148116234e-11
SUCUMBIOS - SHUSHUFINDI,AGU,8.922436459857991e-09
SUCUMBIOS - SHUSHUFINDI,AYG,1.4426277697880078e-10
SUCUMBIOS - SHUSHUFINDI,AZU,5.3561741001711744e-11
SUCUMBIOS - SHUSHUFINDI,BAL,1.5010496795535487e-10
SUCUMBIOS - SHUSHUFINDI,BNA,2.93496365619524e-10
SUCUMBIOS - SHUSHUFINDI,CAN,2.113338823248913e-10
SUCUMBIOS - SHUSHUFINDI,CAR,3.240821435932589e-10
SUCUMBIOS - SHUSHUFINDI,CAU,1.8371782867734365e-11
SUCUMBIOS - SHUSHUFINDI,CEM,1.7347309700182804e-10
SUCUMBIOS - SHUSHUFINDI,CER,3.5989565749737604e-10
SUCUMBIOS - SHUSHUFINDI,CHO,8.152435000949783e-11
SUCUMBIOS - SHUSHUFINDI,CIN,1.991525387532645e-10
SUCUMBIOS - SHUSHUFINDI,COM,8.040100525890361e-09
SUCUMBIOS - SHUSHUFINDI,CUE,4.065768767201903e-11
SUCUMBIOS - SHUSHUFINDI,CUL,1.2509180784904568e-09
SUCUMBIOS - SHUSHUFINDI,EDU,1.3734827791102286e-08
SUCUMBIOS - SHUSHUFINDI,ELE,6.503523786285482e-09
SUCUMBIOS - SHUSHUFINDI,FRT,1.3450604840644464e-09
SUCUMBIOS - SHUSHUFINDI,FRV,9.233926395954427e-10
SUCUMBIOS - SHUSHUFINDI,GAN,1.012522104355517e-09
SUCUMBIOS - SHUSHUFINDI,HIL,8.438291181307273e-11
SUCUMBIOS - SHUSHUFINDI,HOT,2.7143252606246406e-10
SUCUMBIOS - SHUSHUFINDI,INM,2.062119499087298e-08
SUCUMBIOS - SHUSHUFINDI,LAC,1.383132947056512e-10
SUCUMBIOS - SHUSHUFINDI,MAD,1.5745833674056515e-10
SUCUMBIOS - SHUSHUFINDI,MAN,9.747287323755672e-11
SUCUMBIOS - SHUSHUFINDI,MAQ,2.408001843847982e-10
SUCUMBIOS - SHUSHUFINDI,MET,1.3404513265232704e-10
SUCUMBIOS - SHUSHUFINDI,MOL,1.3844164218372847e-10
SUCUMBIOS - SHUSHUFINDI,MUE,1.0273988128679979e-10
SUCUMBIOS - SHUSHUFINDI,PAN,1.0606125584314481e-10
SUCUMBIOS - SHUSHUFINDI,PAP,1.3551377485819094e-10
SUCUMBIOS - SHUSHUFINDI,PES,9.154736359467976e-10
SUCUMBIOS - SHUSHUFINDI,PLS,1.1477163732937851e-10
SUCUMBIOS - SHUSHUFINDI,QU1,4.431077644416976e-11
SUCUMBIOS - SHUSHUFINDI,QU2,2.019744903116501e-10
SUCUMBIOS - SHUSHUFINDI,RES,1.4635836052197714e-09
SUCUMBIOS - SHUSHUFINDI,SAL,7.625546064333238e-09
SUCUMBIOS - SHUSHUFINDI,SIL,5.87465377595283e-10
SUCUMBIOS - SHUSHUFINDI,TAB,1.0498040713039986e-11
SUCUMBIOS - SHUSHUFINDI,TEL,5.0767303025595845e-09
SUCUMBIOS - SHUSHUFINDI,TRA,8.106177862191547e-09
SUCUMBIOS - SHUSHUFINDI,VES,9.144741941514124e-11
SUCUMBIOS - SHUSHUFINDI,VID,5.1961153779225896e-11
TUNGURAHUA - AMBATO,AGU,0.0541140253985979
TUNGURAHUA - AMBATO,AYG,0.0008749448217003
TUNGURAHUA - AMBATO,AZU,0.0003248486471155
TUNGURAHUA - AMBATO,BAL,0.0009103773487136
TUNGURAHUA - AMBATO,BNA,0.0017800373087536
TUNGURAHUA - AMBATO,CAN,0.0012817269281955
TUNGURAHUA - AMBATO,CAR,0.001965538160853
TUNGURAHUA - AMBATO,CAU,0.0001114237270497
TUNGURAHUA - AMBATO,CEM,0.0010521036063819
TUNGURAHUA - AMBATO,CER,0.0021827449081064
TUNGURAHUA - AMBATO,CHO,0.0004944401416435
TUNGURAHUA - AMBATO,CIN,0.0012078478326827
TUNGURAHUA - AMBATO,COM,0.0487627125194721
TUNGURAHUA - AMBATO,CUE,0.0002465863616099
TUNGURAHUA - AMBATO,CUL,0.0075867407939014
TUNGURAHUA - AMBATO,EDU,0.0833008812421296
TUNGURAHUA - AMBATO,ELE,0.0394434696099858
TUNGURAHUA - AMBATO,FRT,0.0081577086622898
TUNGURAHUA - AMBATO,FRV,0.0056003192599638
TUNGURAHUA - AMBATO,GAN,0.0061408839522975
TUNGURAHUA - AMBATO,HIL,0.0005117771422193
TUNGURAHUA - AMBATO,HOT,0.0016462214861862
TUNGURAHUA - AMBATO,INM,0.1250662724812839
TUNGURAHUA - AMBATO,LAC,0.0008388615796076
TUNGURAHUA - AMBATO,MAD,0.0009549750756908
TUNGURAHUA - AMBATO,MAN,0.0005911669488241
TUNGURAHUA - AMBATO,MAQ,0.0014604382281018
TUNGURAHUA - AMBATO,MET,0.0008129754406815
TUNGURAHUA - AMBATO,MOL,0.0008396399991256
TUNGURAHUA - AMBATO,MUE,0.0006231110269505
TUNGURAHUA - AMBATO,PAN,0.0006432549582532
TUNGURAHUA - AMBATO,PAP,0.0008218826648447
TUNGURAHUA - AMBATO,PES,0.0055522909925166
TUNGURAHUA - AMBATO,PLS,0.0006960828833495
TUNGURAHUA - AMBATO,QU1,0.0002687421191195
TUNGURAHUA - AMBATO,QU2,0.0012249627943853
TUNGURAHUA - AMBATO,RES,0.0088765440630658
TUNGURAHUA - AMBATO,SAL,0.0462484653446414
TUNGURAHUA - AMBATO,SIL,0.0035629411884311
TUNGURAHUA - AMBATO,TAB,6.366996776461248e-05
TUNGURAHUA - AMBATO,TEL,0.0307900553588155
TUNGURAHUA - AMBATO,TRA,0.0491634674781609
TUNGURAHUA - AMBATO,VES,0.0005546229439829
TUNGURAHUA - AMBATO,VID,0.0003151411845856
TUNGURAHUA - CEVALLOS,AGU,0.0013625113848725
TUNGURAHUA - CEVALLOS,AYG,2.202982077051193e-05
TUNGURAHUA - CEVALLOS,AZU,8.179210043888748e-06
TUNGURAHUA - CEVALLOS,BAL,2.2921959566228453e-05
TUNGURAHUA - CEVALLOS,BNA,4.4818715311052656e-05
TUNGURAHUA - CEVALLOS,CAN,3.227199453562409e-05
TUNGURAHUA - CEVALLOS,CAR,4.948935330235562e-05
TUNGURAHUA - CEVALLOS,CAU,2.8054851867327067e-06
TUNGURAHUA - CEVALLOS,CEM,2.6490417802074325e-05
TUNGURAHUA - CEVALLOS,CER,5.495829899293992e-05
TUNGURAHUA - CEVALLOS,CHO,1.244927386504999e-05
TUNGURAHUA - CEVALLOS,CIN,3.041182782285937e-05
TUNGURAHUA - CEVALLOS,COM,0.0012277732154586
TUNGURAHUA - CEVALLOS,CUE,6.208681068780833e-06
TUNGURAHUA - CEVALLOS,CUL,0.0001910229488497
TUNGURAHUA - CEVALLOS,EDU,0.002097393387875
TUNGURAHUA - CEVALLOS,ELE,0.0009931284173857
TUNGURAHUA - CEVALLOS,FRT,0.0002053990780573
TUNGURAHUA - CEVALLOS,FRV,0.0001410077829992
TUNGURAHUA - CEVALLOS,GAN,0.000154618405054
TUNGURAHUA - CEVALLOS,HIL,1.2885793981416808e-05
TUNGURAHUA - CEVALLOS,HOT,4.14494301695169e-05
TUNGURAHUA - CEVALLOS,INM,0.0031489843689163
TUNGURAHUA - CEVALLOS,LAC,2.1121297928378623e-05
TUNGURAHUA - CEVALLOS,MAD,2.4044864585736465e-05
TUNGURAHUA - CEVALLOS,MAN,1.48847122756118e-05
TUNGURAHUA - CEVALLOS,MAQ,3.677168161183298e-05
TUNGURAHUA - CEVALLOS,MET,2.046952311145514e-05
TUNGURAHUA - CEVALLOS,MOL,2.1140897384299297e-05
TUNGURAHUA - CEVALLOS,MUE,1.56890170710111e-05
TUNGURAHUA - CEVALLOS,PAN,1.619621156511661e-05
TUNGURAHUA - CEVALLOS,PAP,2.069379388489205e-05
TUNGURAHUA - CEVALLOS,PES,0.000139798502028
TUNGURAHUA - CEVALLOS,PLS,1.7526340840339918e-05
TUNGURAHUA - CEVALLOS,QU1,6.766530380950082e-06
TUNGURAHUA - CEVALLOS,QU2,3.084275732772697e-05
TUNGURAHUA - CEVALLOS,RES,0.0002234982937448
TUNGURAHUA - CEVALLOS,SAL,0.0011644681780888
TUNGURAHUA - CEVALLOS,SIL,8.970960665208167e-05
TUNGURAHUA - CEVALLOS,TAB,1.6031159263196005e-06
TUNGURAHUA - CEVALLOS,TEL,0.0007752482033674
TUNGURAHUA - CEVALLOS,TRA,0.0012378636345272
TUNGURAHUA - CEVALLOS,VES,1.3964588106725774e-05
TUNGURAHUA - CEVALLOS,VID,7.934790448083268e-06
TUNGURAHUA - MOCHA,AGU,0.0010694647113914
TUNGURAHUA - MOCHA,AYG,1.7291683705486602e-05
TUNGURAHUA - MOCHA,AZU,6.420039205628853e-06
TUNGURAHUA - MOCHA,BAL,1.799194277875029e-05
TUNGURAHUA - MOCHA,BNA,3.517918086207665e-05
TUNGURAHUA - MOCHA,CAN,2.5330987839999385e-05
TUNGURAHUA - MOCHA,CAR,3.884526583343265e-05
TUNGURAHUA - MOCHA,CAU,2.202086117484226e-06
TUNGURAHUA - MOCHA,CEM,2.079290297598805e-05
TUNGURAHUA - MOCHA,CER,4.313795981715543e-05
TUNGURAHUA - MOCHA,CHO,9.77170483046207e-06
TUNGURAHUA - MOCHA,CIN,2.3870902677633592e-05
TUNGURAHUA - MOCHA,COM,0.0009637058024638
TUNGURAHUA - MOCHA,CUE,4.873328312017213e-06
TUNGURAHUA - MOCHA,CUL,0.000149938051989
TUNGURAHUA - MOCHA,EDU,0.0016462895203242
TUNGURAHUA - MOCHA,ELE,0.0007795280157409
TUNGURAHUA - MOCHA,FRT,0.0001612221873325
TUNGURAHUA - MOCHA,FRV,0.0001106800644923
TUNGURAHUA - MOCHA,GAN,0.0001213633366831
TUNGURAHUA - MOCHA,HIL,1.011433892911987e-05
TUNGURAHUA - MOCHA,HOT,3.2534555942612174e-05
TUNGURAHUA - MOCHA,INM,0.0024717060691528
TUNGURAHUA - MOCHA,LAC,1.65785644391507e-05
TUNGURAHUA - MOCHA,MAD,1.887333526173528e-05
TUNGURAHUA - MOCHA,MAN,1.1683333214474986e-05
TUNGURAHUA - MOCHA,MAQ,2.886288973361892e-05
TUNGURAHUA - MOCHA,MET,1.6066972261490852e-05
TUNGURAHUA - MOCHA,MOL,1.6593948476819927e-05
TUNGURAHUA - MOCHA,MUE,1.231464947754087e-05
TUNGURAHUA - MOCHA,PAN,1.2712757426788291e-05
TUNGURAHUA - MOCHA,PAP,1.6243007251473463e-05
TUNGURAHUA - MOCHA,PES,0.000109730873653
TUNGURAHUA - MOCHA,PLS,1.3756804718600876e-05
TUNGURAHUA - MOCHA,QU1,5.311196325644714e-06
TUNGURAHUA - MOCHA,QU2,2.4209148584178e-05
TUNGURAHUA - MOCHA,RES,0.0001754286539327
TUNGURAHUA - MOCHA,SAL,0.0009140163068221
TUNGURAHUA - MOCHA,SIL,7.041501425412483e-05
TUNGURAHUA - MOCHA,TAB,1.2583204298353682e-06
TUNGURAHUA - MOCHA,TEL,0.0006085091143283
TUNGURAHUA - MOCHA,TRA,0.0009716259910484
TUNGURAHUA - MOCHA,VES,1.0961107815371969e-05
TUNGURAHUA - MOCHA,VID,6.2281889683473705e-06
TUNGURAHUA - PATATE,AGU,0.0022128951814134
TUNGURAHUA - PATATE,AYG,3.5779285789252605e-05
TUNGURAHUA - PATATE,AZU,1.3284097802663165e-05
TUNGURAHUA - PATATE,BAL,3.7228234887301913e-05
TUNGURAHUA - PATATE,BNA,7.279140581877918e-05
TUNGURAHUA - PATATE,CAN,5.241390420320066e-05
TUNGURAHUA - PATATE,CAR,8.037712761151648e-05
TUNGURAHUA - PATATE,CAU,4.556471762493219e-06
TUNGURAHUA - PATATE,CEM,4.302387382496607e-05
TUNGURAHUA - PATATE,CER,8.925940463354464e-05
TUNGURAHUA - PATATE,CHO,2.0219235196072183e-05
TUNGURAHUA - PATATE,CIN,4.939275223265212e-05
TUNGURAHUA - PATATE,COM,0.0019940629212511
TUNGURAHUA - PATATE,CUE,1.0083703206136868e-05
TUNGURAHUA - PATATE,CUL,0.0003102460410548
TUNGURAHUA - PATATE,EDU,0.0034064388548144
TUNGURAHUA - PATATE,ELE,0.0016129693401153
TUNGURAHUA - PATATE,FRT,0.0003335947392045
TUNGURAHUA - PATATE,FRV,0.0002290149256771
TUNGURAHUA - PATATE,GAN,0.0002511203409386
TUNGURAHUA - PATATE,HIL,2.092820047359057e-05
TUNGURAHUA - PATATE,HOT,6.731924981531982e-05
TUNGURAHUA - PATATE,INM,0.0051143589798134
TUNGURAHUA - PATATE,LAC,3.430372687511641e-05
TUNGURAHUA - PATATE,MAD,3.905197825887496e-05
TUNGURAHUA - PATATE,MAN,2.4174703005880847e-05
TUNGURAHUA - PATATE,MAQ,5.972197954067166e-05
TUNGURAHUA - PATATE,MET,3.3245160049363646e-05
TUNGURAHUA - PATATE,MOL,3.433555893321641e-05
TUNGURAHUA - PATATE,MUE,2.548099829697908e-05
TUNGURAHUA - PATATE,PAN,2.630474792909717e-05
TUNGURAHUA - PATATE,PAP,3.3609404869172465e-05
TUNGURAHUA - PATATE,PES,0.0002270508965585
TUNGURAHUA - PATATE,PLS,2.8465050365082902e-05
TUNGURAHUA - PATATE,QU1,1.0989722831778053e-05
TUNGURAHUA - PATATE,QU2,5.0092637632097466e-05
TUNGURAHUA - PATATE,RES,0.0003629902126126
TUNGURAHUA - PATATE,SAL,0.0018912473310768
TUNGURAHUA - PATATE,SIL,0.0001457000348701
TUNGURAHUA - PATATE,TAB,2.603668158656495e-06
TUNGURAHUA - PATATE,TEL,0.001259103617539
TUNGURAHUA - PATATE,TRA,0.0020104510703581
TUNGURAHUA - PATATE,VES,2.268030203262197e-05
TUNGURAHUA - PATATE,VID,1.2887128682400338e-05
TUNGURAHUA - QUERO,AGU,0.0030192552743508
TUNGURAHUA - QUERO,AYG,4.881695176484077e-05
TUNGURAHUA - QUERO,AZU,1.812470951745013e-05
TUNGURAHUA - QUERO,BAL,5.079388553165255e-05
TUNGURAHUA - QUERO,BNA,9.931597203143948e-05
TUNGURAHUA - QUERO,CAN,7.151308297113104e-05
TUNGURAHUA - QUERO,CAR,0.0001096658660186
TUNGURAHUA - QUERO,CAU,6.21681113361701e-06
TUNGURAHUA - QUERO,CEM,5.8701405769280365e-05
TUNGURAHUA - QUERO,CER,0.0001217847688805
TUNGURAHUA - QUERO,CHO,2.758695171006221e-05
TUNGURAHUA - QUERO,CIN,6.739104904096178e-05
TUNGURAHUA - QUERO,COM,0.0027206824087029
TUNGURAHUA - QUERO,CUE,1.375811848018547e-05
TUNGURAHUA - QUERO,CUL,0.0004232970470851
TUNGURAHUA - QUERO,EDU,0.0046477160624404
TUNGURAHUA - QUERO,ELE,0.002200721583387
TUNGURAHUA - QUERO,FRT,0.0004551538113051
TUNGURAHUA - QUERO,FRV,0.0003124660074564
TUNGURAHUA - QUERO,GAN,0.0003426264471286
TUNGURAHUA - QUERO,HIL,2.8554257875965547e-05
TUNGURAHUA - QUERO,HOT,9.184980914478956e-05
TUNGURAHUA - QUERO,INM,0.0069779876852831
TUNGURAHUA - QUERO,LAC,4.680371179236472e-05
TUNGURAHUA - QUERO,MAD,5.328218540230767e-05
TUNGURAHUA - QUERO,MAN,3.298375818675301e-05
TUNGURAHUA - QUERO,MAQ,8.14841585075328e-05
TUNGURAHUA - QUERO,MET,4.535941226170847e-05
TUNGURAHUA - QUERO,MOL,4.684714318040294e-05
TUNGURAHUA - QUERO,MUE,3.47660563184652e-05
TUNGURAHUA - QUERO,PAN,3.588997327684934e-05
TUNGURAHUA - QUERO,PAP,4.5856384781057686e-05
TUNGURAHUA - QUERO,PES,0.0003097863029114
TUNGURAHUA - QUERO,PLS,3.883747145879074e-05
TUNGURAHUA - QUERO,QU1,1.4994283914661814e-05
TUNGURAHUA - QUERO,QU2,6.834596669881796e-05
TUNGURAHUA - QUERO,RES,0.0004952607440124
TUNGURAHUA - QUERO,SAL,0.0025804016961203
TUNGURAHUA - QUERO,SIL,0.0001987918824396
TUNGURAHUA - QUERO,TAB,3.552422584996517e-06
TUNGURAHUA - QUERO,TEL,0.0017179102156031
TUNGURAHUA - QUERO,TRA,0.002743042259293
TUNGURAHUA - QUERO,VES,3.0944810269832235e-05
TUNGURAHUA - QUERO,VID,1.7583088242219905e-05
TUNGURAHUA - SAN PEDRO DE PELILEO,AGU,0.009308419315388
TUNGURAHUA - SAN PEDRO DE PELILEO,AYG,0.0001505035564851
TUNGURAHUA - SAN PEDRO DE PELILEO,AZU,5.587881143779868e-05
TUNGURAHUA - SAN PEDRO DE PELILEO,BAL,0.0001565984795002
TUNGURAHUA - SAN PEDRO DE PELILEO,BNA,0.000306192960972
TUNGURAHUA - SAN PEDRO DE PELILEO,CAN,0.0002204761447256
TUNGURAHUA - SAN PEDRO DE PELILEO,CAR,0.0003381018737166
TUNGURAHUA - SAN PEDRO DE PELILEO,CAU,1.916654260005291e-05
TUNGURAHUA - SAN PEDRO DE PELILEO,CEM,0.0001809775092371
TUNGURAHUA - SAN PEDRO DE PELILEO,CER,0.0003754646732251
TUNGURAHUA - SAN PEDRO DE PELILEO,CHO,8.505107744022444e-05
TUNGURAHUA - SAN PEDRO DE PELILEO,CIN,0.0002077678386144
TUNGURAHUA - SAN PEDRO DE PELILEO,COM,0.0083879137015508
TUNGURAHUA - SAN PEDRO DE PELILEO,CUE,4.241653128581196e-05
TUNGURAHUA - SAN PEDRO DE PELILEO,CUL,0.001305032549817
TUNGURAHUA - SAN PEDRO DE PELILEO,EDU,0.0143289937540513
TUNGURAHUA - SAN PEDRO DE PELILEO,ELE,0.0067848649528302
TUNGURAHUA - SAN PEDRO DE PELILEO,FRT,0.0014032475374366
TUNGURAHUA - SAN PEDRO DE PELILEO,FRV,0.0009633384245175
TUNGURAHUA - SAN PEDRO DE PELILEO,GAN,0.0010563236124844
TUNGURAHUA - SAN PEDRO DE PELILEO,HIL,8.803330006812877e-05
TUNGURAHUA - SAN PEDRO DE PELILEO,HOT,0.0002831746440326
TUNGURAHUA - SAN PEDRO DE PELILEO,INM,0.0215132638515287
TUNGURAHUA - SAN PEDRO DE PELILEO,LAC,0.0001442967007728
TUNGURAHUA - SAN PEDRO DE PELILEO,MAD,0.0001642699535803
TUNGURAHUA - SAN PEDRO DE PELILEO,MAN,0.0001016895306627
TUNGURAHUA - SAN PEDRO DE PELILEO,MAQ,0.0002512171532474
TUNGURAHUA - SAN PEDRO DE PELILEO,MET,0.0001398438988642
TUNGURAHUA - SAN PEDRO DE PELILEO,MOL,0.0001444306005377
TUNGURAHUA - SAN PEDRO DE PELILEO,MUE,0.0001071843884496
TUNGURAHUA - SAN PEDRO DE PELILEO,PAN,0.0001106494450194
TUNGURAHUA - SAN PEDRO DE PELILEO,PAP,0.0001413760742445
TUNGURAHUA - SAN PEDRO DE PELILEO,PES,0.0009550768463204
TUNGURAHUA - SAN PEDRO DE PELILEO,PLS,0.0001197366359045
TUNGURAHUA - SAN PEDRO DE PELILEO,QU1,4.622765196349915e-05
TUNGURAHUA - SAN PEDRO DE PELILEO,QU2,0.0002107118672451
TUNGURAHUA - SAN PEDRO DE PELILEO,RES,0.0015268979456234
TUNGURAHUA - SAN PEDRO DE PELILEO,SAL,0.0079554256950965
TUNGURAHUA - SAN PEDRO DE PELILEO,SIL,0.0006128790148892
TUNGURAHUA - SAN PEDRO DE PELILEO,TAB,1.09521839002871e-05
TUNGURAHUA - SAN PEDRO DE PELILEO,TEL,0.0052963486621583
TUNGURAHUA - SAN PEDRO DE PELILEO,TRA,0.0084568495304919
TUNGURAHUA - SAN PEDRO DE PELILEO,VES,9.540341688685324e-05
TUNGURAHUA - SAN PEDRO DE PELILEO,VID,5.420898312523173e-05
TUNGURAHUA - SANTIAGO DE PILLARO,AGU,0.0061802164842572
TUNGURAHUA - SANTIAGO DE PILLARO,AYG,9.992508171510134e-05
TUNGURAHUA - SANTIAGO DE PILLARO,AZU,3.710008540308102e-05
TUNGURAHUA - SANTIAGO DE PILLARO,BAL,0.0001039717347946
TUNGURAHUA - SANTIAGO DE PILLARO,BNA,0.0002032932467529
TUNGURAHUA - SANTIAGO DE PILLARO,CAN,0.0001463825659171
TUNGURAHUA - SANTIAGO DE PILLARO,CAR,0.0002244787973665
TUNGURAHUA - SANTIAGO DE PILLARO,CAU,1.2725402510310914e-05
TUNGURAHUA - SANTIAGO DE PILLARO,CEM,0.0001201579073708
TUNGURAHUA - SANTIAGO DE PILLARO,CER,0.0002492853925141
TUNGURAHUA - SANTIAGO DE PILLARO,CHO,5.646867131683376e-05
TUNGURAHUA - SANTIAGO DE PILLARO,CIN,0.0001379450342316
TUNGURAHUA - SANTIAGO DE PILLARO,COM,0.0055690575134657
TUNGURAHUA - SANTIAGO DE PILLARO,CUE,2.816196144325283e-05
TUNGURAHUA - SANTIAGO DE PILLARO,CUL,0.000866461147011
TUNGURAHUA - SANTIAGO DE PILLARO,EDU,0.0095135683515257
TUNGURAHUA - SANTIAGO DE PILLARO,ELE,0.00450473198555
TUNGURAHUA - SANTIAGO DE PILLARO,FRT,0.0009316698430229
TUNGURAHUA - SANTIAGO DE PILLARO,FRV,0.0006395973160856
TUNGURAHUA - SANTIAGO DE PILLARO,GAN,0.0007013337475885
TUNGURAHUA - SANTIAGO DE PILLARO,HIL,5.84486832630329e-05
TUNGURAHUA - SANTIAGO DE PILLARO,HOT,0.0001880105035751
TUNGURAHUA - SANTIAGO DE PILLARO,INM,0.0142834807264858
TUNGURAHUA - SANTIAGO DE PILLARO,LAC,9.58041122262471e-05
TUNGURAHUA - SANTIAGO DE PILLARO,MAD,0.0001090651205739
TUNGURAHUA - SANTIAGO DE PILLARO,MAN,6.751557835809473e-05
TUNGURAHUA - SANTIAGO DE PILLARO,MAQ,0.0001667927001377
TUNGURAHUA - SANTIAGO DE PILLARO,MET,9.284772631101976e-05
TUNGURAHUA - SANTIAGO DE PILLARO,MOL,9.589301341408908e-05
TUNGURAHUA - SANTIAGO DE PILLARO,MUE,7.116382512511802e-05
TUNGURAHUA - SANTIAGO DE PILLARO,PAN,7.346440903802859e-05
TUNGURAHUA - SANTIAGO DE PILLARO,PAP,9.386499629226214e-05
TUNGURAHUA - SANTIAGO DE PILLARO,PES,0.0006341121375574
TUNGURAHUA - SANTIAGO DE PILLARO,PLS,7.949774348513625e-05
TUNGURAHUA - SANTIAGO DE PILLARO,QU1,3.069231058607656e-05
TUNGURAHUA - SANTIAGO DE PILLARO,QU2,0.0001398996877186
TUNGURAHUA - SANTIAGO DE PILLARO,RES,0.001013766089987
TUNGURAHUA - SANTIAGO DE PILLARO,SAL,0.0052819121436483
TUNGURAHUA - SANTIAGO DE PILLARO,SIL,0.0004069138768181
TUNGURAHUA - SANTIAGO DE PILLARO,TAB,7.271574816926842e-06
TUNGURAHUA - SANTIAGO DE PILLARO,TEL,0.0035164489479038
TUNGURAHUA - SANTIAGO DE PILLARO,TRA,0.0056148266534177
TUNGURAHUA - SANTIAGO DE PILLARO,VES,6.33419864019111e-05
TUNGURAHUA - SANTIAGO DE PILLARO,VID,3.5991422362284654e-05
TUNGURAHUA - TISALEO,AGU,0.0019955929946034
TUNGURAHUA - TISALEO,AYG,3.226582653921358e-05
TUNGURAHUA - TISALEO,AZU,1.1979624130994467e-05
TUNGURAHUA - TISALEO,BAL,3.357249153351182e-05
TUNGURAHUA - TISALEO,BNA,6.564342529161737e-05
TUNGURAHUA - TISALEO,CAN,4.726695639551941e-05
TUNGURAHUA - TISALEO,CAR,7.248424332753009e-05
TUNGURAHUA - TISALEO,CAU,4.109034718730814e-06
TUNGURAHUA - TISALEO,CEM,3.879900951791371e-05
TUNGURAHUA - TISALEO,CER,8.049429728316523e-05
TUNGURAHUA - TISALEO,CHO,1.8233743944324133e-05
TUNGURAHUA - TISALEO,CIN,4.454247592364806e-05
TUNGURAHUA - TISALEO,COM,0.0017982496549635
TUNGURAHUA - TISALEO,CUE,9.093502325299504e-06
TUNGURAHUA - TISALEO,CUL,0.0002797804574444
TUNGURAHUA - TISALEO,EDU,0.0030719329014358
TUNGURAHUA - TISALEO,ELE,0.001454578753969
TUNGURAHUA - TISALEO,FRT,0.0003008363569068
TUNGURAHUA - TISALEO,FRV,0.0002065260863594
TUNGURAHUA - TISALEO,GAN,0.0002264607909984
TUNGURAHUA - TISALEO,HIL,1.887309015155348e-05
TUNGURAHUA - TISALEO,HOT,6.070862481954725e-05
TUNGURAHUA - TISALEO,INM,0.0046121384499938
TUNGURAHUA - TISALEO,LAC,3.0935164763225586e-05
TUNGURAHUA - TISALEO,MAD,3.5217146701471946e-05
TUNGURAHUA - TISALEO,MAN,2.180079217956492e-05
TUNGURAHUA - TISALEO,MAQ,5.3857392341146194e-05
TUNGURAHUA - TISALEO,MET,2.9980547228904536e-05
TUNGURAHUA - TISALEO,MOL,3.0963870972485616e-05
TUNGURAHUA - TISALEO,MUE,2.2978811705159477e-05
TUNGURAHUA - TISALEO,PAN,2.372167065707424e-05
TUNGURAHUA - TISALEO,PAP,3.0309023885565157e-05
TUNGURAHUA - TISALEO,PES,0.0002047549212436
TUNGURAHUA - TISALEO,PLS,2.566983541593296e-05
TUNGURAHUA - TISALEO,QU1,9.910552510545031e-06
TUNGURAHUA - TISALEO,QU2,4.517363387992608e-05
TUNGURAHUA - TISALEO,RES,0.0003273452495552
TUNGURAHUA - TISALEO,SAL,0.0017055303643206
TUNGURAHUA - TISALEO,SIL,0.0001313925627126
TUNGURAHUA - TISALEO,TAB,2.347992793028834e-06
TUNGURAHUA - TISALEO,TEL,0.0011354619865166
TUNGURAHUA - TISALEO,TRA,0.0018130285183399
TUNGURAHUA - TISALEO,VES,2.045313859957964e-05
TUNGURAHUA - TISALEO,VID,1.162163663925778e-05
ZAMORA CHINCHIPE - CENTINELA DEL CONDOR,AGU,1.3027381938275915e-09
ZAMORA CHINCHIPE - CENTINELA DEL CONDOR,AYG,2.1063375498771197e-11
ZAMORA CHINCHIPE - CENTINELA DEL CONDOR,AZU,7.820389200277006e-12
ZAMORA CHINCHIPE - CENTINELA DEL CONDOR,BAL,2.1916376285611554e-11
ZAMORA CHINCHIPE - CENTINELA DEL CONDOR,BNA,4.2852524303459895e-11
ZAMORA CHINCHIPE - CENTINELA DEL CONDOR,CAN,3.085622647951966e-11
ZAMORA CHINCHIPE - CENTINELA DEL CONDOR,CAR,4.7318262034804797e-11
ZAMORA CHINCHIPE - CENTINELA DEL CONDOR,CAU,2.6824089292406e-12
ZAMORA CHINCHIPE - CENTINELA DEL CONDOR,CEM,2.532828673900548e-11
ZAMORA CHINCHIPE - CENTINELA DEL CONDOR,CER,5.254728581412475e-11
ZAMORA CHINCHIPE - CENTINELA DEL CONDOR,CHO,1.1903125896402514e-11
ZAMORA CHINCHIPE - CENTINELA DEL CONDOR,CIN,2.9077665030044567e-11
ZAMORA CHINCHIPE - CENTINELA DEL CONDOR,COM,1.173910969768608e-09
ZAMORA CHINCHIPE - CENTINELA DEL CONDOR,CUE,5.936307066051713e-12
ZAMORA CHINCHIPE - CENTINELA DEL CONDOR,CUL,1.826427977975061e-10
ZAMORA CHINCHIPE - CENTINELA DEL CONDOR,EDU,2.0053810222817086e-09
ZAMORA CHINCHIPE - CENTINELA DEL CONDOR,ELE,9.495600074012943e-10
ZAMORA CHINCHIPE - CENTINELA DEL CONDOR,FRT,1.9638824815199328e-10
ZAMORA CHINCHIPE - CENTINELA DEL CONDOR,FRV,1.3482179054031675e-10
ZAMORA CHINCHIPE - CENTINELA DEL CONDOR,GAN,1.4783531643772698e-10
ZAMORA CHINCHIPE - CENTINELA DEL CONDOR,HIL,1.2320495934024838e-11
ZAMORA CHINCHIPE - CENTINELA DEL CONDOR,HOT,3.9631049247539635e-11
ZAMORA CHINCHIPE - CENTINELA DEL CONDOR,INM,3.010838848540706e-09
ZAMORA CHINCHIPE - CENTINELA DEL CONDOR,LAC,2.019470943142489e-11
ZAMORA CHINCHIPE - CENTINELA DEL CONDOR,MAD,2.2990019613069397e-11
ZAMORA CHINCHIPE - CENTINELA DEL CONDOR,MAN,1.423172195173038e-11
ZAMORA CHINCHIPE - CENTINELA DEL CONDOR,MAQ,3.5158512889403754e-11
ZAMORA CHINCHIPE - CENTINELA DEL CONDOR,MET,1.9571527887983615e-11
ZAMORA CHINCHIPE - CENTINELA DEL CONDOR,MOL,2.021344906185263e-11
ZAMORA CHINCHIPE - CENTINELA DEL CONDOR,MUE,1.500074200402398e-11
ZAMORA CHINCHIPE - CENTINELA DEL CONDOR,PAN,1.5485685943947166e-11
ZAMORA CHINCHIPE - CENTINELA DEL CONDOR,PAP,1.978595993277921e-11
ZAMORA CHINCHIPE - CENTINELA DEL CONDOR,PES,1.336655605624891e-10
ZAMORA CHINCHIPE - CENTINELA DEL CONDOR,PLS,1.6757462626916788e-11
ZAMORA CHINCHIPE - CENTINELA DEL CONDOR,QU1,6.469683603988889e-12
ZAMORA CHINCHIPE - CENTINELA DEL CONDOR,QU2,2.948968971554159e-11
ZAMORA CHINCHIPE - CENTINELA DEL CONDOR,RES,2.1369345368361715e-10
ZAMORA CHINCHIPE - CENTINELA DEL CONDOR,SAL,1.1133831158666155e-09
ZAMORA CHINCHIPE - CENTINELA DEL CONDOR,SIL,8.577405828417677e-11
ZAMORA CHINCHIPE - CENTINELA DEL CONDOR,TAB,1.5327874464293922e-12
ZAMORA CHINCHIPE - CENTINELA DEL CONDOR,TEL,7.412381690428468e-10
ZAMORA CHINCHIPE - CENTINELA DEL CONDOR,TRA,1.183558723510899e-09
ZAMORA CHINCHIPE - CENTINELA DEL CONDOR,VES,1.3351963506274322e-11
ZAMORA CHINCHIPE - CENTINELA DEL CONDOR,VID,7.586692259237885e-12
ZAMORA CHINCHIPE - CHINCHIPE,AGU,1.755046685816215e-09
ZAMORA CHINCHIPE - CHINCHIPE,AYG,2.8376543757120558e-11
ZAMORA CHINCHIPE - CHINCHIPE,AZU,1.0535615070448689e-11
ZAMORA CHINCHIPE - CHINCHIPE,BAL,2.9525704970813284e-11
ZAMORA CHINCHIPE - CHINCHIPE,BNA,5.773084808136007e-11
ZAMORA CHINCHIPE - CHINCHIPE,CAN,4.156945599373625e-11
ZAMORA CHINCHIPE - CHINCHIPE,CAR,6.374708238097294e-11
ZAMORA CHINCHIPE - CHINCHIPE,CAU,3.613736761210346e-12
ZAMORA CHINCHIPE - CHINCHIPE,CEM,3.412222494842836e-11
ZAMORA CHINCHIPE - CHINCHIPE,CER,7.079161435019853e-11
ZAMORA CHINCHIPE - CHINCHIPE,CHO,1.6035871024826277e-11
ZAMORA CHINCHIPE - CHINCHIPE,CIN,3.917338102471231e-11
ZAMORA CHINCHIPE - CHINCHIPE,COM,1.5814908680019531e-09
ZAMORA CHINCHIPE - CHINCHIPE,CUE,7.997382813848976e-12
ZAMORA CHINCHIPE - CHINCHIPE,CUL,2.460560675057143e-10
ZAMORA CHINCHIPE - CHINCHIPE,EDU,2.7016459129162764e-09
ZAMORA CHINCHIPE - CHINCHIPE,ELE,1.2792456319076912e-09
ZAMORA CHINCHIPE - CHINCHIPE,FRT,2.6457391491664745e-10
ZAMORA CHINCHIPE - CHINCHIPE,FRV,1.8163168761359407e-10
ZAMORA CHINCHIPE - CHINCHIPE,GAN,1.991634876369961e-10
ZAMORA CHINCHIPE - CHINCHIPE,HIL,1.6598151231823097e-11
ZAMORA CHINCHIPE - CHINCHIPE,HOT,5.3390882348321376e-11
ZAMORA CHINCHIPE - CHINCHIPE,INM,4.05619699160935e-09
ZAMORA CHINCHIPE - CHINCHIPE,LAC,2.720627830409208e-11
ZAMORA CHINCHIPE - CHINCHIPE,MAD,3.097211544110686e-11
ZAMORA CHINCHIPE - CHINCHIPE,MAN,1.9172951682222536e-11
ZAMORA CHINCHIPE - CHINCHIPE,MAQ,4.736548895022336e-11
ZAMORA CHINCHIPE - CHINCHIPE,MET,2.6366729185427657e-11
ZAMORA CHINCHIPE - CHINCHIPE,MOL,2.7231524302429617e-11
ZAMORA CHINCHIPE - CHINCHIPE,MUE,2.0208974192730675e-11
ZAMORA CHINCHIPE - CHINCHIPE,PAN,2.086228984632967e-11
ZAMORA CHINCHIPE - CHINCHIPE,PAP,2.6655611672587705e-11
ZAMORA CHINCHIPE - CHINCHIPE,PES,1.8007401654795527e-10
ZAMORA CHINCHIPE - CHINCHIPE,PLS,2.2575625237216012e-11
ZAMORA CHINCHIPE - CHINCHIPE,QU1,8.715946781370643e-12
ZAMORA CHINCHIPE - CHINCHIPE,QU2,3.9728459982389445e-11
ZAMORA CHINCHIPE - CHINCHIPE,RES,2.8788745846633806e-10
ZAMORA CHINCHIPE - CHINCHIPE,SAL,1.4999478458555411e-09
ZAMORA CHINCHIPE - CHINCHIPE,SIL,1.1555466588290872e-10
ZAMORA CHINCHIPE - CHINCHIPE,TAB,2.06496864885242e-12
ZAMORA CHINCHIPE - CHINCHIPE,TEL,9.98594804499371e-10
ZAMORA CHINCHIPE - CHINCHIPE,TRA,1.5944883054849435e-09
ZAMORA CHINCHIPE - CHINCHIPE,VES,1.7987742596212718e-11
ZAMORA CHINCHIPE - CHINCHIPE,VID,1.0220778947734703e-11
ZAMORA CHINCHIPE - EL PANGUI,AGU,1.724329054540375e-09
ZAMORA CHINCHIPE - EL PANGUI,AYG,2.7879884485855314e-11
ZAMORA CHINCHIPE - EL PANGUI,AZU,1.0351215907957055e-11
ZAMORA CHINCHIPE - EL PANGUI,BAL,2.9008932553428345e-11
ZAMORA CHINCHIPE - EL PANGUI,BNA,5.6720416325363765e-11
ZAMORA CHINCHIPE - EL PANGUI,CAN,4.0841888327375845e-11
ZAMORA CHINCHIPE - EL PANGUI,CAR,6.263135173556357e-11
ZAMORA CHINCHIPE - EL PANGUI,CAU,3.550487484563792e-12
ZAMORA CHINCHIPE - EL PANGUI,CEM,3.3525002132221825e-11
ZAMORA CHINCHIPE - EL PANGUI,CER,6.955258707838579e-11
ZAMORA CHINCHIPE - EL PANGUI,CHO,1.5755203862346518e-11
ZAMORA CHINCHIPE - EL PANGUI,CIN,3.8487750560366295e-11
ZAMORA CHINCHIPE - EL PANGUI,COM,1.553810890174583e-09
ZAMORA CHINCHIPE - EL PANGUI,CUE,7.857408955356828e-12
ZAMORA CHINCHIPE - EL PANGUI,CUL,2.417494814667745e-10
ZAMORA CHINCHIPE - EL PANGUI,EDU,2.6543604682260997e-09
ZAMORA CHINCHIPE - EL PANGUI,ELE,1.2568556886943603e-09
ZAMORA CHINCHIPE - EL PANGUI,FRT,2.599432210272508e-10
ZAMORA CHINCHIPE - EL PANGUI,FRV,1.7845268659144846e-10
ZAMORA CHINCHIPE - EL PANGUI,GAN,1.9567763701758743e-10
ZAMORA CHINCHIPE - EL PANGUI,HIL,1.6307642783517834e-11
ZAMORA CHINCHIPE - EL PANGUI,HOT,5.245641066120227e-11
ZAMORA CHINCHIPE - EL PANGUI,INM,3.9852035732704635e-09
ZAMORA CHINCHIPE - EL PANGUI,LAC,2.6730101555013567e-11
ZAMORA CHINCHIPE - EL PANGUI,MAD,3.0430027284910485e-11
ZAMORA CHINCHIPE - EL PANGUI,MAN,1.8837377896633974e-11
ZAMORA CHINCHIPE - EL PANGUI,MAQ,4.6536476459255817e-11
ZAMORA CHINCHIPE - EL PANGUI,MET,2.5905246609714167e-11
ZAMORA CHINCHIPE - EL PANGUI,MOL,2.6754905686320222e-11
ZAMORA CHINCHIPE - EL PANGUI,MUE,1.985526746644689e-11
ZAMORA CHINCHIPE - EL PANGUI,PAN,2.0497148490120548e-11
ZAMORA CHINCHIPE - EL PANGUI,PAP,2.618907294321497e-11
ZAMORA CHINCHIPE - EL PANGUI,PES,1.7692227859854164e-10
ZAMORA CHINCHIPE - EL PANGUI,PLS,2.218049629992747e-11
ZAMORA CHINCHIPE - EL PANGUI,QU1,8.563396287065433e-12
ZAMORA CHINCHIPE - EL PANGUI,QU2,3.9033114271783206e-11
ZAMORA CHINCHIPE - EL PANGUI,RES,2.8284872025522606e-10
ZAMORA CHINCHIPE - EL PANGUI,SAL,1.47369507136564e-09
ZAMORA CHINCHIPE - EL PANGUI,SIL,1.1353217517227369e-10
ZAMORA CHINCHIPE - EL PANGUI,TAB,2.0288266213700467e-12
ZAMORA CHINCHIPE - EL PANGUI,TEL,9.81116940664475e-10
ZAMORA CHINCHIPE - EL PANGUI,TRA,1.566580840551185e-09
ZAMORA CHINCHIPE - EL PANGUI,VES,1.7672912883122663e-11
ZAMORA CHINCHIPE - EL PANGUI,VID,1.0041890191324009e-11
ZAMORA CHINCHIPE - PALANDA,AGU,1.6087065098504183e-09
ZAMORA CHINCHIPE - PALANDA,AYG,2.6010436667047967e-11
ZAMORA CHINCHIPE - PALANDA,AZU,9.657129172735758e-12
ZAMORA CHINCHIPE - PALANDA,BAL,2.706377794866484e-11
ZAMORA CHINCHIPE - PALANDA,BNA,5.291710578313063e-11
ZAMORA CHINCHIPE - PALANDA,CAN,3.8103290931525e-11
ZAMORA CHINCHIPE - PALANDA,CAR,5.843169144104519e-11
ZAMORA CHINCHIPE - PALANDA,CAU,3.3124143646020494e-12
ZAMORA CHINCHIPE - PALANDA,CEM,3.127702861054564e-11
ZAMORA CHINCHIPE - PALANDA,CER,6.488883274066378e-11
ZAMORA CHINCHIPE - PALANDA,CHO,1.4698760048518243e-11
ZAMORA CHINCHIPE - PALANDA,CIN,3.590700667771565e-11
ZAMORA CHINCHIPE - PALANDA,COM,1.449622209588417e-09
ZAMORA CHINCHIPE - PALANDA,CUE,7.330541061032463e-12
ZAMORA CHINCHIPE - PALANDA,CUL,2.2553929806177664e-10
ZAMORA CHINCHIPE - PALANDA,EDU,2.4763759292237493e-09
ZAMORA CHINCHIPE - PALANDA,ELE,1.172578936149803e-09
ZAMORA CHINCHIPE - PALANDA,FRT,2.4251308110648843e-10
ZAMORA CHINCHIPE - PALANDA,FRV,1.6648678386764243e-10
ZAMORA CHINCHIPE - PALANDA,GAN,1.8255673861869e-10
ZAMORA CHINCHIPE - PALANDA,HIL,1.521415592753736e-11
ZAMORA CHINCHIPE - PALANDA,HOT,4.893901723215849e-11
ZAMORA CHINCHIPE - PALANDA,INM,3.717981155927469e-09
ZAMORA CHINCHIPE - PALANDA,LAC,2.493775087027988e-11
ZAMORA CHINCHIPE - PALANDA,MAD,2.8389583101474744e-11
ZAMORA CHINCHIPE - PALANDA,MAN,1.7574263085710768e-11
ZAMORA CHINCHIPE - PALANDA,MAQ,4.3416036184265697e-11
ZAMORA CHINCHIPE - PALANDA,MET,2.4168205453938703e-11
ZAMORA CHINCHIPE - PALANDA,MOL,2.4960891794223095e-11
ZAMORA CHINCHIPE - PALANDA,MUE,1.8523899451783225e-11
ZAMORA CHINCHIPE - PALANDA,PAN,1.9122740014501984e-11
ZAMORA CHINCHIPE - PALANDA,PAP,2.4433000197823258e-11
ZAMORA CHINCHIPE - PALANDA,PES,1.6505899530580517e-10
ZAMORA CHINCHIPE - PALANDA,PLS,2.069321322136949e-11
ZAMORA CHINCHIPE - PALANDA,QU1,7.989189370298638e-12
ZAMORA CHINCHIPE - PALANDA,QU2,3.641580176556877e-11
ZAMORA CHINCHIPE - PALANDA,RES,2.638826831684566e-10
ZAMORA CHINCHIPE - PALANDA,SAL,1.3748784482856788e-09
ZAMORA CHINCHIPE - PALANDA,SIL,1.0591942923898475e-10
ZAMORA CHINCHIPE - PALANDA,TAB,1.8927864055656104e-12
ZAMORA CHINCHIPE - PALANDA,TEL,9.153294756679583e-10
ZAMORA CHINCHIPE - PALANDA,TRA,1.461535888272433e-09
ZAMORA CHINCHIPE - PALANDA,VES,1.648787969340167e-11
ZAMORA CHINCHIPE - PALANDA,VID,9.36854487225004e-12
ZAMORA CHINCHIPE - PAQUISHA,AGU,8.493942760656253e-10
ZAMORA CHINCHIPE - PAQUISHA,AYG,1.3733465916671326e-11
ZAMORA CHINCHIPE - PAQUISHA,AZU,5.098947627998863e-12
ZAMORA CHINCHIPE - PAQUISHA,BAL,1.4289628305441787e-11
ZAMORA CHINCHIPE - PAQUISHA,BNA,2.7940141028166582e-11
ZAMORA CHINCHIPE - PAQUISHA,CAN,2.0118472212504403e-11
ZAMORA CHINCHIPE - PAQUISHA,CAR,3.0851832790476767e-11
ZAMORA CHINCHIPE - PAQUISHA,CAU,1.748949099181644e-12
ZAMORA CHINCHIPE - PAQUISHA,CEM,1.6514217423418324e-11
ZAMORA CHINCHIPE - PAQUISHA,CER,3.4261192313832553e-11
ZAMORA CHINCHIPE - PAQUISHA,CHO,7.760920077108646e-12
ZAMORA CHINCHIPE - PAQUISHA,CIN,1.8958837896129198e-11
ZAMORA CHINCHIPE - PAQUISHA,COM,7.653980385747896e-10
ZAMORA CHINCHIPE - PAQUISHA,CUE,3.870513098305276e-12
ZAMORA CHINCHIPE - PAQUISHA,CUL,1.1908436226776063e-10
ZAMORA CHINCHIPE - PAQUISHA,EDU,1.307522240253089e-09
ZAMORA CHINCHIPE - PAQUISHA,ELE,6.191196657079306e-10
ZAMORA CHINCHIPE - PAQUISHA,FRT,1.280464905820785e-10
ZAMORA CHINCHIPE - PAQUISHA,FRV,8.790473612921433e-11
ZAMORA CHINCHIPE - PAQUISHA,GAN,9.638964465578116e-11
ZAMORA CHINCHIPE - PAQUISHA,HIL,8.033048216620776e-12
ZAMORA CHINCHIPE - PAQUISHA,HOT,2.5839717101124658e-11
ZAMORA CHINCHIPE - PAQUISHA,INM,1.9630876688988413e-09
ZAMORA CHINCHIPE - PAQUISHA,LAC,1.3167089657103363e-11
ZAMORA CHINCHIPE - PAQUISHA,MAD,1.498965115055339e-11
ZAMORA CHINCHIPE - PAQUISHA,MAN,9.279180745319502e-12
ZAMORA CHINCHIPE - PAQUISHA,MAQ,2.292359258731557e-11
ZAMORA CHINCHIPE - PAQUISHA,MET,1.2760770998099795e-11
ZAMORA CHINCHIPE - PAQUISHA,MOL,1.3179308025226998e-11
ZAMORA CHINCHIPE - PAQUISHA,MUE,9.780587116678504e-12
ZAMORA CHINCHIPE - PAQUISHA,PAN,1.0096773905962108e-11
ZAMORA CHINCHIPE - PAQUISHA,PAP,1.2900582168385119e-11
ZAMORA CHINCHIPE - PAQUISHA,PES,8.715086621917756e-11
ZAMORA CHINCHIPE - PAQUISHA,PLS,1.0925981063675244e-11
ZAMORA CHINCHIPE - PAQUISHA,QU1,4.218278275113698e-12
ZAMORA CHINCHIPE - PAQUISHA,QU2,1.9227480829235087e-11
ZAMORA CHINCHIPE - PAQUISHA,RES,1.3932960379265643e-10
ZAMORA CHINCHIPE - PAQUISHA,SAL,7.259334608948841e-10
ZAMORA CHINCHIPE - PAQUISHA,SIL,5.5925276841266136e-11
ZAMORA CHINCHIPE - PAQUISHA,TAB,9.993879734170708e-13
ZAMORA CHINCHIPE - PAQUISHA,TEL,4.832923921087418e-10
ZAMORA CHINCHIPE - PAQUISHA,TRA,7.716884404716707e-10
ZAMORA CHINCHIPE - PAQUISHA,VES,8.705572178816029e-12
ZAMORA CHINCHIPE - PAQUISHA,VID,4.946575612659805e-12
ZAMORA CHINCHIPE - YACUAMBI,AGU,1.1455260472416943e-09
ZAMORA CHINCHIPE - YACUAMBI,AYG,1.8521484509318217e-11
ZAMORA CHINCHIPE - YACUAMBI,AZU,6.876638430446252e-12
ZAMORA CHINCHIPE - YACUAMBI,BAL,1.9271546666298774e-11
ZAMORA CHINCHIPE - YACUAMBI,BNA,3.7681157282602555e-11
ZAMORA CHINCHIPE - YACUAMBI,CAN,2.713255151292244e-11
ZAMORA CHINCHIPE - YACUAMBI,CAR,4.1607977664198464e-11
ZAMORA CHINCHIPE - YACUAMBI,CAU,2.3587005526956026e-12
ZAMORA CHINCHIPE - YACUAMBI,CEM,2.2271713786397976e-11
ZAMORA CHINCHIPE - YACUAMBI,CER,4.6205972080296725e-11
ZAMORA CHINCHIPE - YACUAMBI,CHO,1.046667766595839e-11
ZAMORA CHINCHIPE - YACUAMBI,CIN,2.5568623720947918e-11
ZAMORA CHINCHIPE - YACUAMBI,COM,1.0322454652701042e-09
ZAMORA CHINCHIPE - YACUAMBI,CUE,5.2199240037688785e-12
ZAMORA CHINCHIPE - YACUAMBI,CUL,1.6060178722742687e-10
ZAMORA CHINCHIPE - YACUAMBI,EDU,1.7633751789516464e-09
ZAMORA CHINCHIPE - YACUAMBI,ELE,8.349687811802608e-10
ZAMORA CHINCHIPE - YACUAMBI,FRT,1.7268846088659838e-10
ZAMORA CHINCHIPE - YACUAMBI,FRV,1.185517347472013e-10
ZAMORA CHINCHIPE - YACUAMBI,GAN,1.2999481130131558e-10
ZAMORA CHINCHIPE - YACUAMBI,HIL,1.0833680223878243e-11
ZAMORA CHINCHIPE - YACUAMBI,HOT,3.4848444152227846e-11
ZAMORA CHINCHIPE - YACUAMBI,INM,2.6474961288400063e-09
ZAMORA CHINCHIPE - YACUAMBI,LAC,1.7757647530242206e-11
ZAMORA CHINCHIPE - YACUAMBI,MAD,2.021562461141272e-11
ZAMORA CHINCHIPE - YACUAMBI,MAN,1.2514262858072096e-11
ZAMORA CHINCHIPE - YACUAMBI,MAQ,3.091564559012612e-11
ZAMORA CHINCHIPE - YACUAMBI,MET,1.720967043587697e-11
ZAMORA CHINCHIPE - YACUAMBI,MOL,1.7774125695135474e-11
ZAMORA CHINCHIPE - YACUAMBI,MUE,1.3190478927369344e-11
ZAMORA CHINCHIPE - YACUAMBI,PAN,1.361690068829266e-11
ZAMORA CHINCHIPE - YACUAMBI,PAP,1.7398225199865996e-11
ZAMORA CHINCHIPE - YACUAMBI,PES,1.1753503656296234e-10
ZAMORA CHINCHIPE - YACUAMBI,PLS,1.4735201605176e-11
ZAMORA CHINCHIPE - YACUAMBI,QU1,5.688933602235825e-12
ZAMORA CHINCHIPE - YACUAMBI,QU2,2.5930925994405224e-11
ZAMORA CHINCHIPE - YACUAMBI,RES,1.8790530474921848e-10
ZAMORA CHINCHIPE - YACUAMBI,SAL,9.79022005977294e-10
ZAMORA CHINCHIPE - YACUAMBI,SIL,7.542299627637639e-11
ZAMORA CHINCHIPE - YACUAMBI,TAB,1.3478133619550013e-12
ZAMORA CHINCHIPE - YACUAMBI,TEL,6.517868546968363e-10
ZAMORA CHINCHIPE - YACUAMBI,TRA,1.040728945113968e-09
ZAMORA CHINCHIPE - YACUAMBI,VES,1.174067210950443e-11
ZAMORA CHINCHIPE - YACUAMBI,VID,6.671143623899998e-12
ZAMORA CHINCHIPE - ZAMORA,AGU,5.1313975617251875e-09
ZAMORA CHINCHIPE - ZAMORA,AYG,8.296721028692036e-11
ZAMORA CHINCHIPE - ZAMORA,AZU,3.080398368926173e-11
ZAMORA CHINCHIPE - ZAMORA,BAL,8.632712264573581e-11
ZAMORA CHINCHIPE - ZAMORA,BNA,1.6879319249746722e-10
ZAMORA CHINCHIPE - ZAMORA,CAN,1.2154058741138123e-10
ZAMORA CHINCHIPE - ZAMORA,CAR,1.8638343113060283e-10
ZAMORA CHINCHIPE - ZAMORA,CAU,1.0565827197108129e-11
ZAMORA CHINCHIPE - ZAMORA,CEM,9.976640696573426e-11
ZAMORA CHINCHIPE - ZAMORA,CER,2.0698020183905148e-10
ZAMORA CHINCHIPE - ZAMORA,CHO,4.688560717042374e-11
ZAMORA CHINCHIPE - ZAMORA,CIN,1.1453495425465295e-10
ZAMORA CHINCHIPE - ZAMORA,COM,4.623955846611414e-09
ZAMORA CHINCHIPE - ZAMORA,CUE,2.3382711698112027e-11
ZAMORA CHINCHIPE - ZAMORA,CUL,7.194176172352423e-10
ZAMORA CHINCHIPE - ZAMORA,EDU,7.899060100350592e-09
ZAMORA CHINCHIPE - ZAMORA,ELE,3.740252592406608e-09
ZAMORA CHINCHIPE - ZAMORA,FRT,7.735600157371202e-10
ZAMORA CHINCHIPE - ZAMORA,FRV,5.310539067050363e-10
ZAMORA CHINCHIPE - ZAMORA,GAN,5.823133043152487e-10
ZAMORA CHINCHIPE - ZAMORA,HIL,4.8529599496387416e-11
ZAMORA CHINCHIPE - ZAMORA,HOT,1.5610402031733888e-10
ZAMORA CHINCHIPE - ZAMORA,INM,1.1859490417453693e-08
ZAMORA CHINCHIPE - ZAMORA,LAC,7.954559344859175e-11
ZAMORA CHINCHIPE - ZAMORA,MAD,9.055613103651059e-11
ZAMORA CHINCHIPE - ZAMORA,MAN,5.6057789407166895e-11
ZAMORA CHINCHIPE - ZAMORA,MAQ,1.3848700235348004e-10
ZAMORA CHINCHIPE - ZAMORA,MET,7.709092353281137e-11
ZAMORA CHINCHIPE - ZAMORA,MOL,7.96194075843407e-11
ZAMORA CHINCHIPE - ZAMORA,MUE,5.908690733734973e-11
ZAMORA CHINCHIPE - ZAMORA,PAN,6.099706869032575e-11
ZAMORA CHINCHIPE - ZAMORA,PAP,7.793555684212346e-11
ZAMORA CHINCHIPE - ZAMORA,PES,5.264995950888349e-10
ZAMORA CHINCHIPE - ZAMORA,PLS,6.600651095659965e-11
ZAMORA CHINCHIPE - ZAMORA,QU1,2.5483645776210046e-11
ZAMORA CHINCHIPE - ZAMORA,QU2,1.1615789160042776e-10
ZAMORA CHINCHIPE - ZAMORA,RES,8.417240489180495e-10
ZAMORA CHINCHIPE - ZAMORA,SAL,4.385540727287563e-09
ZAMORA CHINCHIPE - ZAMORA,SIL,3.3785820944230987e-10
ZAMORA CHINCHIPE - ZAMORA,TAB,6.037545995440188e-12
ZAMORA CHINCHIPE - ZAMORA,TEL,2.919686972643933e-09
ZAMORA CHINCHIPE - ZAMORA,TRA,4.661957695535381e-09
ZAMORA CHINCHIPE - ZAMORA,VES,5.259248044231912e-11
ZAMORA CHINCHIPE - ZAMORA,VID,2.988346725770812e-11
