== cumulated value-added loss (mUSD), % of a quarter, peak week (% of a week's VA), loss weeks (> 0.01 % of a week) ==
   gross = weekly shortfalls clipped at zero; net = backlog left at the end for goods and construction (A-F) + gross for the perishable sectors; delay = carrying cost of the backlog while outstanding
run                        2026_s07_seed1_base  2026_s07_seed1_stock7  2026_s07_seed1_deep20  2026_s07_seed1_fleet  2026_s07_seed1_stock7t  2026_s07_seed1_package  2026_s07_seed2_base  2026_s07_seed2_stock7  2026_s07_seed2_deep20  2026_s07_seed2_fleet  2026_s07_seed2_stock7t  2026_s07_seed2_package  2026_s07_seed3_base  2026_s07_seed3_stock7  2026_s07_seed3_deep20  2026_s07_seed3_fleet  2026_s07_seed3_stock7t  2026_s07_seed3_package  2026_s07_seed4_base  2026_s07_seed4_stock7  2026_s07_seed4_deep20  2026_s07_seed4_fleet  2026_s07_seed4_stock7t  2026_s07_seed4_package  2026_s07_seed5_base  2026_s07_seed5_stock7  2026_s07_seed5_deep20  2026_s07_seed5_fleet  2026_s07_seed5_stock7t  2026_s07_seed5_package  2026_s07_seed6_base  2026_s07_seed6_stock7  2026_s07_seed6_deep20  2026_s07_seed6_fleet  2026_s07_seed6_stock7t  2026_s07_seed6_package  2026_s07_seed7_base  2026_s07_seed7_stock7  2026_s07_seed7_deep20  2026_s07_seed7_fleet  2026_s07_seed7_stock7t  2026_s07_seed7_package  2026_s07_seed8_base  2026_s07_seed8_stock7  2026_s07_seed8_deep20  2026_s07_seed8_fleet  2026_s07_seed8_stock7t  2026_s07_seed8_package  2026_s07_seed9_base  2026_s07_seed9_stock7  2026_s07_seed9_deep20  2026_s07_seed9_fleet  2026_s07_seed9_stock7t  2026_s07_seed9_package  2026_s07_seed10_base  2026_s07_seed10_stock7  2026_s07_seed10_deep20  2026_s07_seed10_fleet  2026_s07_seed10_stock7t  2026_s07_seed10_package
weeks                                   43.000                 43.000                 43.000                43.000                  43.000                  43.000               43.000                 43.000                 43.000                43.000                  43.000                  43.000               43.000                 43.000                 43.000                43.000                  43.000                  43.000               43.000                 43.000                 43.000                43.000                  43.000                  43.000               43.000                 43.000                 43.000                43.000                  43.000                  43.000               43.000                 43.000                 43.000                43.000                  43.000                  43.000               43.000                 43.000                 43.000                43.000                  43.000                  43.000               43.000                 43.000                 43.000                43.000                  43.000                  43.000               43.000                 43.000                 43.000                43.000                  43.000                  43.000                43.000                  43.000                  43.000                 43.000                   43.000                   43.000
EU_cum_mUSD                          12432.000               9228.000               8219.000             10370.000               10028.000                3952.000            15262.000               9108.000               9235.000             12583.000               11938.000                3312.000             8604.000               5883.000               5221.000              6915.000                6741.000                2200.000            15385.000               8903.000               9098.000             12526.000               12021.000                2790.000            17408.000              11292.000              11428.000             14655.000               13938.000                4761.000            15919.000               9778.000              10163.000             13377.000               12643.000                3768.000            13252.000               6713.000               8450.000             11418.000                8972.000                2531.000            12072.000               7557.000               8403.000             10504.000                8577.000                3415.000             8656.000               6330.000               5443.000              7040.000                7131.000                2612.000             17628.000                8730.000               11774.000              15360.000                12483.000                 3379.000
EU_%quarter                              0.302                  0.224                  0.200                 0.252                   0.244                   0.096                0.371                  0.222                  0.225                 0.306                   0.290                   0.081                0.209                  0.143                  0.127                 0.168                   0.164                   0.053                0.374                  0.216                  0.221                 0.305                   0.292                   0.068                0.423                  0.275                  0.278                 0.356                   0.339                   0.116                0.387                  0.238                  0.247                 0.325                   0.307                   0.092                0.322                  0.163                  0.205                 0.278                   0.218                   0.062                0.294                  0.184                  0.204                 0.255                   0.209                   0.083                0.210                  0.154                  0.132                 0.171                   0.173                   0.064                 0.429                   0.212                   0.286                  0.374                    0.304                    0.082
EU_peak_%week                            0.435                  0.395                  0.272                 0.446                   0.413                   0.130                0.613                  0.457                  0.331                 0.580                   0.506                   0.122                0.344                  0.317                  0.201                 0.349                   0.326                   0.075                0.636                  0.474                  0.333                 0.586                   0.540                   0.122                0.598                  0.495                  0.367                 0.614                   0.559                   0.174                0.557                  0.453                  0.323                 0.559                   0.531                   0.148                0.541                  0.358                  0.304                 0.613                   0.399                   0.084                0.408                  0.319                  0.269                 0.438                   0.352                   0.120                0.331                  0.294                  0.191                 0.334                   0.309                   0.087                 0.608                   0.372                   0.375                  0.564                    0.482                    0.121
firms<99%_peak_%                         3.300                  2.900                  3.020                 3.350                   3.040                   2.330                3.720                  2.850                  3.120                 3.740                   3.390                   2.120                3.270                  2.860                  2.960                 3.250                   3.050                   2.190                3.730                  3.010                  3.090                 3.810                   3.440                   2.120                3.750                  3.000                  3.400                 3.780                   3.500                   2.410                3.670                  3.010                  3.160                 3.680                   3.430                   2.330                3.530                  2.880                  3.270                 3.550                   3.080                   2.110                3.750                  2.990                  3.300                 3.810                   3.190                   2.320                3.070                  2.700                  2.760                 3.080                   2.930                   2.040                 4.330                   2.900                   3.790                  4.170                    3.520                    2.180
cons_loss_cum_mUSD                   12406.000               8130.000               7536.000              9914.000                9974.000                3044.000            19892.000              10827.000              11642.000             15949.000               15864.000                4079.000            10970.000               6292.000               5985.000              8256.000                8442.000                2072.000            19193.000               9638.000              10066.000             14743.000               15106.000                2892.000            20778.000              11695.000              12334.000             16670.000               16859.000                4516.000            18249.000              10113.000              10968.000             14763.000               14646.000                3933.000            15530.000               7811.000               9510.000             12733.000               11259.000                2880.000            14346.000               8926.000               9416.000             11984.000               10902.000                3889.000            10430.000               6604.000               5981.000              8166.000                8450.000                2480.000             20330.000                9501.000               12382.000              16919.000                15193.000                 3720.000
cons_loss_peak_%                         0.406                  0.354                  0.256                 0.410                   0.382                   0.081                0.752                  0.497                  0.399                 0.657                   0.622                   0.128                0.444                  0.401                  0.264                 0.446                   0.428                   0.059                0.824                  0.523                  0.398                 0.729                   0.698                   0.098                0.748                  0.571                  0.444                 0.712                   0.697                   0.139                0.598                  0.423                  0.332                 0.535                   0.567                   0.127                0.594                  0.389                  0.352                 0.633                   0.457                   0.083                0.458                  0.363                  0.304                 0.472                   0.408                   0.113                0.383                  0.323                  0.222                 0.391                   0.343                   0.067                 0.775                   0.361                   0.379                  0.676                    0.680                    0.114
DEU_net_mUSD                          9694.000               6861.000               6316.000              8011.000                7499.000                2760.000            13182.000               7721.000               7987.000             10765.000               10205.000                2531.000             6215.000               3890.000               3592.000              4791.000                4686.000                1262.000            13230.000               7595.000               7831.000             10650.000               10283.000                2121.000            15454.000               9736.000              10072.000             12896.000               12237.000                3904.000            13638.000               8285.000               8707.000             11397.000               10767.000                3065.000            10980.000               5413.000               7173.000              9388.000                7393.000                1855.000            10387.000               6201.000               7200.000              8967.000                7106.000                2640.000             5764.000               4028.000               3456.000              4521.000                4678.000                1456.000             15677.000                7637.000               10539.000              13637.000                11011.000                 2717.000
DEU_delay_mUSD                         322.000                188.200                188.700               253.400                 234.000                  50.800              350.700                167.400                160.900               255.700                 261.600                  38.700              208.100                 99.400                 87.800               140.300                 154.100                  11.000              298.900                126.100                112.100               205.100                 223.900                  18.000              421.300                221.300                225.000               323.000                 322.500                  60.900              371.000                196.200                204.200               288.700                 286.100                  56.000              330.900                166.000                189.000               265.600                 237.500                  47.600              335.100                172.000                202.500               269.600                 212.700                  46.200              137.100                 70.700                 60.100                94.100                 110.200                   9.600               319.000                 116.900                 161.900                248.000                  238.600                   32.200
DEU_net_deferrable_mUSD               4050.000               2424.000               2443.000              3254.000                2985.000                 667.000             4584.000               2197.000               2112.000              3390.000                3470.000                 486.000             2719.000               1317.000               1179.000              1868.000                2069.000                 131.000             3981.000               1664.000               1483.000              2773.000                3026.000                 212.000             5513.000               2875.000               2970.000              4280.000                4291.000                 792.000             4636.000               2499.000               2584.000              3661.000                3644.000                 713.000             4207.000               2152.000               2475.000              3454.000                3050.000                 620.000             4273.000               2203.000               2637.000              3493.000                2737.000                 598.000             1746.000                907.000                785.000              1221.000                1440.000                 109.000              4182.000                1492.000                2124.000               3290.000                 3145.000                  401.000
DEU_gross_perishable_mUSD             5645.000               4438.000               3873.000              4756.000                4514.000                2094.000             8598.000               5523.000               5874.000              7375.000                6734.000                2045.000             3496.000               2573.000               2413.000              2923.000                2617.000                1131.000             9249.000               5931.000               6349.000              7877.000                7257.000                1908.000             9941.000               6862.000               7101.000              8616.000                7947.000                3112.000             9002.000               5786.000               6123.000              7737.000                7123.000                2351.000             6773.000               3261.000               4698.000              5934.000                4343.000                1235.000             6114.000               3997.000               4564.000              5474.000                4369.000                2042.000             4018.000               3120.000               2671.000              3301.000                3238.000                1347.000             11495.000                6145.000                8416.000              10346.000                 7865.000                 2316.000
EU_net_mUSD                          11525.000               8577.000               7671.000              9613.000                9221.000                3812.000            14241.000               8574.000               8797.000             11737.000               11103.000                3178.000             8020.000               5445.000               4913.000              6383.000                6262.000                2129.000            14500.000               8381.000               8673.000             11794.000               11305.000                2661.000            16574.000              10641.000              10948.000             13918.000               13212.000                4589.000            14620.000               8979.000               9452.000             12294.000               11557.000                3588.000            12187.000               6173.000               7973.000             10469.000                8243.000                2398.000            11452.000               7103.000               8036.000              9943.000                8074.000                3293.000             8104.000               5914.000               5120.000              6579.000                6656.000                2517.000             16772.000                8320.000               11330.000              14624.000                11779.000                 3211.000
EU_delay_mUSD                          381.900                249.000                235.700               307.800                 295.600                  94.700              387.800                207.400                191.400               289.900                 299.200                  70.700              311.300                190.900                161.500               230.100                 246.000                  60.200              347.500                171.000                146.900               247.700                 273.000                  48.700              462.700                264.300                258.500               361.200                 364.000                  95.200              411.100                236.500                234.800               324.200                 326.600                  86.300              382.500                209.200                219.900               311.200                 277.400                  79.700              386.600                223.100                241.500               315.100                 266.300                  82.000              238.100                153.200                128.700               182.100                 194.800                  55.500               345.400                 148.000                 181.700                271.100                  265.500                   56.200
EU_net_deferrable_mUSD                4827.000               3218.000               3051.000              3959.000                3784.000                1242.000             5037.000               2692.000               2493.000              3810.000                3931.000                 898.000             4080.000               2533.000               2158.000              3059.000                3289.000                 794.000             4581.000               2218.000               1917.000              3303.000                3633.000                 604.000             6015.000               3406.000               3386.000              4747.000                4799.000                1233.000             5124.000               2996.000               2963.000              4094.000                4139.000                1097.000             4844.000               2702.000               2861.000              4018.000                3547.000                1034.000             4941.000               2873.000               3140.000              4081.000                3436.000                1067.000             3056.000               1979.000               1679.000              2374.000                2541.000                 719.000              4506.000                1868.000                2364.000               3568.000                 3479.000                  699.000
EU_gross_perishable_mUSD              6698.000               5359.000               4620.000              5654.000                5437.000                2570.000             9204.000               5882.000               6304.000              7928.000                7172.000                2281.000             3940.000               2912.000               2755.000              3324.000                2973.000                1334.000             9919.000               6163.000               6756.000              8491.000                7671.000                2056.000            10559.000               7235.000               7562.000              9171.000                8413.000                3356.000             9497.000               5984.000               6489.000              8199.000                7419.000                2491.000             7343.000               3471.000               5113.000              6452.000                4696.000                1364.000             6512.000               4230.000               4895.000              5861.000                4638.000                2226.000             5048.000               3935.000               3441.000              4205.000                4115.000                1799.000             12267.000                6452.000                8966.000              11056.000                 8300.000                 2512.000
DEU_cum_mUSD                         10519.000               7427.000               6803.000              8696.000                8220.000                2852.000            14113.000               8175.000               8375.000             11530.000               10946.000                2635.000             6756.000               4282.000               3870.000              5288.000                5121.000                1308.000            14015.000               8030.000               8185.000             11290.000               10900.000                2207.000            16171.000              10295.000              10488.000             13529.000               12855.000                4036.000            14819.000               8970.000               9345.000             12379.000               11730.000                3200.000            11773.000               5880.000               7584.000             10082.000                8018.000                1960.000            10957.000               6609.000               7530.000              9481.000                7561.000                2736.000             6212.000               4354.000               3713.000              4900.000                5062.000                1504.000             16442.000                7943.000               10912.000              14283.000                11623.000                 2835.000
DEU_%quarter                             1.101                  0.777                  0.712                 0.910                   0.861                   0.299                1.477                  0.856                  0.877                 1.207                   1.146                   0.276                0.707                  0.448                  0.405                 0.554                   0.536                   0.137                1.467                  0.841                  0.857                 1.182                   1.141                   0.231                1.693                  1.078                  1.098                 1.416                   1.346                   0.423                1.551                  0.939                  0.978                 1.296                   1.228                   0.335                1.232                  0.616                  0.794                 1.055                   0.839                   0.205                1.147                  0.692                  0.788                 0.992                   0.792                   0.286                0.650                  0.456                  0.389                 0.513                   0.530                   0.157                 1.721                   0.831                   1.142                  1.495                    1.217                    0.297
DEU_peak_%week                           1.649                  1.486                  1.022                 1.708                   1.553                   0.441                2.525                  1.875                  1.345                 2.367                   2.073                   0.458                1.281                  1.181                  0.726                 1.307                   1.217                   0.220                2.561                  1.947                  1.324                 2.326                   2.173                   0.468                2.441                  2.039                  1.488                 2.492                   2.289                   0.686                2.280                  1.863                  1.306                 2.267                   2.186                   0.596                1.982                  1.450                  1.223                 2.204                   1.586                   0.314                1.634                  1.280                  1.074                 1.756                   1.404                   0.455                1.099                  1.040                  0.628                 1.114                   1.061                   0.231                 2.501                   1.528                   1.521                  2.306                    1.988                    0.466
DEU_peak_week                           16.000                 16.000                 16.000                17.000                  16.000                  16.000               17.000                 17.000                 17.000                17.000                  17.000                  17.000               16.000                 17.000                 16.000                17.000                  17.000                  16.000               17.000                 17.000                 17.000                17.000                  17.000                  17.000               17.000                 17.000                 16.000                17.000                  17.000                  17.000               17.000                 17.000                 16.000                17.000                  17.000                  17.000               17.000                 17.000                 16.000                17.000                  17.000                  16.000               16.000                 16.000                 16.000                17.000                  16.000                  16.000               16.000                 17.000                 16.000                17.000                  16.000                  16.000                17.000                  17.000                  17.000                 17.000                   17.000                   17.000
DEU_loss_weeks                          24.000                 22.000                 22.000                24.000                  22.000                  17.000               23.000                 22.000                 22.000                23.000                  23.000                  18.000               21.000                 17.000                 19.000                21.000                  20.000                  15.000               23.000                 19.000                 19.000                22.000                  22.000                  17.000               23.000                 22.000                 22.000                23.000                  22.000                  17.000               25.000                 22.000                 23.000                25.000                  23.000                  18.000               23.000                 22.000                 22.000                23.000                  22.000                  17.000               23.000                 21.000                 22.000                23.000                  22.000                  17.000               21.000                 19.000                 19.000                21.000                  20.000                  17.000                24.000                  20.000                  21.000                 24.000                   23.000                   17.000

== other countries ==
run                        2026_s07_seed1_base  2026_s07_seed1_stock7  2026_s07_seed1_deep20  2026_s07_seed1_fleet  2026_s07_seed1_stock7t  2026_s07_seed1_package  2026_s07_seed2_base  2026_s07_seed2_stock7  2026_s07_seed2_deep20  2026_s07_seed2_fleet  2026_s07_seed2_stock7t  2026_s07_seed2_package  2026_s07_seed3_base  2026_s07_seed3_stock7  2026_s07_seed3_deep20  2026_s07_seed3_fleet  2026_s07_seed3_stock7t  2026_s07_seed3_package  2026_s07_seed4_base  2026_s07_seed4_stock7  2026_s07_seed4_deep20  2026_s07_seed4_fleet  2026_s07_seed4_stock7t  2026_s07_seed4_package  2026_s07_seed5_base  2026_s07_seed5_stock7  2026_s07_seed5_deep20  2026_s07_seed5_fleet  2026_s07_seed5_stock7t  2026_s07_seed5_package  2026_s07_seed6_base  2026_s07_seed6_stock7  2026_s07_seed6_deep20  2026_s07_seed6_fleet  2026_s07_seed6_stock7t  2026_s07_seed6_package  2026_s07_seed7_base  2026_s07_seed7_stock7  2026_s07_seed7_deep20  2026_s07_seed7_fleet  2026_s07_seed7_stock7t  2026_s07_seed7_package  2026_s07_seed8_base  2026_s07_seed8_stock7  2026_s07_seed8_deep20  2026_s07_seed8_fleet  2026_s07_seed8_stock7t  2026_s07_seed8_package  2026_s07_seed9_base  2026_s07_seed9_stock7  2026_s07_seed9_deep20  2026_s07_seed9_fleet  2026_s07_seed9_stock7t  2026_s07_seed9_package  2026_s07_seed10_base  2026_s07_seed10_stock7  2026_s07_seed10_deep20  2026_s07_seed10_fleet  2026_s07_seed10_stock7t  2026_s07_seed10_package
NLD_net_mUSD                           273.000                291.000                234.000               258.000                 288.000                 234.000              101.000                114.000                110.000               107.000                  97.000                 141.000              274.000                285.000                228.000               259.000                 285.000                 217.000              152.000                185.000                136.000               148.000                 154.000                 168.000              135.000                137.000                123.000               140.000                 138.000                 154.000               94.000                109.000                 98.000                99.000                  94.000                 127.000              101.000                132.000                104.000               104.000                  87.000                 145.000              168.000                196.000                155.000               164.000                 181.000                 177.000              279.000                277.000                228.000               262.000                 291.000                 214.000                57.000                  75.000                  54.000                 58.000                   50.000                  106.000
NLD_delay_mUSD                          18.800                 19.300                 15.900                17.700                  19.200                  15.000                7.200                  8.900                  7.700                 7.600                   7.000                   9.600               19.100                 19.300                 15.300                17.700                  19.300                  13.800               11.300                 13.000                  9.700                10.800                  11.300                  10.800                9.300                 10.500                  9.000                 9.400                   9.000                  10.600                7.300                  8.300                  7.400                 7.500                   6.900                   8.900                6.800                  9.600                  7.000                 7.100                   6.200                   9.800               12.700                 14.000                 11.300                12.200                  13.100                  11.900               18.400                 18.700                 14.900                17.200                  18.700                  13.700                 3.500                   6.200                   3.400                  3.500                    3.400                    7.400
NLD_net_deferrable_mUSD                243.000                255.000                207.000               229.000                 251.000                 199.000               68.000                 92.000                 85.000                76.000                  67.000                 117.000              245.000                250.000                201.000               230.000                 249.000                 183.000              130.000                155.000                116.000               127.000                 130.000                 136.000               94.000                112.000                100.000               101.000                  92.000                 128.000               70.000                 87.000                 81.000                77.000                  67.000                 105.000               70.000                110.000                 78.000                74.000                  60.000                 120.000              152.000                174.000                140.000               148.000                 160.000                 153.000              236.000                243.000                195.000               222.000                 241.000                 182.000                30.000                  53.000                  31.000                 30.000                   31.000                   82.000
NLD_gross_perishable_mUSD               30.000                 36.000                 28.000                30.000                  37.000                  35.000               33.000                 22.000                 25.000                31.000                  30.000                  24.000               29.000                 35.000                 27.000                29.000                  36.000                  34.000               22.000                 30.000                 20.000                22.000                  24.000                  32.000               41.000                 26.000                 23.000                39.000                  46.000                  26.000               24.000                 22.000                 16.000                21.000                  27.000                  22.000               31.000                 22.000                 26.000                30.000                  26.000                  24.000               16.000                 22.000                 15.000                16.000                  21.000                  24.000               43.000                 34.000                 33.000                39.000                  50.000                  32.000                26.000                  22.000                  23.000                 28.000                   19.000                   23.000
AUT_net_mUSD                            53.000                 40.000                 24.000                40.000                  49.000                  18.000              107.000                 37.000                 70.000                94.000                  46.000                  21.000              103.000                 36.000                 76.000                90.000                  46.000                  20.000              224.000                 18.000                153.000               201.000                  34.000                   8.000              113.000                 36.000                 81.000               101.000                  48.000                  20.000              140.000                 34.000                101.000               129.000                  48.000                  17.000              141.000                 25.000                110.000               130.000                  33.000                  11.000              127.000                 41.000                 88.000               118.000                  49.000                  21.000               50.000                 38.000                 22.000                34.000                  47.000                  17.000               195.000                  32.000                 138.000                176.000                   45.000                   18.000
AUT_delay_mUSD                           3.100                  2.700                  1.300                 2.100                   3.200                   1.200                2.900                  2.600                  1.500                 2.000                   3.000                   1.400                3.000                  2.500                  1.400                 2.000                   3.100                   1.400                1.600                  1.200                  0.600                 0.800                   1.700                   0.600                2.800                  2.600                  1.400                 2.000                   2.900                   1.400                2.600                  2.400                  1.200                 1.800                   2.700                   1.200                2.100                  1.700                  0.700                 1.200                   2.200                   0.800                3.200                  2.800                  1.500                 2.300                   3.300                   1.500                3.000                  2.500                  1.300                 2.000                   3.100                   1.200                 2.400                   2.300                   1.300                  1.500                    2.500                    1.300
AUT_net_deferrable_mUSD                 43.000                 37.000                 17.000                29.000                  44.000                  16.000               40.000                 35.000                 20.000                26.000                  42.000                  19.000               41.000                 33.000                 18.000                26.000                  42.000                  18.000               22.000                 16.000                  7.000                10.000                  24.000                   7.000               39.000                 35.000                 19.000                27.000                  40.000                  19.000               36.000                 33.000                 16.000                25.000                  38.000                  16.000               29.000                 24.000                  9.000                17.000                  30.000                  10.000               43.000                 39.000                 20.000                31.000                  46.000                  20.000               42.000                 35.000                 17.000                28.000                  43.000                  16.000                33.000                  31.000                  17.000                 19.000                   34.000                   17.000
AUT_gross_perishable_mUSD               11.000                  3.000                  8.000                11.000                   4.000                   2.000               67.000                  2.000                 50.000                68.000                   4.000                   2.000               62.000                  3.000                 58.000                64.000                   4.000                   2.000              202.000                  1.000                146.000               191.000                  10.000                   1.000               74.000                  1.000                 63.000                74.000                   8.000                   1.000              104.000                  2.000                 85.000               104.000                  10.000                   1.000              112.000                  2.000                101.000               114.000                   2.000                   1.000               84.000                  2.000                 68.000                87.000                   2.000                   1.000                8.000                  3.000                  6.000                 7.000                   4.000                   1.000               162.000                   1.000                 121.000                156.000                   11.000                    1.000
FRA_net_mUSD                          1081.000                945.000                742.000               905.000                 944.000                 449.000              388.000                302.000                285.000               334.000                 310.000                 156.000             1023.000                820.000                682.000               860.000                 817.000                 310.000              471.000                273.000                279.000               393.000                 418.000                 115.000              453.000                357.000                342.000               397.000                 364.000                 198.000              298.000                193.000                194.000               250.000                 248.000                  92.000              557.000                257.000                253.000               458.000                 362.000                 100.000              380.000                282.000                268.000               324.000                 343.000                 141.000             1676.000               1238.000               1143.000              1450.000                1287.000                 573.000               395.000                 291.000                 281.000                341.000                  310.000                  147.000
FRA_delay_mUSD                          11.200                 10.700                  7.600                 9.600                  11.600                   6.300                3.000                  2.600                  1.600                 2.300                   3.100                   1.200               56.100                 44.100                 37.100                46.900                  44.000                  16.000               17.400                 10.600                 10.000                14.200                  17.500                   4.800                6.500                  5.300                  4.100                 5.400                   6.300                   3.000               10.100                  7.500                  4.900                 7.300                  10.300                   2.600               22.900                  9.800                  6.700                18.800                  11.200                   4.400               12.400                  9.800                  6.800                 9.400                  13.000                   3.600               59.200                 40.100                 36.200                50.100                  42.000                  15.900                 4.400                   4.200                   2.300                  3.300                    4.600                    1.900
FRA_net_deferrable_mUSD                132.000                124.000                 89.000               112.000                 136.000                  73.000               38.000                 32.000                 20.000                29.000                  38.000                  14.000              751.000                599.000                499.000               633.000                 598.000                 221.000              218.000                127.000                124.000               181.000                 219.000                  57.000               76.000                 65.000                 50.000                64.000                  77.000                  36.000              126.000                 90.000                 61.000                92.000                 128.000                  31.000              283.000                127.000                 86.000               234.000                 144.000                  56.000              167.000                133.000                 92.000               127.000                 176.000                  46.000              769.000                519.000                472.000               660.000                 548.000                 212.000                56.000                  54.000                  28.000                 42.000                   60.000                   23.000
FRA_gross_perishable_mUSD              949.000                821.000                653.000               793.000                 808.000                 376.000              350.000                270.000                264.000               305.000                 272.000                 142.000              273.000                220.000                182.000               227.000                 219.000                  89.000              253.000                146.000                155.000               212.000                 198.000                  58.000              377.000                292.000                292.000               333.000                 287.000                 161.000              172.000                103.000                133.000               158.000                 120.000                  61.000              274.000                131.000                167.000               223.000                 219.000                  44.000              213.000                149.000                176.000               197.000                 167.000                  95.000              907.000                719.000                671.000               790.000                 740.000                 361.000               338.000                 238.000                 253.000                300.000                  250.000                  124.000
CHE_net_mUSD                             6.000                  6.000                  5.000                 6.000                   6.000                   4.000               12.000                  6.000                  5.000                10.000                  12.000                   4.000                9.000                  6.000                  7.000                 9.000                   9.000                   4.000                7.000                  6.000                  4.000                 6.000                   7.000                   4.000               10.000                  6.000                  7.000                 9.000                  10.000                   4.000               19.000                  6.000                 10.000                16.000                  20.000                   4.000                6.000                  6.000                  5.000                 5.000                   6.000                   4.000                8.000                  6.000                  6.000                 7.000                   8.000                   4.000                5.000                  5.000                  4.000                 5.000                   5.000                   4.000                20.000                   6.000                  12.000                 17.000                   21.000                    4.000
CHE_delay_mUSD                           0.500                  0.500                  0.400                 0.400                   0.500                   0.300                0.500                  0.500                  0.300                 0.400                   0.500                   0.300                0.700                  0.400                  0.500                 0.600                   0.700                   0.300                0.400                  0.400                  0.300                 0.400                   0.400                   0.300                0.500                  0.500                  0.300                 0.400                   0.500                   0.300                0.500                  0.500                  0.400                 0.400                   0.500                   0.300                0.400                  0.500                  0.300                 0.400                   0.500                   0.300                0.600                  0.500                  0.500                 0.600                   0.600                   0.300                0.400                  0.400                  0.300                 0.400                   0.400                   0.300                 0.400                   0.400                   0.300                  0.400                    0.400                    0.300
CHE_net_deferrable_mUSD                  6.000                  6.000                  5.000                 5.000                   6.000                   4.000                6.000                  6.000                  4.000                 5.000                   6.000                   4.000                9.000                  6.000                  7.000                 9.000                   9.000                   4.000                5.000                  6.000                  4.000                 5.000                   6.000                   3.000                6.000                  6.000                  5.000                 5.000                   6.000                   4.000                6.000                  6.000                  5.000                 5.000                   6.000                   4.000                6.000                  6.000                  4.000                 5.000                   6.000                   4.000                8.000                  6.000                  6.000                 7.000                   8.000                   4.000                5.000                  5.000                  4.000                 5.000                   5.000                   3.000                 5.000                   6.000                   4.000                  5.000                    5.000                    4.000
CHE_gross_perishable_mUSD                0.000                  0.000                  0.000                 0.000                   0.000                   0.000                6.000                  0.000                  1.000                 4.000                   6.000                   0.000                0.000                  0.000                  0.000                 0.000                   0.000                   0.000                2.000                  0.000                  0.000                 1.000                   2.000                   0.000                4.000                  0.000                  2.000                 3.000                   4.000                   0.000               13.000                  0.000                  5.000                11.000                  13.000                   0.000                0.000                  0.000                  0.000                 0.000                   0.000                   0.000                0.000                  0.000                  0.000                 0.000                   0.000                   0.000                0.000                  0.000                  0.000                 0.000                   0.000                   0.000                15.000                   0.000                   8.000                 12.000                   16.000                    0.000
BEL_net_mUSD                            20.000                 25.000                 23.000                22.000                  25.000                  29.000               13.000                 21.000                 15.000                15.000                  16.000                  25.000               53.000                 57.000                 46.000                51.000                  58.000                  46.000               23.000                 25.000                 18.000                22.000                  25.000                  30.000               11.000                 17.000                 13.000                12.000                  13.000                  22.000               11.000                  9.000                  9.000                10.000                  13.000                  18.000               22.000                 20.000                 20.000                23.000                  23.000                  25.000               23.000                  7.000                 25.000                23.000                  25.000                  15.000               43.000                 47.000                 38.000                42.000                  48.000                  41.000                13.000                  14.000                   9.000                 12.000                   15.000                   18.000
BEL_delay_mUSD                           1.400                  1.500                  1.400                 1.400                   1.500                   1.600                0.800                  1.100                  0.900                 0.800                   0.800                   1.300                2.800                  2.900                  2.300                 2.700                   2.900                   2.200                0.900                  1.300                  0.900                 0.900                   0.900                   1.500                0.700                  0.900                  0.800                 0.800                   0.700                   1.200                0.300                  0.400                  0.500                 0.400                   0.300                   0.900                0.400                  1.100                  0.600                 0.500                   0.300                   1.300                0.300                  0.300                  0.500                 0.300                   0.300                   0.800                2.500                  2.500                  2.100                 2.400                   2.600                   2.000                 0.500                   0.700                   0.400                  0.500                    0.500                    0.900
BEL_net_deferrable_mUSD                 12.000                 14.000                 16.000                14.000                  14.000                  18.000                5.000                 10.000                  8.000                 7.000                   5.000                  14.000               35.000                 36.000                 29.000                33.000                  36.000                  27.000                6.000                 12.000                  9.000                 7.000                   6.000                  17.000                4.000                  7.000                  7.000                 6.000                   4.000                  13.000                0.000                  0.000                  2.000                 0.000                   0.000                   8.000                0.000                 11.000                  4.000                 2.000                   0.000                  14.000                0.000                  0.000                  3.000                 0.000                   0.000                   7.000               30.000                 31.000                 26.000                29.000                  31.000                  25.000                 4.000                   5.000                   4.000                  4.000                    5.000                    9.000
BEL_gross_perishable_mUSD                8.000                 11.000                  7.000                 8.000                  11.000                  11.000                8.000                 10.000                  6.000                 8.000                  11.000                  11.000               18.000                 21.000                 16.000                18.000                  21.000                  19.000               18.000                 13.000                  9.000                15.000                  19.000                  13.000                7.000                  9.000                  6.000                 6.000                  10.000                   9.000               11.000                  9.000                  7.000                10.000                  13.000                   9.000               22.000                 10.000                 16.000                21.000                  23.000                  10.000               23.000                  7.000                 22.000                23.000                  24.000                   8.000               13.000                 16.000                 12.000                13.000                  17.000                  16.000                 9.000                   9.000                   6.000                  8.000                   11.000                    9.000
NLD_cum_mUSD                           289.000                305.000                246.000               273.000                 303.000                 242.000              150.000                156.000                135.000               152.000                 146.000                 154.000              288.000                297.000                235.000               270.000                 297.000                 222.000              185.000                214.000                160.000               179.000                 186.000                 183.000              185.000                185.000                153.000               184.000                 189.000                 171.000              145.000                156.000                129.000               143.000                 146.000                 147.000              142.000                159.000                130.000               141.000                 136.000                 156.000              186.000                209.000                168.000               180.000                 195.000                 184.000              294.000                290.000                237.000               273.000                 304.000                 220.000               111.000                 144.000                 100.000                114.000                  103.000                  134.000
NLD_%quarter                             0.124                  0.131                  0.105                 0.117                   0.130                   0.104                0.064                  0.067                  0.058                 0.065                   0.062                   0.066                0.123                  0.127                  0.101                 0.115                   0.127                   0.095                0.079                  0.091                  0.069                 0.077                   0.080                   0.078                0.079                  0.079                  0.065                 0.079                   0.081                   0.073                0.062                  0.067                  0.055                 0.061                   0.062                   0.063                0.061                  0.068                  0.055                 0.060                   0.058                   0.067                0.079                  0.089                  0.072                 0.077                   0.084                   0.079                0.126                  0.124                  0.101                 0.117                   0.130                   0.094                 0.047                   0.061                   0.043                  0.049                    0.044                    0.057
NLD_peak_%week                           0.104                  0.111                  0.101                 0.099                   0.112                   0.087                0.082                  0.095                  0.087                 0.073                   0.080                   0.072                0.105                  0.109                  0.096                 0.107                   0.110                   0.083                0.093                  0.108                  0.092                 0.085                   0.092                   0.077                0.085                  0.102                  0.088                 0.077                   0.090                   0.081                0.078                  0.091                  0.083                 0.068                   0.078                   0.075                0.083                  0.090                  0.087                 0.073                   0.077                   0.072                0.085                  0.090                  0.084                 0.076                   0.086                   0.073                0.108                  0.105                  0.097                 0.120                   0.110                   0.080                 0.085                   0.094                   0.088                  0.075                    0.076                    0.069
NLD_peak_week                            8.000                  9.000                  9.000                16.000                   9.000                   9.000                8.000                  9.000                  8.000                 9.000                   8.000                   9.000                9.000                  9.000                  9.000                16.000                   9.000                  16.000                8.000                  9.000                  9.000                 9.000                   9.000                  10.000                8.000                  9.000                  8.000                 9.000                   8.000                   9.000                7.000                  8.000                  8.000                 7.000                   7.000                   9.000                7.000                  9.000                  8.000                 8.000                   7.000                   9.000                8.000                  9.000                  9.000                 9.000                   8.000                   9.000               17.000                  9.000                 17.000                17.000                  17.000                  16.000                 8.000                   9.000                   9.000                  8.000                    8.000                    9.000
NLD_loss_weeks                          24.000                 26.000                 23.000                24.000                  26.000                  24.000               17.000                 17.000                 16.000                18.000                  17.000                  19.000               24.000                 24.000                 20.000                24.000                  24.000                  20.000               22.000                 22.000                 18.000                22.000                  22.000                  19.000               21.000                 22.000                 18.000                22.000                  21.000                  20.000               19.000                 18.000                 18.000                19.000                  19.000                  20.000               18.000                 21.000                 17.000                18.000                  18.000                  19.000               23.000                 24.000                 21.000                23.000                  23.000                  22.000               24.000                 24.000                 20.000                24.000                  24.000                  21.000                16.000                  17.000                  14.000                 18.000                   15.000                   17.000
AUT_cum_mUSD                            56.000                 42.000                 26.000                42.000                  51.000                  19.000              108.000                 39.000                 70.000                95.000                  47.000                  21.000              105.000                 39.000                 78.000                92.000                  48.000                  21.000              227.000                 20.000                155.000               203.000                  36.000                   9.000              115.000                 38.000                 82.000               102.000                  50.000                  20.000              142.000                 36.000                102.000               130.000                  50.000                  18.000              143.000                 26.000                111.000               131.000                  34.000                  11.000              128.000                 42.000                 89.000               119.000                  50.000                  21.000               52.000                 39.000                 24.000                36.000                  49.000                  18.000               197.000                  34.000                 139.000                177.000                   47.000                   19.000
AUT_%quarter                             0.051                  0.039                  0.024                 0.038                   0.046                   0.017                0.099                  0.035                  0.064                 0.087                   0.043                   0.019                0.096                  0.035                  0.071                 0.084                   0.044                   0.019                0.207                  0.018                  0.141                 0.185                   0.033                   0.008                0.105                  0.035                  0.075                 0.093                   0.046                   0.019                0.130                  0.033                  0.093                 0.119                   0.046                   0.016                0.130                  0.024                  0.101                 0.120                   0.031                   0.010                0.117                  0.038                  0.081                 0.108                   0.045                   0.020                0.047                  0.036                  0.022                 0.033                   0.045                   0.016                 0.180                   0.031                   0.126                  0.162                    0.043                    0.017
AUT_peak_%week                           0.091                  0.080                  0.021                 0.087                   0.086                   0.014                0.128                  0.072                  0.112                 0.122                   0.085                   0.016                0.125                  0.072                  0.115                 0.100                   0.087                   0.017                0.317                  0.042                  0.186                 0.315                   0.095                   0.009                0.147                  0.077                  0.107                 0.154                   0.090                   0.016                0.212                  0.077                  0.144                 0.265                   0.096                   0.014                0.170                  0.076                  0.166                 0.160                   0.082                   0.008                0.159                  0.081                  0.117                 0.185                   0.087                   0.017                0.097                  0.087                  0.022                 0.079                   0.094                   0.014                 0.223                   0.051                   0.158                  0.266                    0.089                    0.015
AUT_peak_week                           16.000                 17.000                  8.000                17.000                  16.000                   9.000               17.000                 17.000                  8.000                17.000                  17.000                   9.000               16.000                 17.000                  8.000                 9.000                  16.000                   9.000               17.000                 17.000                  9.000                18.000                  17.000                   9.000               16.000                 17.000                  8.000                17.000                  17.000                   9.000               17.000                 17.000                  9.000                17.000                  16.000                   9.000               16.000                 17.000                  8.000                17.000                  16.000                   9.000               16.000                 17.000                  8.000                17.000                  16.000                   9.000               16.000                 17.000                  8.000                17.000                  16.000                   9.000                17.000                  17.000                  12.000                 18.000                   19.000                    9.000
AUT_loss_weeks                          21.000                 18.000                 15.000                20.000                  19.000                  12.000               21.000                 18.000                 16.000                20.000                  18.000                  16.000               21.000                 18.000                 16.000                21.000                  18.000                  16.000               22.000                  7.000                 17.000                21.000                  10.000                   0.000               22.000                 18.000                 18.000                22.000                  18.000                  15.000               18.000                 17.000                 16.000                18.000                  17.000                  10.000               22.000                  9.000                 18.000                22.000                   8.000                   0.000               22.000                 18.000                 18.000                21.000                  18.000                  16.000               19.000                 18.000                 14.000                18.000                  18.000                  11.000                23.000                  18.000                  17.000                 22.000                   17.000                   12.000
FRA_cum_mUSD                          1124.000                991.000                774.000               942.000                 988.000                 473.000              399.000                313.000                291.000               343.000                 322.000                 161.000             1035.000                835.000                691.000               870.000                 831.000                 321.000              507.000                305.000                305.000               425.000                 454.000                 133.000              490.000                374.000                356.000               427.000                 390.000                 206.000              331.000                229.000                213.000               275.000                 285.000                 101.000              764.000                285.000                274.000               652.000                 391.000                 107.000              391.000                293.000                277.000               334.000                 354.000                 146.000             1746.000               1296.000               1187.000              1506.000                1345.000                 602.000               403.000                 299.000                 288.000                349.000                  318.000                  152.000
FRA_%quarter                             0.173                  0.152                  0.119                 0.145                   0.152                   0.073                0.061                  0.048                  0.045                 0.053                   0.050                   0.025                0.159                  0.128                  0.106                 0.134                   0.128                   0.049                0.078                  0.047                  0.047                 0.065                   0.070                   0.020                0.075                  0.058                  0.055                 0.066                   0.060                   0.032                0.051                  0.035                  0.033                 0.042                   0.044                   0.016                0.117                  0.044                  0.042                 0.100                   0.060                   0.017                0.060                  0.045                  0.043                 0.051                   0.054                   0.022                0.269                  0.199                  0.182                 0.232                   0.207                   0.093                 0.062                   0.046                   0.044                  0.054                    0.049                    0.023
FRA_peak_%week                           0.229                  0.229                  0.150                 0.239                   0.230                   0.111                0.081                  0.075                  0.053                 0.086                   0.079                   0.037                0.185                  0.177                  0.120                 0.185                   0.177                   0.073                0.131                  0.074                  0.074                 0.152                   0.128                   0.029                0.107                  0.086                  0.070                 0.102                   0.090                   0.048                0.074                  0.061                  0.044                 0.080                   0.071                   0.022                0.418                  0.079                  0.090                 0.524                   0.127                   0.019                0.084                  0.068                  0.051                 0.084                   0.082                   0.028                0.382                  0.286                  0.212                 0.373                   0.295                   0.148                 0.080                   0.075                   0.063                  0.089                    0.078                    0.040
FRA_peak_week                           16.000                 16.000                  9.000                16.000                  16.000                   9.000               16.000                 16.000                  8.000                16.000                  16.000                   9.000               16.000                 16.000                 17.000                16.000                  16.000                  16.000               17.000                 16.000                 17.000                17.000                  17.000                  16.000               16.000                 16.000                  9.000                17.000                  16.000                   9.000               16.000                 16.000                 16.000                16.000                  16.000                   9.000               17.000                 16.000                 17.000                17.000                  16.000                   9.000               16.000                 16.000                 16.000                16.000                  16.000                   9.000               16.000                 16.000                 16.000                17.000                  16.000                  16.000                16.000                  16.000                   9.000                 16.000                   16.000                    9.000
FRA_loss_weeks                          20.000                 18.000                 17.000                20.000                  18.000                  16.000               19.000                 13.000                 16.000                18.000                  14.000                  12.000               23.000                 20.000                 20.000                23.000                  20.000                  17.000               17.000                 16.000                 16.000                17.000                  17.000                  11.000               18.000                 14.000                 15.000                17.000                  16.000                  13.000               18.000                 13.000                 13.000                17.000                  14.000                   9.000               18.000                 16.000                 15.000                16.000                  15.000                   9.000               20.000                 16.000                 16.000                19.000                  18.000                  12.000               24.000                 20.000                 19.000                23.000                  20.000                  17.000                18.000                  12.000                  13.000                 16.000                   14.000                   10.000
CHE_cum_mUSD                             6.000                  7.000                  5.000                 6.000                   6.000                   5.000               13.000                  6.000                  6.000                10.000                  13.000                   4.000               10.000                  6.000                  7.000                 9.000                   9.000                   4.000                7.000                  6.000                  4.000                 6.000                   8.000                   4.000               10.000                  7.000                  7.000                 9.000                  11.000                   4.000               20.000                  7.000                 10.000                17.000                  20.000                   5.000                6.000                  6.000                  5.000                 6.000                   6.000                   4.000                8.000                  7.000                  7.000                 8.000                   8.000                   5.000                5.000                  6.000                  4.000                 5.000                   5.000                   4.000                21.000                   6.000                  12.000                 17.000                   21.000                    4.000
CHE_%quarter                             0.003                  0.003                  0.002                 0.003                   0.003                   0.002                0.006                  0.003                  0.003                 0.005                   0.006                   0.002                0.005                  0.003                  0.004                 0.004                   0.005                   0.002                0.004                  0.003                  0.002                 0.003                   0.004                   0.002                0.005                  0.003                  0.003                 0.004                   0.005                   0.002                0.010                  0.003                  0.005                 0.008                   0.010                   0.002                0.003                  0.003                  0.002                 0.003                   0.003                   0.002                0.004                  0.003                  0.003                 0.004                   0.004                   0.002                0.003                  0.003                  0.002                 0.002                   0.003                   0.002                 0.010                   0.003                   0.006                  0.008                    0.010                    0.002
CHE_peak_%week                           0.002                  0.002                  0.002                 0.002                   0.002                   0.002                0.016                  0.003                  0.003                 0.014                   0.016                   0.002                0.005                  0.004                  0.004                 0.006                   0.005                   0.002                0.006                  0.003                  0.002                 0.006                   0.006                   0.002                0.008                  0.003                  0.006                 0.010                   0.007                   0.002                0.022                  0.003                  0.006                 0.023                   0.021                   0.002                0.003                  0.003                  0.002                 0.003                   0.003                   0.002                0.004                  0.003                  0.004                 0.004                   0.004                   0.002                0.002                  0.002                  0.002                 0.002                   0.002                   0.002                 0.020                   0.003                   0.020                  0.023                    0.021                    0.002
CHE_peak_week                           16.000                 16.000                 16.000                16.000                  16.000                  16.000               19.000                 16.000                 16.000                20.000                  19.000                  16.000               16.000                 16.000                 15.000                16.000                  16.000                  16.000               18.000                 16.000                 16.000                19.000                  18.000                  16.000               17.000                 16.000                 17.000                17.000                  17.000                   9.000               18.000                 16.000                 20.000                19.000                  18.000                  16.000               16.000                 16.000                  9.000                16.000                  16.000                  16.000               15.000                 16.000                  9.000                16.000                   8.000                  16.000               16.000                 16.000                 16.000                16.000                  16.000                  16.000                18.000                  16.000                  17.000                 17.000                   18.000                   16.000
CHE_loss_weeks                           0.000                  0.000                  0.000                 0.000                   0.000                   0.000                2.000                  0.000                  0.000                 1.000                   2.000                   0.000                0.000                  0.000                  0.000                 0.000                   0.000                   0.000                0.000                  0.000                  0.000                 0.000                   0.000                   0.000                0.000                  0.000                  0.000                 0.000                   0.000                   0.000                4.000                  0.000                  0.000                 2.000                   4.000                   0.000                0.000                  0.000                  0.000                 0.000                   0.000                   0.000                0.000                  0.000                  0.000                 0.000                   0.000                   0.000                0.000                  0.000                  0.000                 0.000                   0.000                   0.000                 6.000                   0.000                   3.000                  4.000                    6.000                    0.000
BEL_cum_mUSD                            27.000                 31.000                 27.000                28.000                  32.000                  33.000               24.000                 29.000                 20.000                24.000                  27.000                  29.000               56.000                 61.000                 48.000                54.000                  61.000                  49.000               35.000                 34.000                 25.000                32.000                  37.000                  33.000               22.000                 27.000                 19.000                21.000                  25.000                  26.000               23.000                 23.000                 19.000                22.000                  24.000                  23.000               33.000                 26.000                 27.000                33.000                  35.000                  28.000               32.000                 18.000                 33.000                34.000                  35.000                  20.000               47.000                 51.000                 41.000                45.000                  52.000                  43.000                22.000                  27.000                  17.000                 20.000                   24.000                   26.000
BEL_%quarter                             0.020                  0.023                  0.020                 0.021                   0.023                   0.024                0.017                  0.022                  0.015                 0.018                   0.020                   0.022                0.041                  0.045                  0.035                 0.040                   0.045                   0.036                0.025                  0.025                  0.018                 0.024                   0.027                   0.025                0.016                  0.020                  0.014                 0.016                   0.018                   0.019                0.017                  0.017                  0.014                 0.016                   0.018                   0.017                0.024                  0.019                  0.020                 0.024                   0.025                   0.020                0.024                  0.013                  0.024                 0.025                   0.025                   0.015                0.034                  0.037                  0.030                 0.033                   0.038                   0.032                 0.016                   0.020                   0.012                  0.015                    0.018                    0.019
BEL_peak_%week                           0.031                  0.036                  0.032                 0.028                   0.036                   0.030                0.028                  0.038                  0.030                 0.025                   0.032                   0.029                0.041                  0.046                  0.039                 0.038                   0.046                   0.033                0.032                  0.041                  0.033                 0.029                   0.034                   0.029                0.028                  0.035                  0.030                 0.025                   0.031                   0.029                0.027                  0.034                  0.029                 0.024                   0.029                   0.028                0.038                  0.033                  0.036                 0.054                   0.037                   0.028                0.042                  0.027                  0.043                 0.036                   0.043                   0.023                0.036                  0.043                  0.035                 0.034                   0.043                   0.032                 0.030                   0.037                   0.030                  0.025                    0.031                    0.028
BEL_peak_week                            7.000                  8.000                  9.000                 9.000                   8.000                   9.000                7.000                  9.000                  8.000                 7.000                   8.000                   9.000                9.000                  9.000                  9.000                 9.000                   9.000                  10.000                8.000                  9.000                  9.000                 9.000                   8.000                  10.000                7.000                  8.000                  8.000                 7.000                   7.000                   9.000                6.000                  8.000                  8.000                 6.000                   7.000                   9.000               15.000                  8.000                 17.000                17.000                  15.000                   9.000                5.000                  7.000                  8.000                 7.000                   7.000                   9.000                9.000                  9.000                  9.000                 9.000                   9.000                  10.000                 7.000                   9.000                   8.000                  7.000                    7.000                    9.000
BEL_loss_weeks                          10.000                 13.000                 12.000                10.000                  14.000                  14.000                7.000                 10.000                  6.000                10.000                   8.000                  13.000               19.000                 20.000                 18.000                20.000                  20.000                  18.000               14.000                 13.000                 11.000                14.000                  16.000                  13.000                6.000                  7.000                  6.000                 9.000                   7.000                  12.000                9.000                  7.000                  6.000                 9.000                   9.000                  11.000               12.000                  7.000                  9.000                11.000                  12.000                  13.000               10.000                  6.000                 11.000                11.000                  10.000                   7.000               18.000                 18.000                 17.000                18.000                  18.000                  18.000                 7.000                   8.000                   6.000                  6.000                    9.000                   12.000

== weekly value-added loss of DEU (mUSD/week) ==
           2026_s07_seed1_base  2026_s07_seed1_stock7  2026_s07_seed1_deep20  2026_s07_seed1_fleet  2026_s07_seed1_stock7t  2026_s07_seed1_package  2026_s07_seed2_base  2026_s07_seed2_stock7  2026_s07_seed2_deep20  2026_s07_seed2_fleet  2026_s07_seed2_stock7t  2026_s07_seed2_package  2026_s07_seed3_base  2026_s07_seed3_stock7  2026_s07_seed3_deep20  2026_s07_seed3_fleet  2026_s07_seed3_stock7t  2026_s07_seed3_package  2026_s07_seed4_base  2026_s07_seed4_stock7  2026_s07_seed4_deep20  2026_s07_seed4_fleet  2026_s07_seed4_stock7t  2026_s07_seed4_package  2026_s07_seed5_base  2026_s07_seed5_stock7  2026_s07_seed5_deep20  2026_s07_seed5_fleet  2026_s07_seed5_stock7t  2026_s07_seed5_package  2026_s07_seed6_base  2026_s07_seed6_stock7  2026_s07_seed6_deep20  2026_s07_seed6_fleet  2026_s07_seed6_stock7t  2026_s07_seed6_package  2026_s07_seed7_base  2026_s07_seed7_stock7  2026_s07_seed7_deep20  2026_s07_seed7_fleet  2026_s07_seed7_stock7t  2026_s07_seed7_package  2026_s07_seed8_base  2026_s07_seed8_stock7  2026_s07_seed8_deep20  2026_s07_seed8_fleet  2026_s07_seed8_stock7t  2026_s07_seed8_package  2026_s07_seed9_base  2026_s07_seed9_stock7  2026_s07_seed9_deep20  2026_s07_seed9_fleet  2026_s07_seed9_stock7t  2026_s07_seed9_package  2026_s07_seed10_base  2026_s07_seed10_stock7  2026_s07_seed10_deep20  2026_s07_seed10_fleet  2026_s07_seed10_stock7t  2026_s07_seed10_package
time_step                                                                                                                                                                                                                                                                                                                                                                                                                                                                                                                                                                                                                                                                                                                                                                                                                                                                                                                                                                                                                                                                                                                                                                                                                                                                                                                                                                                                                                
0                          0.0                    0.0                    0.0                   0.0                     0.0                     0.0                  0.0                    0.0                    0.0                   0.0                     0.0                     0.0                  0.0                    0.0                    0.0                   0.0                     0.0                     0.0                  0.0                    0.0                    0.0                   0.0                     0.0                     0.0                  0.0                    0.0                    0.0                   0.0                     0.0                     0.0                  0.0                    0.0                    0.0                   0.0                     0.0                     0.0                  0.0                    0.0                    0.0                   0.0                     0.0                     0.0                  0.0                    0.0                    0.0                   0.0                     0.0                     0.0                  0.0                    0.0                    0.0                   0.0                     0.0                     0.0                   0.0                     0.0                     0.0                    0.0                      0.0                      0.0
1                          0.0                    0.0                    0.0                   0.0                     0.0                     0.0                  0.0                    0.0                    0.0                   0.0                     0.0                     0.0                  0.0                    0.0                    0.0                   0.0                     0.0                     0.0                  0.0                    0.0                    0.0                   0.0                     0.0                     0.0                  0.0                    0.0                    0.0                   0.0                     0.0                     0.0                  0.0                    0.0                    0.0                   0.0                     0.0                     0.0                  0.0                    0.0                    0.0                   0.0                     0.0                     0.0                  0.0                    0.0                    0.0                   0.0                     0.0                     0.0                  0.0                    0.0                    0.0                   0.0                     0.0                     0.0                   0.0                     0.0                     0.0                    0.0                      0.0                      0.0
2                        141.1                    8.6                   61.2                 141.1                    13.1                     3.7                108.0                    9.5                   39.6                 108.0                    34.2                     3.5                 99.9                    4.8                   24.1                  99.9                     7.8                     1.2                 95.4                    5.3                    6.6                  95.4                    16.8                     0.4                150.5                    9.0                   52.7                 150.5                    17.7                     3.2                114.0                   10.9                   48.0                 114.0                    15.0                     4.6                 98.7                    8.6                   37.6                  98.7                    12.4                     3.3                124.8                    9.6                   53.6                 124.8                    19.9                     4.1                 83.8                    5.0                   22.3                  83.8                     8.2                     1.3                 111.3                     7.1                    18.8                  111.3                     26.7                      1.2
3                         98.6                    9.0                   36.9                  98.6                    12.1                     3.5                 72.3                    9.6                   18.5                  72.3                    25.5                     2.8                 57.6                    4.2                    0.6                  57.6                     5.9                     0.6                 45.6                    4.3                    0.2                  45.6                     9.7                     0.2                 98.0                    9.3                   21.9                  98.0                    14.9                     2.5                 79.5                   11.3                   28.2                  79.5                    14.2                     4.2                 66.7                    8.8                   19.1                  66.7                    11.3                     2.8                 87.1                   10.2                   31.9                  87.1                    17.2                     4.0                 49.9                    4.7                    2.5                  49.9                     6.5                     0.7                  60.2                     6.4                     0.6                   60.2                     16.7                      0.6
4                        172.6                   13.3                   85.0                 172.6                    18.8                     6.4                153.8                   14.6                   63.1                 153.8                    48.7                     6.4                123.8                    7.1                   50.1                 123.8                    11.2                     2.6                123.4                    8.2                   42.0                 123.4                    24.8                     2.4                222.3                   14.8                   84.9                 222.3                    26.5                     6.1                167.2                   17.2                   67.4                 167.2                    24.6                     8.0                123.9                   13.3                   56.4                 123.9                    17.9                     5.9                176.8                   14.9                   74.6                 176.8                    28.0                     7.2                116.9                    8.0                   43.3                 116.9                    12.2                     2.9                 152.8                    11.2                    53.9                  152.8                     39.5                      3.6
5                        324.7                  109.0                  218.1                 249.0                   116.6                    14.2                322.3                   74.3                  169.0                 241.8                   123.2                    14.8                253.8                   18.2                  171.8                 196.0                    25.3                     8.3                305.8                   26.1                  171.9                 225.9                    56.9                     9.7                469.8                   77.3                  269.2                 359.2                   103.0                    16.0                334.3                   77.5                  193.9                 261.5                   111.7                    17.9                264.0                   51.5                  158.2                 195.7                    70.5                    14.4                333.2                   83.8                  214.6                 263.1                    97.3                    15.9                248.6                   27.8                  147.9                 194.3                    35.0                     8.9                 358.0                    46.8                   194.6                  268.3                     82.1                     12.8
6                        346.6                  215.7                  182.0                 274.7                   221.8                    15.0                412.8                  155.6                  177.6                 309.0                   204.4                    19.7                214.4                  129.8                  136.9                 171.9                   135.2                     8.8                359.7                   94.9                  148.3                 226.2                   135.9                    10.8                602.1                  254.3                  255.0                 461.1                   294.3                    18.3                511.7                  173.7                  191.7                 392.4                   228.4                    20.7                372.7                  134.6                  137.6                 272.7                   160.9                    15.7                450.9                  190.0                  190.8                 333.4                   212.8                    21.5                205.9                  131.9                  138.8                 170.3                   137.7                     9.8                 385.3                   177.8                   187.2                  260.8                    215.1                     14.4
7                        452.0                  316.0                  374.1                 361.0                   321.4                   167.1                588.9                  281.8                  359.4                 447.1                   346.3                    87.8                277.1                  222.1                  250.3                 220.8                   228.4                    27.7                622.1                  270.6                  313.1                 484.6                   332.6                    25.2                841.9                  451.2                  521.9                 676.6                   503.8                   116.3                691.7                  299.6                  417.3                 549.6                   347.5                   110.3                527.3                  212.7                  294.5                 427.2                   263.8                    71.1                585.9                  311.2                  408.2                 470.7                   335.3                   120.7                268.8                  226.9                  245.0                 214.1                   233.1                    44.4                 717.5                   349.5                   372.9                  533.9                    398.3                     49.6
8                        477.4                  399.7                  430.9                 372.8                   403.4                   207.8                713.3                  372.7                  576.8                 542.7                   472.5                   152.3                286.1                  234.8                  276.8                 228.4                   240.2                   129.1                799.1                  319.5                  559.6                 609.0                   431.4                    95.7                941.5                  570.0                  840.9                 751.2                   681.7                   262.1                831.9                  377.1                  690.7                 633.7                   568.1                   175.8                633.7                  300.8                  545.4                 486.2                   324.3                   131.2                618.2                  385.8                  581.9                 491.5                   402.4                   193.4                279.4                  239.1                  262.8                 223.0                   243.8                   130.1                 931.9                   402.1                   613.1                  704.5                    471.8                    183.4
9                        571.7                  493.8                  433.8                 541.5                   506.6                   232.6                849.2                  436.5                  658.7                 701.3                   670.1                   201.5                358.2                  273.7                  265.3                 324.7                   278.3                   159.7                894.6                  396.6                  725.6                 726.3                   696.3                   191.1               1055.4                  699.0                  890.0                 938.9                   918.3                   334.7                951.1                  461.6                  764.5                 818.2                   776.7                   225.3                703.5                  356.3                  592.3                 601.7                   429.2                   156.4                706.0                  532.3                  580.0                 661.7                   572.4                   228.3                329.6                  279.2                  259.9                 311.4                   285.0                   165.8                1127.4                   541.4                   827.9                  912.2                    802.7                    254.4
10                       672.0                  394.8                  372.2                 348.6                   425.8                   214.3                880.3                  472.1                  621.3                 708.3                   687.6                   182.9                348.3                  205.8                  207.0                 198.8                   215.3                   109.5                872.3                  488.2                  704.1                 799.8                   751.9                   144.4               1057.0                  665.9                  779.7                 813.5                   836.0                   303.6               1052.4                  625.9                  739.2                 815.5                   788.7                   203.0                918.4                  285.0                  512.8                 629.8                   531.6                   148.8                745.8                  396.5                  477.2                 489.0                   496.0                   187.3                334.4                  219.4                  208.7                 191.3                   238.6                   125.8                1207.7                   472.8                   835.9                  956.2                    850.4                    196.2
11                       491.0                  142.3                   77.7                 314.9                   163.4                    49.1                669.8                  293.3                  310.3                 366.1                   374.7                    45.0                310.5                   37.4                    8.4                  44.5                    35.5                     5.6                680.3                  357.2                  360.8                 378.8                   456.2                    28.9                689.8                  377.5                  309.7                 430.4                   381.7                    76.9                681.2                  378.7                  402.1                 495.5                   455.0                    70.2                685.9                   90.7                  279.6                 466.4                   337.6                    20.8                474.1                  130.2                  162.6                 314.8                   171.2                    42.7                267.8                   67.1                   20.9                  90.9                    90.6                    19.4                 934.0                   229.2                   569.4                  785.2                    563.3                     26.3
12                       364.8                  251.8                  187.8                 268.2                   257.8                   118.3                278.2                  181.6                  145.5                 209.3                   200.8                    83.7                132.7                  112.0                   56.5                  83.8                   113.7                    47.6                203.4                  122.5                   84.1                 130.5                   141.4                    58.8                361.0                  270.7                  184.9                 259.2                   297.1                   150.6                279.1                  189.2                  162.5                 232.9                   226.9                   100.5                362.6                  165.2                  198.9                 244.8                   271.1                    70.2                421.6                  203.1                  159.0                 310.2                   219.4                    95.0                148.2                  130.8                   71.8                 100.3                   136.8                    64.4                 711.0                   251.8                   486.3                  582.7                    426.5                    110.7
13                       510.7                  421.5                  390.4                 358.6                   515.7                   216.1                524.7                  392.8                  366.4                 349.1                   462.7                   189.0                271.6                  223.7                  213.9                 180.1                   233.4                   117.0                490.1                  348.0                  315.0                 311.9                   405.4                   156.1                680.2                  534.0                  539.2                 500.7                   557.0                   312.1                564.6                  440.3                  413.2                 401.7                   473.8                   203.8                430.9                  302.9                  313.3                 321.9                   374.3                   159.5                528.4                  404.2                  444.2                 413.2                   429.9                   192.0                294.3                  225.5                  207.0                 194.0                   245.1                   125.4                 729.6                   415.3                   565.9                  545.9                    568.8                    212.1
14                       684.9                  413.2                  472.1                 489.0                   641.8                   216.6                910.6                  554.0                  538.1                 549.8                   743.2                   189.0                487.4                  219.0                  213.0                 304.2                   354.6                   104.6                939.9                  595.4                  589.1                 506.4                   720.9                   176.0               1061.0                  710.5                  718.3                 742.8                   951.5                   316.0                916.7                  643.1                  664.4                 655.7                   832.1                   212.1                719.5                  304.4                  512.2                 510.6                   575.8                   158.0                695.5                  436.3                  526.3                 506.6                   621.4                   239.1                426.4                  224.4                  205.3                 284.6                   385.1                   115.2                 813.2                   536.2                   736.7                  639.9                    692.4                    216.5
15                       949.6                  680.3                  656.7                 829.3                   890.2                   271.8               1108.5                  747.1                  715.2                 898.9                  1022.2                   237.6                656.8                  371.1                  357.2                 565.3                   595.6                   140.2               1072.6                  749.2                  648.9                 889.0                  1019.8                   215.7               1339.0                  960.8                  976.0                1172.1                  1245.0                   404.1               1134.6                  850.1                  863.6                 959.5                  1054.5                   338.7               1021.1                  534.7                  741.5                 817.4                   832.8                   197.6                935.2                  661.5                  700.6                 880.9                   842.0                   293.0                599.3                  384.6                  371.7                 508.8                   553.6                   149.5                1147.8                   863.7                   893.9                 1032.9                    980.1                    291.6
16                      1212.0                 1092.0                  750.8                1189.6                  1141.5                   323.7               1643.2                 1121.5                  923.2                1532.0                  1467.9                   335.9                941.2                  600.1                  533.8                 896.0                   877.5                   161.8               1642.4                 1128.4                  925.7                1567.3                  1516.5                   272.8               1741.7                 1380.1                 1093.1                1750.2                  1656.6                   494.0               1568.6                 1268.7                  959.8                1512.0                  1501.2                   417.6               1426.3                  946.8                  898.5                1406.3                  1145.2                   230.5               1200.7                  940.2                  789.1                1200.1                  1031.7                   334.1                807.7                  647.5                  461.4                 770.4                   779.8                   169.9                1577.9                  1109.1                  1052.9                 1445.5                   1263.5                    339.9
17                      1179.4                 1085.8                  727.6                1255.4                  1114.1                   280.8               1855.2                 1377.9                  988.0                1739.4                  1523.3                   336.6                935.6                  867.8                  496.6                 960.7                   894.2                   130.2               1881.5                 1431.0                  972.8                1709.2                  1596.9                   344.0               1793.8                 1498.0                 1080.8                1830.8                  1681.8                   504.4               1675.7                 1369.0                  948.8                1665.7                  1606.6                   438.0               1456.8                 1065.6                  879.6                1619.4                  1165.7                   209.1               1181.6                  918.2                  780.9                1290.6                   974.3                   286.0                780.2                  763.9                  434.7                 818.4                   779.1                   150.4                1838.1                  1122.8                  1117.6                 1694.2                   1460.9                    342.6
18                       765.2                  645.9                  586.8                 698.1                   669.8                   200.1               1471.1                  997.3                  767.5                1503.1                  1355.8                   264.3                532.6                  496.6                  348.2                 476.7                   521.4                    85.6               1524.8                 1089.2                  761.4                1523.2                  1454.1                   274.9               1329.3                  992.1                  817.4                1204.9                  1296.6                   347.5               1409.5                  998.4                  755.5                1231.0                  1316.7                   319.0                897.8                  565.4                  666.5                 978.4                   705.9                   146.9                711.9                  483.6                  614.3                 740.2                   531.3                   192.2                461.6                  440.6                  316.9                 384.7                   456.9                    99.1                1614.1                   716.7                   929.4                 1657.8                   1390.6                    269.6
19                       362.7                  281.6                  386.7                 231.6                   307.2                   134.2                676.9                  270.6                  531.5                 525.7                   560.8                   137.6                169.1                  115.7                  180.6                  38.7                   143.4                    35.9                705.5                  258.8                  510.4                 490.6                   573.0                   118.9                664.1                  317.0                  538.2                 402.4                   607.7                   175.6                823.2                  331.4                  514.6                 567.2                   642.5                   169.8                349.4                  184.2                  377.1                 295.8                   269.1                    91.8                292.3                  185.3                  386.9                 232.4                   200.3                   120.9                179.6                  145.3                  181.0                  56.0                   168.0                    57.7                1018.9                   288.8                   807.2                 1051.3                    789.0                    158.9
20                       297.0                  252.8                  211.0                 179.8                   247.7                   110.5                264.9                  192.7                  240.2                 197.6                   220.7                    87.2                114.3                   97.5                   62.1                  49.8                    93.3                    22.4                263.5                  160.8                  235.6                 187.9                   211.1                    53.8                388.0                  260.2                  298.9                 282.4                   340.7                   118.5                416.5                  214.6                  301.0                 357.9                   342.3                    98.3                255.8                  177.1                  205.9                 152.9                   218.1                    75.6                260.0                  164.7                  211.2                 187.4                   169.0                   101.2                134.8                  126.7                   80.7                  55.5                   122.5                    42.5                 449.1                   214.5                   432.3                  379.2                    282.4                     94.2
21                       223.6                  136.8                   89.9                 136.9                   159.7                    54.8                333.4                  148.7                  112.6                 155.5                   246.5                    44.4                126.7                   31.9                   12.4                  30.0                    85.4                     6.4                298.7                  127.3                   87.0                 111.8                   227.8                    23.2                357.0                  164.0                  142.8                 204.8                   262.9                    62.9                311.0                  163.5                  134.6                 185.3                   247.3                    51.7                224.5                  111.6                  101.5                 155.7                   166.0                    40.5                232.3                  111.3                   97.2                 146.1                   132.6                    46.6                112.4                   39.5                   17.8                  32.0                    92.1                    13.9                 245.3                   118.6                   135.9                  195.6                    159.9                     48.1
22                       113.2                   42.5                   37.1                  92.6                    54.6                     7.2                196.1                   50.8                   37.4                 130.1                   112.1                     7.8                 51.4                    5.1                    2.7                  28.4                    20.8                     1.5                155.3                   41.2                   19.0                 103.6                   101.8                     1.8                227.7                   59.2                   53.7                 175.2                   135.7                     6.1                174.5                   51.5                   48.9                 154.9                   100.3                     5.7                152.2                   44.5                   40.0                 127.3                    95.9                     4.1                111.0                   22.9                   30.3                  99.7                    34.2                     6.1                 59.5                    8.4                    4.8                  29.6                    37.4                     2.6                 167.1                    49.5                    60.1                  155.2                     96.6                      6.0
23                        53.6                   14.9                   12.7                  44.3                    11.8                     1.6                 52.6                   11.5                   10.4                  67.8                    29.1                     2.1                  4.7                    1.5                    1.0                   5.7                     2.4                     1.0                 28.6                    3.8                    3.1                  34.9                    13.3                     1.0                 70.0                   12.2                   13.3                  75.9                    34.3                     2.2                 70.3                    9.2                   12.9                  76.8                    36.5                     2.4                 57.5                    7.7                    9.4                  59.8                    28.3                     1.7                 65.2                    7.0                    9.5                  43.1                    11.6                     1.6                  5.5                    2.7                    1.8                   6.9                     3.1                     1.6                  96.0                     8.6                    14.9                  104.9                     33.1                      0.9
24                        20.7                    2.3                    3.1                  20.2                     2.6                     0.5                 21.4                    4.8                    3.0                  16.3                    10.5                     1.0                  1.6                    1.0                    0.5                   1.7                     1.5                     0.5                  7.9                    1.9                    0.6                   6.0                     4.1                     0.6                 22.0                    3.8                    4.2                  19.1                     7.0                     0.9                 25.0                    4.4                    3.4                  21.4                    14.9                     1.0                 14.2                    3.0                    3.0                  14.2                     5.7                     1.0                 13.0                    2.0                    2.8                  13.1                     6.6                     1.1                  2.2                    1.6                    1.2                   2.5                     2.3                     1.1                  28.4                     1.1                     2.7                   32.8                      8.2                      0.7
25                         9.8                    0.4                    5.7                   8.7                     0.4                     0.4                  3.9                    0.9                    0.7                   3.7                     1.6                     0.6                  0.5                    0.4                    0.1                   0.3                     0.4                     0.2                  2.1                    0.6                    0.2                   2.2                     0.5                     0.2                  4.9                    0.7                    0.5                   5.5                     0.8                     0.5                 13.5                    1.1                    7.6                  13.3                     2.3                     0.6                  4.7                    1.2                    1.2                   4.5                     1.2                     1.0                  2.3                    0.9                    0.7                   1.7                     1.1                     0.7                  5.8                    1.1                    2.7                   4.5                     3.4                     0.7                  16.2                     0.6                     0.7                   16.8                      1.2                      0.3
26                         6.7                    0.4                    5.0                   5.9                     0.3                     0.3                  0.8                    0.6                    0.4                   0.6                     0.8                     0.4                  0.3                    0.2                    0.1                   0.2                     0.2                     0.1                  0.3                    0.4                    0.1                   0.2                     0.2                     0.1                  0.8                    0.6                    0.3                   0.6                     0.5                     0.4                  9.2                    0.6                    6.2                   8.0                     0.8                     0.4                  1.7                    1.0                    0.9                   1.4                     1.0                     0.8                  1.0                    0.7                    0.5                   0.7                     0.9                     0.5                  4.3                    0.7                    1.4                   3.0                     2.5                     0.4                   2.3                     0.4                     0.6                    2.1                      2.3                      0.1
27                         4.7                    0.3                    3.2                   4.1                     0.3                     0.3                  0.5                    0.5                    0.2                   0.3                     0.5                     0.3                  0.1                    0.1                    0.0                   0.1                     0.1                     0.0                  0.1                    0.2                    0.0                   0.1                     0.1                     0.0                  0.5                    0.5                    0.2                   0.4                     0.4                     0.3                  5.7                    0.4                    3.2                   4.7                     0.5                     0.3                  1.3                    0.8                    0.6                   1.1                     0.8                     0.6                  0.9                    0.6                    0.3                   0.7                     0.8                     0.4                  2.9                    0.5                    0.4                   1.7                     1.9                     0.2                   0.9                     0.3                     0.0                    0.6                      1.0                      0.1
28                         4.2                    0.3                    2.6                   3.6                     0.3                     0.2                  0.3                    0.4                    0.1                   0.2                     0.3                     0.2                  0.0                    0.1                    0.0                   0.0                     0.0                     0.0                  0.0                    0.1                    0.0                   0.0                     0.0                     0.0                  0.4                    0.4                    0.2                   0.3                     0.3                     0.2                  3.8                    0.3                    1.7                   3.0                     0.3                     0.2                  0.8                    0.6                    0.3                   0.7                     0.6                     0.4                  0.5                    0.5                    0.2                   0.4                     0.6                     0.3                  1.7                    0.4                    0.1                   0.7                     1.3                     0.1                   0.1                     0.2                     0.0                    0.0                      0.1                      0.0
29                         2.8                    0.3                    1.4                   2.3                     0.3                     0.2                  0.2                    0.3                    0.1                   0.1                     0.2                     0.1                  0.0                    0.0                    0.0                   0.0                     0.0                     0.0                  0.0                    0.0                    0.0                   0.0                     0.0                     0.0                  0.3                    0.3                    0.1                   0.2                     0.2                     0.1                  1.6                    0.3                    0.1                   0.9                     0.2                     0.2                  0.5                    0.4                    0.1                   0.4                     0.3                     0.2                  0.3                    0.4                    0.1                   0.2                     0.4                     0.2                  0.6                    0.3                    0.0                   0.1                     0.5                     0.0                   0.0                     0.1                     0.0                    0.0                      0.0                      0.0
30                         1.2                    0.3                    0.3                   0.8                     0.3                     0.1                  0.1                    0.2                    0.0                   0.1                     0.1                     0.0                  0.0                    0.0                    0.0                   0.0                     0.0                     0.0                  0.0                    0.0                    0.0                   0.0                     0.0                     0.0                  0.2                    0.2                    0.0                   0.1                     0.2                     0.0                  0.2                    0.2                    0.0                   0.1                     0.1                     0.1                  0.2                    0.3                    0.0                   0.1                     0.2                     0.1                  0.2                    0.3                    0.1                   0.2                     0.2                     0.1                  0.1                    0.1                    0.0                   0.0                     0.1                     0.0                   0.0                     0.0                     0.0                    0.0                      0.0                      0.0
31                         0.7                    0.2                    0.1                   0.4                     0.2                     0.1                  0.1                    0.1                    0.0                   0.0                     0.1                     0.0                  0.0                    0.0                    0.0                   0.0                     0.0                     0.0                  0.0                    0.0                    0.0                   0.0                     0.0                     0.0                  0.1                    0.2                    0.0                   0.0                     0.1                     0.0                  0.1                    0.2                    0.0                   0.1                     0.1                     0.0                  0.1                    0.2                    0.0                   0.1                     0.1                     0.0                  0.1                    0.2                    0.0                   0.1                     0.1                     0.0                  0.0                    0.1                    0.0                   0.0                     0.0                     0.0                   0.0                     0.0                     0.0                    0.0                      0.0                      0.0
32                         0.8                    0.2                    0.1                   0.4                     0.2                     0.1                  0.0                    0.1                    0.0                   0.0                     0.0                     0.0                  0.0                    0.0                    0.0                   0.0                     0.0                     0.0                  0.0                    0.0                    0.0                   0.0                     0.0                     0.0                  0.1                    0.1                    0.0                   0.0                     0.0                     0.0                  0.1                    0.1                    0.0                   0.0                     0.1                     0.0                  0.0                    0.1                    0.0                   0.0                     0.0                     0.0                  0.1                    0.1                    0.0                   0.0                     0.1                     0.0                  0.0                    0.0                    0.0                   0.0                     0.0                     0.0                   0.0                     0.0                     0.0                    0.0                      0.0                      0.0
33                         0.8                    0.2                    0.1                   0.3                     0.2                     0.0                  0.0                    0.0                    0.0                   0.0                     0.0                     0.0                  0.0                    0.0                    0.0                   0.0                     0.0                     0.0                  0.0                    0.0                    0.0                   0.0                     0.0                     0.0                  0.0                    0.0                    0.0                   0.0                     0.0                     0.0                  0.0                    0.1                    0.0                   0.0                     0.0                     0.0                  0.0                    0.0                    0.0                   0.0                     0.0                     0.0                  0.0                    0.1                    0.0                   0.0                     0.0                     0.0                  0.0                    0.0                    0.0                   0.0                     0.0                     0.0                   0.0                     0.0                     0.0                    0.0                      0.0                      0.0
34                         0.7                    0.1                    0.0                   0.2                     0.1                     0.0                  0.0                    0.0                    0.0                   0.0                     0.0                     0.0                  0.0                    0.0                    0.0                   0.0                     0.0                     0.0                  0.0                    0.0                    0.0                   0.0                     0.0                     0.0                  0.0                    0.0                    0.0                   0.0                     0.0                     0.0                  0.0                    0.0                    0.0                   0.0                     0.0                     0.0                  0.0                    0.0                    0.0                   0.0                     0.0                     0.0                  0.0                    0.0                    0.0                   0.0                     0.0                     0.0                  0.0                    0.0                    0.0                   0.0                     0.0                     0.0                   0.0                     0.0                     0.0                    0.0                      0.0                      0.0
35                         0.5                    0.1                    0.0                   0.1                     0.1                     0.0                  0.0                    0.0                    0.0                   0.0                     0.0                     0.0                  0.0                    0.0                    0.0                   0.0                     0.0                     0.0                  0.0                    0.0                    0.0                   0.0                     0.0                     0.0                  0.0                    0.0                    0.0                   0.0                     0.0                     0.0                  0.0                    0.0                    0.0                   0.0                     0.0                     0.0                  0.0                    0.0                    0.0                   0.0                     0.0                     0.0                  0.0                    0.0                    0.0                   0.0                     0.0                     0.0                  0.0                    0.0                    0.0                   0.0                     0.0                     0.0                   0.0                     0.0                     0.0                    0.0                      0.0                      0.0
36                         0.4                    0.1                    0.0                   0.1                     0.1                     0.0                  0.0                    0.0                    0.0                   0.0                     0.0                     0.0                  0.0                    0.0                    0.0                   0.0                     0.0                     0.0                  0.0                    0.0                    0.0                   0.0                     0.0                     0.0                  0.0                    0.0                    0.0                   0.0                     0.0                     0.0                  0.0                    0.0                    0.0                   0.0                     0.0                     0.0                  0.0                    0.0                    0.0                   0.0                     0.0                     0.0                  0.0                    0.0                    0.0                   0.0                     0.0                     0.0                  0.0                    0.0                    0.0                   0.0                     0.0                     0.0                   0.0                     0.0                     0.0                    0.0                      0.0                      0.0
37                         0.3                    0.1                    0.0                   0.1                     0.0                     0.0                  0.0                    0.0                    0.0                   0.0                     0.0                     0.0                  0.0                    0.0                    0.0                   0.0                     0.0                     0.0                  0.0                    0.0                    0.0                   0.0                     0.0                     0.0                  0.0                    0.0                    0.0                   0.0                     0.0                     0.0                  0.0                    0.0                    0.0                   0.0                     0.0                     0.0                  0.0                    0.0                    0.0                   0.0                     0.0                     0.0                  0.0                    0.0                    0.0                   0.0                     0.0                     0.0                  0.0                    0.0                    0.0                   0.0                     0.0                     0.0                   0.0                     0.0                     0.0                    0.0                      0.0                      0.0
38                         0.2                    0.0                    0.0                   0.0                     0.0                     0.0                  0.0                    0.0                    0.0                   0.0                     0.0                     0.0                  0.0                    0.0                    0.0                   0.0                     0.0                     0.0                  0.0                    0.0                    0.0                   0.0                     0.0                     0.0                  0.0                    0.0                    0.0                   0.0                     0.0                     0.0                  0.0                    0.0                    0.0                   0.0                     0.0                     0.0                  0.0                    0.0                    0.0                   0.0                     0.0                     0.0                  0.0                    0.0                    0.0                   0.0                     0.0                     0.0                  0.0                    0.0                    0.0                   0.0                     0.0                     0.0                   0.0                     0.0                     0.0                    0.0                      0.0                      0.0
39                         0.0                    0.0                    0.0                   0.0                     0.0                     0.0                  0.0                    0.0                    0.0                   0.0                     0.0                     0.0                  0.0                    0.0                    0.0                   0.0                     0.0                     0.0                  0.0                    0.0                    0.0                   0.0                     0.0                     0.0                  0.0                    0.0                    0.0                   0.0                     0.0                     0.0                  0.0                    0.0                    0.0                   0.0                     0.0                     0.0                  0.0                    0.0                    0.0                   0.0                     0.0                     0.0                  0.0                    0.0                    0.0                   0.0                     0.0                     0.0                  0.0                    0.0                    0.0                   0.0                     0.0                     0.0                   0.0                     0.0                     0.0                    0.0                      0.0                      0.0
40                         0.0                    0.0                    0.0                   0.0                     0.0                     0.0                  0.0                    0.0                    0.0                   0.0                     0.0                     0.0                  0.0                    0.0                    0.0                   0.0                     0.0                     0.0                  0.0                    0.0                    0.0                   0.0                     0.0                     0.0                  0.0                    0.0                    0.0                   0.0                     0.0                     0.0                  0.0                    0.0                    0.0                   0.0                     0.0                     0.0                  0.0                    0.0                    0.0                   0.0                     0.0                     0.0                  0.0                    0.0                    0.0                   0.0                     0.0                     0.0                  0.0                    0.0                    0.0                   0.0                     0.0                     0.0                   0.0                     0.0                     0.0                    0.0                      0.0                      0.0
41                         0.0                    0.0                    0.0                   0.0                     0.0                     0.0                  0.0                    0.0                    0.0                   0.0                     0.0                     0.0                  0.0                    0.0                    0.0                   0.0                     0.0                     0.0                  0.0                    0.0                    0.0                   0.0                     0.0                     0.0                  0.0                    0.0                    0.0                   0.0                     0.0                     0.0                  0.0                    0.0                    0.0                   0.0                     0.0                     0.0                  0.0                    0.0                    0.0                   0.0                     0.0                     0.0                  0.0                    0.0                    0.0                   0.0                     0.0                     0.0                  0.0                    0.0                    0.0                   0.0                     0.0                     0.0                   0.0                     0.0                     0.0                    0.0                      0.0                      0.0
42                         0.0                    0.0                    0.0                   0.0                     0.0                     0.0                  0.0                    0.0                    0.0                   0.0                     0.0                     0.0                  0.0                    0.0                    0.0                   0.0                     0.0                     0.0                  0.0                    0.0                    0.0                   0.0                     0.0                     0.0                  0.0                    0.0                    0.0                   0.0                     0.0                     0.0                  0.0                    0.0                    0.0                   0.0                     0.0                     0.0                  0.0                    0.0                    0.0                   0.0                     0.0                     0.0                  0.0                    0.0                    0.0                   0.0                     0.0                     0.0                  0.0                    0.0                    0.0                   0.0                     0.0                     0.0                   0.0                     0.0                     0.0                    0.0                      0.0                      0.0
43                         0.0                    0.0                    0.0                   0.0                     0.0                     0.0                  0.0                    0.0                    0.0                   0.0                     0.0                     0.0                  0.0                    0.0                    0.0                   0.0                     0.0                     0.0                  0.0                    0.0                    0.0                   0.0                     0.0                     0.0                  0.0                    0.0                    0.0                   0.0                     0.0                     0.0                  0.0                    0.0                    0.0                   0.0                     0.0                     0.0                  0.0                    0.0                    0.0                   0.0                     0.0                     0.0                  0.0                    0.0                    0.0                   0.0                     0.0                     0.0                  0.0                    0.0                    0.0                   0.0                     0.0                     0.0                   0.0                     0.0                     0.0                    0.0                      0.0                      0.0

written /projects/disruptsc/runs/rhine2026/compare_runs_batch_jobs_20261007_paired.csv
