== cumulated value-added loss (mUSD), % of a quarter, peak week (% of a week's VA), loss weeks (> 0.01 % of a week) ==
   gross = weekly shortfalls clipped at zero; net = backlog left at the end for goods and construction (A-F) + gross for the perishable sectors; delay = carrying cost of the backlog while outstanding
run                        2026_s30_seed1_base  2026_s30_seed1_stock7  2026_s30_seed1_deep20  2026_s30_seed1_fleet  2026_s30_seed1_stock7t  2026_s30_seed1_package  2026_s30_seed2_base  2026_s30_seed2_stock7  2026_s30_seed2_deep20  2026_s30_seed2_fleet  2026_s30_seed2_stock7t  2026_s30_seed2_package  2026_s30_seed3_base  2026_s30_seed3_stock7  2026_s30_seed3_deep20  2026_s30_seed3_fleet  2026_s30_seed3_stock7t  2026_s30_seed3_package  2026_s30_seed4_base  2026_s30_seed4_stock7  2026_s30_seed4_deep20  2026_s30_seed4_fleet  2026_s30_seed4_stock7t  2026_s30_seed4_package  2026_s30_seed5_base  2026_s30_seed5_stock7  2026_s30_seed5_deep20  2026_s30_seed5_fleet  2026_s30_seed5_stock7t  2026_s30_seed5_package  2026_s30_seed6_base  2026_s30_seed6_stock7  2026_s30_seed6_deep20  2026_s30_seed6_fleet  2026_s30_seed6_stock7t  2026_s30_seed6_package  2026_s30_seed7_base  2026_s30_seed7_stock7  2026_s30_seed7_deep20  2026_s30_seed7_fleet  2026_s30_seed7_stock7t  2026_s30_seed7_package  2026_s30_seed8_base  2026_s30_seed8_stock7  2026_s30_seed8_deep20  2026_s30_seed8_fleet  2026_s30_seed8_stock7t  2026_s30_seed8_package  2026_s30_seed9_base  2026_s30_seed9_stock7  2026_s30_seed9_deep20  2026_s30_seed9_fleet  2026_s30_seed9_stock7t  2026_s30_seed9_package  2026_s30_seed10_base  2026_s30_seed10_stock7  2026_s30_seed10_deep20  2026_s30_seed10_fleet  2026_s30_seed10_stock7t  2026_s30_seed10_package
weeks                                   43.000                 43.000                 43.000                43.000                  43.000                  43.000               43.000                 43.000                 43.000                43.000                  43.000                  43.000               43.000                 43.000                 43.000                43.000                  43.000                  43.000               43.000                 43.000                 43.000                43.000                  43.000                  43.000               43.000                 43.000                 43.000                43.000                  43.000                  43.000               43.000                 43.000                 43.000                43.000                  43.000                  43.000               43.000                 43.000                 43.000                43.000                  43.000                  43.000               43.000                 43.000                 43.000                43.000                  43.000                  43.000               43.000                 43.000                 43.000                43.000                  43.000                  43.000                43.000                  43.000                  43.000                 43.000                   43.000                   43.000
EU_cum_mUSD                          13779.000              10391.000               9001.000             11641.000               11273.000                4381.000            17295.000              10594.000              10491.000             14516.000               13807.000                3856.000             9752.000               6916.000               5829.000              7998.000                7842.000                2489.000            17566.000              10564.000              10436.000             14616.000               14098.000                3401.000            19364.000              12868.000              12581.000             16517.000               15899.000                5407.000            18603.000              11419.000              11333.000             15265.000               15232.000                4375.000            14607.000               7610.000               9529.000             12837.000               10145.000                2822.000            13043.000               8348.000               9117.000             11528.000                9447.000                3793.000             9690.000               7229.000               6013.000              8038.000                8131.000                2911.000             19508.000               10019.000               13055.000              17361.000                14277.000                 3993.000
EU_%quarter                              0.335                  0.253                  0.219                 0.283                   0.274                   0.107                0.421                  0.258                  0.255                 0.353                   0.336                   0.094                0.237                  0.168                  0.142                 0.194                   0.191                   0.061                0.427                  0.257                  0.254                 0.355                   0.343                   0.083                0.471                  0.313                  0.306                 0.402                   0.387                   0.131                0.452                  0.278                  0.276                 0.371                   0.370                   0.106                0.355                  0.185                  0.232                 0.312                   0.247                   0.069                0.317                  0.203                  0.222                 0.280                   0.230                   0.092                0.236                  0.176                  0.146                 0.195                   0.198                   0.071                 0.474                   0.244                   0.317                  0.422                    0.347                    0.097
EU_peak_%week                            0.460                  0.437                  0.340                 0.473                   0.447                   0.175                0.656                  0.494                  0.435                 0.678                   0.601                   0.177                0.376                  0.353                  0.255                 0.385                   0.360                   0.104                0.683                  0.519                  0.446                 0.693                   0.642                   0.191                0.640                  0.545                  0.468                 0.667                   0.622                   0.243                0.615                  0.491                  0.419                 0.617                   0.596                   0.202                0.584                  0.394                  0.413                 0.644                   0.438                   0.116                0.423                  0.359                  0.330                 0.455                   0.371                   0.165                0.356                  0.329                  0.242                 0.360                   0.340                   0.120                 0.672                   0.415                   0.451                  0.682                    0.599                    0.176
firms<99%_peak_%                         3.270                  2.890                  3.220                 3.330                   3.040                   2.500                4.080                  3.020                  3.470                 3.730                   3.430                   2.360                3.270                  2.900                  3.090                 3.360                   3.100                   2.360                3.870                  3.180                  3.450                 3.820                   3.540                   2.350                3.700                  3.120                  3.610                 3.800                   3.610                   2.680                3.930                  3.160                  3.420                 3.660                   3.550                   2.650                3.500                  2.890                  3.390                 3.600                   3.160                   2.320                3.720                  3.020                  3.500                 3.780                   3.250                   2.580                3.040                  2.710                  2.910                 3.210                   2.940                   2.330                 4.390                   3.030                   4.170                  4.340                    3.690                    2.440
cons_loss_cum_mUSD                   13912.000               9311.000               8323.000             11302.000               11364.000                3330.000            22375.000              12502.000              13136.000             18348.000               18224.000                4627.000            12470.000               7598.000               6778.000              9783.000                9903.000                2292.000            22067.000              11578.000              11760.000             17527.000               17798.000                3385.000            23265.000              13433.000              13745.000             19109.000               19308.000                5005.000            21867.000              11760.000              12194.000             17020.000               18191.000                4436.000            17008.000               8885.000              10548.000             14309.000               12722.000                3173.000            15569.000               9943.000              10210.000             13278.000               12030.000                4261.000            11701.000               7652.000               6702.000              9440.000                9680.000                2708.000             22571.000               10790.000               13737.000              19350.000                17419.000                 4258.000
cons_loss_peak_%                         0.434                  0.393                  0.324                 0.443                   0.421                   0.100                0.813                  0.543                  0.511                 0.784                   0.748                   0.170                0.478                  0.438                  0.349                 0.486                   0.462                   0.075                0.887                  0.581                  0.533                 0.860                   0.828                   0.141                0.799                  0.612                  0.566                 0.800                   0.774                   0.176                0.689                  0.458                  0.417                 0.616                   0.648                   0.161                0.642                  0.424                  0.457                 0.674                   0.494                   0.108                0.486                  0.411                  0.377                 0.500                   0.440                   0.142                0.419                  0.355                  0.289                 0.422                   0.385                   0.083                 0.857                   0.386                   0.467                  0.832                    0.778                    0.150
DEU_net_mUSD                         10686.000               7766.000               6923.000              8991.000                8470.000                3103.000            14886.000               9042.000               9029.000             12412.000               11809.000                3031.000             7103.000               4721.000               4041.000              5662.000                5568.000                1459.000            15079.000               9061.000               8943.000             12421.000               12066.000                2683.000            17136.000              11161.000              11084.000             14567.000               13985.000                4493.000            15455.000               9705.000               9672.000             12983.000               12539.000                3607.000            12057.000               6168.000               7982.000             10530.000                8327.000                2120.000            11125.000               6879.000               7798.000              9858.000                7851.000                2980.000             6519.000               4734.000               3846.000              5248.000                5440.000                1636.000             17313.000                8801.000               11639.000              15382.000                12589.000                 3289.000
DEU_delay_mUSD                         359.600                217.900                210.200               292.600                 270.500                  60.800              417.300                208.800                196.600               317.000                 323.800                  46.300              249.300                131.800                108.100               180.000                 191.600                  14.500              368.600                168.000                147.700               266.600                 284.400                  22.500              482.700                265.900                258.500               383.300                 382.600                  70.900              432.800                238.800                232.100               343.100                 343.700                  66.800              370.000                190.300                214.900               306.000                 270.000                  56.800              368.100                198.600                225.100               308.400                 244.500                  56.800              162.900                 90.600                 72.400               118.900                 134.100                  11.300               371.400                 140.800                 188.900                304.000                  286.100                   38.700
DEU_net_deferrable_mUSD               4459.000               2769.000               2707.000              3701.000                3395.000                 800.000             5398.000               2732.000               2591.000              4163.000                4255.000                 585.000             3215.000               1742.000               1447.000              2359.000                2541.000                 177.000             4867.000               2213.000               1975.000              3577.000                3814.000                 270.000             6259.000               3441.000               3414.000              5040.000                5046.000                 920.000             5381.000               3031.000               2937.000              4309.000                4353.000                 853.000             4655.000               2441.000               2808.000              3920.000                3433.000                 742.000             4628.000               2519.000               2919.000              3947.000                3107.000                 741.000             2049.000               1162.000                943.000              1520.000                1729.000                 129.000              4836.000                1797.000                2481.000               4030.000                 3753.000                  486.000
DEU_gross_perishable_mUSD             6226.000               4997.000               4217.000              5290.000                5075.000                2303.000             9488.000               6310.000               6438.000              8249.000                7554.000                2445.000             3888.000               2979.000               2594.000              3303.000                3026.000                1282.000            10212.000               6848.000               6968.000              8844.000                8252.000                2413.000            10877.000               7720.000               7670.000              9526.000                8938.000                3574.000            10074.000               6674.000               6735.000              8674.000                8186.000                2754.000             7402.000               3728.000               5173.000              6611.000                4893.000                1378.000             6497.000               4360.000               4879.000              5911.000                4743.000                2240.000             4471.000               3572.000               2903.000              3727.000                3711.000                1507.000             12478.000                7003.000                9158.000              11352.000                 8836.000                 2804.000
EU_net_mUSD                          12652.000               9606.000               8365.000             10729.000               10317.000                4221.000            16018.000               9919.000               9882.000             13456.000               12764.000                3700.000             9022.000               6388.000               5439.000              7379.000                7258.000                2399.000            16498.000               9890.000               9880.000             13709.000               13216.000                3247.000            18321.000              12090.000              12000.000             15661.000               15023.000                5200.000            16896.000              10430.000              10464.000             13959.000               13824.000                4143.000            13363.000               6976.000               8882.000             11716.000                9260.000                2672.000            12246.000               7824.000               8672.000             10894.000                8864.000                3655.000             9005.000               6734.000               5639.000              7489.000                7560.000                2797.000             18505.000                9522.000               12495.000              16477.000                13426.000                 3803.000
EU_delay_mUSD                          422.300                281.400                258.800               349.900                 334.700                 106.100              455.600                249.600                227.600               352.500                 362.400                  79.000              359.500                230.400                186.000               277.400                 290.700                  68.200              420.800                215.100                184.600               312.900                 337.000                  54.500              525.500                309.700                292.600               423.200                 425.400                 105.900              499.300                280.700                263.600               380.900                 413.400                  97.700              426.200                235.700                250.600               356.600                 313.600                  89.400              422.800                252.500                265.400               357.000                 301.100                  93.800              270.500                178.400                146.600               215.100                 225.300                  61.100               399.800                 173.200                 209.300                328.800                  315.000                   63.100
EU_net_deferrable_mUSD                5273.000               3597.000               3336.000              4443.000                4227.000                1393.000             5865.000               3235.000               2974.000              4598.000                4728.000                1006.000             4664.000               3047.000               2481.000              3647.000                3851.000                 901.000             5509.000               2792.000               2435.000              4152.000                4463.000                 678.000             6774.000               3980.000               3834.000              5524.000                5566.000                1367.000             6269.000               3545.000               3324.000              4769.000                5291.000                1244.000             5351.000               3018.000               3252.000              4543.000                3982.000                1162.000             5337.000               3226.000               3440.000              4576.000                3846.000                1226.000             3435.000               2294.000               1912.000              2776.000                2909.000                 790.000              5185.000                2191.000                2729.000               4331.000                 4112.000                  787.000
EU_gross_perishable_mUSD              7379.000               6009.000               5029.000              6286.000                6091.000                2827.000            10153.000               6684.000               6908.000              8859.000                8036.000                2695.000             4358.000               3341.000               2958.000              3732.000                3407.000                1498.000            10988.000               7098.000               7445.000              9557.000                8753.000                2569.000            11548.000               8110.000               8166.000             10138.000                9457.000                3833.000            10628.000               6885.000               7140.000              9190.000                8533.000                2899.000             8012.000               3957.000               5630.000              7173.000                5278.000                1510.000             6909.000               4598.000               5232.000              6317.000                5018.000                2430.000             5570.000               4440.000               3727.000              4713.000                4651.000                2007.000             13320.000                7331.000                9766.000              12145.000                 9314.000                 3016.000
DEU_cum_mUSD                         11721.000               8456.000               7493.000              9821.000                9331.000                3209.000            16057.000               9620.000               9576.000             13376.000               12743.000                3152.000             7787.000               5198.000               4398.000              6240.000                6103.000                1522.000            16037.000               9638.000               9418.000             13225.000               12837.000                2787.000            18038.000              11828.000              11585.000             15298.000               14730.000                4656.000            16913.000              10560.000              10454.000             14168.000               13683.000                3787.000            13014.000               6718.000               8482.000             11350.000                9093.000                2238.000            11868.000               7355.000               8201.000             10443.000                8380.000                3090.000             7091.000               5129.000               4145.000              5703.000                5910.000                1700.000             18215.000                9182.000               12119.000              16167.000                13339.000                 3420.000
DEU_%quarter                             1.227                  0.885                  0.784                 1.028                   0.977                   0.336                1.681                  1.007                  1.002                 1.400                   1.334                   0.330                0.815                  0.544                  0.460                 0.653                   0.639                   0.159                1.679                  1.009                  0.986                 1.384                   1.344                   0.292                1.888                  1.238                  1.213                 1.601                   1.542                   0.487                1.771                  1.105                  1.094                 1.483                   1.432                   0.396                1.362                  0.703                  0.888                 1.188                   0.952                   0.234                1.242                  0.770                  0.858                 1.093                   0.877                   0.323                0.742                  0.537                  0.434                 0.597                   0.619                   0.178                 1.907                   0.961                   1.269                  1.692                    1.396                    0.358
DEU_peak_%week                           1.749                  1.653                  1.270                 1.802                   1.692                   0.606                2.708                  2.035                  1.775                 2.782                   2.474                   0.695                1.411                  1.322                  0.930                 1.452                   1.349                   0.324                2.752                  2.136                  1.777                 2.774                   2.604                   0.755                2.606                  2.238                  1.903                 2.716                   2.548                   0.961                2.520                  2.026                  1.699                 2.516                   2.456                   0.817                2.109                  1.596                  1.570                 2.323                   1.736                   0.441                1.700                  1.443                  1.323                 1.829                   1.484                   0.638                1.188                  1.156                  0.798                 1.224                   1.185                   0.331                 2.760                   1.698                   1.830                  2.800                    2.473                    0.702
DEU_peak_week                           16.000                 16.000                 16.000                17.000                  16.000                  16.000               17.000                 17.000                 17.000                17.000                  17.000                  17.000               16.000                 16.000                 16.000                17.000                  16.000                  16.000               17.000                 17.000                 17.000                17.000                  17.000                  17.000               16.000                 16.000                 17.000                17.000                  17.000                  16.000               17.000                 17.000                 17.000                17.000                  17.000                  17.000               16.000                 16.000                 17.000                17.000                  16.000                  16.000               16.000                 16.000                 17.000                17.000                  16.000                  16.000               16.000                 16.000                 16.000                16.000                  16.000                  16.000                17.000                  16.000                  17.000                 17.000                   17.000                   17.000
DEU_loss_weeks                          24.000                 22.000                 22.000                24.000                  22.000                  18.000               23.000                 22.000                 22.000                23.000                  23.000                  17.000               21.000                 17.000                 18.000                21.000                  20.000                  15.000               23.000                 19.000                 19.000                22.000                  22.000                  17.000               23.000                 22.000                 22.000                23.000                  22.000                  17.000               25.000                 22.000                 23.000                25.000                  23.000                  18.000               23.000                 21.000                 22.000                23.000                  22.000                  17.000               23.000                 21.000                 22.000                23.000                  22.000                  17.000               21.000                 19.000                 19.000                21.000                  20.000                  17.000                23.000                  20.000                  21.000                 24.000                   22.000                   17.000

== other countries ==
run                        2026_s30_seed1_base  2026_s30_seed1_stock7  2026_s30_seed1_deep20  2026_s30_seed1_fleet  2026_s30_seed1_stock7t  2026_s30_seed1_package  2026_s30_seed2_base  2026_s30_seed2_stock7  2026_s30_seed2_deep20  2026_s30_seed2_fleet  2026_s30_seed2_stock7t  2026_s30_seed2_package  2026_s30_seed3_base  2026_s30_seed3_stock7  2026_s30_seed3_deep20  2026_s30_seed3_fleet  2026_s30_seed3_stock7t  2026_s30_seed3_package  2026_s30_seed4_base  2026_s30_seed4_stock7  2026_s30_seed4_deep20  2026_s30_seed4_fleet  2026_s30_seed4_stock7t  2026_s30_seed4_package  2026_s30_seed5_base  2026_s30_seed5_stock7  2026_s30_seed5_deep20  2026_s30_seed5_fleet  2026_s30_seed5_stock7t  2026_s30_seed5_package  2026_s30_seed6_base  2026_s30_seed6_stock7  2026_s30_seed6_deep20  2026_s30_seed6_fleet  2026_s30_seed6_stock7t  2026_s30_seed6_package  2026_s30_seed7_base  2026_s30_seed7_stock7  2026_s30_seed7_deep20  2026_s30_seed7_fleet  2026_s30_seed7_stock7t  2026_s30_seed7_package  2026_s30_seed8_base  2026_s30_seed8_stock7  2026_s30_seed8_deep20  2026_s30_seed8_fleet  2026_s30_seed8_stock7t  2026_s30_seed8_package  2026_s30_seed9_base  2026_s30_seed9_stock7  2026_s30_seed9_deep20  2026_s30_seed9_fleet  2026_s30_seed9_stock7t  2026_s30_seed9_package  2026_s30_seed10_base  2026_s30_seed10_stock7  2026_s30_seed10_deep20  2026_s30_seed10_fleet  2026_s30_seed10_stock7t  2026_s30_seed10_package
NLD_net_mUSD                           279.000                295.000                238.000               264.000                 292.000                 238.000               96.000                103.000                106.000               102.000                  90.000                 139.000              281.000                290.000                233.000               267.000                 291.000                 224.000              151.000                183.000                136.000               149.000                 154.000                 170.000              140.000                129.000                123.000               141.000                 143.000                 153.000               87.000                 99.000                 94.000                95.000                  87.000                 126.000               98.000                126.000                101.000               100.000                  83.000                 142.000              169.000                195.000                154.000               164.000                 180.000                 178.000              286.000                280.000                235.000               270.000                 297.000                 221.000                61.000                  71.000                  54.000                 59.000                   50.000                  101.000
NLD_delay_mUSD                          19.100                 19.700                 16.100                18.100                  19.500                  15.400                6.600                  8.200                  7.400                 7.100                   6.400                   9.600               19.600                 19.800                 15.700                18.400                  19.800                  14.400               11.400                 13.000                  9.700                11.000                  11.300                  11.000                8.900                 10.000                  8.800                 9.100                   8.600                  10.500                6.700                  7.700                  7.200                 7.100                   6.300                   8.800                6.500                  9.100                  6.800                 6.700                   5.800                   9.700               12.600                 13.900                 11.300                12.200                  13.000                  12.000               18.900                 19.100                 15.300                17.800                  19.100                  14.200                 3.400                   5.800                   3.300                  3.400                    3.400                    7.100
NLD_net_deferrable_mUSD                248.000                259.000                210.000               234.000                 255.000                 204.000               59.000                 81.000                 78.000                68.000                  57.000                 116.000              251.000                255.000                206.000               237.000                 255.000                 191.000              129.000                153.000                115.000               126.000                 129.000                 138.000               87.000                102.000                 96.000                95.000                  84.000                 127.000               59.000                 77.000                 77.000                70.000                  57.000                 103.000               65.000                104.000                 73.000                68.000                  56.000                 118.000              152.000                173.000                138.000               148.000                 159.000                 154.000              240.000                246.000                199.000               229.000                 245.000                 189.000                29.000                  48.000                  29.000                 29.000                   30.000                   77.000
NLD_gross_perishable_mUSD               31.000                 36.000                 28.000                30.000                  37.000                  35.000               37.000                 22.000                 28.000                34.000                  33.000                  24.000               30.000                 35.000                 28.000                30.000                  36.000                  34.000               22.000                 29.000                 21.000                22.000                  24.000                  32.000               53.000                 26.000                 27.000                47.000                  59.000                  26.000               27.000                 23.000                 18.000                25.000                  30.000                  22.000               33.000                 22.000                 28.000                32.000                  28.000                  24.000               17.000                 22.000                 16.000                17.000                  21.000                  24.000               46.000                 34.000                 35.000                42.000                  52.000                  32.000                32.000                  22.000                  24.000                 31.000                   20.000                   24.000
AUT_net_mUSD                            64.000                 51.000                 29.000                50.000                  59.000                  18.000              125.000                 48.000                 75.000               111.000                  58.000                  22.000              115.000                 49.000                 79.000               103.000                  58.000                  21.000              253.000                 29.000                172.000               231.000                  47.000                   9.000              125.000                 46.000                 86.000               113.000                  59.000                  21.000              158.000                 44.000                110.000               146.000                  61.000                  18.000              153.000                 36.000                114.000               142.000                  43.000                  11.000              141.000                 51.000                 98.000               133.000                  58.000                  22.000               62.000                 50.000                 23.000                46.000                  59.000                  18.000               219.000                  44.000                 151.000                200.000                   59.000                   19.000
AUT_delay_mUSD                           3.700                  3.300                  1.600                 2.800                   3.800                   1.300                3.600                  3.300                  1.500                 2.600                   3.700                   1.500                3.700                  3.200                  1.400                 2.700                   3.800                   1.400                2.300                  1.900                  0.600                 1.400                   2.400                   0.600                3.500                  3.200                  1.500                 2.600                   3.600                   1.500                3.300                  3.000                  1.300                 2.400                   3.400                   1.200                2.700                  2.400                  0.700                 1.900                   2.800                   0.800                3.800                  3.500                  1.700                 2.900                   4.000                   1.500                3.700                  3.300                  1.300                 2.700                   3.800                   1.200                 3.200                   3.000                   1.300                  2.200                    3.200                    1.300
AUT_net_deferrable_mUSD                 52.000                 47.000                 21.000                38.000                  53.000                  16.000               50.000                 46.000                 20.000                36.000                  52.000                  20.000               51.000                 45.000                 19.000                37.000                  53.000                  19.000               32.000                 27.000                  7.000                19.000                  33.000                   7.000               48.000                 44.000                 19.000                36.000                  49.000                  20.000               45.000                 42.000                 16.000                33.000                  47.000                  17.000               38.000                 34.000                  9.000                26.000                  40.000                  10.000               52.000                 48.000                 22.000                40.000                  55.000                  20.000               52.000                 46.000                 17.000                38.000                  54.000                  16.000                44.000                  42.000                  17.000                 29.000                   45.000                   18.000
AUT_gross_perishable_mUSD               12.000                  4.000                  8.000                11.000                   6.000                   2.000               75.000                  3.000                 55.000                74.000                   7.000                   2.000               64.000                  4.000                 60.000                66.000                   5.000                   2.000              221.000                  2.000                165.000               212.000                  14.000                   1.000               78.000                  2.000                 67.000                78.000                  10.000                   1.000              113.000                  2.000                 94.000               112.000                  14.000                   1.000              115.000                  3.000                104.000               116.000                   3.000                   1.000               89.000                  3.000                 76.000                92.000                   3.000                   1.000                9.000                  4.000                  6.000                 8.000                   5.000                   1.000               176.000                   2.000                 134.000                170.000                   14.000                    1.000
FRA_net_mUSD                          1191.000               1046.000                810.000              1013.000                1048.000                 501.000              413.000                322.000                304.000               364.000                 337.000                 171.000             1109.000                908.000                741.000               954.000                 908.000                 365.000              529.000                307.000                324.000               450.000                 474.000                 130.000              478.000                379.000                363.000               431.000                 391.000                 216.000              710.000                218.000                216.000               284.000                 705.000                 102.000              631.000                294.000                335.000               539.000                 428.000                 108.000              409.000                307.000                288.000               355.000                 373.000                 154.000             1786.000               1330.000               1255.000              1596.000                1404.000                 657.000               431.000                 319.000                 305.000                384.000                  346.000                  164.000
FRA_delay_mUSD                          12.300                 11.700                  8.200                10.500                  12.600                   6.600                3.500                  2.900                  1.900                 2.700                   3.500                   1.200               61.000                 49.200                 40.200                52.200                  49.200                  19.000               19.700                 11.700                 11.600                16.500                  19.700                   5.300                7.100                  5.800                  4.400                 6.000                   6.900                   3.100               36.200                  8.900                  5.800                 8.900                  39.300                   2.900               26.600                 11.300                 11.400                22.900                  14.100                   4.600               14.300                 11.300                  7.800                11.000                  15.000                   4.100               63.900                 43.700                 40.800                56.200                  46.800                  18.700                 5.100                   4.800                   2.600                  3.900                    5.400                    2.000
FRA_net_deferrable_mUSD                144.000                136.000                 96.000               124.000                 147.000                  77.000               43.000                 36.000                 23.000                34.000                  44.000                  14.000              813.000                663.000                541.000               701.000                 663.000                 264.000              246.000                140.000                146.000               209.000                 246.000                  64.000               82.000                 70.000                 54.000                71.000                  83.000                  38.000              525.000                106.000                 73.000               111.000                 572.000                  34.000              330.000                145.000                144.000               284.000                 184.000                  59.000              192.000                152.000                105.000               148.000                 201.000                  53.000              824.000                558.000                535.000               736.000                 605.000                 249.000                66.000                  62.000                  33.000                 50.000                   70.000                   24.000
FRA_gross_perishable_mUSD             1047.000                910.000                714.000               889.000                 900.000                 425.000              369.000                286.000                281.000               330.000                 294.000                 157.000              297.000                244.000                200.000               253.000                 245.000                 101.000              283.000                166.000                179.000               241.000                 228.000                  66.000              396.000                309.000                309.000               360.000                 308.000                 177.000              186.000                112.000                143.000               173.000                 133.000                  68.000              301.000                149.000                191.000               255.000                 245.000                  49.000              217.000                155.000                183.000               207.000                 173.000                 101.000              963.000                772.000                721.000               861.000                 799.000                 408.000               365.000                 257.000                 272.000                333.000                  276.000                  140.000
CHE_net_mUSD                             7.000                  7.000                  5.000                 6.000                   7.000                   5.000               14.000                  6.000                  6.000                12.000                  14.000                   4.000               10.000                  6.000                  7.000                 9.000                   9.000                   4.000                8.000                  6.000                  5.000                 7.000                   8.000                   4.000               11.000                  7.000                  7.000                10.000                  11.000                   4.000               21.000                  7.000                 12.000                19.000                  22.000                   5.000                6.000                  7.000                  5.000                 6.000                   6.000                   4.000                8.000                  7.000                  6.000                 8.000                   8.000                   4.000                6.000                  6.000                  4.000                 5.000                   6.000                   4.000                23.000                   6.000                  14.000                 20.000                   23.000                    4.000
CHE_delay_mUSD                           0.500                  0.500                  0.400                 0.400                   0.500                   0.300                0.500                  0.500                  0.400                 0.400                   0.500                   0.300                0.800                  0.500                  0.600                 0.700                   0.700                   0.300                0.400                  0.500                  0.300                 0.400                   0.500                   0.300                0.500                  0.500                  0.400                 0.400                   0.500                   0.300                0.500                  0.500                  0.400                 0.400                   0.500                   0.300                0.500                  0.500                  0.400                 0.400                   0.500                   0.300                0.600                  0.500                  0.500                 0.600                   0.600                   0.300                0.400                  0.400                  0.300                 0.400                   0.400                   0.300                 0.400                   0.500                   0.300                  0.400                    0.400                    0.300
CHE_net_deferrable_mUSD                  6.000                  7.000                  5.000                 6.000                   6.000                   5.000                6.000                  6.000                  5.000                 6.000                   6.000                   4.000               10.000                  6.000                  7.000                 9.000                   9.000                   4.000                6.000                  6.000                  4.000                 5.000                   6.000                   4.000                6.000                  7.000                  5.000                 6.000                   6.000                   4.000                6.000                  7.000                  5.000                 6.000                   7.000                   5.000                6.000                  6.000                  5.000                 6.000                   6.000                   4.000                8.000                  6.000                  6.000                 7.000                   8.000                   4.000                5.000                  6.000                  4.000                 5.000                   6.000                   4.000                 6.000                   6.000                   4.000                  5.000                    6.000                    4.000
CHE_gross_perishable_mUSD                0.000                  0.000                  0.000                 0.000                   0.000                   0.000                8.000                  0.000                  2.000                 6.000                   8.000                   0.000                0.000                  0.000                  0.000                 0.000                   0.000                   0.000                2.000                  0.000                  1.000                 2.000                   2.000                   0.000                5.000                  0.000                  3.000                 4.000                   5.000                   0.000               15.000                  0.000                  7.000                13.000                  15.000                   0.000                0.000                  0.000                  0.000                 0.000                   0.000                   0.000                0.000                  0.000                  0.000                 0.000                   0.000                   0.000                0.000                  0.000                  0.000                 0.000                   0.000                   0.000                17.000                   0.000                   9.000                 15.000                   17.000                    0.000
BEL_net_mUSD                            17.000                 22.000                 22.000                20.000                  22.000                  29.000               13.000                 19.000                 14.000                15.000                  16.000                  25.000               53.000                 57.000                 47.000                52.000                  57.000                  48.000               25.000                 23.000                 19.000                25.000                  27.000                  30.000               10.000                 15.000                 12.000                12.000                  13.000                  21.000               13.000                 10.000                  9.000                12.000                  14.000                  17.000               24.000                 19.000                 21.000                22.000                  25.000                  24.000               23.000                  8.000                 24.000                23.000                  25.000                  14.000               42.000                 46.000                 39.000                42.000                  47.000                  42.000                15.000                  14.000                  10.000                 13.000                   17.000                   17.000
BEL_delay_mUSD                           1.200                  1.300                  1.400                 1.300                   1.300                   1.600                0.600                  1.000                  0.800                 0.800                   0.700                   1.300                2.900                  2.900                  2.400                 2.700                   3.000                   2.200                0.800                  1.200                  0.900                 0.900                   0.800                   1.500                0.600                  0.800                  0.800                 0.700                   0.600                   1.100                0.300                  0.300                  0.400                 0.300                   0.300                   0.800                0.300                  1.000                  0.500                 0.400                   0.300                   1.200                0.200                  0.200                  0.400                 0.300                   0.200                   0.700                2.500                  2.500                  2.100                 2.400                   2.500                   2.000                 0.500                   0.600                   0.400                  0.500                    0.500                    0.900
BEL_net_deferrable_mUSD                 10.000                 11.000                 15.000                12.000                  11.000                  18.000                3.000                  8.000                  7.000                 5.000                   3.000                  14.000               35.000                 36.000                 30.000                34.000                  36.000                  28.000                4.000                 10.000                  8.000                 6.000                   5.000                  17.000                2.000                  5.000                  6.000                 4.000                   2.000                  12.000                0.000                  0.000                  1.000                 0.000                   0.000                   7.000                0.000                 10.000                  3.000                 0.000                   0.000                  14.000                0.000                  0.000                  2.000                 0.000                   0.000                   6.000               29.000                 30.000                 26.000                29.000                  30.000                  26.000                 5.000                   5.000                   4.000                  4.000                    5.000                    7.000
BEL_gross_perishable_mUSD                8.000                 10.000                  8.000                 8.000                  11.000                  11.000               10.000                 11.000                  7.000                10.000                  13.000                  11.000               18.000                 21.000                 17.000                18.000                  21.000                  19.000               20.000                 13.000                 11.000                19.000                  22.000                  13.000                8.000                 10.000                  6.000                 8.000                  11.000                   9.000               13.000                  9.000                  8.000                12.000                  14.000                   9.000               24.000                 10.000                 18.000                22.000                  25.000                  10.000               23.000                  7.000                 22.000                23.000                  24.000                   7.000               13.000                 16.000                 12.000                13.000                  16.000                  16.000                10.000                   9.000                   6.000                  9.000                   12.000                    9.000
NLD_cum_mUSD                           295.000                311.000                251.000               280.000                 308.000                 248.000              156.000                154.000                139.000               156.000                 150.000                 154.000              296.000                304.000                242.000               279.000                 304.000                 230.000              188.000                214.000                163.000               184.000                 189.000                 187.000              200.000                186.000                161.000               194.000                 205.000                 171.000              150.000                157.000                133.000               149.000                 151.000                 147.000              146.000                160.000                134.000               146.000                 138.000                 154.000              186.000                208.000                168.000               182.000                 195.000                 186.000              303.000                295.000                245.000               284.000                 312.000                 227.000               120.000                 146.000                 104.000                120.000                  109.000                  137.000
NLD_%quarter                             0.126                  0.133                  0.107                 0.120                   0.132                   0.106                0.067                  0.066                  0.059                 0.067                   0.064                   0.066                0.126                  0.130                  0.104                 0.119                   0.130                   0.098                0.080                  0.092                  0.070                 0.078                   0.081                   0.080                0.086                  0.080                  0.069                 0.083                   0.087                   0.073                0.064                  0.067                  0.057                 0.064                   0.065                   0.063                0.062                  0.068                  0.057                 0.062                   0.059                   0.066                0.080                  0.089                  0.072                 0.078                   0.083                   0.080                0.129                  0.126                  0.105                 0.121                   0.133                   0.097                 0.052                   0.062                   0.044                  0.051                    0.047                    0.059
NLD_peak_%week                           0.113                  0.121                  0.107                 0.110                   0.123                   0.092                0.091                  0.105                  0.090                 0.085                   0.089                   0.077                0.117                  0.121                  0.102                 0.109                   0.122                   0.093                0.103                  0.121                  0.098                 0.099                   0.105                   0.083                0.094                  0.112                  0.091                 0.088                   0.098                   0.086                0.084                  0.098                  0.085                 0.075                   0.085                   0.079                0.090                  0.099                  0.089                 0.082                   0.084                   0.077                0.093                  0.099                  0.089                 0.087                   0.094                   0.078                0.112                  0.116                  0.107                 0.120                   0.117                   0.089                 0.095                   0.106                   0.094                  0.085                    0.085                    0.074
NLD_peak_week                            9.000                  9.000                  9.000                 9.000                   9.000                   9.000                8.000                  9.000                  8.000                 9.000                   8.000                   9.000                9.000                  9.000                  9.000                 9.000                   9.000                  17.000                9.000                  9.000                  9.000                 9.000                   9.000                  10.000                8.000                  9.000                  9.000                 9.000                   8.000                   9.000                8.000                  8.000                  8.000                 9.000                   8.000                   9.000                8.000                  9.000                  9.000                 8.000                   8.000                   9.000                8.000                  9.000                  9.000                 9.000                   9.000                   9.000                9.000                  9.000                 17.000                17.000                   9.000                  17.000                 8.000                   9.000                   9.000                  8.000                    8.000                    9.000
NLD_loss_weeks                          24.000                 26.000                 23.000                24.000                  26.000                  24.000               18.000                 15.000                 16.000                17.000                  18.000                  19.000               24.000                 24.000                 20.000                24.000                  24.000                  20.000               21.000                 22.000                 18.000                22.000                  21.000                  19.000               20.000                 22.000                 18.000                21.000                  21.000                  20.000               20.000                 17.000                 18.000                19.000                  20.000                  20.000               18.000                 22.000                 16.000                18.000                  18.000                  19.000               23.000                 24.000                 21.000                23.000                  23.000                  22.000               24.000                 24.000                 20.000                24.000                  24.000                  21.000                17.000                  17.000                  14.000                 17.000                   16.000                   16.000
AUT_cum_mUSD                            66.000                 53.000                 31.000                52.000                  61.000                  20.000              127.000                 50.000                 76.000               112.000                  60.000                  22.000              117.000                 51.000                 81.000               105.000                  60.000                  22.000              256.000                 32.000                174.000               234.000                  50.000                  10.000              127.000                 48.000                 87.000               115.000                  61.000                  21.000              161.000                 46.000                112.000               148.000                  63.000                  19.000              154.000                 38.000                115.000               143.000                  45.000                  11.000              142.000                 52.000                 99.000               134.000                  59.000                  22.000               63.000                 52.000                 25.000                48.000                  61.000                  19.000               221.000                  46.000                 152.000                202.000                   61.000                   19.000
AUT_%quarter                             0.060                  0.049                  0.028                 0.048                   0.056                   0.018                0.116                  0.046                  0.069                 0.102                   0.055                   0.020                0.107                  0.047                  0.073                 0.096                   0.055                   0.020                0.233                  0.029                  0.159                 0.213                   0.046                   0.009                0.116                  0.044                  0.079                 0.105                   0.055                   0.019                0.147                  0.042                  0.102                 0.135                   0.057                   0.017                0.141                  0.034                  0.104                 0.131                   0.041                   0.010                0.130                  0.047                  0.090                 0.122                   0.054                   0.020                0.058                  0.047                  0.022                 0.043                   0.055                   0.017                 0.202                   0.042                   0.139                  0.184                    0.056                    0.018
AUT_peak_%week                           0.096                  0.092                  0.041                 0.095                   0.091                   0.016                0.142                  0.093                  0.117                 0.159                   0.098                   0.018                0.133                  0.097                  0.122                 0.117                   0.101                   0.019                0.309                  0.084                  0.240                 0.359                   0.107                   0.010                0.152                  0.085                  0.111                 0.158                   0.102                   0.017                0.252                  0.087                  0.168                 0.280                   0.108                   0.015                0.174                  0.085                  0.174                 0.168                   0.088                   0.009                0.152                  0.092                  0.123                 0.190                   0.093                   0.018                0.103                  0.097                  0.023                 0.100                   0.101                   0.016                 0.256                   0.093                   0.190                  0.261                    0.110                    0.017
AUT_peak_week                           16.000                 16.000                 18.000                17.000                  16.000                   9.000               16.000                 17.000                  9.000                19.000                  16.000                  16.000               16.000                 17.000                  8.000                16.000                  16.000                  16.000               17.000                 17.000                 18.000                17.000                  17.000                   9.000               16.000                 17.000                  8.000                17.000                  17.000                   9.000               10.000                 16.000                 17.000                17.000                  17.000                   9.000                8.000                 17.000                  8.000                16.000                  16.000                   9.000               16.000                 16.000                  8.000                17.000                  16.000                   9.000               16.000                 17.000                  8.000                17.000                  16.000                   9.000                17.000                  17.000                  18.000                 17.000                   17.000                    9.000
AUT_loss_weeks                          21.000                 18.000                 16.000                20.000                  19.000                  12.000               21.000                 18.000                 17.000                21.000                  18.000                  16.000               21.000                 18.000                 16.000                22.000                  18.000                  15.000               22.000                 10.000                 17.000                21.000                  11.000                   1.000               22.000                 18.000                 18.000                22.000                  18.000                  14.000               18.000                 17.000                 15.000                18.000                  17.000                  10.000               23.000                  9.000                 18.000                22.000                  10.000                   0.000               22.000                 18.000                 19.000                21.000                  18.000                  15.000               20.000                 18.000                 14.000                17.000                  19.000                  11.000                22.000                  18.000                  18.000                 22.000                   17.000                   12.000
FRA_cum_mUSD                          1238.000               1097.000                845.000              1054.000                1096.000                 528.000              426.000                335.000                313.000               375.000                 351.000                 177.000             1122.000                924.000                751.000               965.000                 922.000                 377.000              568.000                341.000                354.000               486.000                 514.000                 149.000              522.000                399.000                383.000               468.000                 424.000                 225.000              858.000                259.000                239.000               315.000                 865.000                 114.000              845.000                324.000                429.000               768.000                 464.000                 116.000              423.000                319.000                297.000               365.000                 388.000                 160.000             1863.000               1394.000               1306.000              1660.000                1469.000                 689.000               440.000                 327.000                 313.000                392.000                  354.000                  169.000
FRA_%quarter                             0.190                  0.169                  0.130                 0.162                   0.169                   0.081                0.065                  0.052                  0.048                 0.058                   0.054                   0.027                0.173                  0.142                  0.116                 0.148                   0.142                   0.058                0.087                  0.052                  0.055                 0.075                   0.079                   0.023                0.080                  0.061                  0.059                 0.072                   0.065                   0.035                0.132                  0.040                  0.037                 0.048                   0.133                   0.018                0.130                  0.050                  0.066                 0.118                   0.071                   0.018                0.065                  0.049                  0.046                 0.056                   0.060                   0.025                0.286                  0.214                  0.201                 0.255                   0.226                   0.106                 0.068                   0.050                   0.048                  0.060                    0.054                    0.026
FRA_peak_%week                           0.241                  0.241                  0.201                 0.252                   0.241                   0.138                0.084                  0.078                  0.069                 0.090                   0.082                   0.048                0.193                  0.185                  0.149                 0.194                   0.186                   0.100                0.140                  0.079                  0.106                 0.158                   0.138                   0.039                0.111                  0.088                  0.083                 0.112                   0.091                   0.059                0.528                  0.066                  0.063                 0.085                   0.629                   0.025                0.493                  0.103                  0.213                 0.550                   0.141                   0.021                0.085                  0.070                  0.065                 0.094                   0.083                   0.034                0.404                  0.307                  0.274                 0.404                   0.314                   0.202                 0.087                   0.077                   0.071                  0.092                    0.080                    0.049
FRA_peak_week                           16.000                 16.000                 16.000                16.000                  16.000                  16.000               16.000                 16.000                 16.000                16.000                  16.000                  16.000               16.000                 16.000                 16.000                16.000                  16.000                  16.000               16.000                 16.000                 17.000                17.000                  16.000                  16.000               16.000                  9.000                 16.000                16.000                  16.000                  16.000               19.000                 16.000                 16.000                16.000                  19.000                   9.000               16.000                 17.000                 17.000                17.000                  16.000                  16.000               16.000                 16.000                 16.000                16.000                  16.000                  16.000               16.000                  9.000                 16.000                17.000                  17.000                  16.000                 9.000                   9.000                  16.000                 16.000                   15.000                   16.000
FRA_loss_weeks                          20.000                 18.000                 17.000                20.000                  18.000                  16.000               18.000                 13.000                 15.000                16.000                  13.000                  11.000               23.000                 20.000                 20.000                23.000                  20.000                  17.000               17.000                 16.000                 16.000                17.000                  17.000                  11.000               18.000                 13.000                 14.000                17.000                  15.000                  12.000               18.000                 14.000                 13.000                17.000                  15.000                  10.000               18.000                 14.000                 14.000                16.000                  16.000                   9.000               20.000                 15.000                 16.000                18.000                  17.000                  11.000               24.000                 20.000                 19.000                24.000                  20.000                  17.000                18.000                  12.000                  12.000                 17.000                   13.000                   10.000
CHE_cum_mUSD                             7.000                  7.000                  5.000                 6.000                   7.000                   5.000               15.000                  7.000                  7.000                13.000                  15.000                   4.000               10.000                  7.000                  8.000                 9.000                  10.000                   4.000                8.000                  6.000                  5.000                 7.000                   8.000                   4.000               11.000                  7.000                  8.000                10.000                  12.000                   5.000               22.000                  7.000                 13.000                20.000                  22.000                   5.000                7.000                  7.000                  5.000                 6.000                   7.000                   5.000                8.000                  7.000                  7.000                 8.000                   9.000                   5.000                6.000                  6.000                  4.000                 5.000                   6.000                   4.000                23.000                   6.000                  14.000                 20.000                   23.000                    4.000
CHE_%quarter                             0.003                  0.003                  0.003                 0.003                   0.003                   0.002                0.007                  0.003                  0.004                 0.006                   0.008                   0.002                0.005                  0.003                  0.004                 0.005                   0.005                   0.002                0.004                  0.003                  0.002                 0.004                   0.004                   0.002                0.006                  0.003                  0.004                 0.005                   0.006                   0.002                0.011                  0.003                  0.006                 0.010                   0.011                   0.002                0.003                  0.003                  0.002                 0.003                   0.003                   0.002                0.004                  0.003                  0.003                 0.004                   0.004                   0.002                0.003                  0.003                  0.002                 0.002                   0.003                   0.002                 0.011                   0.003                   0.007                  0.010                    0.011                    0.002
CHE_peak_%week                           0.003                  0.003                  0.002                 0.003                   0.003                   0.002                0.018                  0.003                  0.007                 0.019                   0.017                   0.002                0.005                  0.004                  0.005                 0.006                   0.005                   0.002                0.007                  0.003                  0.004                 0.007                   0.006                   0.002                0.008                  0.003                  0.008                 0.010                   0.008                   0.002                0.024                  0.003                  0.013                 0.025                   0.023                   0.002                0.003                  0.003                  0.003                 0.003                   0.003                   0.002                0.004                  0.004                  0.004                 0.004                   0.004                   0.003                0.002                  0.002                  0.002                 0.002                   0.002                   0.002                 0.024                   0.003                   0.022                  0.026                    0.024                    0.002
CHE_peak_week                           15.000                 15.000                 16.000                15.000                  15.000                  16.000               18.000                 16.000                 20.000                19.000                  18.000                  16.000               15.000                 16.000                 16.000                16.000                   9.000                  17.000               18.000                  9.000                 20.000                19.000                  17.000                  16.000               17.000                 16.000                 17.000                17.000                  17.000                  16.000               18.000                 16.000                 20.000                19.000                  18.000                  16.000               15.000                 16.000                 16.000                15.000                   9.000                  16.000                9.000                  9.000                  9.000                 9.000                   8.000                  16.000               16.000                  9.000                 16.000                15.000                   9.000                  16.000                17.000                   9.000                  17.000                 17.000                   17.000                   16.000
CHE_loss_weeks                           0.000                  0.000                  0.000                 0.000                   0.000                   0.000                2.000                  0.000                  0.000                 2.000                   3.000                   0.000                0.000                  0.000                  0.000                 0.000                   0.000                   0.000                0.000                  0.000                  0.000                 0.000                   0.000                   0.000                0.000                  0.000                  0.000                 0.000                   0.000                   0.000                4.000                  0.000                  2.000                 3.000                   5.000                   0.000                0.000                  0.000                  0.000                 0.000                   0.000                   0.000                0.000                  0.000                  0.000                 0.000                   0.000                   0.000                0.000                  0.000                  0.000                 0.000                   0.000                   0.000                 6.000                   0.000                   3.000                  5.000                    6.000                    0.000
BEL_cum_mUSD                            26.000                 30.000                 27.000                28.000                  30.000                  32.000               26.000                 29.000                 21.000                26.000                  29.000                  29.000               57.000                 61.000                 49.000                55.000                  62.000                  50.000               38.000                 34.000                 27.000                36.000                  40.000                  33.000               23.000                 27.000                 20.000                23.000                  26.000                  26.000               24.000                 23.000                 20.000                24.000                  26.000                  24.000               35.000                 26.000                 30.000                34.000                  37.000                  27.000               32.000                 18.000                 33.000                33.000                  34.000                  20.000               46.000                 50.000                 42.000                46.000                  51.000                  44.000                24.000                  27.000                  18.000                 23.000                   27.000                   27.000
BEL_%quarter                             0.019                  0.022                  0.020                 0.020                   0.022                   0.024                0.019                  0.022                  0.016                 0.019                   0.021                   0.021                0.042                  0.045                  0.036                 0.040                   0.045                   0.037                0.028                  0.025                  0.020                 0.027                   0.029                   0.025                0.017                  0.020                  0.015                 0.017                   0.019                   0.019                0.018                  0.017                  0.015                 0.018                   0.019                   0.017                0.026                  0.019                  0.022                 0.025                   0.027                   0.020                0.024                  0.013                  0.024                 0.024                   0.025                   0.015                0.034                  0.037                  0.031                 0.034                   0.038                   0.033                 0.018                   0.020                   0.013                  0.017                    0.020                    0.019
BEL_peak_%week                           0.034                  0.038                  0.034                 0.031                   0.039                   0.031                0.030                  0.041                  0.031                 0.027                   0.035                   0.031                0.046                  0.050                  0.041                 0.043                   0.051                   0.035                0.036                  0.046                  0.035                 0.034                   0.038                   0.032                0.030                  0.038                  0.031                 0.026                   0.033                   0.031                0.028                  0.037                  0.030                 0.025                   0.031                   0.030                0.039                  0.036                  0.048                 0.056                   0.039                   0.029                0.044                  0.028                  0.044                 0.039                   0.046                   0.025                0.041                  0.047                  0.037                 0.038                   0.048                   0.034                 0.032                   0.041                   0.031                  0.027                    0.034                    0.031
BEL_peak_week                            8.000                  8.000                  9.000                 9.000                   8.000                   9.000                7.000                  9.000                  8.000                 9.000                   8.000                   9.000                9.000                  9.000                  9.000                 9.000                   9.000                  10.000                8.000                  9.000                  9.000                 9.000                   9.000                  10.000                7.000                  8.000                  8.000                 7.000                   8.000                   9.000                7.000                  8.000                  8.000                 7.000                   7.000                   9.000               15.000                  8.000                 17.000                16.000                  15.000                   9.000                7.000                  7.000                  8.000                 7.000                   7.000                   9.000                9.000                  9.000                  9.000                 9.000                   9.000                  10.000                 7.000                   9.000                   9.000                  8.000                    8.000                    9.000
BEL_loss_weeks                           9.000                 10.000                 12.000                10.000                  11.000                  13.000                9.000                 11.000                  8.000                11.000                   9.000                  13.000               19.000                 19.000                 18.000                20.000                  19.000                  18.000               16.000                 12.000                 12.000                15.000                  17.000                  13.000                7.000                  7.000                  6.000                 9.000                   8.000                  12.000                9.000                  7.000                  7.000                 8.000                   9.000                  10.000               13.000                  7.000                 10.000                11.000                  13.000                  13.000                9.000                  6.000                 11.000                11.000                   9.000                   7.000               17.000                 16.000                 16.000                17.000                  18.000                  17.000                 8.000                   7.000                   6.000                  8.000                    9.000                   12.000

== weekly value-added loss of DEU (mUSD/week) ==
           2026_s30_seed1_base  2026_s30_seed1_stock7  2026_s30_seed1_deep20  2026_s30_seed1_fleet  2026_s30_seed1_stock7t  2026_s30_seed1_package  2026_s30_seed2_base  2026_s30_seed2_stock7  2026_s30_seed2_deep20  2026_s30_seed2_fleet  2026_s30_seed2_stock7t  2026_s30_seed2_package  2026_s30_seed3_base  2026_s30_seed3_stock7  2026_s30_seed3_deep20  2026_s30_seed3_fleet  2026_s30_seed3_stock7t  2026_s30_seed3_package  2026_s30_seed4_base  2026_s30_seed4_stock7  2026_s30_seed4_deep20  2026_s30_seed4_fleet  2026_s30_seed4_stock7t  2026_s30_seed4_package  2026_s30_seed5_base  2026_s30_seed5_stock7  2026_s30_seed5_deep20  2026_s30_seed5_fleet  2026_s30_seed5_stock7t  2026_s30_seed5_package  2026_s30_seed6_base  2026_s30_seed6_stock7  2026_s30_seed6_deep20  2026_s30_seed6_fleet  2026_s30_seed6_stock7t  2026_s30_seed6_package  2026_s30_seed7_base  2026_s30_seed7_stock7  2026_s30_seed7_deep20  2026_s30_seed7_fleet  2026_s30_seed7_stock7t  2026_s30_seed7_package  2026_s30_seed8_base  2026_s30_seed8_stock7  2026_s30_seed8_deep20  2026_s30_seed8_fleet  2026_s30_seed8_stock7t  2026_s30_seed8_package  2026_s30_seed9_base  2026_s30_seed9_stock7  2026_s30_seed9_deep20  2026_s30_seed9_fleet  2026_s30_seed9_stock7t  2026_s30_seed9_package  2026_s30_seed10_base  2026_s30_seed10_stock7  2026_s30_seed10_deep20  2026_s30_seed10_fleet  2026_s30_seed10_stock7t  2026_s30_seed10_package
time_step                                                                                                                                                                                                                                                                                                                                                                                                                                                                                                                                                                                                                                                                                                                                                                                                                                                                                                                                                                                                                                                                                                                                                                                                                                                                                                                                                                                                                                
0                          0.0                    0.0                    0.0                   0.0                     0.0                     0.0                  0.0                    0.0                    0.0                   0.0                     0.0                     0.0                  0.0                    0.0                    0.0                   0.0                     0.0                     0.0                  0.0                    0.0                    0.0                   0.0                     0.0                     0.0                  0.0                    0.0                    0.0                   0.0                     0.0                     0.0                  0.0                    0.0                    0.0                   0.0                     0.0                     0.0                  0.0                    0.0                    0.0                   0.0                     0.0                     0.0                  0.0                    0.0                    0.0                   0.0                     0.0                     0.0                  0.0                    0.0                    0.0                   0.0                     0.0                     0.0                   0.0                     0.0                     0.0                    0.0                      0.0                      0.0
1                          0.0                    0.0                    0.0                   0.0                     0.0                     0.0                  0.0                    0.0                    0.0                   0.0                     0.0                     0.0                  0.0                    0.0                    0.0                   0.0                     0.0                     0.0                  0.0                    0.0                    0.0                   0.0                     0.0                     0.0                  0.0                    0.0                    0.0                   0.0                     0.0                     0.0                  0.0                    0.0                    0.0                   0.0                     0.0                     0.0                  0.0                    0.0                    0.0                   0.0                     0.0                     0.0                  0.0                    0.0                    0.0                   0.0                     0.0                     0.0                  0.0                    0.0                    0.0                   0.0                     0.0                     0.0                   0.0                     0.0                     0.0                    0.0                      0.0                      0.0
2                        141.1                    8.6                   61.2                 141.1                    13.1                     3.7                108.0                    9.5                   39.6                 108.0                    34.2                     3.5                 99.9                    4.8                   24.1                  99.9                     7.8                     1.2                 95.4                    5.3                    6.6                  95.4                    16.8                     0.4                150.5                    9.0                   52.7                 150.5                    17.7                     3.2                114.0                   10.9                   48.0                 114.0                    15.0                     4.6                 98.7                    8.6                   37.6                  98.7                    12.4                     3.3                124.8                    9.6                   53.6                 124.8                    19.9                     4.1                 83.8                    5.0                   22.3                  83.8                     8.2                     1.3                 111.3                     7.1                    18.8                  111.3                     26.7                      1.2
3                         98.6                    9.0                   36.9                  98.6                    12.1                     3.5                 72.3                    9.6                   18.5                  72.3                    25.5                     2.8                 57.6                    4.2                    0.6                  57.6                     5.9                     0.6                 45.6                    4.3                    0.2                  45.6                     9.7                     0.2                 98.0                    9.3                   21.9                  98.0                    14.9                     2.5                 79.5                   11.3                   28.2                  79.5                    14.2                     4.2                 66.7                    8.8                   19.1                  66.7                    11.3                     2.8                 87.1                   10.2                   31.9                  87.1                    17.2                     4.0                 49.9                    4.7                    2.5                  49.9                     6.5                     0.7                  60.2                     6.4                     0.6                   60.2                     16.7                      0.6
4                        172.6                   13.3                   85.0                 172.6                    18.8                     6.4                153.8                   14.6                   63.1                 153.8                    48.7                     6.4                123.8                    7.1                   50.1                 123.8                    11.2                     2.6                123.4                    8.2                   42.0                 123.4                    24.8                     2.4                222.3                   14.8                   84.9                 222.3                    26.5                     6.1                167.2                   17.2                   67.4                 167.2                    24.6                     8.0                123.9                   13.3                   56.4                 123.9                    17.9                     5.9                176.8                   14.9                   74.6                 176.8                    28.0                     7.2                116.9                    8.0                   43.3                 116.9                    12.2                     2.9                 152.8                    11.2                    53.9                  152.8                     39.5                      3.6
5                        324.9                  109.1                  218.1                 249.2                   116.7                    14.2                322.5                   74.4                  169.0                 242.0                   123.3                    14.8                253.9                   18.3                  171.8                 196.1                    25.4                     8.3                306.0                   26.1                  171.9                 226.1                    56.9                     9.7                470.1                   77.4                  269.2                 359.4                   103.1                    16.0                334.4                   77.6                  193.9                 261.6                   111.8                    17.9                264.1                   51.5                  158.2                 195.8                    70.6                    14.4                333.4                   83.9                  214.6                 263.2                    97.4                    15.9                248.8                   27.9                  147.9                 194.4                    35.1                     8.9                 358.2                    46.8                   194.6                  268.5                     82.2                     12.8
6                        346.7                  215.7                  182.0                 274.8                   221.9                    15.0                412.9                  155.6                  177.6                 309.1                   204.5                    19.7                214.4                  129.8                  136.9                 171.9                   135.3                     8.8                359.9                   95.0                  148.3                 226.4                   136.0                    10.8                602.3                  254.4                  255.0                 461.3                   294.4                    18.3                511.8                  173.8                  191.7                 392.5                   228.4                    20.7                372.8                  134.6                  137.6                 272.8                   161.0                    15.7                451.0                  190.1                  190.8                 333.5                   212.9                    21.5                205.9                  132.0                  138.8                 170.3                   137.7                     9.8                 385.4                   177.9                   187.2                  260.9                    215.2                     14.4
7                        505.2                  360.6                  385.1                 413.2                   366.9                   174.1                638.4                  326.6                  370.4                 496.6                   386.8                    93.2                312.7                  252.7                  258.1                 256.0                   259.7                    30.8                665.3                  312.6                  323.7                 528.5                   369.3                    26.4                910.9                  518.1                  538.0                 745.9                   567.5                   124.4                737.8                  339.9                  428.1                 596.9                   388.3                   115.3                566.4                  247.4                  303.6                 466.9                   300.4                    75.7                646.1                  352.7                  421.7                 531.0                   375.6                   126.4                300.5                  256.1                  252.2                 246.6                   263.1                    48.5                 777.4                   398.3                   385.0                  594.5                    450.4                     54.9
8                        560.9                  479.3                  454.5                 445.3                   484.6                   221.9                829.6                  443.7                  605.5                 648.7                   569.6                   166.5                346.7                  282.9                  292.2                 276.2                   289.3                   143.4                918.5                  387.6                  588.1                 723.0                   526.0                   114.4               1079.9                  678.8                  877.7                 881.4                   800.3                   285.0                956.4                  449.4                  719.4                 746.4                   670.5                   190.3                732.5                  358.6                  568.6                 578.3                   378.4                   141.6                720.9                  489.6                  611.1                 586.9                   504.3                   209.3                329.7                  281.4                  277.3                 267.2                   287.4                   141.6                1064.7                   493.1                   649.4                  830.9                    578.0                    200.2
9                        705.1                  614.7                  487.2                 667.2                   644.5                   278.2               1050.7                  539.5                  725.1                 889.0                   854.7                   246.0                446.4                  338.9                  297.0                 419.4                   350.2                   187.3               1092.8                  471.3                  789.4                 924.2                   880.9                   230.9               1275.8                  841.1                  969.2                1154.7                  1147.5                   400.3               1150.1                  595.1                  831.8                1010.1                   969.1                   266.8                914.2                  440.3                  646.5                 750.6                   601.9                   189.5                875.0                  655.8                  642.0                 806.8                   740.5                   268.4                412.3                  344.9                  288.4                 388.0                   365.6                   195.1                1362.8                   669.0                   906.0                 1134.7                   1009.0                    303.5
10                       929.3                  459.9                  388.1                 553.7                   508.0                   226.6               1242.9                  684.5                  695.1                 893.9                   903.2                   207.4                597.7                  267.8                  225.5                 245.4                   281.8                   119.6               1236.4                  774.6                  785.0                 984.5                  1025.6                   161.7               1414.5                  896.7                  847.4                1040.8                  1032.9                   329.3               1363.6                  830.6                  810.7                1069.8                  1009.5                   228.0               1240.6                  337.1                  568.5                 900.6                   701.6                   168.4                974.8                  451.0                  511.1                 696.1                   571.4                   199.8                516.7                  264.3                  221.0                 260.6                   307.2                   133.8                1457.1                   622.7                   914.3                 1199.5                   1073.3                    214.3
11                       535.4                  138.3                   96.0                 423.8                   335.5                    45.9                833.2                  357.8                  328.2                 597.5                   528.6                    40.3                342.7                   28.8                    6.7                 261.5                    81.2                     3.2                840.5                  432.4                  377.4                 525.0                   551.5                    43.7                761.6                  394.6                  316.8                 588.5                   525.5                    81.6                748.8                  444.6                  423.3                 619.0                   582.9                    67.8                762.3                  104.0                  343.2                 657.3                   442.2                    23.8                535.9                  136.3                  170.2                 422.9                   276.1                    43.1                289.9                   55.3                   17.2                 217.1                   142.1                    16.7                1056.5                   332.1                   636.9                  942.3                    662.0                     25.2
12                       388.3                  245.7                  197.1                 278.0                   233.6                   113.5                271.3                  158.6                  156.1                 182.7                   189.9                    80.1                110.8                   88.9                   51.3                  64.4                    86.1                    44.2                217.8                  109.6                   83.5                 119.7                   136.3                    53.0                351.7                  246.7                  174.2                 222.9                   294.8                   139.6                271.0                  179.8                  152.9                 172.5                   219.1                    92.6                367.8                  144.5                  198.9                 291.0                   261.2                    64.2                401.8                  190.3                  184.9                 328.5                   192.8                    89.8                135.1                  122.4                   67.9                  85.2                   122.5                    61.8                 746.9                   233.5                   513.0                  637.1                    418.6                    107.5
13                       540.9                  476.0                  415.7                 418.0                   526.5                   238.3                537.7                  415.6                  375.7                 387.1                   472.5                   199.5                297.7                  276.5                  222.5                 223.0                   290.7                   124.2                462.7                  339.3                  320.4                 329.1                   387.9                   163.3                676.1                  562.3                  554.1                 530.4                   611.3                   327.1                620.5                  447.0                  417.7                 419.1                   506.6                   213.3                445.5                  354.5                  324.4                 353.1                   402.5                   169.5                574.2                  431.8                  464.4                 474.6                   442.2                   219.7                293.0                  275.1                  217.7                 221.3                   307.5                   133.8                 782.1                   432.7                   584.0                  640.1                    586.8                    226.9
14                       834.3                  526.8                  529.1                 583.8                   796.3                   231.8               1053.0                  676.6                  572.6                 684.2                   963.8                   205.2                587.3                  268.5                  229.0                 333.6                   561.9                   113.1               1099.0                  731.9                  618.7                 731.9                  1016.9                   190.3               1240.8                  833.7                  805.8                 891.0                  1132.8                   339.8               1098.3                  787.6                  732.4                 767.5                   998.4                   248.6                855.6                  373.7                  569.8                 598.7                   647.8                   171.1                788.6                  527.6                  584.1                 574.1                   731.9                   259.3                534.8                  271.4                  239.4                 354.8                   491.4                   123.8                 962.5                   664.1                   775.7                  737.0                    793.7                    245.5
15                      1114.0                  984.3                  743.6                 972.0                  1053.8                   338.0               1372.9                  941.6                  851.8                1103.2                  1253.4                   311.0                845.9                  494.6                  480.9                 672.6                   764.7                   175.0               1373.9                  950.0                  779.6                1077.5                  1271.5                   260.3               1593.4                 1233.9                 1101.3                1390.6                  1510.8                   504.0               1369.7                 1083.4                  959.0                1142.6                  1295.0                   414.1               1228.7                  792.7                  829.4                 949.1                  1041.4                   241.7               1070.5                  844.6                  787.0                 989.5                   981.8                   358.3                751.8                  575.0                  454.9                 602.8                   708.6                   182.8                1436.5                   991.7                   989.1                 1141.6                   1215.1                    356.7
16                      1285.2                 1214.5                  933.5                1320.3                  1243.2                   445.3               1908.8                 1461.2                 1175.5                1730.8                  1635.1                   477.7               1037.1                  971.7                  683.1                1051.7                   991.3                   237.9               1909.6                 1501.6                 1188.4                1759.7                  1706.0                   444.7               1914.8                 1644.3                 1364.7                1921.7                  1818.7                   705.9               1739.3                 1478.8                 1181.0                1695.4                  1693.8                   594.3               1549.4                 1172.5                 1094.0                1604.1                  1275.7                   323.9               1249.0                 1060.0                  963.6                1301.9                  1090.7                   468.8                873.0                  849.4                  586.1                 899.6                   870.4                   243.2                1781.7                  1247.5                  1272.3                 1614.6                   1465.2                    503.0
17                      1246.2                 1132.6                  931.5                1324.1                  1168.7                   361.1               1989.6                 1495.6                 1304.6                2044.4                  1817.6                   510.4                985.0                  913.7                  660.2                1066.7                   960.5                   191.3               2021.9                 1569.5                 1305.5                2038.5                  1913.6                   555.0               1913.6                 1596.2                 1398.6                1995.9                  1872.6                   684.0               1851.5                 1488.4                 1248.6                1848.7                  1804.5                   600.5               1479.9                 1076.8                 1154.0                1707.1                  1219.5                   268.4               1192.6                  915.2                  972.0                1343.9                   982.9                   364.6                830.4                  806.9                  574.8                 879.0                   830.7                   192.1                2028.1                  1208.7                  1344.5                 2057.7                   1817.2                    516.0
18                       844.5                  732.0                  677.7                 784.7                   780.5                   208.8               1649.3                 1088.2                 1069.0                1639.3                  1482.5                   327.6                617.5                  557.2                  419.2                 547.2                   601.0                    82.5               1740.0                 1186.7                 1035.6                1699.5                  1579.9                   356.7               1530.3                 1126.4                  998.6                1390.3                  1480.6                   389.2               1724.2                 1141.0                  949.8                1474.3                  1514.3                   421.1                867.4                  575.5                  822.4                 983.8                   702.1                   162.7                710.5                  523.2                  698.7                 752.6                   567.4                   195.9                551.4                  499.5                  374.9                 458.2                   540.9                   105.9                1715.6                   894.6                  1235.7                 1811.3                   1486.3                    382.8
19                       450.4                  314.2                  352.7                 217.0                   348.3                   118.0                771.8                  372.4                  540.8                 628.5                   659.3                   111.3                220.0                  150.7                  133.9                  50.2                   200.7                    24.3                795.8                  399.8                  578.8                 613.0                   678.5                    92.1                806.0                  401.8                  508.1                 505.6                   713.6                   132.0                985.2                  543.6                  572.0                 765.7                   809.1                   150.4                459.4                  202.8                  344.0                 273.5                   407.9                    76.7                341.1                  194.4                  331.4                 193.2                   227.1                    98.4                246.4                  166.2                  145.6                  70.8                   212.7                    46.7                1094.4                   355.1                   898.6                 1064.4                    855.1                    122.7
20                       296.4                  259.3                  160.8                 172.9                   260.0                   100.0                261.2                  199.8                  171.0                 192.9                   221.7                    73.0                117.2                  103.9                   38.4                  50.4                    98.1                    15.6                260.6                  167.8                  167.6                 191.2                   217.3                    44.9                387.1                  267.6                  236.9                 291.9                   348.0                    95.7                484.6                  241.6                  284.8                 372.2                   420.2                    72.2                219.5                  174.9                  155.4                 137.6                   187.0                    66.3                235.3                  161.2                  164.8                 163.0                   163.2                    81.5                140.3                  133.5                   45.7                  53.6                   129.1                    32.4                 397.0                   226.3                   351.2                  409.5                    269.0                     75.5
21                       191.1                  105.2                   85.2                 124.9                   133.2                    53.1                299.4                  128.5                  106.3                 141.5                   215.6                    43.3                111.3                   28.8                   11.4                  27.7                    71.6                     5.2                271.9                  113.5                   78.2                 111.0                   205.1                    22.8                309.7                  142.6                  130.2                 175.8                   233.2                    60.6                308.0                  151.5                  119.5                 170.5                   252.8                    45.3                181.1                   97.9                   88.0                 136.0                   130.6                    40.3                196.3                   78.6                   86.4                 132.9                   104.3                    43.3                 93.6                   33.0                   14.0                  25.8                    75.9                    10.8                 200.2                   106.8                   133.5                  165.3                    147.9                     44.4
22                       101.4                   38.3                   35.7                  91.2                    48.8                     7.4                190.8                   46.4                   43.1                 137.9                   104.0                     7.1                 54.2                    4.8                    2.9                  36.3                    24.5                     1.5                157.5                   43.3                   24.5                 108.3                   106.4                     1.7                215.4                   56.3                   59.5                 168.7                   131.0                     6.4                151.7                   49.8                   56.0                 144.1                    92.4                     5.7                138.4                   35.0                   44.7                 123.7                    84.3                     5.7                100.3                   20.8                   27.3                  94.8                    30.8                     5.8                 62.4                   10.1                    4.5                  35.9                    38.9                     2.5                 153.0                    45.8                    53.7                  155.2                     94.1                      5.7
23                        52.3                   13.7                   12.7                  44.2                    10.9                     1.8                 55.9                   11.7                   11.1                  68.6                    31.3                     2.4                  4.6                    1.5                    1.1                   5.9                     2.2                     1.0                 30.9                    3.9                    3.2                  34.5                    15.2                     1.0                 80.0                   14.9                   13.8                  82.3                    42.3                     2.6                 79.7                    8.8                   13.5                  81.6                    40.3                     2.7                 55.0                    6.1                   10.2                  58.2                    26.0                     1.8                 62.7                    6.9                    9.3                  46.4                    10.8                     1.6                  5.0                    2.3                    1.8                   6.3                     2.9                     1.6                  88.8                     7.8                    14.9                  116.7                     26.1                      1.0
24                        20.3                    1.5                    3.3                  20.4                     2.1                     0.5                 24.1                    5.1                    4.2                  18.4                    12.9                     1.0                  1.7                    1.0                    0.5                   1.8                     1.5                     0.6                  8.9                    2.0                    1.2                   6.7                     4.2                     0.6                 25.2                    4.0                    5.0                  19.9                     7.3                     0.9                 29.5                    5.0                    4.6                  24.6                    17.3                     1.0                 14.1                    2.4                    3.6                  14.2                     5.0                     1.0                 13.5                    2.0                    2.9                  13.2                     6.5                     1.1                  2.2                    1.6                    1.3                   2.2                     2.3                     1.2                  32.3                     1.1                     4.6                   39.3                      7.3                      0.7
25                         9.9                    0.4                    5.9                   9.2                     0.4                     0.4                  4.5                    1.0                    0.8                   4.0                     1.7                     0.6                  0.6                    0.4                    0.2                   0.4                     0.4                     0.2                  2.4                    0.6                    0.2                   2.3                     0.6                     0.3                  5.2                    0.8                    0.5                   5.9                     0.8                     0.6                 14.8                    1.1                    8.0                  14.4                     2.6                     0.6                  4.6                    1.2                    1.2                   4.5                     1.2                     1.1                  2.3                    0.9                    0.6                   2.3                     1.2                     0.7                  6.3                    1.2                    3.1                   5.1                     3.6                     0.7                   5.1                     0.6                     0.9                   18.6                      1.0                      0.3
26                         6.9                    0.4                    5.3                   6.2                     0.3                     0.3                  0.8                    0.7                    0.4                   0.7                     0.9                     0.5                  0.4                    0.2                    0.1                   0.2                     0.2                     0.1                  0.4                    0.4                    0.1                   0.2                     0.3                     0.1                  1.0                    0.6                    0.4                   0.7                     0.7                     0.4                  9.5                    0.6                    6.4                   8.3                     0.8                     0.4                  1.8                    1.0                    1.0                   1.5                     1.0                     0.8                  1.0                    0.7                    0.5                   0.8                     1.0                     0.5                  4.8                    0.8                    1.8                   3.6                     2.8                     0.4                   3.8                     0.4                     0.7                    2.0                      2.1                      0.2
27                         4.9                    0.3                    3.4                   4.3                     0.3                     0.3                  0.5                    0.5                    0.2                   0.4                     0.6                     0.3                  0.1                    0.1                    0.0                   0.1                     0.1                     0.0                  0.1                    0.2                    0.0                   0.1                     0.1                     0.0                  0.5                    0.5                    0.3                   0.4                     0.5                     0.3                  5.9                    0.4                    3.3                   4.9                     0.6                     0.3                  1.5                    0.8                    0.7                   1.3                     0.8                     0.6                  1.0                    0.6                    0.4                   0.8                     0.9                     0.4                  3.3                    0.6                    0.6                   2.2                     2.2                     0.2                   0.9                     0.3                     0.0                    0.7                      1.0                      0.1
28                         4.4                    0.3                    2.8                   3.9                     0.3                     0.2                  0.3                    0.4                    0.2                   0.2                     0.3                     0.2                  0.0                    0.1                    0.0                   0.0                     0.0                     0.0                  0.0                    0.1                    0.0                   0.0                     0.0                     0.0                  0.4                    0.4                    0.2                   0.3                     0.3                     0.2                  4.0                    0.3                    1.8                   3.3                     0.4                     0.2                  0.9                    0.6                    0.4                   0.8                     0.6                     0.4                  0.6                    0.5                    0.3                   0.5                     0.6                     0.3                  2.1                    0.4                    0.1                   1.1                     1.5                     0.1                   0.1                     0.2                     0.0                    0.0                      0.1                      0.0
29                         3.0                    0.3                    1.6                   2.5                     0.3                     0.2                  0.2                    0.3                    0.1                   0.2                     0.2                     0.1                  0.0                    0.0                    0.0                   0.0                     0.0                     0.0                  0.0                    0.0                    0.0                   0.0                     0.0                     0.0                  0.3                    0.3                    0.1                   0.2                     0.3                     0.1                  1.8                    0.3                    0.1                   1.2                     0.2                     0.2                  0.5                    0.4                    0.2                   0.4                     0.4                     0.2                  0.4                    0.4                    0.2                   0.3                     0.4                     0.2                  0.9                    0.3                    0.0                   0.2                     0.7                     0.0                   0.0                     0.1                     0.0                    0.0                      0.0                      0.0
30                         1.4                    0.3                    0.3                   1.0                     0.3                     0.2                  0.1                    0.2                    0.0                   0.1                     0.2                     0.1                  0.0                    0.0                    0.0                   0.0                     0.0                     0.0                  0.0                    0.0                    0.0                   0.0                     0.0                     0.0                  0.2                    0.3                    0.0                   0.1                     0.2                     0.0                  0.2                    0.2                    0.1                   0.1                     0.2                     0.1                  0.3                    0.3                    0.1                   0.2                     0.2                     0.1                  0.2                    0.3                    0.1                   0.2                     0.3                     0.1                  0.2                    0.2                    0.0                   0.1                     0.1                     0.0                   0.0                     0.0                     0.0                    0.0                      0.0                      0.0
31                         0.7                    0.2                    0.2                   0.5                     0.2                     0.1                  0.1                    0.1                    0.0                   0.0                     0.1                     0.0                  0.0                    0.0                    0.0                   0.0                     0.0                     0.0                  0.0                    0.0                    0.0                   0.0                     0.0                     0.0                  0.1                    0.2                    0.0                   0.1                     0.1                     0.0                  0.1                    0.2                    0.0                   0.1                     0.1                     0.1                  0.1                    0.2                    0.0                   0.1                     0.1                     0.0                  0.1                    0.2                    0.0                   0.1                     0.2                     0.1                  0.0                    0.1                    0.0                   0.0                     0.0                     0.0                   0.0                     0.0                     0.0                    0.0                      0.0                      0.0
32                         1.0                    0.2                    0.2                   0.6                     0.2                     0.1                  0.0                    0.1                    0.0                   0.0                     0.0                     0.0                  0.0                    0.0                    0.0                   0.0                     0.0                     0.0                  0.0                    0.0                    0.0                   0.0                     0.0                     0.0                  0.1                    0.1                    0.0                   0.0                     0.1                     0.0                  0.1                    0.1                    0.0                   0.0                     0.1                     0.0                  0.0                    0.1                    0.0                   0.0                     0.1                     0.0                  0.1                    0.1                    0.0                   0.0                     0.1                     0.0                  0.0                    0.0                    0.0                   0.0                     0.0                     0.0                   0.0                     0.0                     0.0                    0.0                      0.0                      0.0
33                         1.0                    0.2                    0.1                   0.5                     0.2                     0.0                  0.0                    0.0                    0.0                   0.0                     0.0                     0.0                  0.0                    0.0                    0.0                   0.0                     0.0                     0.0                  0.0                    0.0                    0.0                   0.0                     0.0                     0.0                  0.0                    0.1                    0.0                   0.0                     0.0                     0.0                  0.0                    0.1                    0.0                   0.0                     0.0                     0.0                  0.0                    0.0                    0.0                   0.0                     0.0                     0.0                  0.0                    0.1                    0.0                   0.0                     0.0                     0.0                  0.0                    0.0                    0.0                   0.0                     0.0                     0.0                   0.0                     0.0                     0.0                    0.0                      0.0                      0.0
34                         0.9                    0.2                    0.1                   0.4                     0.1                     0.0                  0.0                    0.0                    0.0                   0.0                     0.0                     0.0                  0.0                    0.0                    0.0                   0.0                     0.0                     0.0                  0.0                    0.0                    0.0                   0.0                     0.0                     0.0                  0.0                    0.0                    0.0                   0.0                     0.0                     0.0                  0.0                    0.0                    0.0                   0.0                     0.0                     0.0                  0.0                    0.0                    0.0                   0.0                     0.0                     0.0                  0.0                    0.0                    0.0                   0.0                     0.0                     0.0                  0.0                    0.0                    0.0                   0.0                     0.0                     0.0                   0.0                     0.0                     0.0                    0.0                      0.0                      0.0
35                         0.7                    0.1                    0.0                   0.3                     0.1                     0.0                  0.0                    0.0                    0.0                   0.0                     0.0                     0.0                  0.0                    0.0                    0.0                   0.0                     0.0                     0.0                  0.0                    0.0                    0.0                   0.0                     0.0                     0.0                  0.0                    0.0                    0.0                   0.0                     0.0                     0.0                  0.0                    0.0                    0.0                   0.0                     0.0                     0.0                  0.0                    0.0                    0.0                   0.0                     0.0                     0.0                  0.0                    0.0                    0.0                   0.0                     0.0                     0.0                  0.0                    0.0                    0.0                   0.0                     0.0                     0.0                   0.0                     0.0                     0.0                    0.0                      0.0                      0.0
36                         0.6                    0.1                    0.0                   0.2                     0.1                     0.0                  0.0                    0.0                    0.0                   0.0                     0.0                     0.0                  0.0                    0.0                    0.0                   0.0                     0.0                     0.0                  0.0                    0.0                    0.0                   0.0                     0.0                     0.0                  0.0                    0.0                    0.0                   0.0                     0.0                     0.0                  0.0                    0.0                    0.0                   0.0                     0.0                     0.0                  0.0                    0.0                    0.0                   0.0                     0.0                     0.0                  0.0                    0.0                    0.0                   0.0                     0.0                     0.0                  0.0                    0.0                    0.0                   0.0                     0.0                     0.0                   0.0                     0.0                     0.0                    0.0                      0.0                      0.0
37                         0.4                    0.1                    0.0                   0.0                     0.1                     0.0                  0.0                    0.0                    0.0                   0.0                     0.0                     0.0                  0.0                    0.0                    0.0                   0.0                     0.0                     0.0                  0.0                    0.0                    0.0                   0.0                     0.0                     0.0                  0.0                    0.0                    0.0                   0.0                     0.0                     0.0                  0.0                    0.0                    0.0                   0.0                     0.0                     0.0                  0.0                    0.0                    0.0                   0.0                     0.0                     0.0                  0.0                    0.0                    0.0                   0.0                     0.0                     0.0                  0.0                    0.0                    0.0                   0.0                     0.0                     0.0                   0.0                     0.0                     0.0                    0.0                      0.0                      0.0
38                         0.3                    0.1                    0.0                   0.0                     0.0                     0.0                  0.0                    0.0                    0.0                   0.0                     0.0                     0.0                  0.0                    0.0                    0.0                   0.0                     0.0                     0.0                  0.0                    0.0                    0.0                   0.0                     0.0                     0.0                  0.0                    0.0                    0.0                   0.0                     0.0                     0.0                  0.0                    0.0                    0.0                   0.0                     0.0                     0.0                  0.0                    0.0                    0.0                   0.0                     0.0                     0.0                  0.0                    0.0                    0.0                   0.0                     0.0                     0.0                  0.0                    0.0                    0.0                   0.0                     0.0                     0.0                   0.0                     0.0                     0.0                    0.0                      0.0                      0.0
39                         0.2                    0.0                    0.0                   0.0                     0.0                     0.0                  0.0                    0.0                    0.0                   0.0                     0.0                     0.0                  0.0                    0.0                    0.0                   0.0                     0.0                     0.0                  0.0                    0.0                    0.0                   0.0                     0.0                     0.0                  0.0                    0.0                    0.0                   0.0                     0.0                     0.0                  0.0                    0.0                    0.0                   0.0                     0.0                     0.0                  0.0                    0.0                    0.0                   0.0                     0.0                     0.0                  0.0                    0.0                    0.0                   0.0                     0.0                     0.0                  0.0                    0.0                    0.0                   0.0                     0.0                     0.0                   0.0                     0.0                     0.0                    0.0                      0.0                      0.0
40                         0.1                    0.0                    0.0                   0.0                     0.0                     0.0                  0.0                    0.0                    0.0                   0.0                     0.0                     0.0                  0.0                    0.0                    0.0                   0.0                     0.0                     0.0                  0.0                    0.0                    0.0                   0.0                     0.0                     0.0                  0.0                    0.0                    0.0                   0.0                     0.0                     0.0                  0.0                    0.0                    0.0                   0.0                     0.0                     0.0                  0.0                    0.0                    0.0                   0.0                     0.0                     0.0                  0.0                    0.0                    0.0                   0.0                     0.0                     0.0                  0.0                    0.0                    0.0                   0.0                     0.0                     0.0                   0.0                     0.0                     0.0                    0.0                      0.0                      0.0
41                         0.0                    0.0                    0.0                   0.0                     0.0                     0.0                  0.0                    0.0                    0.0                   0.0                     0.0                     0.0                  0.0                    0.0                    0.0                   0.0                     0.0                     0.0                  0.0                    0.0                    0.0                   0.0                     0.0                     0.0                  0.0                    0.0                    0.0                   0.0                     0.0                     0.0                  0.0                    0.0                    0.0                   0.0                     0.0                     0.0                  0.0                    0.0                    0.0                   0.0                     0.0                     0.0                  0.0                    0.0                    0.0                   0.0                     0.0                     0.0                  0.0                    0.0                    0.0                   0.0                     0.0                     0.0                   0.0                     0.0                     0.0                    0.0                      0.0                      0.0
42                         0.0                    0.0                    0.0                   0.0                     0.0                     0.0                  0.0                    0.0                    0.0                   0.0                     0.0                     0.0                  0.0                    0.0                    0.0                   0.0                     0.0                     0.0                  0.0                    0.0                    0.0                   0.0                     0.0                     0.0                  0.0                    0.0                    0.0                   0.0                     0.0                     0.0                  0.0                    0.0                    0.0                   0.0                     0.0                     0.0                  0.0                    0.0                    0.0                   0.0                     0.0                     0.0                  0.0                    0.0                    0.0                   0.0                     0.0                     0.0                  0.0                    0.0                    0.0                   0.0                     0.0                     0.0                   0.0                     0.0                     0.0                    0.0                      0.0                      0.0
43                         0.0                    0.0                    0.0                   0.0                     0.0                     0.0                  0.0                    0.0                    0.0                   0.0                     0.0                     0.0                  0.0                    0.0                    0.0                   0.0                     0.0                     0.0                  0.0                    0.0                    0.0                   0.0                     0.0                     0.0                  0.0                    0.0                    0.0                   0.0                     0.0                     0.0                  0.0                    0.0                    0.0                   0.0                     0.0                     0.0                  0.0                    0.0                    0.0                   0.0                     0.0                     0.0                  0.0                    0.0                    0.0                   0.0                     0.0                     0.0                  0.0                    0.0                    0.0                   0.0                     0.0                     0.0                   0.0                     0.0                     0.0                    0.0                      0.0                      0.0

written /projects/disruptsc/runs/rhine2026/compare_runs_batch_jobs_20260930_paired.csv
