resolution,draw_id,units,n_units,group_capital_mUSD,destroyed_fraction
province_sector,0,GUAYAS_INM|GUAYAS_REF|GUAYAS_REF,3,3209.6247683516744,0.7598084436681399
province_sector,1,GUAYAS_COM|GUAYAS_EDU|GUAYAS_TRA,3,2647.8681444446893,0.9210050753911101
province_sector,2,GUAYAS_ASO|GUAYAS_FIN|GUAYAS_REF|GUAYAS_RES,4,2584.109817232485,0.9437292423631534
province_sector,3,GUAYAS_BAL|GUAYAS_CAR|GUAYAS_ELE|GUAYAS_FRV|GUAYAS_PPR|GUAYAS_QU2|GUAYAS_TRA|GUAYAS_TRA,8,2613.7155111833936,0.9330395712790666
province_sector,4,GUAYAS_ADP|GUAYAS_AYG|GUAYAS_CON|GUAYAS_CON|GUAYAS_INM|GUAYAS_MOL|GUAYAS_PPR|GUAYAS_PPR|GUAYAS_PPR|GUAYAS_PPR|GUAYAS_SEG,11,2552.2607987831593,0.9555058014301274
province_sector,5,GUAYAS_CON|GUAYAS_CON|GUAYAS_CON|GUAYAS_CON|GUAYAS_CON|GUAYAS_CON|GUAYAS_CON|GUAYAS_CON|GUAYAS_CON|GUAYAS_MAQ|GUAYAS_MIP|GUAYAS_PPR|GUAYAS_PPR|GUAYAS_REP,14,2492.187861580377,0.9785377890627961
province_sector,6,GUAYAS_COM|GUAYAS_CON|GUAYAS_CON|GUAYAS_CON|GUAYAS_CON|GUAYAS_CON|GUAYAS_CON|GUAYAS_CON|GUAYAS_CON|GUAYAS_CON|GUAYAS_CON|GUAYAS_INM|GUAYAS_LAC|GUAYAS_PAN|GUAYAS_SEG,15,2457.1952802147084,0.9924730116634879
province_sector,7,GUAYAS_ADP|GUAYAS_BAL|GUAYAS_BNA|GUAYAS_CON|GUAYAS_CON|GUAYAS_CON|GUAYAS_CON|GUAYAS_CON|GUAYAS_CON|GUAYAS_CON|GUAYAS_EDU|GUAYAS_EDU|GUAYAS_FRT|GUAYAS_MIP|GUAYAS_MUE|GUAYAS_VES,16,2457.9186449292347,0.9921809271560377
province_sector,8,GUAYAS_ADM|GUAYAS_ADM|GUAYAS_ADM|GUAYAS_ADP|GUAYAS_COM|GUAYAS_COM|GUAYAS_COM|GUAYAS_COM|GUAYAS_EDU|GUAYAS_EDU|GUAYAS_EDU|GUAYAS_EDU|GUAYAS_FIN|GUAYAS_LAC|GUAYAS_PPR|GUAYAS_RES|GUAYAS_TEL|GUAYAS_TRA|GUAYAS_TRA|GUAYAS_TRA|GUAYAS_TRA,21,2542.775001306905,0.959070306553504
province_sector,9,GUAYAS_ADM|GUAYAS_ADM|GUAYAS_ADM|GUAYAS_ADP|GUAYAS_ADP|GUAYAS_ADP|GUAYAS_ADP|GUAYAS_AYG|GUAYAS_ELE|GUAYAS_FIN|GUAYAS_INM|GUAYAS_INM|GUAYAS_MIP|GUAYAS_MIP|GUAYAS_PAN|GUAYAS_PAP|GUAYAS_PLS|GUAYAS_PPR|GUAYAS_QU2|GUAYAS_RES|GUAYAS_SAL|GUAYAS_SAL|GUAYAS_TRA|GUAYAS_TRA,24,2503.179627617716,0.9742409106776402
province_sector,10,GUAYAS_ADM|GUAYAS_ADM|GUAYAS_ADM|GUAYAS_ADM|GUAYAS_ADP|GUAYAS_ADP|GUAYAS_ADP|GUAYAS_ADP|GUAYAS_ADP|GUAYAS_ADP|GUAYAS_ADP|GUAYAS_ADP|GUAYAS_COM|GUAYAS_COM|GUAYAS_EDU|GUAYAS_EDU|GUAYAS_ELE|GUAYAS_FIN|GUAYAS_INM|GUAYAS_MIP|GUAYAS_MIP|GUAYAS_MIP|GUAYAS_PES|GUAYAS_RES|GUAYAS_SAL|GUAYAS_TAB|GUAYAS_TEL,27,2461.6412199217225,0.9906805184540856
province_sector,11,GUAYAS_ADM|GUAYAS_ADM|GUAYAS_ADM|GUAYAS_ADP|GUAYAS_ADP|GUAYAS_ADP|GUAYAS_ADP|GUAYAS_ADP|GUAYAS_ADP|GUAYAS_ADP|GUAYAS_ADP|GUAYAS_ADP|GUAYAS_ADP|GUAYAS_ADP|GUAYAS_ASO|GUAYAS_AZU|GUAYAS_COM|GUAYAS_COM|GUAYAS_COM|GUAYAS_EDU|GUAYAS_MIP|GUAYAS_MIP|GUAYAS_PES|GUAYAS_PES|GUAYAS_QU2|GUAYAS_SAL|GUAYAS_SAL|GUAYAS_TRA|GUAYAS_TRA|GUAYAS_VES,30,2457.6921561866475,0.992272361638605
province_sector,12,GUAYAS_ADM|GUAYAS_ADM|GUAYAS_ADM|GUAYAS_ADP|GUAYAS_ADP|GUAYAS_ASO|GUAYAS_COM|GUAYAS_COM|GUAYAS_COM|GUAYAS_COM|GUAYAS_COM|GUAYAS_CUE|GUAYAS_DEM|GUAYAS_EDU|GUAYAS_EDU|GUAYAS_EDU|GUAYAS_EDU|GUAYAS_EDU|GUAYAS_ELE|GUAYAS_FIN|GUAYAS_FIN|GUAYAS_FRT|GUAYAS_HIL|GUAYAS_MIP|GUAYAS_MIP|GUAYAS_PES|GUAYAS_PES|GUAYAS_SAL|GUAYAS_SAL|GUAYAS_TEL|GUAYAS_TRA|GUAYAS_TRA|GUAYAS_TRA|GUAYAS_TRA,34,2503.3183089404715,0.9741869387086369
province_sector,13,GUAYAS_ADM|GUAYAS_ADM|GUAYAS_ADM|GUAYAS_ADM|GUAYAS_ADM|GUAYAS_ADM|GUAYAS_ADM|GUAYAS_ALD|GUAYAS_CAN|GUAYAS_CAR|GUAYAS_CIN|GUAYAS_COM|GUAYAS_EDU|GUAYAS_EDU|GUAYAS_EDU|GUAYAS_EDU|GUAYAS_EDU|GUAYAS_EDU|GUAYAS_FRT|GUAYAS_FRV|GUAYAS_INM|GUAYAS_INM|GUAYAS_INM|GUAYAS_MIP|GUAYAS_MIP|GUAYAS_MIP|GUAYAS_PAP|GUAYAS_PLS|GUAYAS_QU2|GUAYAS_SAL|GUAYAS_SAL|GUAYAS_SAL|GUAYAS_SAL|GUAYAS_SAL|GUAYAS_TEL|GUAYAS_TRA|GUAYAS_TRA,37,2443.5712432257874,0.9980065065672663
province_sector,14,GUAYAS_ADM|GUAYAS_ADM|GUAYAS_ADM|GUAYAS_ASO|GUAYAS_BAL|GUAYAS_BNA|GUAYAS_CIN|GUAYAS_CIN|GUAYAS_COM|GUAYAS_COM|GUAYAS_EDU|GUAYAS_EDU|GUAYAS_EDU|GUAYAS_EDU|GUAYAS_EDU|GUAYAS_EDU|GUAYAS_EDU|GUAYAS_FIN|GUAYAS_FIN|GUAYAS_FIN|GUAYAS_FRT|GUAYAS_FRT|GUAYAS_FRT|GUAYAS_FRT|GUAYAS_FRT|GUAYAS_FRT|GUAYAS_FRT|GUAYAS_FRT|GUAYAS_FRT|GUAYAS_FRT|GUAYAS_FRT|GUAYAS_FRT|GUAYAS_FRT|GUAYAS_INM|GUAYAS_PAP|GUAYAS_PLS|GUAYAS_PLS|GUAYAS_QU2|GUAYAS_SAL|GUAYAS_SAL|GUAYAS_SAL|GUAYAS_TEL|GUAYAS_TRA|GUAYAS_TRA,44,2477.38198551757,0.9843859421987811
province_sector,15,GUAYAS_ADM|GUAYAS_ASO|GUAYAS_BAL|GUAYAS_BAL|GUAYAS_CAR|GUAYAS_CEM|GUAYAS_CEM|GUAYAS_CER|GUAYAS_COM|GUAYAS_COM|GUAYAS_COM|GUAYAS_COM|GUAYAS_FIN|GUAYAS_FIN|GUAYAS_FRT|GUAYAS_FRT|GUAYAS_FRT|GUAYAS_FRT|GUAYAS_FRV|GUAYAS_FRV|GUAYAS_INM|GUAYAS_MAN|GUAYAS_MAQ|GUAYAS_MET|GUAYAS_MOL|GUAYAS_PAP|GUAYAS_PAP|GUAYAS_PAP|GUAYAS_PAP|GUAYAS_PLS|GUAYAS_PLS|GUAYAS_POS|GUAYAS_QU2|GUAYAS_QU2|GUAYAS_QU2|GUAYAS_SAL|GUAYAS_SAL|GUAYAS_SAL|GUAYAS_SAL|GUAYAS_SAL|GUAYAS_SAL|GUAYAS_SAL|GUAYAS_SAL|GUAYAS_SAL|GUAYAS_SAL|GUAYAS_SAL|GUAYAS_TEL|GUAYAS_TRA|GUAYAS_TRA|GUAYAS_TRA|GUAYAS_TRA|GUAYAS_TRA,52,2464.019506255625,0.9897243077048115
province_sector,16,GUAYAS_ADM|GUAYAS_ASO|GUAYAS_ASO|GUAYAS_ASO|GUAYAS_BNA|GUAYAS_CAN|GUAYAS_CAR|GUAYAS_CAR|GUAYAS_CAR|GUAYAS_CAU|GUAYAS_CEM|GUAYAS_CEM|GUAYAS_CIN|GUAYAS_CIN|GUAYAS_CIN|GUAYAS_CIN|GUAYAS_COM|GUAYAS_COM|GUAYAS_COM|GUAYAS_COM|GUAYAS_FIN|GUAYAS_FIN|GUAYAS_FIN|GUAYAS_FIN|GUAYAS_FRT|GUAYAS_FRT|GUAYAS_FRT|GUAYAS_FRV|GUAYAS_FRV|GUAYAS_GAN|GUAYAS_INM|GUAYAS_INM|GUAYAS_INM|GUAYAS_INM|GUAYAS_MAQ|GUAYAS_MAQ|GUAYAS_MAQ|GUAYAS_MAQ|GUAYAS_MET|GUAYAS_MET|GUAYAS_MET|GUAYAS_MET|GUAYAS_MIP|GUAYAS_MOL|GUAYAS_MOL|GUAYAS_PAP|GUAYAS_PAP|GUAYAS_PAP|GUAYAS_PES|GUAYAS_PES|GUAYAS_PLS|GUAYAS_PLS|GUAYAS_PLS|GUAYAS_QU1|GUAYAS_QU2|GUAYAS_QU2|GUAYAS_QU2|GUAYAS_QU2|GUAYAS_REP|GUAYAS_REP|GUAYAS_REP|GUAYAS_RES|GUAYAS_SAL|GUAYAS_SAL|GUAYAS_TEL|GUAYAS_TEL|GUAYAS_TEL|GUAYAS_TRA|GUAYAS_TRA|GUAYAS_TRA,70,2467.637001147391,0.9882733963164209
province_sector,17,GUAYAS_AGU|GUAYAS_ASO|GUAYAS_ASO|GUAYAS_ASO|GUAYAS_ASO|GUAYAS_ASO|GUAYAS_ASO|GUAYAS_ASO|GUAYAS_ASO|GUAYAS_BAL|GUAYAS_CAN|GUAYAS_CAN|GUAYAS_CAR|GUAYAS_CAR|GUAYAS_CEM|GUAYAS_CEM|GUAYAS_CEM|GUAYAS_CEM|GUAYAS_CEM|GUAYAS_CEM|GUAYAS_CER|GUAYAS_CER|GUAYAS_CER|GUAYAS_CIN|GUAYAS_CIN|GUAYAS_CIN|GUAYAS_CIN|GUAYAS_CIN|GUAYAS_CIN|GUAYAS_COM|GUAYAS_CUE|GUAYAS_DOM|GUAYAS_DOM|GUAYAS_FID|GUAYAS_FIN|GUAYAS_FRV|GUAYAS_FRV|GUAYAS_FRV|GUAYAS_FRV|GUAYAS_FRV|GUAYAS_FRV|GUAYAS_FRV|GUAYAS_GAN|GUAYAS_HIL|GUAYAS_HIL|GUAYAS_INM|GUAYAS_INM|GUAYAS_INM|GUAYAS_INM|GUAYAS_MAD|GUAYAS_MAD|GUAYAS_MAD|GUAYAS_MAD|GUAYAS_MAQ|GUAYAS_MAQ|GUAYAS_MAQ|GUAYAS_MAQ|GUAYAS_MAQ|GUAYAS_MAQ|GUAYAS_MAQ|GUAYAS_MAQ|GUAYAS_MAQ|GUAYAS_MAQ|GUAYAS_MAQ|GUAYAS_MET|GUAYAS_MET|GUAYAS_MET|GUAYAS_MIP|GUAYAS_MOL|GUAYAS_MOL|GUAYAS_MOL|GUAYAS_MOL|GUAYAS_MOL|GUAYAS_MUE|GUAYAS_MUE|GUAYAS_MUE|GUAYAS_PAN|GUAYAS_PAN|GUAYAS_PAN|GUAYAS_PAP|GUAYAS_PES|GUAYAS_PES|GUAYAS_QU1|GUAYAS_REP|GUAYAS_RES|GUAYAS_RES|GUAYAS_RES|GUAYAS_RES|GUAYAS_RES|GUAYAS_RES|GUAYAS_RES|GUAYAS_SIL|GUAYAS_SIL|GUAYAS_SIL|GUAYAS_SIL|GUAYAS_SIL|GUAYAS_SIL|GUAYAS_TEL|GUAYAS_TEL|GUAYAS_TEL|GUAYAS_TRA|GUAYAS_VES|GUAYAS_VES,103,2447.5604584093117,0.9963798816985832
province_sector,18,GUAYAS_AGU|GUAYAS_AGU|GUAYAS_AGU|GUAYAS_AGU|GUAYAS_AGU|GUAYAS_AGU|GUAYAS_AGU|GUAYAS_AGU|GUAYAS_AGU|GUAYAS_AGU|GUAYAS_AGU|GUAYAS_AGU|GUAYAS_AGU|GUAYAS_AGU|GUAYAS_AGU|GUAYAS_ALD|GUAYAS_ALD|GUAYAS_ALD|GUAYAS_ALD|GUAYAS_ALD|GUAYAS_ALD|GUAYAS_ALD|GUAYAS_ALD|GUAYAS_ALD|GUAYAS_ALD|GUAYAS_ALD|GUAYAS_ALD|GUAYAS_ALD|GUAYAS_ALD|GUAYAS_ALD|GUAYAS_ASO|GUAYAS_ASO|GUAYAS_ASO|GUAYAS_ASO|GUAYAS_ASO|GUAYAS_ASO|GUAYAS_ASO|GUAYAS_ASO|GUAYAS_ASO|GUAYAS_ASO|GUAYAS_ASO|GUAYAS_ASO|GUAYAS_AZU|GUAYAS_AZU|GUAYAS_BAL|GUAYAS_BAL|GUAYAS_BAL|GUAYAS_BAL|GUAYAS_BNA|GUAYAS_BNA|GUAYAS_BNA|GUAYAS_BNA|GUAYAS_BNA|GUAYAS_BNA|GUAYAS_BNA|GUAYAS_BNA|GUAYAS_BNA|GUAYAS_BNA|GUAYAS_BNA|GUAYAS_CAN|GUAYAS_CAN|GUAYAS_CAN|GUAYAS_CAN|GUAYAS_CAN|GUAYAS_CAR|GUAYAS_CAR|GUAYAS_CAU|GUAYAS_CAU|GUAYAS_CAU|GUAYAS_CAU|GUAYAS_CAU|GUAYAS_CAU|GUAYAS_CAU|GUAYAS_CAU|GUAYAS_CEM|GUAYAS_CEM|GUAYAS_CEM|GUAYAS_CEM|GUAYAS_CEM|GUAYAS_CER|GUAYAS_CER|GUAYAS_CER|GUAYAS_CER|GUAYAS_CER|GUAYAS_CER|GUAYAS_CER|GUAYAS_CER|GUAYAS_CER|GUAYAS_CER|GUAYAS_CER|GUAYAS_CER|GUAYAS_CER|GUAYAS_CER|GUAYAS_CER|GUAYAS_CER|GUAYAS_CER|GUAYAS_CER|GUAYAS_CER|GUAYAS_CER|GUAYAS_CER|GUAYAS_CHO|GUAYAS_CHO|GUAYAS_CHO|GUAYAS_CHO|GUAYAS_CHO|GUAYAS_CHO|GUAYAS_CHO|GUAYAS_CIN|GUAYAS_CIN|GUAYAS_CIN|GUAYAS_CIN|GUAYAS_CIN|GUAYAS_CIN|GUAYAS_CIN|GUAYAS_CIN|GUAYAS_CIN|GUAYAS_CUE|GUAYAS_CUE|GUAYAS_CUE|GUAYAS_CUE|GUAYAS_CUE|GUAYAS_CUE|GUAYAS_CUE|GUAYAS_CUE|GUAYAS_CUE|GUAYAS_CUL|GUAYAS_CUL|GUAYAS_CUL|GUAYAS_CUL|GUAYAS_CUL|GUAYAS_CUL|GUAYAS_CUL|GUAYAS_CUL|GUAYAS_CUL|GUAYAS_CUL|GUAYAS_CUL|GUAYAS_CUL|GUAYAS_CUL|GUAYAS_CUL|GUAYAS_CUL|GUAYAS_CUL|GUAYAS_CUL|GUAYAS_CUL|GUAYAS_CUL|GUAYAS_CUL|GUAYAS_CUL|GUAYAS_CUL|GUAYAS_CUL|GUAYAS_CUL|GUAYAS_CUL|GUAYAS_CUL|GUAYAS_CUL|GUAYAS_DEM|GUAYAS_DEM|GUAYAS_DEM|GUAYAS_DEM|GUAYAS_DEM|GUAYAS_DEM|GUAYAS_DEM|GUAYAS_DEM|GUAYAS_DEM|GUAYAS_DEM|GUAYAS_DEM|GUAYAS_DEM|GUAYAS_DEM|GUAYAS_DEM|GUAYAS_DEM|GUAYAS_DEM|GUAYAS_DEM|GUAYAS_DEM|GUAYAS_DEM|GUAYAS_DEM|GUAYAS_DEM|GUAYAS_DEM|GUAYAS_DEM|GUAYAS_DEM|GUAYAS_DEM|GUAYAS_DEM|GUAYAS_DOM|GUAYAS_DOM|GUAYAS_DOM|GUAYAS_DOM|GUAYAS_DOM|GUAYAS_DOM|GUAYAS_DOM|GUAYAS_DOM|GUAYAS_DOM|GUAYAS_DOM|GUAYAS_DOM|GUAYAS_DOM|GUAYAS_DOM|GUAYAS_DOM|GUAYAS_DOM|GUAYAS_DOM|GUAYAS_DOM|GUAYAS_DOM|GUAYAS_DOM|GUAYAS_DOM|GUAYAS_DOM|GUAYAS_FID|GUAYAS_FID|GUAYAS_FID|GUAYAS_FRT|GUAYAS_FRV|GUAYAS_FRV|GUAYAS_FRV|GUAYAS_FRV|GUAYAS_FRV|GUAYAS_FRV|GUAYAS_FRV|GUAYAS_FRV|GUAYAS_GAN|GUAYAS_GAN|GUAYAS_GAN|GUAYAS_GAN|GUAYAS_GAN|GUAYAS_GAN|GUAYAS_GAN|GUAYAS_GAN|GUAYAS_GAN|GUAYAS_GAN|GUAYAS_GAN|GUAYAS_GAN|GUAYAS_GAN|GUAYAS_GAN|GUAYAS_GAN|GUAYAS_GAN|GUAYAS_GAN|GUAYAS_GAN|GUAYAS_GAN|GUAYAS_GAN|GUAYAS_GAN|GUAYAS_GAN|GUAYAS_GAN|GUAYAS_GAN|GUAYAS_GAN|GUAYAS_GAN|GUAYAS_HIL|GUAYAS_HIL|GUAYAS_HIL|GUAYAS_HIL|GUAYAS_HIL|GUAYAS_HIL|GUAYAS_HIL|GUAYAS_HIL|GUAYAS_HIL|GUAYAS_HIL|GUAYAS_HIL|GUAYAS_HIL|GUAYAS_HIL|GUAYAS_HIL|GUAYAS_HIL|GUAYAS_HOT|GUAYAS_HOT|GUAYAS_HOT|GUAYAS_HOT|GUAYAS_HOT|GUAYAS_HOT|GUAYAS_HOT|GUAYAS_HOT|GUAYAS_HOT|GUAYAS_HOT|GUAYAS_HOT|GUAYAS_HOT|GUAYAS_HOT|GUAYAS_HOT|GUAYAS_HOT|GUAYAS_HOT|GUAYAS_HOT|GUAYAS_HOT|GUAYAS_HOT|GUAYAS_HOT|GUAYAS_HOT|GUAYAS_HOT|GUAYAS_HOT|GUAYAS_HOT|GUAYAS_INM|GUAYAS_INM|GUAYAS_INM|GUAYAS_INM|GUAYAS_INM|GUAYAS_INM|GUAYAS_INM|GUAYAS_INM|GUAYAS_INM|GUAYAS_LAC|GUAYAS_LAC|GUAYAS_LAC|GUAYAS_LAC|GUAYAS_LAC|GUAYAS_LAC|GUAYAS_MAD|GUAYAS_MAD|GUAYAS_MAD|GUAYAS_MAD|GUAYAS_MAD|GUAYAS_MAD|GUAYAS_MAD|GUAYAS_MAD|GUAYAS_MAD|GUAYAS_MAD|GUAYAS_MAD|GUAYAS_MAD|GUAYAS_MAD|GUAYAS_MAD|GUAYAS_MAD|GUAYAS_MAD|GUAYAS_MAD|GUAYAS_MAD|GUAYAS_MAD|GUAYAS_MAD|GUAYAS_MAN|GUAYAS_MAN|GUAYAS_MAN|GUAYAS_MAN|GUAYAS_MAN|GUAYAS_MAN|GUAYAS_MAN|GUAYAS_MAN|GUAYAS_MAN|GUAYAS_MAN|GUAYAS_MAN|GUAYAS_MAN|GUAYAS_MAN|GUAYAS_MAN|GUAYAS_MAN|GUAYAS_MAN|GUAYAS_MAN|GUAYAS_MAN|GUAYAS_MAN|GUAYAS_MAN|GUAYAS_MAN|GUAYAS_MAN|GUAYAS_MAN|GUAYAS_MAN|GUAYAS_MAQ|GUAYAS_MAQ|GUAYAS_MAQ|GUAYAS_MAQ|GUAYAS_MAQ|GUAYAS_MAQ|GUAYAS_MAQ|GUAYAS_MAQ|GUAYAS_MAQ|GUAYAS_MAQ|GUAYAS_MAQ|GUAYAS_MOL|GUAYAS_MOL|GUAYAS_MOL|GUAYAS_MOL|GUAYAS_MOL|GUAYAS_MOL|GUAYAS_MOL|GUAYAS_MOL|GUAYAS_MOL|GUAYAS_MUE|GUAYAS_MUE|GUAYAS_MUE|GUAYAS_MUE|GUAYAS_MUE|GUAYAS_MUE|GUAYAS_MUE|GUAYAS_MUE|GUAYAS_MUE|GUAYAS_MUE|GUAYAS_MUE|GUAYAS_MUE|GUAYAS_MUE|GUAYAS_MUE|GUAYAS_MUE|GUAYAS_MUE|GUAYAS_MUE|GUAYAS_MUE|GUAYAS_MUE|GUAYAS_MUE|GUAYAS_MUE|GUAYAS_MUE|GUAYAS_PAN|GUAYAS_PAN|GUAYAS_PAN|GUAYAS_PAN|GUAYAS_PAN|GUAYAS_PAN|GUAYAS_PAN|GUAYAS_PAN|GUAYAS_PAN|GUAYAS_PAN|GUAYAS_PAN|GUAYAS_PAN|GUAYAS_PAN|GUAYAS_PAN|GUAYAS_PAN|GUAYAS_PES|GUAYAS_PES|GUAYAS_PES|GUAYAS_PES|GUAYAS_PES|GUAYAS_PES|GUAYAS_PES|GUAYAS_PES|GUAYAS_PES|GUAYAS_PES|GUAYAS_POS|GUAYAS_POS|GUAYAS_POS|GUAYAS_POS|GUAYAS_POS|GUAYAS_POS|GUAYAS_POS|GUAYAS_POS|GUAYAS_POS|GUAYAS_POS|GUAYAS_POS|GUAYAS_POS|GUAYAS_POS|GUAYAS_POS|GUAYAS_QU1|GUAYAS_QU1|GUAYAS_QU1|GUAYAS_QU1|GUAYAS_QU1|GUAYAS_QU1|GUAYAS_QU1|GUAYAS_QU1|GUAYAS_QU1|GUAYAS_QU1|GUAYAS_REP|GUAYAS_REP|GUAYAS_REP|GUAYAS_REP|GUAYAS_REP|GUAYAS_REP|GUAYAS_REP|GUAYAS_REP|GUAYAS_REP|GUAYAS_REP|GUAYAS_REP|GUAYAS_REP|GUAYAS_REP|GUAYAS_REP|GUAYAS_REP|GUAYAS_REP|GUAYAS_REP|GUAYAS_REP|GUAYAS_REP|GUAYAS_REP|GUAYAS_REP|GUAYAS_REP|GUAYAS_REP|GUAYAS_RES|GUAYAS_RES|GUAYAS_RES|GUAYAS_RES|GUAYAS_RES|GUAYAS_RES|GUAYAS_RES|GUAYAS_RES|GUAYAS_RES|GUAYAS_RES|GUAYAS_RES|GUAYAS_RES|GUAYAS_RES|GUAYAS_RES|GUAYAS_RES|GUAYAS_RES|GUAYAS_SIL|GUAYAS_SIL|GUAYAS_SIL|GUAYAS_SIL|GUAYAS_SIL|GUAYAS_SIL|GUAYAS_SIL|GUAYAS_SIL|GUAYAS_SIL|GUAYAS_SIL|GUAYAS_SIL|GUAYAS_SIL|GUAYAS_SIL|GUAYAS_TEL|GUAYAS_TEL|GUAYAS_TEL|GUAYAS_TEL|GUAYAS_TEL|GUAYAS_TEL|GUAYAS_TEL|GUAYAS_TEL|GUAYAS_TEL|GUAYAS_TEL|GUAYAS_TEL|GUAYAS_TEL|GUAYAS_TEL|GUAYAS_TEL|GUAYAS_TEL|GUAYAS_TEL|GUAYAS_VES|GUAYAS_VES|GUAYAS_VES|GUAYAS_VES|GUAYAS_VES|GUAYAS_VES|GUAYAS_VES|GUAYAS_VES|GUAYAS_VES|GUAYAS_VES|GUAYAS_VES|GUAYAS_VES|GUAYAS_VES|GUAYAS_VES|GUAYAS_VES|GUAYAS_VES|GUAYAS_VES|GUAYAS_VES|GUAYAS_VES|GUAYAS_VES|GUAYAS_VES|GUAYAS_VES|GUAYAS_VID|GUAYAS_VID|GUAYAS_VID|GUAYAS_VID|GUAYAS_VID|GUAYAS_VID|GUAYAS_VID|GUAYAS_VID|GUAYAS_VID|GUAYAS_VID|GUAYAS_VID|GUAYAS_VID|GUAYAS_VID|GUAYAS_VID|GUAYAS_VID|GUAYAS_VID|GUAYAS_VID|GUAYAS_VID|GUAYAS_VID,535,4720.102998405583,0.5166624543624949
province_sector,19,MANABI_ASO|MANABI_CON|MANABI_INM|MANABI_PPR|MANABI_PPR|MANABI_PPR|MANABI_PPR|MANABI_TEL|MANABI_VES,9,2600.7385387304207,0.9376951829961647
province_sector,20,MANABI_ADP|MANABI_ADP|MANABI_CON|MANABI_CON|MANABI_CON|MANABI_CON|MANABI_CON|MANABI_CON|MANABI_CON|MANABI_CON|MANABI_CON|MANABI_INM|MANABI_PPR|MANABI_TRA,14,2496.553460355848,0.9768266687357049
province_sector,21,MANABI_ASO|MANABI_CON|MANABI_CON|MANABI_CON|MANABI_CON|MANABI_CON|MANABI_CON|MANABI_CON|MANABI_CON|MANABI_CON|MANABI_CON|MANABI_CON|MANABI_CON|MANABI_PES|MANABI_PES|MANABI_PPR,16,2568.5337235136058,0.9494522021163105
province_sector,22,MANABI_ADP|MANABI_ADP|MANABI_ADP|MANABI_ADP|MANABI_COM|MANABI_COM|MANABI_COM|MANABI_DOM|MANABI_EDU|MANABI_EDU|MANABI_EDU|MANABI_FIN|MANABI_GAN|MANABI_INM|MANABI_MIP|MANABI_RES|MANABI_SAL|MANABI_SIL|MANABI_TRA|MANABI_TRA|MANABI_TRA|MANABI_TRA,22,2538.2217741600202,0.9607907491878028
province_sector,23,MANABI_ADM|MANABI_ADM|MANABI_ADM|MANABI_ADP|MANABI_ADP|MANABI_ADP|MANABI_ADP|MANABI_ADP|MANABI_ADP|MANABI_ADP|MANABI_ADP|MANABI_ASO|MANABI_AYG|MANABI_COM|MANABI_COM|MANABI_COM|MANABI_COM|MANABI_DOM|MANABI_EDU|MANABI_EDU|MANABI_EDU|MANABI_ELE|MANABI_FIN|MANABI_INM|MANABI_MIP|MANABI_MIP|MANABI_TRA|MANABI_TRA,28,2517.887798441424,0.9685499097734055
province_sector,24,MANABI_ADM|MANABI_ADM|MANABI_ADM|MANABI_ADM|MANABI_ADM|MANABI_ADM|MANABI_ADM|MANABI_ADP|MANABI_ADP|MANABI_ADP|MANABI_ADP|MANABI_ADP|MANABI_ADP|MANABI_ADP|MANABI_ADP|MANABI_CAR|MANABI_COM|MANABI_COM|MANABI_EDU|MANABI_EDU|MANABI_EDU|MANABI_EDU|MANABI_EDU|MANABI_ELE|MANABI_ELE|MANABI_PES|MANABI_QU2|MANABI_RES|MANABI_SAL|MANABI_SEG|MANABI_TEL|MANABI_TRA|MANABI_TRA,33,2455.919566119357,0.9929885463852686
province_sector,25,MANABI_ADM|MANABI_ADM|MANABI_ADM|MANABI_ADM|MANABI_ADM|MANABI_CAR|MANABI_CIN|MANABI_COM|MANABI_COM|MANABI_COM|MANABI_COM|MANABI_EDU|MANABI_EDU|MANABI_EDU|MANABI_EDU|MANABI_EDU|MANABI_EDU|MANABI_FIN|MANABI_FRT|MANABI_FRT|MANABI_FRT|MANABI_FRT|MANABI_FRT|MANABI_FRT|MANABI_FRV|MANABI_INM|MANABI_INM|MANABI_PES|MANABI_PLS|MANABI_QU2|MANABI_SAL|MANABI_SAL|MANABI_SAL|MANABI_SAL|MANABI_SAL|MANABI_SAL|MANABI_SAL|MANABI_SEG|MANABI_TRA|MANABI_TRA|MANABI_TRA,41,2479.20497776018,0.9836621101830901
province_sector,26,MANABI_ADM|MANABI_ADM|MANABI_ADM|MANABI_ADM|MANABI_ADM|MANABI_ADM|MANABI_AYG|MANABI_BAL|MANABI_BAL|MANABI_CAR|MANABI_COM|MANABI_EDU|MANABI_EDU|MANABI_EDU|MANABI_EDU|MANABI_EDU|MANABI_FIN|MANABI_FIN|MANABI_FIN|MANABI_FRT|MANABI_FRT|MANABI_FRT|MANABI_FRT|MANABI_FRT|MANABI_FRT|MANABI_MAQ|MANABI_MIP|MANABI_MIP|MANABI_MOL|MANABI_PAP|MANABI_PES|MANABI_PLS|MANABI_PLS|MANABI_PLS|MANABI_QU2|MANABI_QU2|MANABI_RES|MANABI_SAL|MANABI_SAL|MANABI_SAL|MANABI_SAL|MANABI_SAL|MANABI_SAL|MANABI_SAL|MANABI_SAL|MANABI_SAL|MANABI_SAL|MANABI_SAL|MANABI_TRA|MANABI_TRA,50,2461.104434025544,0.9908965935310198
province_sector,27,MANABI_ADM|MANABI_ASO|MANABI_ASO|MANABI_ASO|MANABI_AYG|MANABI_BNA|MANABI_CAN|MANABI_CAN|MANABI_CAR|MANABI_CAR|MANABI_CAR|MANABI_CEM|MANABI_CIN|MANABI_CIN|MANABI_CIN|MANABI_COM|MANABI_COM|MANABI_COM|MANABI_COM|MANABI_COM|MANABI_COM|MANABI_COM|MANABI_COM|MANABI_DOM|MANABI_ELE|MANABI_FIN|MANABI_FIN|MANABI_FIN|MANABI_FIN|MANABI_FRT|MANABI_FRV|MANABI_FRV|MANABI_FRV|MANABI_FRV|MANABI_FRV|MANABI_FRV|MANABI_FRV|MANABI_FRV|MANABI_FRV|MANABI_INM|MANABI_LAC|MANABI_MAQ|MANABI_MAQ|MANABI_MET|MANABI_MET|MANABI_MOL|MANABI_MOL|MANABI_PAN|MANABI_PAP|MANABI_PAP|MANABI_PLS|MANABI_PLS|MANABI_PLS|MANABI_QU2|MANABI_REP|MANABI_RES|MANABI_RES|MANABI_SAL|MANABI_SIL|MANABI_SIL|MANABI_TEL|MANABI_TEL|MANABI_TEL|MANABI_TEL|MANABI_TRA|MANABI_TRA|MANABI_TRA|MANABI_TRA|MANABI_TRA|MANABI_TRA,70,2440.2161335599108,0.9993786888222482
province_sector,28,MANABI_ASO|MANABI_ASO|MANABI_ASO|MANABI_ASO|MANABI_BAL|MANABI_BAL|MANABI_BNA|MANABI_CAN|MANABI_CAN|MANABI_CAN|MANABI_CAN|MANABI_CAN|MANABI_CAR|MANABI_CAR|MANABI_CAR|MANABI_CEM|MANABI_CEM|MANABI_CEM|MANABI_CEM|MANABI_CER|MANABI_CHO|MANABI_CIN|MANABI_CIN|MANABI_CIN|MANABI_CIN|MANABI_CIN|MANABI_CIN|MANABI_CUE|MANABI_DEM|MANABI_DEM|MANABI_DOM|MANABI_FIN|MANABI_FIN|MANABI_FIN|MANABI_FIN|MANABI_FRT|MANABI_FRT|MANABI_FRT|MANABI_FRV|MANABI_FRV|MANABI_FRV|MANABI_FRV|MANABI_GAN|MANABI_GAN|MANABI_GAN|MANABI_HIL|MANABI_HOT|MANABI_INM|MANABI_INM|MANABI_INM|MANABI_INM|MANABI_LAC|MANABI_LAC|MANABI_MAD|MANABI_MAD|MANABI_MAD|MANABI_MAD|MANABI_MAN|MANABI_MAN|MANABI_MAN|MANABI_MAQ|MANABI_MAQ|MANABI_MAQ|MANABI_MAQ|MANABI_MAQ|MANABI_MAQ|MANABI_MAQ|MANABI_MAQ|MANABI_MAQ|MANABI_MAQ|MANABI_MAQ|MANABI_MAQ|MANABI_MAQ|MANABI_MAQ|MANABI_MET|MANABI_MET|MANABI_MET|MANABI_MET|MANABI_MOL|MANABI_MOL|MANABI_MUE|MANABI_MUE|MANABI_PAN|MANABI_PAN|MANABI_PAN|MANABI_PES|MANABI_QU1|MANABI_QU2|MANABI_QU2|MANABI_REP|MANABI_REP|MANABI_REP|MANABI_REP|MANABI_RES|MANABI_RES|MANABI_RES|MANABI_RES|MANABI_SIL|MANABI_SIL|MANABI_SIL|MANABI_SIL|MANABI_SIL|MANABI_SIL|MANABI_SIL|MANABI_TEL|MANABI_TEL|MANABI_TEL|MANABI_TRA|MANABI_TRA|MANABI_VES|MANABI_VES|MANABI_VES,112,2444.2098805771975,0.9977457416316897
province_sector,29,MANABI_AGU|MANABI_AGU|MANABI_AGU|MANABI_AGU|MANABI_AGU|MANABI_AGU|MANABI_AGU|MANABI_AGU|MANABI_AGU|MANABI_AGU|MANABI_AGU|MANABI_AGU|MANABI_AGU|MANABI_AGU|MANABI_AGU|MANABI_AGU|MANABI_ALD|MANABI_ALD|MANABI_ALD|MANABI_ALD|MANABI_ALD|MANABI_ALD|MANABI_ALD|MANABI_ALD|MANABI_ALD|MANABI_ALD|MANABI_ALD|MANABI_ALD|MANABI_ALD|MANABI_ALD|MANABI_ALD|MANABI_ALD|MANABI_ALD|MANABI_ASO|MANABI_ASO|MANABI_ASO|MANABI_ASO|MANABI_ASO|MANABI_ASO|MANABI_ASO|MANABI_ASO|MANABI_ASO|MANABI_ASO|MANABI_ASO|MANABI_ASO|MANABI_AZU|MANABI_AZU|MANABI_AZU|MANABI_AZU|MANABI_BAL|MANABI_BAL|MANABI_BAL|MANABI_BAL|MANABI_BAL|MANABI_BNA|MANABI_BNA|MANABI_BNA|MANABI_BNA|MANABI_BNA|MANABI_BNA|MANABI_BNA|MANABI_BNA|MANABI_BNA|MANABI_BNA|MANABI_BNA|MANABI_BNA|MANABI_BNA|MANABI_CAN|MANABI_CAU|MANABI_CAU|MANABI_CAU|MANABI_CEM|MANABI_CEM|MANABI_CEM|MANABI_CEM|MANABI_CEM|MANABI_CER|MANABI_CER|MANABI_CER|MANABI_CER|MANABI_CER|MANABI_CER|MANABI_CER|MANABI_CER|MANABI_CER|MANABI_CER|MANABI_CER|MANABI_CER|MANABI_CER|MANABI_CER|MANABI_CER|MANABI_CER|MANABI_CER|MANABI_CER|MANABI_CHO|MANABI_CHO|MANABI_CHO|MANABI_CHO|MANABI_CIN|MANABI_CIN|MANABI_CIN|MANABI_CIN|MANABI_CIN|MANABI_CIN|MANABI_CUE|MANABI_CUE|MANABI_CUE|MANABI_CUE|MANABI_CUE|MANABI_CUL|MANABI_CUL|MANABI_CUL|MANABI_CUL|MANABI_CUL|MANABI_CUL|MANABI_CUL|MANABI_CUL|MANABI_CUL|MANABI_CUL|MANABI_CUL|MANABI_CUL|MANABI_CUL|MANABI_CUL|MANABI_CUL|MANABI_CUL|MANABI_CUL|MANABI_CUL|MANABI_CUL|MANABI_CUL|MANABI_DEM|MANABI_DEM|MANABI_DEM|MANABI_DEM|MANABI_DEM|MANABI_DEM|MANABI_DEM|MANABI_DEM|MANABI_DEM|MANABI_DEM|MANABI_DEM|MANABI_DEM|MANABI_DEM|MANABI_DEM|MANABI_DEM|MANABI_DEM|MANABI_DEM|MANABI_DEM|MANABI_DEM|MANABI_DEM|MANABI_DOM|MANABI_DOM|MANABI_DOM|MANABI_DOM|MANABI_DOM|MANABI_DOM|MANABI_DOM|MANABI_DOM|MANABI_DOM|MANABI_DOM|MANABI_DOM|MANABI_DOM|MANABI_DOM|MANABI_DOM|MANABI_FID|MANABI_FID|MANABI_FID|MANABI_FRV|MANABI_FRV|MANABI_FRV|MANABI_FRV|MANABI_FRV|MANABI_FRV|MANABI_FRV|MANABI_GAN|MANABI_GAN|MANABI_GAN|MANABI_GAN|MANABI_GAN|MANABI_GAN|MANABI_GAN|MANABI_GAN|MANABI_GAN|MANABI_GAN|MANABI_GAN|MANABI_GAN|MANABI_GAN|MANABI_GAN|MANABI_GAN|MANABI_GAN|MANABI_GAN|MANABI_GAN|MANABI_HIL|MANABI_HIL|MANABI_HIL|MANABI_HIL|MANABI_HIL|MANABI_HIL|MANABI_HIL|MANABI_HIL|MANABI_HIL|MANABI_HIL|MANABI_HIL|MANABI_HIL|MANABI_HIL|MANABI_HIL|MANABI_HIL|MANABI_HIL|MANABI_HOT|MANABI_HOT|MANABI_HOT|MANABI_HOT|MANABI_HOT|MANABI_HOT|MANABI_HOT|MANABI_HOT|MANABI_HOT|MANABI_HOT|MANABI_HOT|MANABI_HOT|MANABI_HOT|MANABI_HOT|MANABI_HOT|MANABI_HOT|MANABI_HOT|MANABI_HOT|MANABI_INM|MANABI_INM|MANABI_INM|MANABI_INM|MANABI_INM|MANABI_INM|MANABI_INM|MANABI_INM|MANABI_INM|MANABI_INM|MANABI_INM|MANABI_LAC|MANABI_LAC|MANABI_LAC|MANABI_LAC|MANABI_LAC|MANABI_LAC|MANABI_LAC|MANABI_LAC|MANABI_LAC|MANABI_MAD|MANABI_MAD|MANABI_MAD|MANABI_MAD|MANABI_MAD|MANABI_MAD|MANABI_MAD|MANABI_MAD|MANABI_MAD|MANABI_MAD|MANABI_MAD|MANABI_MAD|MANABI_MAD|MANABI_MAN|MANABI_MAN|MANABI_MAN|MANABI_MAN|MANABI_MAN|MANABI_MAN|MANABI_MAN|MANABI_MAN|MANABI_MAN|MANABI_MAN|MANABI_MAN|MANABI_MAN|MANABI_MAN|MANABI_MAN|MANABI_MAQ|MANABI_MAQ|MANABI_MAQ|MANABI_MAQ|MANABI_MET|MANABI_MOL|MANABI_MOL|MANABI_MOL|MANABI_MUE|MANABI_MUE|MANABI_MUE|MANABI_MUE|MANABI_MUE|MANABI_MUE|MANABI_MUE|MANABI_MUE|MANABI_MUE|MANABI_MUE|MANABI_MUE|MANABI_MUE|MANABI_MUE|MANABI_MUE|MANABI_MUE|MANABI_MUE|MANABI_MUE|MANABI_MUE|MANABI_MUE|MANABI_PAN|MANABI_PAN|MANABI_PAN|MANABI_PAN|MANABI_PAN|MANABI_PAN|MANABI_PAN|MANABI_PAN|MANABI_PAN|MANABI_PAN|MANABI_PAN|MANABI_PAN|MANABI_PAN|MANABI_PAN|MANABI_PAN|MANABI_PES|MANABI_PES|MANABI_PES|MANABI_PES|MANABI_PES|MANABI_PES|MANABI_PES|MANABI_PES|MANABI_PES|MANABI_PES|MANABI_PES|MANABI_POS|MANABI_POS|MANABI_POS|MANABI_POS|MANABI_POS|MANABI_POS|MANABI_POS|MANABI_POS|MANABI_POS|MANABI_POS|MANABI_POS|MANABI_POS|MANABI_POS|MANABI_POS|MANABI_QU1|MANABI_QU1|MANABI_QU1|MANABI_QU1|MANABI_QU1|MANABI_QU1|MANABI_REP|MANABI_REP|MANABI_REP|MANABI_REP|MANABI_REP|MANABI_REP|MANABI_REP|MANABI_REP|MANABI_REP|MANABI_REP|MANABI_REP|MANABI_REP|MANABI_REP|MANABI_REP|MANABI_REP|MANABI_REP|MANABI_REP|MANABI_RES|MANABI_RES|MANABI_RES|MANABI_RES|MANABI_RES|MANABI_RES|MANABI_RES|MANABI_RES|MANABI_RES|MANABI_RES|MANABI_RES|MANABI_RES|MANABI_RES|MANABI_SIL|MANABI_SIL|MANABI_SIL|MANABI_SIL|MANABI_SIL|MANABI_SIL|MANABI_SIL|MANABI_TEL|MANABI_TEL|MANABI_TEL|MANABI_TEL|MANABI_TEL|MANABI_TEL|MANABI_TEL|MANABI_TEL|MANABI_TEL|MANABI_TEL|MANABI_TEL|MANABI_TEL|MANABI_TEL|MANABI_VES|MANABI_VES|MANABI_VES|MANABI_VES|MANABI_VES|MANABI_VES|MANABI_VES|MANABI_VES|MANABI_VES|MANABI_VES|MANABI_VES|MANABI_VES|MANABI_VES|MANABI_VES|MANABI_VES|MANABI_VES|MANABI_VES|MANABI_VES|MANABI_VID|MANABI_VID|MANABI_VID|MANABI_VID|MANABI_VID|MANABI_VID|MANABI_VID|MANABI_VID|MANABI_VID|MANABI_VID|MANABI_VID|MANABI_VID|MANABI_VID,426,3091.838536828371,0.7887539957056214
province_sector,30,PICHINCHA_INM|PICHINCHA_REF|PICHINCHA_RES,3,3058.224376076996,0.7974235046573971
province_sector,31,PICHINCHA_EDU|PICHINCHA_FIN|PICHINCHA_PPR|PICHINCHA_SAL|PICHINCHA_TEL,5,2485.1670854868444,0.9813022288287141
province_sector,32,PICHINCHA_BAL|PICHINCHA_EDU|PICHINCHA_ELE|PICHINCHA_FRV|PICHINCHA_INM|PICHINCHA_MIP|PICHINCHA_QU2|PICHINCHA_REF|PICHINCHA_SAL|PICHINCHA_SEG,10,2476.4452248936873,0.9847583041553815
province_sector,33,PICHINCHA_ADM|PICHINCHA_AYG|PICHINCHA_CON|PICHINCHA_CON|PICHINCHA_CON|PICHINCHA_CON|PICHINCHA_CON|PICHINCHA_CON|PICHINCHA_CON|PICHINCHA_CON|PICHINCHA_CON|PICHINCHA_DOM|PICHINCHA_FRT|PICHINCHA_MUE|PICHINCHA_REP,15,2457.4434135676656,0.9923727995264581
province_sector,34,PICHINCHA_ADM|PICHINCHA_ADM|PICHINCHA_ADP|PICHINCHA_ADP|PICHINCHA_ADP|PICHINCHA_ADP|PICHINCHA_ADP|PICHINCHA_AYG|PICHINCHA_EDU|PICHINCHA_EDU|PICHINCHA_ELE|PICHINCHA_FIN|PICHINCHA_HIL|PICHINCHA_HOT|PICHINCHA_MIP|PICHINCHA_MIP|PICHINCHA_PAP|PICHINCHA_PES|PICHINCHA_SAL|PICHINCHA_SAL|PICHINCHA_SIL|PICHINCHA_TEL|PICHINCHA_TRA,23,2441.838556758705,0.9987146747478377
province_sector,35,PICHINCHA_ADM|PICHINCHA_ADM|PICHINCHA_ADM|PICHINCHA_ADP|PICHINCHA_ADP|PICHINCHA_ADP|PICHINCHA_ADP|PICHINCHA_ALD|PICHINCHA_AYG|PICHINCHA_AYG|PICHINCHA_BAL|PICHINCHA_CAN|PICHINCHA_COM|PICHINCHA_COM|PICHINCHA_CUE|PICHINCHA_DEM|PICHINCHA_EDU|PICHINCHA_EDU|PICHINCHA_EDU|PICHINCHA_ELE|PICHINCHA_ELE|PICHINCHA_FIN|PICHINCHA_FRT|PICHINCHA_GAN|PICHINCHA_MIP|PICHINCHA_MIP|PICHINCHA_MIP|PICHINCHA_PES|PICHINCHA_SAL|PICHINCHA_SEG|PICHINCHA_SEG|PICHINCHA_TAB|PICHINCHA_TRA|PICHINCHA_TRA,34,2477.0898792493235,0.9845020241005717
province_sector,36,PICHINCHA_ADM|PICHINCHA_ADM|PICHINCHA_ADM|PICHINCHA_ASO|PICHINCHA_AZU|PICHINCHA_CIN|PICHINCHA_COM|PICHINCHA_COM|PICHINCHA_COM|PICHINCHA_COM|PICHINCHA_COM|PICHINCHA_EDU|PICHINCHA_EDU|PICHINCHA_ELE|PICHINCHA_ELE|PICHINCHA_FIN|PICHINCHA_FIN|PICHINCHA_FRT|PICHINCHA_FRT|PICHINCHA_FRV|PICHINCHA_INM|PICHINCHA_INM|PICHINCHA_INM|PICHINCHA_INM|PICHINCHA_MAD|PICHINCHA_MET|PICHINCHA_MIP|PICHINCHA_PAP|PICHINCHA_PAP|PICHINCHA_PAP|PICHINCHA_PES|PICHINCHA_PES|PICHINCHA_PLS|PICHINCHA_PLS|PICHINCHA_PLS|PICHINCHA_QU2|PICHINCHA_QU2|PICHINCHA_QU2|PICHINCHA_QU2|PICHINCHA_RES|PICHINCHA_SAL|PICHINCHA_SAL|PICHINCHA_SAL|PICHINCHA_SAL|PICHINCHA_TEL|PICHINCHA_TEL|PICHINCHA_TRA|PICHINCHA_TRA|PICHINCHA_TRA,49,2456.5027414937654,0.9927528102480603
province_sector,37,PICHINCHA_AGU|PICHINCHA_AGU|PICHINCHA_AGU|PICHINCHA_AGU|PICHINCHA_AGU|PICHINCHA_AGU|PICHINCHA_AGU|PICHINCHA_ALD|PICHINCHA_ALD|PICHINCHA_ALD|PICHINCHA_ALD|PICHINCHA_ALD|PICHINCHA_ALD|PICHINCHA_ALD|PICHINCHA_ASO|PICHINCHA_ASO|PICHINCHA_ASO|PICHINCHA_ASO|PICHINCHA_ASO|PICHINCHA_ASO|PICHINCHA_ASO|PICHINCHA_ASO|PICHINCHA_AYG|PICHINCHA_AZU|PICHINCHA_AZU|PICHINCHA_AZU|PICHINCHA_BAL|PICHINCHA_BAL|PICHINCHA_BNA|PICHINCHA_BNA|PICHINCHA_BNA|PICHINCHA_BNA|PICHINCHA_BNA|PICHINCHA_CAN|PICHINCHA_CAN|PICHINCHA_CAN|PICHINCHA_CAN|PICHINCHA_CAN|PICHINCHA_CAR|PICHINCHA_CAR|PICHINCHA_CAR|PICHINCHA_CAR|PICHINCHA_CAR|PICHINCHA_CAR|PICHINCHA_CAU|PICHINCHA_CAU|PICHINCHA_CAU|PICHINCHA_CAU|PICHINCHA_CAU|PICHINCHA_CAU|PICHINCHA_CEM|PICHINCHA_CEM|PICHINCHA_CEM|PICHINCHA_CEM|PICHINCHA_CEM|PICHINCHA_CEM|PICHINCHA_CEM|PICHINCHA_CER|PICHINCHA_CER|PICHINCHA_CER|PICHINCHA_CER|PICHINCHA_CER|PICHINCHA_CER|PICHINCHA_CER|PICHINCHA_CER|PICHINCHA_CHO|PICHINCHA_CHO|PICHINCHA_CHO|PICHINCHA_CHO|PICHINCHA_CHO|PICHINCHA_CHO|PICHINCHA_CIN|PICHINCHA_CIN|PICHINCHA_CIN|PICHINCHA_CIN|PICHINCHA_CIN|PICHINCHA_CIN|PICHINCHA_CIN|PICHINCHA_CIN|PICHINCHA_COM|PICHINCHA_COM|PICHINCHA_CUE|PICHINCHA_CUE|PICHINCHA_CUE|PICHINCHA_CUL|PICHINCHA_CUL|PICHINCHA_CUL|PICHINCHA_CUL|PICHINCHA_CUL|PICHINCHA_CUL|PICHINCHA_CUL|PICHINCHA_CUL|PICHINCHA_CUL|PICHINCHA_DEM|PICHINCHA_DEM|PICHINCHA_DEM|PICHINCHA_DEM|PICHINCHA_DEM|PICHINCHA_DEM|PICHINCHA_DEM|PICHINCHA_DEM|PICHINCHA_DOM|PICHINCHA_DOM|PICHINCHA_DOM|PICHINCHA_DOM|PICHINCHA_DOM|PICHINCHA_FID|PICHINCHA_FIN|PICHINCHA_FIN|PICHINCHA_FIN|PICHINCHA_FRT|PICHINCHA_FRV|PICHINCHA_FRV|PICHINCHA_FRV|PICHINCHA_FRV|PICHINCHA_FRV|PICHINCHA_FRV|PICHINCHA_FRV|PICHINCHA_GAN|PICHINCHA_GAN|PICHINCHA_GAN|PICHINCHA_GAN|PICHINCHA_GAN|PICHINCHA_GAN|PICHINCHA_GAN|PICHINCHA_GAN|PICHINCHA_HIL|PICHINCHA_HIL|PICHINCHA_HIL|PICHINCHA_HIL|PICHINCHA_HIL|PICHINCHA_HIL|PICHINCHA_HIL|PICHINCHA_HOT|PICHINCHA_HOT|PICHINCHA_HOT|PICHINCHA_HOT|PICHINCHA_HOT|PICHINCHA_HOT|PICHINCHA_HOT|PICHINCHA_HOT|PICHINCHA_INM|PICHINCHA_INM|PICHINCHA_INM|PICHINCHA_LAC|PICHINCHA_LAC|PICHINCHA_LAC|PICHINCHA_LAC|PICHINCHA_LAC|PICHINCHA_LAC|PICHINCHA_LAC|PICHINCHA_LAC|PICHINCHA_LAC|PICHINCHA_MAD|PICHINCHA_MAD|PICHINCHA_MAD|PICHINCHA_MAD|PICHINCHA_MAD|PICHINCHA_MAD|PICHINCHA_MAD|PICHINCHA_MAD|PICHINCHA_MAN|PICHINCHA_MAN|PICHINCHA_MAN|PICHINCHA_MAN|PICHINCHA_MAN|PICHINCHA_MAN|PICHINCHA_MAN|PICHINCHA_MAN|PICHINCHA_MAN|PICHINCHA_MAQ|PICHINCHA_MAQ|PICHINCHA_MAQ|PICHINCHA_MAQ|PICHINCHA_MAQ|PICHINCHA_MAQ|PICHINCHA_MAQ|PICHINCHA_MAQ|PICHINCHA_MAQ|PICHINCHA_MET|PICHINCHA_MET|PICHINCHA_MET|PICHINCHA_MET|PICHINCHA_MET|PICHINCHA_MOL|PICHINCHA_MOL|PICHINCHA_MOL|PICHINCHA_MOL|PICHINCHA_MUE|PICHINCHA_MUE|PICHINCHA_MUE|PICHINCHA_MUE|PICHINCHA_MUE|PICHINCHA_MUE|PICHINCHA_MUE|PICHINCHA_MUE|PICHINCHA_PAN|PICHINCHA_PAN|PICHINCHA_PAN|PICHINCHA_PAN|PICHINCHA_PAN|PICHINCHA_PAN|PICHINCHA_PAN|PICHINCHA_PAN|PICHINCHA_PAN|PICHINCHA_PAP|PICHINCHA_PAP|PICHINCHA_PAP|PICHINCHA_PES|PICHINCHA_PES|PICHINCHA_PES|PICHINCHA_PLS|PICHINCHA_PLS|PICHINCHA_PLS|PICHINCHA_POS|PICHINCHA_POS|PICHINCHA_POS|PICHINCHA_POS|PICHINCHA_POS|PICHINCHA_POS|PICHINCHA_POS|PICHINCHA_QU1|PICHINCHA_QU1|PICHINCHA_QU1|PICHINCHA_QU1|PICHINCHA_QU1|PICHINCHA_QU1|PICHINCHA_QU1|PICHINCHA_QU2|PICHINCHA_QU2|PICHINCHA_REP|PICHINCHA_REP|PICHINCHA_REP|PICHINCHA_REP|PICHINCHA_REP|PICHINCHA_REP|PICHINCHA_REP|PICHINCHA_REP|PICHINCHA_RES|PICHINCHA_RES|PICHINCHA_RES|PICHINCHA_RES|PICHINCHA_RES|PICHINCHA_RES|PICHINCHA_RES|PICHINCHA_SIL|PICHINCHA_SIL|PICHINCHA_SIL|PICHINCHA_SIL|PICHINCHA_SIL|PICHINCHA_SIL|PICHINCHA_SIL|PICHINCHA_SIL|PICHINCHA_TEL|PICHINCHA_TEL|PICHINCHA_TEL|PICHINCHA_TEL|PICHINCHA_TEL|PICHINCHA_TRA|PICHINCHA_TRA|PICHINCHA_TRA|PICHINCHA_VES|PICHINCHA_VES|PICHINCHA_VES|PICHINCHA_VES|PICHINCHA_VES|PICHINCHA_VES|PICHINCHA_VES|PICHINCHA_VES|PICHINCHA_VES|PICHINCHA_VID|PICHINCHA_VID|PICHINCHA_VID|PICHINCHA_VID|PICHINCHA_VID|PICHINCHA_VID|PICHINCHA_VID,277,3728.4742664425853,0.6540745156669175
province_sector,38,LOS RIOS_ADM|LOS RIOS_COM|LOS RIOS_CON|LOS RIOS_CON|LOS RIOS_CON|LOS RIOS_CON|LOS RIOS_CON|LOS RIOS_CON|LOS RIOS_CON|LOS RIOS_EDU|LOS RIOS_INM|LOS RIOS_MIP,12,2516.6587271857743,0.9690229245850307
province_sector,39,LOS RIOS_ADM|LOS RIOS_ADM|LOS RIOS_ADP|LOS RIOS_ADP|LOS RIOS_COM|LOS RIOS_CON|LOS RIOS_CON|LOS RIOS_CON|LOS RIOS_CON|LOS RIOS_CON|LOS RIOS_CON|LOS RIOS_EDU|LOS RIOS_ELE|LOS RIOS_MIP|LOS RIOS_RES|LOS RIOS_RES|LOS RIOS_RES|LOS RIOS_TRA,18,2502.683834328167,0.9744339123262274
province_sector,40,LOS RIOS_ADM|LOS RIOS_ADM|LOS RIOS_ADM|LOS RIOS_ADP|LOS RIOS_ADP|LOS RIOS_ADP|LOS RIOS_ADP|LOS RIOS_ADP|LOS RIOS_ADP|LOS RIOS_ADP|LOS RIOS_ADP|LOS RIOS_ASO|LOS RIOS_CIN|LOS RIOS_COM|LOS RIOS_COM|LOS RIOS_COM|LOS RIOS_EDU|LOS RIOS_ELE|LOS RIOS_FIN|LOS RIOS_HOT|LOS RIOS_MIP|LOS RIOS_MIP|LOS RIOS_QU2|LOS RIOS_RES|LOS RIOS_SEG|LOS RIOS_TRA|LOS RIOS_TRA,27,2469.3829265080894,0.9875746583574716
province_sector,41,LOS RIOS_ADM|LOS RIOS_ADM|LOS RIOS_ADM|LOS RIOS_ADM|LOS RIOS_ADM|LOS RIOS_ADP|LOS RIOS_ADP|LOS RIOS_ADP|LOS RIOS_AGU|LOS RIOS_ASO|LOS RIOS_AYG|LOS RIOS_CAR|LOS RIOS_CAR|LOS RIOS_CIN|LOS RIOS_CIN|LOS RIOS_COM|LOS RIOS_COM|LOS RIOS_EDU|LOS RIOS_EDU|LOS RIOS_EDU|LOS RIOS_EDU|LOS RIOS_EDU|LOS RIOS_EDU|LOS RIOS_FIN|LOS RIOS_FIN|LOS RIOS_FRT|LOS RIOS_INM|LOS RIOS_MIP|LOS RIOS_MIP|LOS RIOS_QU2|LOS RIOS_SAL|LOS RIOS_SAL|LOS RIOS_TEL|LOS RIOS_TRA|LOS RIOS_TRA,35,2440.6808867890177,0.9991883876340656
province_sector,42,LOS RIOS_ADM|LOS RIOS_ADM|LOS RIOS_BAL|LOS RIOS_CEM|LOS RIOS_CEM|LOS RIOS_CIN|LOS RIOS_COM|LOS RIOS_COM|LOS RIOS_COM|LOS RIOS_COM|LOS RIOS_EDU|LOS RIOS_EDU|LOS RIOS_EDU|LOS RIOS_EDU|LOS RIOS_ELE|LOS RIOS_FIN|LOS RIOS_FIN|LOS RIOS_FRT|LOS RIOS_FRT|LOS RIOS_FRT|LOS RIOS_FRT|LOS RIOS_FRT|LOS RIOS_FRT|LOS RIOS_FRT|LOS RIOS_FRV|LOS RIOS_FRV|LOS RIOS_INM|LOS RIOS_INM|LOS RIOS_INM|LOS RIOS_PAP|LOS RIOS_PES|LOS RIOS_PLS|LOS RIOS_QU2|LOS RIOS_QU2|LOS RIOS_RES|LOS RIOS_RES|LOS RIOS_SAL|LOS RIOS_SAL|LOS RIOS_SAL|LOS RIOS_SAL|LOS RIOS_SAL|LOS RIOS_SAL|LOS RIOS_SAL|LOS RIOS_SAL|LOS RIOS_TEL|LOS RIOS_TRA|LOS RIOS_TRA,47,2458.4332484137403,0.991973242134407
province_sector,43,LOS RIOS_AGU|LOS RIOS_AGU|LOS RIOS_AGU|LOS RIOS_AGU|LOS RIOS_ALD|LOS RIOS_ALD|LOS RIOS_ALD|LOS RIOS_ALD|LOS RIOS_ALD|LOS RIOS_ALD|LOS RIOS_ALD|LOS RIOS_ALD|LOS RIOS_ALD|LOS RIOS_ALD|LOS RIOS_ALD|LOS RIOS_ALD|LOS RIOS_ASO|LOS RIOS_ASO|LOS RIOS_ASO|LOS RIOS_ASO|LOS RIOS_ASO|LOS RIOS_ASO|LOS RIOS_ASO|LOS RIOS_ASO|LOS RIOS_ASO|LOS RIOS_ASO|LOS RIOS_ASO|LOS RIOS_AZU|LOS RIOS_BAL|LOS RIOS_BNA|LOS RIOS_BNA|LOS RIOS_BNA|LOS RIOS_BNA|LOS RIOS_CAN|LOS RIOS_CAU|LOS RIOS_CAU|LOS RIOS_CAU|LOS RIOS_CAU|LOS RIOS_CEM|LOS RIOS_CEM|LOS RIOS_CEM|LOS RIOS_CER|LOS RIOS_CER|LOS RIOS_CER|LOS RIOS_CER|LOS RIOS_CER|LOS RIOS_CER|LOS RIOS_CER|LOS RIOS_CER|LOS RIOS_CER|LOS RIOS_CER|LOS RIOS_CER|LOS RIOS_CER|LOS RIOS_CER|LOS RIOS_CHO|LOS RIOS_CHO|LOS RIOS_CIN|LOS RIOS_CIN|LOS RIOS_CIN|LOS RIOS_CIN|LOS RIOS_CIN|LOS RIOS_CIN|LOS RIOS_CIN|LOS RIOS_CIN|LOS RIOS_COM|LOS RIOS_COM|LOS RIOS_CUE|LOS RIOS_CUE|LOS RIOS_CUE|LOS RIOS_CUL|LOS RIOS_CUL|LOS RIOS_CUL|LOS RIOS_CUL|LOS RIOS_CUL|LOS RIOS_CUL|LOS RIOS_CUL|LOS RIOS_CUL|LOS RIOS_CUL|LOS RIOS_CUL|LOS RIOS_CUL|LOS RIOS_CUL|LOS RIOS_CUL|LOS RIOS_DEM|LOS RIOS_DEM|LOS RIOS_DEM|LOS RIOS_DEM|LOS RIOS_DEM|LOS RIOS_DEM|LOS RIOS_DEM|LOS RIOS_DEM|LOS RIOS_DEM|LOS RIOS_DEM|LOS RIOS_DEM|LOS RIOS_DEM|LOS RIOS_DEM|LOS RIOS_DOM|LOS RIOS_DOM|LOS RIOS_DOM|LOS RIOS_DOM|LOS RIOS_DOM|LOS RIOS_DOM|LOS RIOS_DOM|LOS RIOS_DOM|LOS RIOS_DOM|LOS RIOS_DOM|LOS RIOS_DOM|LOS RIOS_DOM|LOS RIOS_FID|LOS RIOS_FIN|LOS RIOS_FIN|LOS RIOS_FIN|LOS RIOS_FRT|LOS RIOS_FRT|LOS RIOS_FRT|LOS RIOS_FRT|LOS RIOS_FRT|LOS RIOS_FRV|LOS RIOS_FRV|LOS RIOS_FRV|LOS RIOS_FRV|LOS RIOS_FRV|LOS RIOS_FRV|LOS RIOS_FRV|LOS RIOS_FRV|LOS RIOS_FRV|LOS RIOS_FRV|LOS RIOS_FRV|LOS RIOS_GAN|LOS RIOS_GAN|LOS RIOS_GAN|LOS RIOS_GAN|LOS RIOS_GAN|LOS RIOS_GAN|LOS RIOS_GAN|LOS RIOS_GAN|LOS RIOS_GAN|LOS RIOS_GAN|LOS RIOS_GAN|LOS RIOS_GAN|LOS RIOS_GAN|LOS RIOS_HIL|LOS RIOS_HIL|LOS RIOS_HIL|LOS RIOS_HIL|LOS RIOS_HIL|LOS RIOS_HIL|LOS RIOS_HIL|LOS RIOS_HIL|LOS RIOS_HIL|LOS RIOS_HOT|LOS RIOS_HOT|LOS RIOS_HOT|LOS RIOS_HOT|LOS RIOS_HOT|LOS RIOS_HOT|LOS RIOS_HOT|LOS RIOS_HOT|LOS RIOS_HOT|LOS RIOS_HOT|LOS RIOS_HOT|LOS RIOS_HOT|LOS RIOS_INM|LOS RIOS_INM|LOS RIOS_INM|LOS RIOS_INM|LOS RIOS_INM|LOS RIOS_INM|LOS RIOS_INM|LOS RIOS_INM|LOS RIOS_LAC|LOS RIOS_LAC|LOS RIOS_LAC|LOS RIOS_MAD|LOS RIOS_MAD|LOS RIOS_MAD|LOS RIOS_MAD|LOS RIOS_MAD|LOS RIOS_MAD|LOS RIOS_MAD|LOS RIOS_MAD|LOS RIOS_MAD|LOS RIOS_MAD|LOS RIOS_MAD|LOS RIOS_MAD|LOS RIOS_MAN|LOS RIOS_MAN|LOS RIOS_MAN|LOS RIOS_MAN|LOS RIOS_MAN|LOS RIOS_MAN|LOS RIOS_MAN|LOS RIOS_MAN|LOS RIOS_MAN|LOS RIOS_MAN|LOS RIOS_MAQ|LOS RIOS_MAQ|LOS RIOS_MAQ|LOS RIOS_MAQ|LOS RIOS_MAQ|LOS RIOS_MAQ|LOS RIOS_MAQ|LOS RIOS_MAQ|LOS RIOS_MAQ|LOS RIOS_MAQ|LOS RIOS_MAQ|LOS RIOS_MAQ|LOS RIOS_MAQ|LOS RIOS_MET|LOS RIOS_MET|LOS RIOS_MET|LOS RIOS_MET|LOS RIOS_MOL|LOS RIOS_MOL|LOS RIOS_MOL|LOS RIOS_MOL|LOS RIOS_MOL|LOS RIOS_MOL|LOS RIOS_MOL|LOS RIOS_MOL|LOS RIOS_MOL|LOS RIOS_MOL|LOS RIOS_MOL|LOS RIOS_MUE|LOS RIOS_MUE|LOS RIOS_MUE|LOS RIOS_MUE|LOS RIOS_MUE|LOS RIOS_MUE|LOS RIOS_MUE|LOS RIOS_MUE|LOS RIOS_MUE|LOS RIOS_MUE|LOS RIOS_MUE|LOS RIOS_PAN|LOS RIOS_PAN|LOS RIOS_PAN|LOS RIOS_PAN|LOS RIOS_PAN|LOS RIOS_PAN|LOS RIOS_PAN|LOS RIOS_PAN|LOS RIOS_PAN|LOS RIOS_PAN|LOS RIOS_PAN|LOS RIOS_PAN|LOS RIOS_PES|LOS RIOS_PES|LOS RIOS_PES|LOS RIOS_PES|LOS RIOS_POS|LOS RIOS_POS|LOS RIOS_POS|LOS RIOS_POS|LOS RIOS_POS|LOS RIOS_POS|LOS RIOS_POS|LOS RIOS_QU1|LOS RIOS_QU1|LOS RIOS_QU1|LOS RIOS_REP|LOS RIOS_REP|LOS RIOS_REP|LOS RIOS_REP|LOS RIOS_REP|LOS RIOS_REP|LOS RIOS_REP|LOS RIOS_REP|LOS RIOS_REP|LOS RIOS_REP|LOS RIOS_REP|LOS RIOS_REP|LOS RIOS_REP|LOS RIOS_RES|LOS RIOS_RES|LOS RIOS_RES|LOS RIOS_RES|LOS RIOS_RES|LOS RIOS_RES|LOS RIOS_RES|LOS RIOS_SAL|LOS RIOS_SAL|LOS RIOS_SIL|LOS RIOS_SIL|LOS RIOS_SIL|LOS RIOS_SIL|LOS RIOS_SIL|LOS RIOS_SIL|LOS RIOS_SIL|LOS RIOS_TEL|LOS RIOS_TEL|LOS RIOS_TEL|LOS RIOS_TEL|LOS RIOS_TEL|LOS RIOS_TEL|LOS RIOS_TEL|LOS RIOS_TEL|LOS RIOS_TEL|LOS RIOS_TEL|LOS RIOS_TEL|LOS RIOS_TRA|LOS RIOS_TRA|LOS RIOS_TRA|LOS RIOS_TRA|LOS RIOS_TRA|LOS RIOS_TRA|LOS RIOS_VES|LOS RIOS_VES|LOS RIOS_VES|LOS RIOS_VES|LOS RIOS_VES|LOS RIOS_VES|LOS RIOS_VES|LOS RIOS_VES|LOS RIOS_VES|LOS RIOS_VES|LOS RIOS_VES|LOS RIOS_VES|LOS RIOS_VID|LOS RIOS_VID|LOS RIOS_VID|LOS RIOS_VID,321,4339.090033432978,0.5620302831261056
province_sector,44,EL ORO_CON|EL ORO_CON|EL ORO_CON|EL ORO_CON|EL ORO_CON|EL ORO_CON|EL ORO_CON|EL ORO_CON|EL ORO_CON|EL ORO_PPR|EL ORO_PPR|EL ORO_PPR|EL ORO_REF,13,2491.4252901653763,0.9788372983233719
province_sector,45,EL ORO_ADM|EL ORO_ADM|EL ORO_ADP|EL ORO_ADP|EL ORO_ADP|EL ORO_COM|EL ORO_COM|EL ORO_COM|EL ORO_CON|EL ORO_CON|EL ORO_CON|EL ORO_CON|EL ORO_CON|EL ORO_INM|EL ORO_MIP|EL ORO_MIP|EL ORO_PPR|EL ORO_PPR|EL ORO_TEL|EL ORO_TEL,20,2455.737060601136,0.993062343328823
province_sector,46,EL ORO_ADM|EL ORO_ADM|EL ORO_ADP|EL ORO_ADP|EL ORO_ADP|EL ORO_ADP|EL ORO_ADP|EL ORO_ADP|EL ORO_ADP|EL ORO_ADP|EL ORO_ADP|EL ORO_ADP|EL ORO_ADP|EL ORO_ASO|EL ORO_ASO|EL ORO_COM|EL ORO_EDU|EL ORO_EDU|EL ORO_EDU|EL ORO_ELE|EL ORO_ELE|EL ORO_MIP|EL ORO_MIP|EL ORO_MIP|EL ORO_MIP|EL ORO_PLS|EL ORO_RES|EL ORO_SAL|EL ORO_SAL|EL ORO_TRA|EL ORO_TRA,31,2508.9619623740427,0.9719956047848731
province_sector,47,EL ORO_ADM|EL ORO_ADM|EL ORO_ADM|EL ORO_ADM|EL ORO_ADM|EL ORO_ADM|EL ORO_ADM|EL ORO_AYG|EL ORO_CAR|EL ORO_CAR|EL ORO_CEM|EL ORO_COM|EL ORO_COM|EL ORO_COM|EL ORO_EDU|EL ORO_EDU|EL ORO_EDU|EL ORO_EDU|EL ORO_EDU|EL ORO_EDU|EL ORO_EDU|EL ORO_EDU|EL ORO_EDU|EL ORO_ELE|EL ORO_FIN|EL ORO_FIN|EL ORO_FRT|EL ORO_FRT|EL ORO_GAN|EL ORO_MIP|EL ORO_MOL|EL ORO_PES|EL ORO_PES|EL ORO_QU2|EL ORO_QU2|EL ORO_QU2|EL ORO_SAL|EL ORO_SAL|EL ORO_SAL|EL ORO_TRA,40,2481.9998315583784,0.9825544583009935
province_sector,48,EL ORO_ADM|EL ORO_ADM|EL ORO_ADM|EL ORO_BAL|EL ORO_BAL|EL ORO_BAL|EL ORO_CAN|EL ORO_CAN|EL ORO_CEM|EL ORO_CIN|EL ORO_CIN|EL ORO_COM|EL ORO_COM|EL ORO_COM|EL ORO_COM|EL ORO_COM|EL ORO_ELE|EL ORO_FIN|EL ORO_FIN|EL ORO_FRT|EL ORO_FRT|EL ORO_FRV|EL ORO_FRV|EL ORO_INM|EL ORO_INM|EL ORO_INM|EL ORO_INM|EL ORO_MAQ|EL ORO_MAQ|EL ORO_MET|EL ORO_MIP|EL ORO_MIP|EL ORO_PAP|EL ORO_PAP|EL ORO_PAP|EL ORO_PAP|EL ORO_PES|EL ORO_PLS|EL ORO_PLS|EL ORO_PLS|EL ORO_QU2|EL ORO_RES|EL ORO_SAL|EL ORO_SAL|EL ORO_SAL|EL ORO_SAL|EL ORO_SAL|EL ORO_SAL|EL ORO_SAL|EL ORO_SAL|EL ORO_SAL|EL ORO_TEL|EL ORO_TEL|EL ORO_TRA|EL ORO_TRA|EL ORO_TRA|EL ORO_TRA|EL ORO_TRA|EL ORO_TRA|EL ORO_TRA|EL ORO_TRA|EL ORO_TRA,62,2442.917942350838,0.9982733999052055
province_sector,49,EL ORO_AGU|EL ORO_AGU|EL ORO_AGU|EL ORO_AGU|EL ORO_AGU|EL ORO_AGU|EL ORO_AGU|EL ORO_AGU|EL ORO_ALD|EL ORO_ALD|EL ORO_ALD|EL ORO_ALD|EL ORO_ALD|EL ORO_ALD|EL ORO_ALD|EL ORO_ALD|EL ORO_ALD|EL ORO_ALD|EL ORO_ASO|EL ORO_ASO|EL ORO_ASO|EL ORO_ASO|EL ORO_ASO|EL ORO_ASO|EL ORO_ASO|EL ORO_ASO|EL ORO_ASO|EL ORO_ASO|EL ORO_ASO|EL ORO_ASO|EL ORO_AZU|EL ORO_AZU|EL ORO_AZU|EL ORO_AZU|EL ORO_BAL|EL ORO_BAL|EL ORO_BAL|EL ORO_BAL|EL ORO_BAL|EL ORO_BNA|EL ORO_BNA|EL ORO_BNA|EL ORO_BNA|EL ORO_BNA|EL ORO_BNA|EL ORO_CAN|EL ORO_CAN|EL ORO_CAN|EL ORO_CAN|EL ORO_CAN|EL ORO_CAN|EL ORO_CAR|EL ORO_CAR|EL ORO_CAR|EL ORO_CAR|EL ORO_CAR|EL ORO_CAU|EL ORO_CAU|EL ORO_CAU|EL ORO_CAU|EL ORO_CAU|EL ORO_CAU|EL ORO_CAU|EL ORO_CEM|EL ORO_CEM|EL ORO_CEM|EL ORO_CEM|EL ORO_CEM|EL ORO_CEM|EL ORO_CEM|EL ORO_CEM|EL ORO_CEM|EL ORO_CER|EL ORO_CER|EL ORO_CER|EL ORO_CER|EL ORO_CER|EL ORO_CER|EL ORO_CER|EL ORO_CER|EL ORO_CER|EL ORO_CER|EL ORO_CER|EL ORO_CHO|EL ORO_CHO|EL ORO_CHO|EL ORO_CIN|EL ORO_CIN|EL ORO_CIN|EL ORO_CIN|EL ORO_CIN|EL ORO_CIN|EL ORO_COM|EL ORO_COM|EL ORO_CUE|EL ORO_CUE|EL ORO_CUE|EL ORO_CUE|EL ORO_CUE|EL ORO_CUE|EL ORO_CUL|EL ORO_CUL|EL ORO_CUL|EL ORO_CUL|EL ORO_CUL|EL ORO_CUL|EL ORO_CUL|EL ORO_CUL|EL ORO_CUL|EL ORO_CUL|EL ORO_DEM|EL ORO_DEM|EL ORO_DEM|EL ORO_DEM|EL ORO_DEM|EL ORO_DEM|EL ORO_DEM|EL ORO_DEM|EL ORO_DEM|EL ORO_DEM|EL ORO_DEM|EL ORO_DEM|EL ORO_DEM|EL ORO_DEM|EL ORO_DOM|EL ORO_DOM|EL ORO_DOM|EL ORO_DOM|EL ORO_DOM|EL ORO_DOM|EL ORO_DOM|EL ORO_DOM|EL ORO_DOM|EL ORO_DOM|EL ORO_FIN|EL ORO_FIN|EL ORO_FIN|EL ORO_FRT|EL ORO_FRT|EL ORO_FRT|EL ORO_FRT|EL ORO_FRV|EL ORO_FRV|EL ORO_FRV|EL ORO_FRV|EL ORO_FRV|EL ORO_FRV|EL ORO_FRV|EL ORO_FRV|EL ORO_GAN|EL ORO_GAN|EL ORO_GAN|EL ORO_GAN|EL ORO_GAN|EL ORO_GAN|EL ORO_GAN|EL ORO_GAN|EL ORO_GAN|EL ORO_GAN|EL ORO_GAN|EL ORO_GAN|EL ORO_GAN|EL ORO_HIL|EL ORO_HIL|EL ORO_HIL|EL ORO_HIL|EL ORO_HIL|EL ORO_HIL|EL ORO_HIL|EL ORO_HIL|EL ORO_HIL|EL ORO_HOT|EL ORO_HOT|EL ORO_HOT|EL ORO_HOT|EL ORO_HOT|EL ORO_HOT|EL ORO_HOT|EL ORO_HOT|EL ORO_HOT|EL ORO_HOT|EL ORO_HOT|EL ORO_HOT|EL ORO_HOT|EL ORO_INM|EL ORO_INM|EL ORO_INM|EL ORO_INM|EL ORO_INM|EL ORO_INM|EL ORO_INM|EL ORO_INM|EL ORO_INM|EL ORO_LAC|EL ORO_LAC|EL ORO_LAC|EL ORO_LAC|EL ORO_LAC|EL ORO_LAC|EL ORO_LAC|EL ORO_LAC|EL ORO_LAC|EL ORO_LAC|EL ORO_LAC|EL ORO_MAD|EL ORO_MAD|EL ORO_MAD|EL ORO_MAD|EL ORO_MAD|EL ORO_MAD|EL ORO_MAD|EL ORO_MAD|EL ORO_MAD|EL ORO_MAD|EL ORO_MAD|EL ORO_MAD|EL ORO_MAD|EL ORO_MAN|EL ORO_MAN|EL ORO_MAN|EL ORO_MAN|EL ORO_MAN|EL ORO_MAN|EL ORO_MAN|EL ORO_MAN|EL ORO_MAN|EL ORO_MAN|EL ORO_MAN|EL ORO_MAQ|EL ORO_MAQ|EL ORO_MAQ|EL ORO_MAQ|EL ORO_MAQ|EL ORO_MAQ|EL ORO_MAQ|EL ORO_MAQ|EL ORO_MAQ|EL ORO_MAQ|EL ORO_MAQ|EL ORO_MET|EL ORO_MET|EL ORO_MET|EL ORO_MET|EL ORO_MET|EL ORO_MIP|EL ORO_MIP|EL ORO_MOL|EL ORO_MOL|EL ORO_MUE|EL ORO_MUE|EL ORO_MUE|EL ORO_MUE|EL ORO_MUE|EL ORO_MUE|EL ORO_MUE|EL ORO_MUE|EL ORO_MUE|EL ORO_MUE|EL ORO_MUE|EL ORO_MUE|EL ORO_PAN|EL ORO_PAN|EL ORO_PAN|EL ORO_PAN|EL ORO_PAN|EL ORO_PAN|EL ORO_PAN|EL ORO_PAN|EL ORO_PAN|EL ORO_PAN|EL ORO_PAN|EL ORO_PAN|EL ORO_PAN|EL ORO_PAN|EL ORO_PAP|EL ORO_PES|EL ORO_PES|EL ORO_PES|EL ORO_PES|EL ORO_PLS|EL ORO_POS|EL ORO_POS|EL ORO_POS|EL ORO_POS|EL ORO_POS|EL ORO_POS|EL ORO_POS|EL ORO_POS|EL ORO_QU1|EL ORO_QU1|EL ORO_QU1|EL ORO_QU1|EL ORO_QU1|EL ORO_QU1|EL ORO_QU1|EL ORO_QU2|EL ORO_QU2|EL ORO_REP|EL ORO_REP|EL ORO_REP|EL ORO_REP|EL ORO_REP|EL ORO_REP|EL ORO_REP|EL ORO_REP|EL ORO_REP|EL ORO_REP|EL ORO_REP|EL ORO_REP|EL ORO_REP|EL ORO_REP|EL ORO_RES|EL ORO_RES|EL ORO_RES|EL ORO_RES|EL ORO_RES|EL ORO_RES|EL ORO_RES|EL ORO_RES|EL ORO_RES|EL ORO_RES|EL ORO_RES|EL ORO_RES|EL ORO_SIL|EL ORO_SIL|EL ORO_SIL|EL ORO_SIL|EL ORO_SIL|EL ORO_SIL|EL ORO_SIL|EL ORO_TEL|EL ORO_TEL|EL ORO_TEL|EL ORO_TEL|EL ORO_TEL|EL ORO_TEL|EL ORO_TEL|EL ORO_TEL|EL ORO_TEL|EL ORO_TRA|EL ORO_TRA|EL ORO_VES|EL ORO_VES|EL ORO_VES|EL ORO_VES|EL ORO_VES|EL ORO_VES|EL ORO_VES|EL ORO_VES|EL ORO_VES|EL ORO_VES|EL ORO_VES|EL ORO_VES|EL ORO_VID|EL ORO_VID|EL ORO_VID|EL ORO_VID|EL ORO_VID|EL ORO_VID|EL ORO_VID|EL ORO_VID|EL ORO_VID|EL ORO_VID,363,3466.3596869635194,0.7035334530261242
province_sector,50,AZUAY_ADP|AZUAY_COM|AZUAY_CON|AZUAY_CON|AZUAY_CON|AZUAY_CON|AZUAY_EDU|AZUAY_MIP|AZUAY_REF|AZUAY_TRA,10,2511.685513219128,0.9709416195479085
province_sector,51,AZUAY_ADM|AZUAY_CON|AZUAY_CON|AZUAY_CON|AZUAY_CON|AZUAY_CON|AZUAY_CON|AZUAY_CON|AZUAY_CON|AZUAY_CON|AZUAY_CON|AZUAY_CON|AZUAY_EDU|AZUAY_FIN|AZUAY_MIP|AZUAY_MIP,16,2524.030441257348,0.9661927844202859
province_sector,52,AZUAY_ADM|AZUAY_ADM|AZUAY_ADM|AZUAY_ADM|AZUAY_ADP|AZUAY_ADP|AZUAY_ADP|AZUAY_ADP|AZUAY_ADP|AZUAY_ADP|AZUAY_ADP|AZUAY_ADP|AZUAY_ADP|AZUAY_ASO|AZUAY_AYG|AZUAY_CAR|AZUAY_COM|AZUAY_COM|AZUAY_EDU|AZUAY_FRV|AZUAY_MIP|AZUAY_PES|AZUAY_SAL|AZUAY_SEG,24,2469.9870451686133,0.9873331136574938
province_sector,53,AZUAY_ADM|AZUAY_ADM|AZUAY_ADM|AZUAY_ADM|AZUAY_ADM|AZUAY_ADM|AZUAY_ADM|AZUAY_ADP|AZUAY_ADP|AZUAY_ADP|AZUAY_ADP|AZUAY_ADP|AZUAY_ASO|AZUAY_COM|AZUAY_COM|AZUAY_COM|AZUAY_COM|AZUAY_COM|AZUAY_EDU|AZUAY_EDU|AZUAY_EDU|AZUAY_EDU|AZUAY_EDU|AZUAY_EDU|AZUAY_EDU|AZUAY_EDU|AZUAY_FRT|AZUAY_FRT|AZUAY_MIP|AZUAY_MOL|AZUAY_PES|AZUAY_QU2|AZUAY_RES|AZUAY_SAL|AZUAY_TRA|AZUAY_TRA,36,2459.2368655374626,0.9916490900794241
province_sector,54,AZUAY_ADM|AZUAY_ADM|AZUAY_ADM|AZUAY_BAL|AZUAY_BAL|AZUAY_CEM|AZUAY_CEM|AZUAY_CER|AZUAY_CIN|AZUAY_COM|AZUAY_COM|AZUAY_COM|AZUAY_COM|AZUAY_DOM|AZUAY_EDU|AZUAY_EDU|AZUAY_ELE|AZUAY_FIN|AZUAY_FIN|AZUAY_FIN|AZUAY_FRT|AZUAY_FRT|AZUAY_FRV|AZUAY_INM|AZUAY_LAC|AZUAY_MAQ|AZUAY_MIP|AZUAY_PAP|AZUAY_PLS|AZUAY_QU2|AZUAY_QU2|AZUAY_QU2|AZUAY_QU2|AZUAY_QU2|AZUAY_REP|AZUAY_RES|AZUAY_SAL|AZUAY_SAL|AZUAY_SAL|AZUAY_SAL|AZUAY_SAL|AZUAY_SAL|AZUAY_SAL|AZUAY_SAL|AZUAY_SAL|AZUAY_SAL|AZUAY_TRA|AZUAY_TRA|AZUAY_TRA|AZUAY_TRA|AZUAY_TRA|AZUAY_TRA|AZUAY_TRA,53,2467.205605556982,0.9884461977985224
province_sector,55,AZUAY_AGU|AZUAY_AGU|AZUAY_AGU|AZUAY_AGU|AZUAY_AGU|AZUAY_AGU|AZUAY_AGU|AZUAY_AGU|AZUAY_ALD|AZUAY_ALD|AZUAY_ALD|AZUAY_ALD|AZUAY_ALD|AZUAY_ALD|AZUAY_ALD|AZUAY_ALD|AZUAY_ALD|AZUAY_ASO|AZUAY_ASO|AZUAY_ASO|AZUAY_ASO|AZUAY_ASO|AZUAY_ASO|AZUAY_ASO|AZUAY_ASO|AZUAY_ASO|AZUAY_ASO|AZUAY_ASO|AZUAY_ASO|AZUAY_ASO|AZUAY_AZU|AZUAY_AZU|AZUAY_BAL|AZUAY_BAL|AZUAY_BAL|AZUAY_BAL|AZUAY_BAL|AZUAY_BNA|AZUAY_BNA|AZUAY_BNA|AZUAY_CAN|AZUAY_CAN|AZUAY_CAR|AZUAY_CAU|AZUAY_CAU|AZUAY_CEM|AZUAY_CEM|AZUAY_CEM|AZUAY_CEM|AZUAY_CEM|AZUAY_CEM|AZUAY_CER|AZUAY_CER|AZUAY_CER|AZUAY_CER|AZUAY_CER|AZUAY_CER|AZUAY_CER|AZUAY_CER|AZUAY_CHO|AZUAY_CHO|AZUAY_CHO|AZUAY_CHO|AZUAY_CHO|AZUAY_CIN|AZUAY_CIN|AZUAY_CIN|AZUAY_CIN|AZUAY_CIN|AZUAY_COM|AZUAY_COM|AZUAY_COM|AZUAY_CUE|AZUAY_CUE|AZUAY_CUE|AZUAY_CUE|AZUAY_CUL|AZUAY_CUL|AZUAY_CUL|AZUAY_CUL|AZUAY_CUL|AZUAY_CUL|AZUAY_CUL|AZUAY_CUL|AZUAY_CUL|AZUAY_CUL|AZUAY_CUL|AZUAY_DEM|AZUAY_DEM|AZUAY_DEM|AZUAY_DEM|AZUAY_DEM|AZUAY_DEM|AZUAY_DEM|AZUAY_DEM|AZUAY_DEM|AZUAY_DEM|AZUAY_DEM|AZUAY_DEM|AZUAY_DEM|AZUAY_DEM|AZUAY_DOM|AZUAY_DOM|AZUAY_DOM|AZUAY_DOM|AZUAY_DOM|AZUAY_DOM|AZUAY_FID|AZUAY_FIN|AZUAY_FIN|AZUAY_FIN|AZUAY_FIN|AZUAY_FIN|AZUAY_FIN|AZUAY_FRV|AZUAY_FRV|AZUAY_FRV|AZUAY_FRV|AZUAY_FRV|AZUAY_FRV|AZUAY_FRV|AZUAY_FRV|AZUAY_FRV|AZUAY_FRV|AZUAY_FRV|AZUAY_GAN|AZUAY_GAN|AZUAY_GAN|AZUAY_GAN|AZUAY_GAN|AZUAY_GAN|AZUAY_GAN|AZUAY_GAN|AZUAY_GAN|AZUAY_GAN|AZUAY_GAN|AZUAY_GAN|AZUAY_GAN|AZUAY_GAN|AZUAY_GAN|AZUAY_HIL|AZUAY_HIL|AZUAY_HIL|AZUAY_HIL|AZUAY_HIL|AZUAY_HIL|AZUAY_HIL|AZUAY_HOT|AZUAY_HOT|AZUAY_HOT|AZUAY_HOT|AZUAY_HOT|AZUAY_HOT|AZUAY_HOT|AZUAY_HOT|AZUAY_HOT|AZUAY_HOT|AZUAY_HOT|AZUAY_INM|AZUAY_INM|AZUAY_INM|AZUAY_INM|AZUAY_INM|AZUAY_INM|AZUAY_INM|AZUAY_INM|AZUAY_INM|AZUAY_INM|AZUAY_INM|AZUAY_INM|AZUAY_INM|AZUAY_INM|AZUAY_LAC|AZUAY_LAC|AZUAY_LAC|AZUAY_LAC|AZUAY_LAC|AZUAY_LAC|AZUAY_LAC|AZUAY_LAC|AZUAY_MAD|AZUAY_MAD|AZUAY_MAD|AZUAY_MAD|AZUAY_MAD|AZUAY_MAD|AZUAY_MAD|AZUAY_MAD|AZUAY_MAD|AZUAY_MAD|AZUAY_MAD|AZUAY_MAD|AZUAY_MAN|AZUAY_MAN|AZUAY_MAN|AZUAY_MAN|AZUAY_MAN|AZUAY_MAN|AZUAY_MAN|AZUAY_MAN|AZUAY_MAN|AZUAY_MAN|AZUAY_MAQ|AZUAY_MAQ|AZUAY_MAQ|AZUAY_MAQ|AZUAY_MAQ|AZUAY_MAQ|AZUAY_MET|AZUAY_MET|AZUAY_MET|AZUAY_MIP|AZUAY_MIP|AZUAY_MIP|AZUAY_MOL|AZUAY_MUE|AZUAY_MUE|AZUAY_MUE|AZUAY_MUE|AZUAY_MUE|AZUAY_MUE|AZUAY_MUE|AZUAY_MUE|AZUAY_MUE|AZUAY_MUE|AZUAY_MUE|AZUAY_PAN|AZUAY_PAN|AZUAY_PAN|AZUAY_PAN|AZUAY_PAN|AZUAY_PAN|AZUAY_PAN|AZUAY_PAN|AZUAY_PAN|AZUAY_PAN|AZUAY_PAN|AZUAY_PAN|AZUAY_PAN|AZUAY_PAN|AZUAY_PAP|AZUAY_PES|AZUAY_POS|AZUAY_POS|AZUAY_POS|AZUAY_POS|AZUAY_POS|AZUAY_POS|AZUAY_POS|AZUAY_POS|AZUAY_POS|AZUAY_POS|AZUAY_QU1|AZUAY_REP|AZUAY_REP|AZUAY_REP|AZUAY_REP|AZUAY_REP|AZUAY_REP|AZUAY_REP|AZUAY_REP|AZUAY_REP|AZUAY_REP|AZUAY_REP|AZUAY_REP|AZUAY_RES|AZUAY_RES|AZUAY_RES|AZUAY_RES|AZUAY_RES|AZUAY_RES|AZUAY_RES|AZUAY_RES|AZUAY_RES|AZUAY_RES|AZUAY_RES|AZUAY_RES|AZUAY_RES|AZUAY_SIL|AZUAY_SIL|AZUAY_SIL|AZUAY_SIL|AZUAY_SIL|AZUAY_TEL|AZUAY_TEL|AZUAY_TEL|AZUAY_TEL|AZUAY_TEL|AZUAY_TEL|AZUAY_TEL|AZUAY_TEL|AZUAY_TEL|AZUAY_TEL|AZUAY_TEL|AZUAY_TRA|AZUAY_TRA|AZUAY_TRA|AZUAY_TRA|AZUAY_TRA|AZUAY_VES|AZUAY_VES|AZUAY_VES|AZUAY_VES|AZUAY_VES|AZUAY_VES|AZUAY_VES|AZUAY_VES|AZUAY_VES|AZUAY_VES|AZUAY_VID|AZUAY_VID|AZUAY_VID|AZUAY_VID|AZUAY_VID|AZUAY_VID|AZUAY_VID|AZUAY_VID,317,3205.6080095374036,0.7607605149301848
province_sector,56,TUNGURAHUA_ADP|TUNGURAHUA_CAR|TUNGURAHUA_COM|TUNGURAHUA_COM|TUNGURAHUA_INM|TUNGURAHUA_PPR|TUNGURAHUA_TRA,7,2522.160937097781,0.9669089565736363
province_sector,57,TUNGURAHUA_ADM|TUNGURAHUA_ADP|TUNGURAHUA_COM|TUNGURAHUA_CON|TUNGURAHUA_CON|TUNGURAHUA_CON|TUNGURAHUA_CON|TUNGURAHUA_CON|TUNGURAHUA_CON|TUNGURAHUA_CON|TUNGURAHUA_CON|TUNGURAHUA_CON|TUNGURAHUA_EDU|TUNGURAHUA_INM|TUNGURAHUA_PES|TUNGURAHUA_QU2|TUNGURAHUA_TEL|TUNGURAHUA_TRA,18,2518.1565203584005,0.9684465521837015
province_sector,58,TUNGURAHUA_ADM|TUNGURAHUA_ADM|TUNGURAHUA_ADM|TUNGURAHUA_ADM|TUNGURAHUA_ADM|TUNGURAHUA_ADP|TUNGURAHUA_ADP|TUNGURAHUA_ADP|TUNGURAHUA_ADP|TUNGURAHUA_ADP|TUNGURAHUA_ADP|TUNGURAHUA_ADP|TUNGURAHUA_ASO|TUNGURAHUA_AYG|TUNGURAHUA_COM|TUNGURAHUA_COM|TUNGURAHUA_EDU|TUNGURAHUA_EDU|TUNGURAHUA_EDU|TUNGURAHUA_ELE|TUNGURAHUA_FIN|TUNGURAHUA_FIN|TUNGURAHUA_INM|TUNGURAHUA_MIP|TUNGURAHUA_MIP|TUNGURAHUA_PES|TUNGURAHUA_QU2|TUNGURAHUA_SAL|TUNGURAHUA_SEG|TUNGURAHUA_TRA,30,2500.1888933108444,0.975406300909761
province_sector,59,TUNGURAHUA_ADM|TUNGURAHUA_ADM|TUNGURAHUA_ADM|TUNGURAHUA_BAL|TUNGURAHUA_BAL|TUNGURAHUA_CAR|TUNGURAHUA_CEM|TUNGURAHUA_CIN|TUNGURAHUA_CIN|TUNGURAHUA_CIN|TUNGURAHUA_COM|TUNGURAHUA_EDU|TUNGURAHUA_EDU|TUNGURAHUA_EDU|TUNGURAHUA_EDU|TUNGURAHUA_EDU|TUNGURAHUA_FIN|TUNGURAHUA_FRT|TUNGURAHUA_FRT|TUNGURAHUA_FRT|TUNGURAHUA_FRT|TUNGURAHUA_FRV|TUNGURAHUA_INM|TUNGURAHUA_MIP|TUNGURAHUA_PAP|TUNGURAHUA_PES|TUNGURAHUA_PLS|TUNGURAHUA_PLS|TUNGURAHUA_QU2|TUNGURAHUA_QU2|TUNGURAHUA_REP|TUNGURAHUA_SAL|TUNGURAHUA_SAL|TUNGURAHUA_SAL|TUNGURAHUA_SAL|TUNGURAHUA_SAL|TUNGURAHUA_SAL|TUNGURAHUA_SAL|TUNGURAHUA_TRA|TUNGURAHUA_TRA|TUNGURAHUA_TRA|TUNGURAHUA_TRA|TUNGURAHUA_TRA|TUNGURAHUA_TRA,44,2471.606177185417,0.9866863186015785
province_sector,60,TUNGURAHUA_AGU|TUNGURAHUA_AGU|TUNGURAHUA_AGU|TUNGURAHUA_AGU|TUNGURAHUA_AGU|TUNGURAHUA_AGU|TUNGURAHUA_AGU|TUNGURAHUA_ALD|TUNGURAHUA_ALD|TUNGURAHUA_ALD|TUNGURAHUA_ALD|TUNGURAHUA_ALD|TUNGURAHUA_ALD|TUNGURAHUA_ASO|TUNGURAHUA_ASO|TUNGURAHUA_ASO|TUNGURAHUA_ASO|TUNGURAHUA_ASO|TUNGURAHUA_ASO|TUNGURAHUA_ASO|TUNGURAHUA_ASO|TUNGURAHUA_AZU|TUNGURAHUA_BAL|TUNGURAHUA_BAL|TUNGURAHUA_BAL|TUNGURAHUA_BAL|TUNGURAHUA_BNA|TUNGURAHUA_BNA|TUNGURAHUA_BNA|TUNGURAHUA_BNA|TUNGURAHUA_BNA|TUNGURAHUA_BNA|TUNGURAHUA_CAN|TUNGURAHUA_CAN|TUNGURAHUA_CAN|TUNGURAHUA_CAN|TUNGURAHUA_CAN|TUNGURAHUA_CAR|TUNGURAHUA_CAR|TUNGURAHUA_CAR|TUNGURAHUA_CAR|TUNGURAHUA_CAU|TUNGURAHUA_CAU|TUNGURAHUA_CAU|TUNGURAHUA_CEM|TUNGURAHUA_CEM|TUNGURAHUA_CEM|TUNGURAHUA_CEM|TUNGURAHUA_CEM|TUNGURAHUA_CER|TUNGURAHUA_CER|TUNGURAHUA_CER|TUNGURAHUA_CER|TUNGURAHUA_CER|TUNGURAHUA_CER|TUNGURAHUA_CER|TUNGURAHUA_CHO|TUNGURAHUA_CHO|TUNGURAHUA_CHO|TUNGURAHUA_CHO|TUNGURAHUA_CIN|TUNGURAHUA_CIN|TUNGURAHUA_CIN|TUNGURAHUA_CIN|TUNGURAHUA_CIN|TUNGURAHUA_CIN|TUNGURAHUA_COM|TUNGURAHUA_COM|TUNGURAHUA_COM|TUNGURAHUA_CUE|TUNGURAHUA_CUE|TUNGURAHUA_CUE|TUNGURAHUA_CUE|TUNGURAHUA_CUE|TUNGURAHUA_CUE|TUNGURAHUA_CUE|TUNGURAHUA_CUL|TUNGURAHUA_CUL|TUNGURAHUA_CUL|TUNGURAHUA_CUL|TUNGURAHUA_CUL|TUNGURAHUA_CUL|TUNGURAHUA_CUL|TUNGURAHUA_CUL|TUNGURAHUA_DEM|TUNGURAHUA_DEM|TUNGURAHUA_DEM|TUNGURAHUA_DEM|TUNGURAHUA_DEM|TUNGURAHUA_DEM|TUNGURAHUA_DEM|TUNGURAHUA_DEM|TUNGURAHUA_DEM|TUNGURAHUA_DOM|TUNGURAHUA_DOM|TUNGURAHUA_DOM|TUNGURAHUA_DOM|TUNGURAHUA_DOM|TUNGURAHUA_DOM|TUNGURAHUA_FID|TUNGURAHUA_FIN|TUNGURAHUA_FIN|TUNGURAHUA_FIN|TUNGURAHUA_FIN|TUNGURAHUA_FRV|TUNGURAHUA_FRV|TUNGURAHUA_FRV|TUNGURAHUA_FRV|TUNGURAHUA_FRV|TUNGURAHUA_FRV|TUNGURAHUA_FRV|TUNGURAHUA_FRV|TUNGURAHUA_GAN|TUNGURAHUA_GAN|TUNGURAHUA_GAN|TUNGURAHUA_GAN|TUNGURAHUA_GAN|TUNGURAHUA_GAN|TUNGURAHUA_GAN|TUNGURAHUA_GAN|TUNGURAHUA_GAN|TUNGURAHUA_HIL|TUNGURAHUA_HIL|TUNGURAHUA_HIL|TUNGURAHUA_HIL|TUNGURAHUA_HIL|TUNGURAHUA_HIL|TUNGURAHUA_HIL|TUNGURAHUA_HOT|TUNGURAHUA_HOT|TUNGURAHUA_HOT|TUNGURAHUA_HOT|TUNGURAHUA_HOT|TUNGURAHUA_HOT|TUNGURAHUA_HOT|TUNGURAHUA_INM|TUNGURAHUA_INM|TUNGURAHUA_INM|TUNGURAHUA_INM|TUNGURAHUA_INM|TUNGURAHUA_LAC|TUNGURAHUA_LAC|TUNGURAHUA_LAC|TUNGURAHUA_LAC|TUNGURAHUA_LAC|TUNGURAHUA_LAC|TUNGURAHUA_LAC|TUNGURAHUA_MAD|TUNGURAHUA_MAD|TUNGURAHUA_MAD|TUNGURAHUA_MAD|TUNGURAHUA_MAD|TUNGURAHUA_MAD|TUNGURAHUA_MAD|TUNGURAHUA_MAD|TUNGURAHUA_MAD|TUNGURAHUA_MAN|TUNGURAHUA_MAN|TUNGURAHUA_MAN|TUNGURAHUA_MAN|TUNGURAHUA_MAN|TUNGURAHUA_MAN|TUNGURAHUA_MAN|TUNGURAHUA_MAN|TUNGURAHUA_MAN|TUNGURAHUA_MAQ|TUNGURAHUA_MAQ|TUNGURAHUA_MAQ|TUNGURAHUA_MAQ|TUNGURAHUA_MAQ|TUNGURAHUA_MAQ|TUNGURAHUA_MAQ|TUNGURAHUA_MAQ|TUNGURAHUA_MET|TUNGURAHUA_MET|TUNGURAHUA_MET|TUNGURAHUA_MET|TUNGURAHUA_MIP|TUNGURAHUA_MIP|TUNGURAHUA_MOL|TUNGURAHUA_MOL|TUNGURAHUA_MOL|TUNGURAHUA_MOL|TUNGURAHUA_MUE|TUNGURAHUA_MUE|TUNGURAHUA_MUE|TUNGURAHUA_MUE|TUNGURAHUA_MUE|TUNGURAHUA_MUE|TUNGURAHUA_MUE|TUNGURAHUA_MUE|TUNGURAHUA_MUE|TUNGURAHUA_PAN|TUNGURAHUA_PAN|TUNGURAHUA_PAN|TUNGURAHUA_PAN|TUNGURAHUA_PAN|TUNGURAHUA_PAN|TUNGURAHUA_PAN|TUNGURAHUA_PAN|TUNGURAHUA_PAN|TUNGURAHUA_PAP|TUNGURAHUA_PAP|TUNGURAHUA_PAP|TUNGURAHUA_PAP|TUNGURAHUA_PES|TUNGURAHUA_PES|TUNGURAHUA_PES|TUNGURAHUA_PLS|TUNGURAHUA_POS|TUNGURAHUA_QU1|TUNGURAHUA_QU1|TUNGURAHUA_QU1|TUNGURAHUA_QU1|TUNGURAHUA_QU2|TUNGURAHUA_QU2|TUNGURAHUA_REP|TUNGURAHUA_REP|TUNGURAHUA_REP|TUNGURAHUA_REP|TUNGURAHUA_REP|TUNGURAHUA_REP|TUNGURAHUA_REP|TUNGURAHUA_REP|TUNGURAHUA_RES|TUNGURAHUA_RES|TUNGURAHUA_RES|TUNGURAHUA_RES|TUNGURAHUA_RES|TUNGURAHUA_RES|TUNGURAHUA_RES|TUNGURAHUA_RES|TUNGURAHUA_RES|TUNGURAHUA_SAL|TUNGURAHUA_SIL|TUNGURAHUA_SIL|TUNGURAHUA_SIL|TUNGURAHUA_SIL|TUNGURAHUA_TEL|TUNGURAHUA_TEL|TUNGURAHUA_TEL|TUNGURAHUA_TEL|TUNGURAHUA_TEL|TUNGURAHUA_TEL|TUNGURAHUA_TEL|TUNGURAHUA_VES|TUNGURAHUA_VES|TUNGURAHUA_VES|TUNGURAHUA_VES|TUNGURAHUA_VES|TUNGURAHUA_VES|TUNGURAHUA_VES|TUNGURAHUA_VES|TUNGURAHUA_VES|TUNGURAHUA_VID|TUNGURAHUA_VID|TUNGURAHUA_VID|TUNGURAHUA_VID|TUNGURAHUA_VID|TUNGURAHUA_VID|TUNGURAHUA_VID,261,3712.866362119049,0.656824071256946
province_sector,61,LOJA_CON|LOJA_CON|LOJA_CON|LOJA_CON|LOJA_CON|LOJA_CON|LOJA_CON|LOJA_CON|LOJA_CON|LOJA_CON|LOJA_CON|LOJA_CON|LOJA_CON|LOJA_CON|LOJA_REF,15,2501.878175376729,0.9747477011476725
province_sector,62,LOJA_ADM|LOJA_ADM|LOJA_ADP|LOJA_ADP|LOJA_ADP|LOJA_ADP|LOJA_ADP|LOJA_ADP|LOJA_ADP|LOJA_ADP|LOJA_ADP|LOJA_ADP|LOJA_ADP|LOJA_COM|LOJA_CON|LOJA_CON|LOJA_EDU|LOJA_INM|LOJA_MIP|LOJA_MIP|LOJA_MIP|LOJA_MIP|LOJA_MIP|LOJA_PPR|LOJA_TRA|LOJA_TRA,26,2512.3325025198724,0.9706915774699332
province_sector,63,LOJA_ADM|LOJA_ADM|LOJA_ADM|LOJA_ADM|LOJA_ADM|LOJA_ADM|LOJA_ADM|LOJA_ADP|LOJA_ADP|LOJA_ADP|LOJA_ADP|LOJA_ADP|LOJA_BAL|LOJA_COM|LOJA_EDU|LOJA_EDU|LOJA_EDU|LOJA_EDU|LOJA_EDU|LOJA_EDU|LOJA_EDU|LOJA_EDU|LOJA_EDU|LOJA_EDU|LOJA_EDU|LOJA_EDU|LOJA_ELE|LOJA_FIN|LOJA_FIN|LOJA_FRT|LOJA_FRT|LOJA_INM|LOJA_MIP|LOJA_PES|LOJA_SAL|LOJA_SAL|LOJA_SAL|LOJA_TRA|LOJA_TRA|LOJA_TRA,40,2464.701314331984,0.9894505211723671
province_sector,64,LOJA_ADM|LOJA_ADM|LOJA_ADM|LOJA_ADM|LOJA_ADM|LOJA_ADM|LOJA_ADM|LOJA_ASO|LOJA_BAL|LOJA_COM|LOJA_COM|LOJA_COM|LOJA_COM|LOJA_COM|LOJA_COM|LOJA_COM|LOJA_COM|LOJA_COM|LOJA_COM|LOJA_FIN|LOJA_FIN|LOJA_FIN|LOJA_FIN|LOJA_FIN|LOJA_FIN|LOJA_FRT|LOJA_FRT|LOJA_FRT|LOJA_FRV|LOJA_FRV|LOJA_FRV|LOJA_INM|LOJA_MAQ|LOJA_MIP|LOJA_MIP|LOJA_MIP|LOJA_MOL|LOJA_PAP|LOJA_PLS|LOJA_PLS|LOJA_QU2|LOJA_RES|LOJA_SAL|LOJA_SAL|LOJA_SAL|LOJA_SAL|LOJA_SAL|LOJA_SAL|LOJA_SAL|LOJA_SAL|LOJA_SAL|LOJA_SAL|LOJA_SAL|LOJA_SAL|LOJA_TRA|LOJA_TRA|LOJA_TRA|LOJA_TRA|LOJA_TRA|LOJA_TRA|LOJA_TRA|LOJA_TRA,62,2467.292986063908,0.988411191445276
province_sector,65,LOJA_AGU|LOJA_AGU|LOJA_AGU|LOJA_AGU|LOJA_AGU|LOJA_AGU|LOJA_AGU|LOJA_AGU|LOJA_AGU|LOJA_AGU|LOJA_AGU|LOJA_ALD|LOJA_ALD|LOJA_ALD|LOJA_ALD|LOJA_ALD|LOJA_ALD|LOJA_ALD|LOJA_ALD|LOJA_ALD|LOJA_ALD|LOJA_ALD|LOJA_ALD|LOJA_ALD|LOJA_ALD|LOJA_ALD|LOJA_ASO|LOJA_ASO|LOJA_ASO|LOJA_ASO|LOJA_ASO|LOJA_ASO|LOJA_ASO|LOJA_ASO|LOJA_ASO|LOJA_ASO|LOJA_ASO|LOJA_ASO|LOJA_ASO|LOJA_ASO|LOJA_ASO|LOJA_AZU|LOJA_AZU|LOJA_AZU|LOJA_AZU|LOJA_BNA|LOJA_BNA|LOJA_CAN|LOJA_CAN|LOJA_CAR|LOJA_CAR|LOJA_CAR|LOJA_CAR|LOJA_CAU|LOJA_CEM|LOJA_CEM|LOJA_CEM|LOJA_CEM|LOJA_CEM|LOJA_CEM|LOJA_CER|LOJA_CER|LOJA_CER|LOJA_CER|LOJA_CER|LOJA_CER|LOJA_CER|LOJA_CER|LOJA_CER|LOJA_CER|LOJA_CER|LOJA_CER|LOJA_CHO|LOJA_CIN|LOJA_CIN|LOJA_CIN|LOJA_CIN|LOJA_CIN|LOJA_CIN|LOJA_CIN|LOJA_COM|LOJA_COM|LOJA_COM|LOJA_COM|LOJA_CUE|LOJA_CUE|LOJA_CUL|LOJA_CUL|LOJA_CUL|LOJA_CUL|LOJA_CUL|LOJA_CUL|LOJA_CUL|LOJA_CUL|LOJA_CUL|LOJA_CUL|LOJA_CUL|LOJA_CUL|LOJA_DEM|LOJA_DEM|LOJA_DEM|LOJA_DEM|LOJA_DEM|LOJA_DEM|LOJA_DEM|LOJA_DEM|LOJA_DEM|LOJA_DEM|LOJA_DEM|LOJA_DEM|LOJA_DEM|LOJA_DEM|LOJA_DEM|LOJA_DOM|LOJA_DOM|LOJA_DOM|LOJA_DOM|LOJA_DOM|LOJA_DOM|LOJA_DOM|LOJA_DOM|LOJA_DOM|LOJA_DOM|LOJA_DOM|LOJA_FID|LOJA_FID|LOJA_FIN|LOJA_FIN|LOJA_FIN|LOJA_FIN|LOJA_FRT|LOJA_FRT|LOJA_FRV|LOJA_FRV|LOJA_FRV|LOJA_FRV|LOJA_FRV|LOJA_FRV|LOJA_FRV|LOJA_FRV|LOJA_FRV|LOJA_FRV|LOJA_FRV|LOJA_FRV|LOJA_FRV|LOJA_GAN|LOJA_GAN|LOJA_GAN|LOJA_GAN|LOJA_GAN|LOJA_GAN|LOJA_GAN|LOJA_GAN|LOJA_GAN|LOJA_GAN|LOJA_GAN|LOJA_GAN|LOJA_GAN|LOJA_GAN|LOJA_GAN|LOJA_GAN|LOJA_HIL|LOJA_HIL|LOJA_HIL|LOJA_HOT|LOJA_HOT|LOJA_HOT|LOJA_HOT|LOJA_HOT|LOJA_HOT|LOJA_HOT|LOJA_HOT|LOJA_HOT|LOJA_HOT|LOJA_HOT|LOJA_HOT|LOJA_HOT|LOJA_HOT|LOJA_INM|LOJA_INM|LOJA_INM|LOJA_INM|LOJA_INM|LOJA_INM|LOJA_INM|LOJA_INM|LOJA_INM|LOJA_INM|LOJA_INM|LOJA_INM|LOJA_INM|LOJA_LAC|LOJA_LAC|LOJA_LAC|LOJA_LAC|LOJA_LAC|LOJA_LAC|LOJA_MAD|LOJA_MAD|LOJA_MAD|LOJA_MAD|LOJA_MAD|LOJA_MAD|LOJA_MAD|LOJA_MAD|LOJA_MAD|LOJA_MAD|LOJA_MAD|LOJA_MAD|LOJA_MAN|LOJA_MAN|LOJA_MAN|LOJA_MAN|LOJA_MAN|LOJA_MAN|LOJA_MAN|LOJA_MAN|LOJA_MAN|LOJA_MAN|LOJA_MAN|LOJA_MAN|LOJA_MAQ|LOJA_MAQ|LOJA_MAQ|LOJA_MAQ|LOJA_MAQ|LOJA_MAQ|LOJA_MAQ|LOJA_MAQ|LOJA_MAQ|LOJA_MAQ|LOJA_MET|LOJA_MET|LOJA_MIP|LOJA_MIP|LOJA_MOL|LOJA_MOL|LOJA_MOL|LOJA_MUE|LOJA_MUE|LOJA_MUE|LOJA_MUE|LOJA_MUE|LOJA_MUE|LOJA_MUE|LOJA_MUE|LOJA_MUE|LOJA_MUE|LOJA_MUE|LOJA_MUE|LOJA_MUE|LOJA_MUE|LOJA_MUE|LOJA_PAN|LOJA_PAN|LOJA_PAN|LOJA_PAN|LOJA_PAN|LOJA_PAN|LOJA_PAN|LOJA_PAN|LOJA_PAN|LOJA_PAN|LOJA_PAN|LOJA_PAN|LOJA_PAN|LOJA_PAN|LOJA_PAP|LOJA_PES|LOJA_POS|LOJA_POS|LOJA_POS|LOJA_POS|LOJA_POS|LOJA_QU1|LOJA_QU1|LOJA_QU1|LOJA_QU1|LOJA_QU2|LOJA_QU2|LOJA_REP|LOJA_REP|LOJA_REP|LOJA_REP|LOJA_REP|LOJA_REP|LOJA_REP|LOJA_REP|LOJA_REP|LOJA_REP|LOJA_REP|LOJA_REP|LOJA_REP|LOJA_REP|LOJA_REP|LOJA_RES|LOJA_RES|LOJA_RES|LOJA_RES|LOJA_RES|LOJA_RES|LOJA_RES|LOJA_RES|LOJA_RES|LOJA_RES|LOJA_RES|LOJA_RES|LOJA_RES|LOJA_RES|LOJA_RES|LOJA_SIL|LOJA_SIL|LOJA_SIL|LOJA_SIL|LOJA_SIL|LOJA_SIL|LOJA_SIL|LOJA_SIL|LOJA_SIL|LOJA_TEL|LOJA_TEL|LOJA_TEL|LOJA_TEL|LOJA_TEL|LOJA_TEL|LOJA_TEL|LOJA_TEL|LOJA_TEL|LOJA_TEL|LOJA_TEL|LOJA_TEL|LOJA_TEL|LOJA_TEL|LOJA_TEL|LOJA_TEL|LOJA_TRA|LOJA_TRA|LOJA_TRA|LOJA_VES|LOJA_VES|LOJA_VES|LOJA_VES|LOJA_VES|LOJA_VES|LOJA_VES|LOJA_VES|LOJA_VES|LOJA_VES|LOJA_VES|LOJA_VID|LOJA_VID|LOJA_VID|LOJA_VID|LOJA_VID|LOJA_VID|LOJA_VID|LOJA_VID|LOJA_VID|LOJA_VID,359,2927.3304981567844,0.8330798321322261
province_sector,66,COTOPAXI_ADP|COTOPAXI_ADP|COTOPAXI_COM|COTOPAXI_CON|COTOPAXI_CON|COTOPAXI_MIP|COTOPAXI_SAL|COTOPAXI_TRA,8,2514.2979512996335,0.9699327793428152
province_sector,67,COTOPAXI_ADM|COTOPAXI_ADM|COTOPAXI_ADM|COTOPAXI_ADP|COTOPAXI_ADP|COTOPAXI_ADP|COTOPAXI_CON|COTOPAXI_CON|COTOPAXI_CON|COTOPAXI_CON|COTOPAXI_CON|COTOPAXI_EDU|COTOPAXI_EDU|COTOPAXI_EDU|COTOPAXI_ELE|COTOPAXI_LAC|COTOPAXI_MIP|COTOPAXI_PAN|COTOPAXI_TEL|COTOPAXI_TRA|COTOPAXI_TRA,21,2500.54004384577,0.9752693247212864
province_sector,68,COTOPAXI_ADM|COTOPAXI_ADM|COTOPAXI_ADM|COTOPAXI_ADM|COTOPAXI_ADP|COTOPAXI_ADP|COTOPAXI_ASO|COTOPAXI_BNA|COTOPAXI_CAR|COTOPAXI_COM|COTOPAXI_COM|COTOPAXI_COM|COTOPAXI_COM|COTOPAXI_EDU|COTOPAXI_EDU|COTOPAXI_EDU|COTOPAXI_EDU|COTOPAXI_FIN|COTOPAXI_FIN|COTOPAXI_FIN|COTOPAXI_FRT|COTOPAXI_FRT|COTOPAXI_FRT|COTOPAXI_INM|COTOPAXI_MIP|COTOPAXI_MIP|COTOPAXI_MIP|COTOPAXI_MIP|COTOPAXI_MOL|COTOPAXI_MOL|COTOPAXI_PES|COTOPAXI_PLS|COTOPAXI_QU2|COTOPAXI_SAL|COTOPAXI_TRA|COTOPAXI_TRA,36,2452.873324636126,0.9942217461889399
province_sector,69,COTOPAXI_AGU|COTOPAXI_AGU|COTOPAXI_AGU|COTOPAXI_AGU|COTOPAXI_AGU|COTOPAXI_AGU|COTOPAXI_ALD|COTOPAXI_ALD|COTOPAXI_ALD|COTOPAXI_ALD|COTOPAXI_ALD|COTOPAXI_ALD|COTOPAXI_ALD|COTOPAXI_ASO|COTOPAXI_ASO|COTOPAXI_ASO|COTOPAXI_ASO|COTOPAXI_ASO|COTOPAXI_ASO|COTOPAXI_AZU|COTOPAXI_BAL|COTOPAXI_BAL|COTOPAXI_BAL|COTOPAXI_BAL|COTOPAXI_BNA|COTOPAXI_BNA|COTOPAXI_BNA|COTOPAXI_CAN|COTOPAXI_CAN|COTOPAXI_CAR|COTOPAXI_CAR|COTOPAXI_CAR|COTOPAXI_CAR|COTOPAXI_CAR|COTOPAXI_CAR|COTOPAXI_CAU|COTOPAXI_CAU|COTOPAXI_CAU|COTOPAXI_CEM|COTOPAXI_CEM|COTOPAXI_CEM|COTOPAXI_CEM|COTOPAXI_CEM|COTOPAXI_CEM|COTOPAXI_CER|COTOPAXI_CER|COTOPAXI_CER|COTOPAXI_CER|COTOPAXI_CER|COTOPAXI_CER|COTOPAXI_CHO|COTOPAXI_CHO|COTOPAXI_CHO|COTOPAXI_CIN|COTOPAXI_CIN|COTOPAXI_CIN|COTOPAXI_CIN|COTOPAXI_CIN|COTOPAXI_CIN|COTOPAXI_CIN|COTOPAXI_COM|COTOPAXI_COM|COTOPAXI_CUE|COTOPAXI_CUE|COTOPAXI_CUL|COTOPAXI_CUL|COTOPAXI_CUL|COTOPAXI_CUL|COTOPAXI_CUL|COTOPAXI_CUL|COTOPAXI_CUL|COTOPAXI_DEM|COTOPAXI_DEM|COTOPAXI_DEM|COTOPAXI_DEM|COTOPAXI_DEM|COTOPAXI_DEM|COTOPAXI_DEM|COTOPAXI_DOM|COTOPAXI_DOM|COTOPAXI_DOM|COTOPAXI_DOM|COTOPAXI_DOM|COTOPAXI_DOM|COTOPAXI_DOM|COTOPAXI_FID|COTOPAXI_FIN|COTOPAXI_FIN|COTOPAXI_FIN|COTOPAXI_FIN|COTOPAXI_FRT|COTOPAXI_FRT|COTOPAXI_FRV|COTOPAXI_FRV|COTOPAXI_FRV|COTOPAXI_FRV|COTOPAXI_FRV|COTOPAXI_FRV|COTOPAXI_FRV|COTOPAXI_GAN|COTOPAXI_GAN|COTOPAXI_GAN|COTOPAXI_GAN|COTOPAXI_GAN|COTOPAXI_GAN|COTOPAXI_GAN|COTOPAXI_HIL|COTOPAXI_HIL|COTOPAXI_HIL|COTOPAXI_HIL|COTOPAXI_HIL|COTOPAXI_HIL|COTOPAXI_HOT|COTOPAXI_HOT|COTOPAXI_HOT|COTOPAXI_HOT|COTOPAXI_HOT|COTOPAXI_HOT|COTOPAXI_HOT|COTOPAXI_INM|COTOPAXI_INM|COTOPAXI_INM|COTOPAXI_INM|COTOPAXI_INM|COTOPAXI_INM|COTOPAXI_LAC|COTOPAXI_LAC|COTOPAXI_LAC|COTOPAXI_LAC|COTOPAXI_LAC|COTOPAXI_LAC|COTOPAXI_MAD|COTOPAXI_MAD|COTOPAXI_MAD|COTOPAXI_MAD|COTOPAXI_MAD|COTOPAXI_MAD|COTOPAXI_MAD|COTOPAXI_MAN|COTOPAXI_MAN|COTOPAXI_MAN|COTOPAXI_MAN|COTOPAXI_MAN|COTOPAXI_MAN|COTOPAXI_MAN|COTOPAXI_MAQ|COTOPAXI_MAQ|COTOPAXI_MAQ|COTOPAXI_MAQ|COTOPAXI_MAQ|COTOPAXI_MAQ|COTOPAXI_MAQ|COTOPAXI_MET|COTOPAXI_MET|COTOPAXI_MOL|COTOPAXI_MOL|COTOPAXI_MOL|COTOPAXI_MUE|COTOPAXI_MUE|COTOPAXI_MUE|COTOPAXI_MUE|COTOPAXI_MUE|COTOPAXI_MUE|COTOPAXI_MUE|COTOPAXI_PAN|COTOPAXI_PAN|COTOPAXI_PAN|COTOPAXI_PAN|COTOPAXI_PAN|COTOPAXI_PAN|COTOPAXI_PAP|COTOPAXI_PAP|COTOPAXI_PAP|COTOPAXI_PES|COTOPAXI_PLS|COTOPAXI_POS|COTOPAXI_POS|COTOPAXI_QU1|COTOPAXI_QU1|COTOPAXI_QU1|COTOPAXI_QU2|COTOPAXI_QU2|COTOPAXI_REP|COTOPAXI_REP|COTOPAXI_REP|COTOPAXI_REP|COTOPAXI_REP|COTOPAXI_REP|COTOPAXI_REP|COTOPAXI_RES|COTOPAXI_RES|COTOPAXI_RES|COTOPAXI_RES|COTOPAXI_RES|COTOPAXI_RES|COTOPAXI_RES|COTOPAXI_SAL|COTOPAXI_SAL|COTOPAXI_SAL|COTOPAXI_SAL|COTOPAXI_SAL|COTOPAXI_SIL|COTOPAXI_SIL|COTOPAXI_SIL|COTOPAXI_SIL|COTOPAXI_SIL|COTOPAXI_SIL|COTOPAXI_TEL|COTOPAXI_TEL|COTOPAXI_TEL|COTOPAXI_TEL|COTOPAXI_TEL|COTOPAXI_TEL|COTOPAXI_TRA|COTOPAXI_TRA|COTOPAXI_VES|COTOPAXI_VES|COTOPAXI_VES|COTOPAXI_VES|COTOPAXI_VES|COTOPAXI_VES|COTOPAXI_VES|COTOPAXI_VID|COTOPAXI_VID|COTOPAXI_VID|COTOPAXI_VID|COTOPAXI_VID|COTOPAXI_VID,228,3406.591038579999,0.7158769492379531
province_sector,70,CHIMBORAZO_CAR|CHIMBORAZO_COM|CHIMBORAZO_CON|CHIMBORAZO_CON|CHIMBORAZO_CON|CHIMBORAZO_CON|CHIMBORAZO_CON|CHIMBORAZO_CON|CHIMBORAZO_CON|CHIMBORAZO_CON|CHIMBORAZO_CON|CHIMBORAZO_CON|CHIMBORAZO_INM|CHIMBORAZO_MIP|CHIMBORAZO_TEL|CHIMBORAZO_TRA,16,2450.440312463578,0.9952088967832174
province_sector,71,CHIMBORAZO_ADM|CHIMBORAZO_ADM|CHIMBORAZO_ADM|CHIMBORAZO_ADM|CHIMBORAZO_ADM|CHIMBORAZO_ADM|CHIMBORAZO_ADP|CHIMBORAZO_ADP|CHIMBORAZO_ADP|CHIMBORAZO_ADP|CHIMBORAZO_ADP|CHIMBORAZO_ADP|CHIMBORAZO_ADP|CHIMBORAZO_ADP|CHIMBORAZO_ADP|CHIMBORAZO_ADP|CHIMBORAZO_COM|CHIMBORAZO_COM|CHIMBORAZO_COM|CHIMBORAZO_COM|CHIMBORAZO_COM|CHIMBORAZO_COM|CHIMBORAZO_EDU|CHIMBORAZO_FIN|CHIMBORAZO_MIP|CHIMBORAZO_RES|CHIMBORAZO_SEG|CHIMBORAZO_TRA,28,2441.1083329078665,0.9990134264524845
province_sector,72,CHIMBORAZO_ADM|CHIMBORAZO_ADM|CHIMBORAZO_ADM|CHIMBORAZO_ADM|CHIMBORAZO_CIN|CHIMBORAZO_COM|CHIMBORAZO_COM|CHIMBORAZO_COM|CHIMBORAZO_EDU|CHIMBORAZO_EDU|CHIMBORAZO_EDU|CHIMBORAZO_EDU|CHIMBORAZO_EDU|CHIMBORAZO_EDU|CHIMBORAZO_EDU|CHIMBORAZO_EDU|CHIMBORAZO_EDU|CHIMBORAZO_ELE|CHIMBORAZO_FIN|CHIMBORAZO_FIN|CHIMBORAZO_FIN|CHIMBORAZO_FRT|CHIMBORAZO_FRT|CHIMBORAZO_INM|CHIMBORAZO_INM|CHIMBORAZO_MIP|CHIMBORAZO_MIP|CHIMBORAZO_PAN|CHIMBORAZO_PLS|CHIMBORAZO_PLS|CHIMBORAZO_PLS|CHIMBORAZO_RES|CHIMBORAZO_RES|CHIMBORAZO_SAL|CHIMBORAZO_SAL|CHIMBORAZO_SAL|CHIMBORAZO_SAL|CHIMBORAZO_SAL|CHIMBORAZO_SAL|CHIMBORAZO_SAL|CHIMBORAZO_SAL|CHIMBORAZO_TEL|CHIMBORAZO_TRA|CHIMBORAZO_TRA|CHIMBORAZO_TRA|CHIMBORAZO_TRA|CHIMBORAZO_TRA,47,2448.1335039130995,0.996146654625648
province_sector,73,CHIMBORAZO_AGU|CHIMBORAZO_AGU|CHIMBORAZO_ALD|CHIMBORAZO_ALD|CHIMBORAZO_ALD|CHIMBORAZO_ALD|CHIMBORAZO_ALD|CHIMBORAZO_ASO|CHIMBORAZO_ASO|CHIMBORAZO_ASO|CHIMBORAZO_ASO|CHIMBORAZO_ASO|CHIMBORAZO_ASO|CHIMBORAZO_ASO|CHIMBORAZO_ASO|CHIMBORAZO_ASO|CHIMBORAZO_ASO|CHIMBORAZO_AZU|CHIMBORAZO_BAL|CHIMBORAZO_BNA|CHIMBORAZO_BNA|CHIMBORAZO_BNA|CHIMBORAZO_BNA|CHIMBORAZO_CAN|CHIMBORAZO_CAR|CHIMBORAZO_CAR|CHIMBORAZO_CAR|CHIMBORAZO_CAU|CHIMBORAZO_CAU|CHIMBORAZO_CAU|CHIMBORAZO_CEM|CHIMBORAZO_CEM|CHIMBORAZO_CEM|CHIMBORAZO_CEM|CHIMBORAZO_CEM|CHIMBORAZO_CER|CHIMBORAZO_CER|CHIMBORAZO_CER|CHIMBORAZO_CER|CHIMBORAZO_CER|CHIMBORAZO_CER|CHIMBORAZO_CER|CHIMBORAZO_CER|CHIMBORAZO_CHO|CHIMBORAZO_CIN|CHIMBORAZO_CIN|CHIMBORAZO_CIN|CHIMBORAZO_CIN|CHIMBORAZO_CIN|CHIMBORAZO_CIN|CHIMBORAZO_CIN|CHIMBORAZO_CUE|CHIMBORAZO_CUE|CHIMBORAZO_CUE|CHIMBORAZO_CUL|CHIMBORAZO_CUL|CHIMBORAZO_CUL|CHIMBORAZO_CUL|CHIMBORAZO_CUL|CHIMBORAZO_CUL|CHIMBORAZO_CUL|CHIMBORAZO_CUL|CHIMBORAZO_CUL|CHIMBORAZO_DEM|CHIMBORAZO_DEM|CHIMBORAZO_DEM|CHIMBORAZO_DEM|CHIMBORAZO_DEM|CHIMBORAZO_DEM|CHIMBORAZO_DEM|CHIMBORAZO_DEM|CHIMBORAZO_DEM|CHIMBORAZO_DOM|CHIMBORAZO_DOM|CHIMBORAZO_DOM|CHIMBORAZO_DOM|CHIMBORAZO_DOM|CHIMBORAZO_DOM|CHIMBORAZO_DOM|CHIMBORAZO_DOM|CHIMBORAZO_FID|CHIMBORAZO_FIN|CHIMBORAZO_FIN|CHIMBORAZO_FIN|CHIMBORAZO_FRT|CHIMBORAZO_FRT|CHIMBORAZO_FRV|CHIMBORAZO_FRV|CHIMBORAZO_FRV|CHIMBORAZO_FRV|CHIMBORAZO_FRV|CHIMBORAZO_FRV|CHIMBORAZO_FRV|CHIMBORAZO_FRV|CHIMBORAZO_FRV|CHIMBORAZO_FRV|CHIMBORAZO_GAN|CHIMBORAZO_GAN|CHIMBORAZO_GAN|CHIMBORAZO_GAN|CHIMBORAZO_GAN|CHIMBORAZO_GAN|CHIMBORAZO_GAN|CHIMBORAZO_GAN|CHIMBORAZO_GAN|CHIMBORAZO_GAN|CHIMBORAZO_HIL|CHIMBORAZO_HIL|CHIMBORAZO_HIL|CHIMBORAZO_HIL|CHIMBORAZO_HIL|CHIMBORAZO_HIL|CHIMBORAZO_HOT|CHIMBORAZO_HOT|CHIMBORAZO_HOT|CHIMBORAZO_HOT|CHIMBORAZO_HOT|CHIMBORAZO_HOT|CHIMBORAZO_HOT|CHIMBORAZO_HOT|CHIMBORAZO_HOT|CHIMBORAZO_INM|CHIMBORAZO_INM|CHIMBORAZO_INM|CHIMBORAZO_INM|CHIMBORAZO_INM|CHIMBORAZO_INM|CHIMBORAZO_INM|CHIMBORAZO_LAC|CHIMBORAZO_LAC|CHIMBORAZO_LAC|CHIMBORAZO_LAC|CHIMBORAZO_LAC|CHIMBORAZO_LAC|CHIMBORAZO_LAC|CHIMBORAZO_LAC|CHIMBORAZO_LAC|CHIMBORAZO_LAC|CHIMBORAZO_MAD|CHIMBORAZO_MAD|CHIMBORAZO_MAD|CHIMBORAZO_MAD|CHIMBORAZO_MAD|CHIMBORAZO_MAD|CHIMBORAZO_MAD|CHIMBORAZO_MAD|CHIMBORAZO_MAN|CHIMBORAZO_MAN|CHIMBORAZO_MAN|CHIMBORAZO_MAN|CHIMBORAZO_MAN|CHIMBORAZO_MAN|CHIMBORAZO_MAN|CHIMBORAZO_MAN|CHIMBORAZO_MAN|CHIMBORAZO_MAQ|CHIMBORAZO_MAQ|CHIMBORAZO_MAQ|CHIMBORAZO_MAQ|CHIMBORAZO_MAQ|CHIMBORAZO_MAQ|CHIMBORAZO_MAQ|CHIMBORAZO_MAQ|CHIMBORAZO_MET|CHIMBORAZO_MET|CHIMBORAZO_MIP|CHIMBORAZO_MOL|CHIMBORAZO_MOL|CHIMBORAZO_MOL|CHIMBORAZO_MUE|CHIMBORAZO_MUE|CHIMBORAZO_MUE|CHIMBORAZO_MUE|CHIMBORAZO_MUE|CHIMBORAZO_MUE|CHIMBORAZO_MUE|CHIMBORAZO_MUE|CHIMBORAZO_MUE|CHIMBORAZO_PAN|CHIMBORAZO_PAN|CHIMBORAZO_PAN|CHIMBORAZO_PAN|CHIMBORAZO_PAN|CHIMBORAZO_PAN|CHIMBORAZO_PAN|CHIMBORAZO_PAN|CHIMBORAZO_PAN|CHIMBORAZO_PAP|CHIMBORAZO_PES|CHIMBORAZO_PES|CHIMBORAZO_PLS|CHIMBORAZO_PLS|CHIMBORAZO_POS|CHIMBORAZO_POS|CHIMBORAZO_POS|CHIMBORAZO_POS|CHIMBORAZO_POS|CHIMBORAZO_POS|CHIMBORAZO_QU1|CHIMBORAZO_QU1|CHIMBORAZO_QU2|CHIMBORAZO_QU2|CHIMBORAZO_REP|CHIMBORAZO_REP|CHIMBORAZO_REP|CHIMBORAZO_REP|CHIMBORAZO_REP|CHIMBORAZO_REP|CHIMBORAZO_REP|CHIMBORAZO_REP|CHIMBORAZO_REP|CHIMBORAZO_REP|CHIMBORAZO_RES|CHIMBORAZO_RES|CHIMBORAZO_RES|CHIMBORAZO_RES|CHIMBORAZO_RES|CHIMBORAZO_RES|CHIMBORAZO_RES|CHIMBORAZO_SAL|CHIMBORAZO_SIL|CHIMBORAZO_SIL|CHIMBORAZO_SIL|CHIMBORAZO_SIL|CHIMBORAZO_SIL|CHIMBORAZO_SIL|CHIMBORAZO_SIL|CHIMBORAZO_SIL|CHIMBORAZO_TEL|CHIMBORAZO_TEL|CHIMBORAZO_TEL|CHIMBORAZO_TEL|CHIMBORAZO_TEL|CHIMBORAZO_TEL|CHIMBORAZO_TEL|CHIMBORAZO_TEL|CHIMBORAZO_TRA|CHIMBORAZO_TRA|CHIMBORAZO_TRA|CHIMBORAZO_VES|CHIMBORAZO_VES|CHIMBORAZO_VES|CHIMBORAZO_VES|CHIMBORAZO_VES|CHIMBORAZO_VES|CHIMBORAZO_VES|CHIMBORAZO_VES|CHIMBORAZO_VES|CHIMBORAZO_VID|CHIMBORAZO_VID|CHIMBORAZO_VID|CHIMBORAZO_VID|CHIMBORAZO_VID|CHIMBORAZO_VID,254,3200.8870466547814,0.7618825545714472
province_sector,74,IMBABURA_ADP|IMBABURA_CON|IMBABURA_CON|IMBABURA_CON|IMBABURA_EDU|IMBABURA_MAQ|IMBABURA_REF,7,2442.9366631973035,0.9982657498816369
province_sector,75,IMBABURA_ADM|IMBABURA_ADM|IMBABURA_ADP|IMBABURA_BNA|IMBABURA_CON|IMBABURA_CON|IMBABURA_CON|IMBABURA_EDU|IMBABURA_EDU|IMBABURA_INM|IMBABURA_LAC|IMBABURA_MIP|IMBABURA_MOL|IMBABURA_MOL|IMBABURA_PAN|IMBABURA_QU2|IMBABURA_RES|IMBABURA_TEL|IMBABURA_TRA,19,2521.0242867429856,0.9673449053323703
province_sector,76,IMBABURA_ADM|IMBABURA_ADM|IMBABURA_ADM|IMBABURA_ADP|IMBABURA_ADP|IMBABURA_ADP|IMBABURA_ADP|IMBABURA_ASO|IMBABURA_AYG|IMBABURA_CAR|IMBABURA_COM|IMBABURA_COM|IMBABURA_EDU|IMBABURA_EDU|IMBABURA_EDU|IMBABURA_ELE|IMBABURA_ELE|IMBABURA_FIN|IMBABURA_FIN|IMBABURA_FIN|IMBABURA_FIN|IMBABURA_FRT|IMBABURA_FRT|IMBABURA_FRV|IMBABURA_INM|IMBABURA_MIP|IMBABURA_MIP|IMBABURA_PLS|IMBABURA_QU2|IMBABURA_QU2|IMBABURA_RES|IMBABURA_RES|IMBABURA_SAL|IMBABURA_SAL|IMBABURA_SAL|IMBABURA_SAL|IMBABURA_TRA|IMBABURA_TRA,38,2457.654876790591,0.9922874131068622
province_sector,77,IMBABURA_ADM|IMBABURA_AGU|IMBABURA_AGU|IMBABURA_AGU|IMBABURA_AGU|IMBABURA_AGU|IMBABURA_ALD|IMBABURA_ALD|IMBABURA_ALD|IMBABURA_ALD|IMBABURA_ALD|IMBABURA_ALD|IMBABURA_ASO|IMBABURA_ASO|IMBABURA_ASO|IMBABURA_ASO|IMBABURA_ASO|IMBABURA_AZU|IMBABURA_AZU|IMBABURA_AZU|IMBABURA_AZU|IMBABURA_BAL|IMBABURA_BAL|IMBABURA_BAL|IMBABURA_BNA|IMBABURA_BNA|IMBABURA_BNA|IMBABURA_CAN|IMBABURA_CAN|IMBABURA_CAN|IMBABURA_CAN|IMBABURA_CAR|IMBABURA_CAR|IMBABURA_CAR|IMBABURA_CAU|IMBABURA_CAU|IMBABURA_CAU|IMBABURA_CAU|IMBABURA_CEM|IMBABURA_CEM|IMBABURA_CEM|IMBABURA_CEM|IMBABURA_CEM|IMBABURA_CER|IMBABURA_CER|IMBABURA_CER|IMBABURA_CER|IMBABURA_CER|IMBABURA_CER|IMBABURA_CHO|IMBABURA_CIN|IMBABURA_CIN|IMBABURA_CIN|IMBABURA_CIN|IMBABURA_CIN|IMBABURA_CIN|IMBABURA_COM|IMBABURA_COM|IMBABURA_COM|IMBABURA_COM|IMBABURA_CUE|IMBABURA_CUE|IMBABURA_CUE|IMBABURA_CUL|IMBABURA_CUL|IMBABURA_CUL|IMBABURA_CUL|IMBABURA_CUL|IMBABURA_CUL|IMBABURA_DEM|IMBABURA_DEM|IMBABURA_DEM|IMBABURA_DEM|IMBABURA_DEM|IMBABURA_DEM|IMBABURA_DOM|IMBABURA_DOM|IMBABURA_DOM|IMBABURA_DOM|IMBABURA_FID|IMBABURA_FIN|IMBABURA_FRT|IMBABURA_FRT|IMBABURA_FRT|IMBABURA_FRT|IMBABURA_FRV|IMBABURA_FRV|IMBABURA_FRV|IMBABURA_FRV|IMBABURA_FRV|IMBABURA_GAN|IMBABURA_GAN|IMBABURA_GAN|IMBABURA_GAN|IMBABURA_GAN|IMBABURA_GAN|IMBABURA_HIL|IMBABURA_HIL|IMBABURA_HIL|IMBABURA_HIL|IMBABURA_HIL|IMBABURA_HIL|IMBABURA_HOT|IMBABURA_HOT|IMBABURA_HOT|IMBABURA_HOT|IMBABURA_HOT|IMBABURA_HOT|IMBABURA_INM|IMBABURA_INM|IMBABURA_INM|IMBABURA_INM|IMBABURA_LAC|IMBABURA_LAC|IMBABURA_LAC|IMBABURA_LAC|IMBABURA_MAD|IMBABURA_MAD|IMBABURA_MAD|IMBABURA_MAD|IMBABURA_MAD|IMBABURA_MAD|IMBABURA_MAN|IMBABURA_MAN|IMBABURA_MAN|IMBABURA_MAN|IMBABURA_MAN|IMBABURA_MAQ|IMBABURA_MAQ|IMBABURA_MAQ|IMBABURA_MAQ|IMBABURA_MAQ|IMBABURA_MET|IMBABURA_MET|IMBABURA_MET|IMBABURA_MET|IMBABURA_MET|IMBABURA_MIP|IMBABURA_MIP|IMBABURA_MIP|IMBABURA_MOL|IMBABURA_MOL|IMBABURA_MOL|IMBABURA_MOL|IMBABURA_MUE|IMBABURA_MUE|IMBABURA_MUE|IMBABURA_MUE|IMBABURA_MUE|IMBABURA_MUE|IMBABURA_PAN|IMBABURA_PAN|IMBABURA_PAN|IMBABURA_PAN|IMBABURA_PAN|IMBABURA_PAP|IMBABURA_PAP|IMBABURA_PAP|IMBABURA_PES|IMBABURA_PES|IMBABURA_PES|IMBABURA_PES|IMBABURA_PES|IMBABURA_PES|IMBABURA_PLS|IMBABURA_PLS|IMBABURA_POS|IMBABURA_POS|IMBABURA_QU1|IMBABURA_QU1|IMBABURA_QU2|IMBABURA_REP|IMBABURA_REP|IMBABURA_REP|IMBABURA_REP|IMBABURA_REP|IMBABURA_REP|IMBABURA_RES|IMBABURA_RES|IMBABURA_RES|IMBABURA_SAL|IMBABURA_SAL|IMBABURA_SIL|IMBABURA_SIL|IMBABURA_SIL|IMBABURA_SIL|IMBABURA_SIL|IMBABURA_TEL|IMBABURA_TEL|IMBABURA_TEL|IMBABURA_TEL|IMBABURA_TEL|IMBABURA_TRA|IMBABURA_TRA|IMBABURA_TRA|IMBABURA_VES|IMBABURA_VES|IMBABURA_VES|IMBABURA_VES|IMBABURA_VES|IMBABURA_VES|IMBABURA_VID|IMBABURA_VID|IMBABURA_VID|IMBABURA_VID|IMBABURA_VID|IMBABURA_VID,207,2893.6391169450408,0.8427795939442017
province_sector,78,MORONA SANTIAGO_ADP|MORONA SANTIAGO_CON|MORONA SANTIAGO_CON|MORONA SANTIAGO_CON|MORONA SANTIAGO_CON|MORONA SANTIAGO_CON|MORONA SANTIAGO_CON|MORONA SANTIAGO_CON|MORONA SANTIAGO_CON|MORONA SANTIAGO_CON|MORONA SANTIAGO_CON|MORONA SANTIAGO_CON|MORONA SANTIAGO_CON|MORONA SANTIAGO_EDU|MORONA SANTIAGO_SAL,15,2566.7729374431274,0.9501035188680513
province_sector,79,MORONA SANTIAGO_ADM|MORONA SANTIAGO_ADM|MORONA SANTIAGO_ADP|MORONA SANTIAGO_ADP|MORONA SANTIAGO_ADP|MORONA SANTIAGO_ADP|MORONA SANTIAGO_ADP|MORONA SANTIAGO_ADP|MORONA SANTIAGO_ADP|MORONA SANTIAGO_ADP|MORONA SANTIAGO_ADP|MORONA SANTIAGO_ADP|MORONA SANTIAGO_ADP|MORONA SANTIAGO_CIN|MORONA SANTIAGO_COM|MORONA SANTIAGO_EDU|MORONA SANTIAGO_EDU|MORONA SANTIAGO_EDU|MORONA SANTIAGO_EDU|MORONA SANTIAGO_EDU|MORONA SANTIAGO_ELE|MORONA SANTIAGO_MIP|MORONA SANTIAGO_MIP|MORONA SANTIAGO_MIP|MORONA SANTIAGO_MIP|MORONA SANTIAGO_MIP|MORONA SANTIAGO_MIP|MORONA SANTIAGO_RES|MORONA SANTIAGO_SAL|MORONA SANTIAGO_TEL|MORONA SANTIAGO_TRA,31,2492.161514965617,0.978548133961392
province_sector,80,MORONA SANTIAGO_ADM|MORONA SANTIAGO_ADM|MORONA SANTIAGO_ADM|MORONA SANTIAGO_ADM|MORONA SANTIAGO_ADM|MORONA SANTIAGO_ADM|MORONA SANTIAGO_ADM|MORONA SANTIAGO_ADM|MORONA SANTIAGO_ADM|MORONA SANTIAGO_ADM|MORONA SANTIAGO_AGU|MORONA SANTIAGO_AGU|MORONA SANTIAGO_AGU|MORONA SANTIAGO_AGU|MORONA SANTIAGO_ALD|MORONA SANTIAGO_ALD|MORONA SANTIAGO_ALD|MORONA SANTIAGO_ALD|MORONA SANTIAGO_ASO|MORONA SANTIAGO_ASO|MORONA SANTIAGO_ASO|MORONA SANTIAGO_ASO|MORONA SANTIAGO_ASO|MORONA SANTIAGO_ASO|MORONA SANTIAGO_ASO|MORONA SANTIAGO_ASO|MORONA SANTIAGO_ASO|MORONA SANTIAGO_ASO|MORONA SANTIAGO_ASO|MORONA SANTIAGO_ASO|MORONA SANTIAGO_BAL|MORONA SANTIAGO_BAL|MORONA SANTIAGO_CAN|MORONA SANTIAGO_CAN|MORONA SANTIAGO_CAN|MORONA SANTIAGO_CAN|MORONA SANTIAGO_CAR|MORONA SANTIAGO_CAR|MORONA SANTIAGO_CAR|MORONA SANTIAGO_CEM|MORONA SANTIAGO_CEM|MORONA SANTIAGO_CEM|MORONA SANTIAGO_CEM|MORONA SANTIAGO_CER|MORONA SANTIAGO_CIN|MORONA SANTIAGO_CIN|MORONA SANTIAGO_COM|MORONA SANTIAGO_COM|MORONA SANTIAGO_COM|MORONA SANTIAGO_COM|MORONA SANTIAGO_COM|MORONA SANTIAGO_COM|MORONA SANTIAGO_COM|MORONA SANTIAGO_COM|MORONA SANTIAGO_COM|MORONA SANTIAGO_COM|MORONA SANTIAGO_COM|MORONA SANTIAGO_CUE|MORONA SANTIAGO_CUL|MORONA SANTIAGO_CUL|MORONA SANTIAGO_CUL|MORONA SANTIAGO_CUL|MORONA SANTIAGO_DEM|MORONA SANTIAGO_DEM|MORONA SANTIAGO_DEM|MORONA SANTIAGO_DEM|MORONA SANTIAGO_DEM|MORONA SANTIAGO_DEM|MORONA SANTIAGO_DOM|MORONA SANTIAGO_DOM|MORONA SANTIAGO_DOM|MORONA SANTIAGO_DOM|MORONA SANTIAGO_DOM|MORONA SANTIAGO_DOM|MORONA SANTIAGO_EDU|MORONA SANTIAGO_EDU|MORONA SANTIAGO_EDU|MORONA SANTIAGO_EDU|MORONA SANTIAGO_EDU|MORONA SANTIAGO_EDU|MORONA SANTIAGO_FIN|MORONA SANTIAGO_FIN|MORONA SANTIAGO_FIN|MORONA SANTIAGO_FRT|MORONA SANTIAGO_FRT|MORONA SANTIAGO_FRT|MORONA SANTIAGO_FRV|MORONA SANTIAGO_FRV|MORONA SANTIAGO_FRV|MORONA SANTIAGO_FRV|MORONA SANTIAGO_FRV|MORONA SANTIAGO_FRV|MORONA SANTIAGO_FRV|MORONA SANTIAGO_GAN|MORONA SANTIAGO_GAN|MORONA SANTIAGO_GAN|MORONA SANTIAGO_GAN|MORONA SANTIAGO_GAN|MORONA SANTIAGO_GAN|MORONA SANTIAGO_GAN|MORONA SANTIAGO_GAN|MORONA SANTIAGO_GAN|MORONA SANTIAGO_GAN|MORONA SANTIAGO_GAN|MORONA SANTIAGO_GAN|MORONA SANTIAGO_HIL|MORONA SANTIAGO_HIL|MORONA SANTIAGO_HIL|MORONA SANTIAGO_HOT|MORONA SANTIAGO_HOT|MORONA SANTIAGO_HOT|MORONA SANTIAGO_HOT|MORONA SANTIAGO_HOT|MORONA SANTIAGO_HOT|MORONA SANTIAGO_HOT|MORONA SANTIAGO_HOT|MORONA SANTIAGO_HOT|MORONA SANTIAGO_HOT|MORONA SANTIAGO_INM|MORONA SANTIAGO_INM|MORONA SANTIAGO_INM|MORONA SANTIAGO_INM|MORONA SANTIAGO_INM|MORONA SANTIAGO_INM|MORONA SANTIAGO_INM|MORONA SANTIAGO_INM|MORONA SANTIAGO_INM|MORONA SANTIAGO_INM|MORONA SANTIAGO_INM|MORONA SANTIAGO_LAC|MORONA SANTIAGO_LAC|MORONA SANTIAGO_LAC|MORONA SANTIAGO_LAC|MORONA SANTIAGO_MAD|MORONA SANTIAGO_MAD|MORONA SANTIAGO_MAD|MORONA SANTIAGO_MAD|MORONA SANTIAGO_MAD|MORONA SANTIAGO_MAD|MORONA SANTIAGO_MAD|MORONA SANTIAGO_MAN|MORONA SANTIAGO_MAN|MORONA SANTIAGO_MAN|MORONA SANTIAGO_MAN|MORONA SANTIAGO_MAN|MORONA SANTIAGO_MAQ|MORONA SANTIAGO_MAQ|MORONA SANTIAGO_MAQ|MORONA SANTIAGO_MAQ|MORONA SANTIAGO_MAQ|MORONA SANTIAGO_MAQ|MORONA SANTIAGO_MAQ|MORONA SANTIAGO_MAQ|MORONA SANTIAGO_MAQ|MORONA SANTIAGO_MET|MORONA SANTIAGO_MIP|MORONA SANTIAGO_MIP|MORONA SANTIAGO_MOL|MORONA SANTIAGO_MOL|MORONA SANTIAGO_MUE|MORONA SANTIAGO_MUE|MORONA SANTIAGO_MUE|MORONA SANTIAGO_MUE|MORONA SANTIAGO_MUE|MORONA SANTIAGO_MUE|MORONA SANTIAGO_PAN|MORONA SANTIAGO_PAN|MORONA SANTIAGO_PAN|MORONA SANTIAGO_PAN|MORONA SANTIAGO_PAN|MORONA SANTIAGO_PAN|MORONA SANTIAGO_PAN|MORONA SANTIAGO_PAN|MORONA SANTIAGO_PAP|MORONA SANTIAGO_PES|MORONA SANTIAGO_PES|MORONA SANTIAGO_POS|MORONA SANTIAGO_POS|MORONA SANTIAGO_POS|MORONA SANTIAGO_POS|MORONA SANTIAGO_QU1|MORONA SANTIAGO_QU2|MORONA SANTIAGO_REP|MORONA SANTIAGO_REP|MORONA SANTIAGO_REP|MORONA SANTIAGO_REP|MORONA SANTIAGO_REP|MORONA SANTIAGO_REP|MORONA SANTIAGO_REP|MORONA SANTIAGO_REP|MORONA SANTIAGO_REP|MORONA SANTIAGO_REP|MORONA SANTIAGO_REP|MORONA SANTIAGO_REP|MORONA SANTIAGO_RES|MORONA SANTIAGO_RES|MORONA SANTIAGO_RES|MORONA SANTIAGO_RES|MORONA SANTIAGO_RES|MORONA SANTIAGO_RES|MORONA SANTIAGO_RES|MORONA SANTIAGO_RES|MORONA SANTIAGO_RES|MORONA SANTIAGO_RES|MORONA SANTIAGO_RES|MORONA SANTIAGO_SAL|MORONA SANTIAGO_SAL|MORONA SANTIAGO_SIL|MORONA SANTIAGO_SIL|MORONA SANTIAGO_SIL|MORONA SANTIAGO_TEL|MORONA SANTIAGO_TEL|MORONA SANTIAGO_TEL|MORONA SANTIAGO_TEL|MORONA SANTIAGO_TEL|MORONA SANTIAGO_TEL|MORONA SANTIAGO_TEL|MORONA SANTIAGO_TRA|MORONA SANTIAGO_TRA|MORONA SANTIAGO_TRA|MORONA SANTIAGO_TRA|MORONA SANTIAGO_TRA|MORONA SANTIAGO_TRA|MORONA SANTIAGO_TRA|MORONA SANTIAGO_TRA|MORONA SANTIAGO_TRA|MORONA SANTIAGO_TRA|MORONA SANTIAGO_TRA|MORONA SANTIAGO_VES|MORONA SANTIAGO_VES|MORONA SANTIAGO_VES|MORONA SANTIAGO_VES|MORONA SANTIAGO_VES|MORONA SANTIAGO_VES|MORONA SANTIAGO_VES|MORONA SANTIAGO_VES|MORONA SANTIAGO_VES|MORONA SANTIAGO_VID|MORONA SANTIAGO_VID,239,4033.6836681352897,0.6045838495628423
province_sector,81,ESMERALDAS_ADM|ESMERALDAS_ADP|ESMERALDAS_COM|ESMERALDAS_CON|ESMERALDAS_CON|ESMERALDAS_CON|ESMERALDAS_CON|ESMERALDAS_CON|ESMERALDAS_CON|ESMERALDAS_CON|ESMERALDAS_CON|ESMERALDAS_EDU|ESMERALDAS_INM|ESMERALDAS_MIP|ESMERALDAS_PES|ESMERALDAS_PPR|ESMERALDAS_SAL|ESMERALDAS_TRA,18,2471.5437968732986,0.9867112219840697
province_sector,82,ESMERALDAS_ADM|ESMERALDAS_ADM|ESMERALDAS_ADM|ESMERALDAS_ADP|ESMERALDAS_ADP|ESMERALDAS_ADP|ESMERALDAS_ADP|ESMERALDAS_ADP|ESMERALDAS_ADP|ESMERALDAS_ADP|ESMERALDAS_AYG|ESMERALDAS_COM|ESMERALDAS_EDU|ESMERALDAS_EDU|ESMERALDAS_EDU|ESMERALDAS_EDU|ESMERALDAS_EDU|ESMERALDAS_EDU|ESMERALDAS_ELE|ESMERALDAS_FIN|ESMERALDAS_FRT|ESMERALDAS_FRT|ESMERALDAS_MIP|ESMERALDAS_MIP|ESMERALDAS_MIP|ESMERALDAS_PES|ESMERALDAS_QU2|ESMERALDAS_RES|ESMERALDAS_RES|ESMERALDAS_SAL|ESMERALDAS_SEG|ESMERALDAS_TEL|ESMERALDAS_TRA,33,2474.8690047511886,0.9853854871988164
province_sector,83,ESMERALDAS_ADM|ESMERALDAS_ADM|ESMERALDAS_ADM|ESMERALDAS_ADM|ESMERALDAS_AGU|ESMERALDAS_AGU|ESMERALDAS_AGU|ESMERALDAS_AGU|ESMERALDAS_AGU|ESMERALDAS_AGU|ESMERALDAS_ALD|ESMERALDAS_ALD|ESMERALDAS_ALD|ESMERALDAS_ALD|ESMERALDAS_ASO|ESMERALDAS_ASO|ESMERALDAS_ASO|ESMERALDAS_ASO|ESMERALDAS_ASO|ESMERALDAS_ASO|ESMERALDAS_ASO|ESMERALDAS_ASO|ESMERALDAS_AYG|ESMERALDAS_AYG|ESMERALDAS_AYG|ESMERALDAS_BAL|ESMERALDAS_BAL|ESMERALDAS_BAL|ESMERALDAS_BAL|ESMERALDAS_BAL|ESMERALDAS_BAL|ESMERALDAS_BNA|ESMERALDAS_BNA|ESMERALDAS_BNA|ESMERALDAS_BNA|ESMERALDAS_BNA|ESMERALDAS_CAN|ESMERALDAS_CAR|ESMERALDAS_CAR|ESMERALDAS_CAR|ESMERALDAS_CAR|ESMERALDAS_CAR|ESMERALDAS_CAU|ESMERALDAS_CAU|ESMERALDAS_CAU|ESMERALDAS_CAU|ESMERALDAS_CEM|ESMERALDAS_CEM|ESMERALDAS_CEM|ESMERALDAS_CEM|ESMERALDAS_CEM|ESMERALDAS_CER|ESMERALDAS_CER|ESMERALDAS_CER|ESMERALDAS_CER|ESMERALDAS_CER|ESMERALDAS_CER|ESMERALDAS_CER|ESMERALDAS_CIN|ESMERALDAS_CIN|ESMERALDAS_CIN|ESMERALDAS_CIN|ESMERALDAS_CIN|ESMERALDAS_CIN|ESMERALDAS_CIN|ESMERALDAS_CIN|ESMERALDAS_COM|ESMERALDAS_COM|ESMERALDAS_COM|ESMERALDAS_COM|ESMERALDAS_COM|ESMERALDAS_COM|ESMERALDAS_CUE|ESMERALDAS_CUE|ESMERALDAS_CUE|ESMERALDAS_CUL|ESMERALDAS_CUL|ESMERALDAS_CUL|ESMERALDAS_CUL|ESMERALDAS_CUL|ESMERALDAS_CUL|ESMERALDAS_CUL|ESMERALDAS_CUL|ESMERALDAS_DEM|ESMERALDAS_DEM|ESMERALDAS_DEM|ESMERALDAS_DEM|ESMERALDAS_DEM|ESMERALDAS_DEM|ESMERALDAS_DEM|ESMERALDAS_DEM|ESMERALDAS_DOM|ESMERALDAS_DOM|ESMERALDAS_DOM|ESMERALDAS_DOM|ESMERALDAS_DOM|ESMERALDAS_DOM|ESMERALDAS_EDU|ESMERALDAS_FIN|ESMERALDAS_FIN|ESMERALDAS_FIN|ESMERALDAS_FRT|ESMERALDAS_FRT|ESMERALDAS_FRT|ESMERALDAS_FRT|ESMERALDAS_FRV|ESMERALDAS_FRV|ESMERALDAS_FRV|ESMERALDAS_FRV|ESMERALDAS_FRV|ESMERALDAS_FRV|ESMERALDAS_FRV|ESMERALDAS_FRV|ESMERALDAS_GAN|ESMERALDAS_GAN|ESMERALDAS_GAN|ESMERALDAS_GAN|ESMERALDAS_GAN|ESMERALDAS_GAN|ESMERALDAS_GAN|ESMERALDAS_GAN|ESMERALDAS_HIL|ESMERALDAS_HIL|ESMERALDAS_HIL|ESMERALDAS_HIL|ESMERALDAS_HOT|ESMERALDAS_HOT|ESMERALDAS_HOT|ESMERALDAS_HOT|ESMERALDAS_HOT|ESMERALDAS_HOT|ESMERALDAS_HOT|ESMERALDAS_HOT|ESMERALDAS_INM|ESMERALDAS_INM|ESMERALDAS_INM|ESMERALDAS_INM|ESMERALDAS_INM|ESMERALDAS_INM|ESMERALDAS_INM|ESMERALDAS_LAC|ESMERALDAS_LAC|ESMERALDAS_LAC|ESMERALDAS_LAC|ESMERALDAS_LAC|ESMERALDAS_MAD|ESMERALDAS_MAD|ESMERALDAS_MAD|ESMERALDAS_MAD|ESMERALDAS_MAD|ESMERALDAS_MAD|ESMERALDAS_MAD|ESMERALDAS_MAN|ESMERALDAS_MAN|ESMERALDAS_MAN|ESMERALDAS_MAN|ESMERALDAS_MAN|ESMERALDAS_MAN|ESMERALDAS_MAN|ESMERALDAS_MAQ|ESMERALDAS_MAQ|ESMERALDAS_MAQ|ESMERALDAS_MAQ|ESMERALDAS_MAQ|ESMERALDAS_MAQ|ESMERALDAS_MAQ|ESMERALDAS_MAQ|ESMERALDAS_MET|ESMERALDAS_MET|ESMERALDAS_MET|ESMERALDAS_MET|ESMERALDAS_MET|ESMERALDAS_MIP|ESMERALDAS_MIP|ESMERALDAS_MOL|ESMERALDAS_MUE|ESMERALDAS_MUE|ESMERALDAS_MUE|ESMERALDAS_MUE|ESMERALDAS_MUE|ESMERALDAS_MUE|ESMERALDAS_MUE|ESMERALDAS_MUE|ESMERALDAS_PAN|ESMERALDAS_PAN|ESMERALDAS_PAN|ESMERALDAS_PAN|ESMERALDAS_PAN|ESMERALDAS_PAN|ESMERALDAS_PAN|ESMERALDAS_PAN|ESMERALDAS_PAP|ESMERALDAS_PAP|ESMERALDAS_PES|ESMERALDAS_PES|ESMERALDAS_PES|ESMERALDAS_PES|ESMERALDAS_PES|ESMERALDAS_PLS|ESMERALDAS_PLS|ESMERALDAS_POS|ESMERALDAS_POS|ESMERALDAS_POS|ESMERALDAS_POS|ESMERALDAS_POS|ESMERALDAS_POS|ESMERALDAS_QU1|ESMERALDAS_QU1|ESMERALDAS_QU1|ESMERALDAS_QU1|ESMERALDAS_QU2|ESMERALDAS_REP|ESMERALDAS_REP|ESMERALDAS_REP|ESMERALDAS_REP|ESMERALDAS_REP|ESMERALDAS_REP|ESMERALDAS_REP|ESMERALDAS_REP|ESMERALDAS_RES|ESMERALDAS_RES|ESMERALDAS_RES|ESMERALDAS_RES|ESMERALDAS_RES|ESMERALDAS_RES|ESMERALDAS_SAL|ESMERALDAS_SAL|ESMERALDAS_SAL|ESMERALDAS_SAL|ESMERALDAS_SAL|ESMERALDAS_SAL|ESMERALDAS_SIL|ESMERALDAS_SIL|ESMERALDAS_SIL|ESMERALDAS_SIL|ESMERALDAS_SIL|ESMERALDAS_SIL|ESMERALDAS_SIL|ESMERALDAS_SIL|ESMERALDAS_TEL|ESMERALDAS_TEL|ESMERALDAS_TEL|ESMERALDAS_TEL|ESMERALDAS_TEL|ESMERALDAS_TEL|ESMERALDAS_TEL|ESMERALDAS_TRA|ESMERALDAS_TRA|ESMERALDAS_TRA|ESMERALDAS_TRA|ESMERALDAS_TRA|ESMERALDAS_TRA|ESMERALDAS_VES|ESMERALDAS_VES|ESMERALDAS_VES|ESMERALDAS_VES|ESMERALDAS_VES|ESMERALDAS_VES|ESMERALDAS_VES|ESMERALDAS_VES|ESMERALDAS_VID|ESMERALDAS_VID|ESMERALDAS_VID|ESMERALDAS_VID|ESMERALDAS_VID|ESMERALDAS_VID,266,3971.9720592996155,0.6139771286382161
province_sector,84,CAÑAR_CON|CAÑAR_CON|CAÑAR_CON|CAÑAR_CON|CAÑAR_CON|CAÑAR_CON|CAÑAR_CON|CAÑAR_EDU|CAÑAR_MIP|CAÑAR_PPR|CAÑAR_SAL|CAÑAR_TEL,12,2523.576954331802,0.9663664093198711
province_sector,85,CAÑAR_ADM|CAÑAR_ADM|CAÑAR_ADM|CAÑAR_ADM|CAÑAR_ADM|CAÑAR_ADM|CAÑAR_ADP|CAÑAR_ADP|CAÑAR_ADP|CAÑAR_ADP|CAÑAR_ADP|CAÑAR_ADP|CAÑAR_ADP|CAÑAR_AYG|CAÑAR_CEM|CAÑAR_COM|CAÑAR_COM|CAÑAR_COM|CAÑAR_COM|CAÑAR_EDU|CAÑAR_EDU|CAÑAR_EDU|CAÑAR_EDU|CAÑAR_FIN|CAÑAR_MAQ|CAÑAR_MIP|CAÑAR_MIP|CAÑAR_SAL|CAÑAR_SAL|CAÑAR_SEG|CAÑAR_TRA|CAÑAR_TRA,32,2448.3462339176813,0.9960601022093815
province_sector,86,CAÑAR_ADM|CAÑAR_AGU|CAÑAR_AGU|CAÑAR_AGU|CAÑAR_AGU|CAÑAR_ALD|CAÑAR_ALD|CAÑAR_ALD|CAÑAR_ASO|CAÑAR_ASO|CAÑAR_ASO|CAÑAR_ASO|CAÑAR_ASO|CAÑAR_ASO|CAÑAR_ASO|CAÑAR_AZU|CAÑAR_BAL|CAÑAR_BNA|CAÑAR_BNA|CAÑAR_CAN|CAÑAR_CAN|CAÑAR_CAN|CAÑAR_CAN|CAÑAR_CAR|CAÑAR_CAR|CAÑAR_CAR|CAÑAR_CAU|CAÑAR_CAU|CAÑAR_CEM|CAÑAR_CEM|CAÑAR_CER|CAÑAR_CER|CAÑAR_CER|CAÑAR_CER|CAÑAR_CER|CAÑAR_CHO|CAÑAR_CIN|CAÑAR_CIN|CAÑAR_CIN|CAÑAR_CIN|CAÑAR_CIN|CAÑAR_COM|CAÑAR_COM|CAÑAR_COM|CAÑAR_CUE|CAÑAR_CUL|CAÑAR_CUL|CAÑAR_CUL|CAÑAR_CUL|CAÑAR_DEM|CAÑAR_DEM|CAÑAR_DEM|CAÑAR_DEM|CAÑAR_DEM|CAÑAR_DEM|CAÑAR_DEM|CAÑAR_DOM|CAÑAR_DOM|CAÑAR_DOM|CAÑAR_DOM|CAÑAR_DOM|CAÑAR_DOM|CAÑAR_DOM|CAÑAR_EDU|CAÑAR_EDU|CAÑAR_ELE|CAÑAR_FID|CAÑAR_FIN|CAÑAR_FIN|CAÑAR_FIN|CAÑAR_FRT|CAÑAR_FRT|CAÑAR_FRV|CAÑAR_FRV|CAÑAR_FRV|CAÑAR_FRV|CAÑAR_FRV|CAÑAR_FRV|CAÑAR_GAN|CAÑAR_GAN|CAÑAR_GAN|CAÑAR_GAN|CAÑAR_GAN|CAÑAR_GAN|CAÑAR_GAN|CAÑAR_HIL|CAÑAR_HIL|CAÑAR_HIL|CAÑAR_HIL|CAÑAR_HIL|CAÑAR_HIL|CAÑAR_HOT|CAÑAR_HOT|CAÑAR_HOT|CAÑAR_HOT|CAÑAR_HOT|CAÑAR_HOT|CAÑAR_HOT|CAÑAR_INM|CAÑAR_INM|CAÑAR_INM|CAÑAR_INM|CAÑAR_INM|CAÑAR_INM|CAÑAR_INM|CAÑAR_LAC|CAÑAR_LAC|CAÑAR_LAC|CAÑAR_LAC|CAÑAR_LAC|CAÑAR_MAD|CAÑAR_MAD|CAÑAR_MAD|CAÑAR_MAD|CAÑAR_MAD|CAÑAR_MAN|CAÑAR_MAN|CAÑAR_MAN|CAÑAR_MAN|CAÑAR_MAN|CAÑAR_MAQ|CAÑAR_MAQ|CAÑAR_MAQ|CAÑAR_MAQ|CAÑAR_MET|CAÑAR_MIP|CAÑAR_MIP|CAÑAR_MOL|CAÑAR_MOL|CAÑAR_MUE|CAÑAR_MUE|CAÑAR_MUE|CAÑAR_MUE|CAÑAR_MUE|CAÑAR_PAN|CAÑAR_PAN|CAÑAR_PAN|CAÑAR_PAN|CAÑAR_PAN|CAÑAR_PAN|CAÑAR_PAN|CAÑAR_PAP|CAÑAR_PAP|CAÑAR_PES|CAÑAR_PLS|CAÑAR_POS|CAÑAR_POS|CAÑAR_POS|CAÑAR_POS|CAÑAR_QU1|CAÑAR_QU1|CAÑAR_QU1|CAÑAR_QU2|CAÑAR_QU2|CAÑAR_QU2|CAÑAR_REP|CAÑAR_REP|CAÑAR_REP|CAÑAR_REP|CAÑAR_REP|CAÑAR_REP|CAÑAR_REP|CAÑAR_RES|CAÑAR_RES|CAÑAR_RES|CAÑAR_RES|CAÑAR_RES|CAÑAR_RES|CAÑAR_RES|CAÑAR_SAL|CAÑAR_SAL|CAÑAR_SAL|CAÑAR_SIL|CAÑAR_SIL|CAÑAR_SIL|CAÑAR_SIL|CAÑAR_TEL|CAÑAR_TEL|CAÑAR_TEL|CAÑAR_TEL|CAÑAR_TEL|CAÑAR_TRA|CAÑAR_TRA|CAÑAR_TRA|CAÑAR_TRA|CAÑAR_TRA|CAÑAR_VES|CAÑAR_VES|CAÑAR_VES|CAÑAR_VES|CAÑAR_VES|CAÑAR_VID|CAÑAR_VID|CAÑAR_VID|CAÑAR_VID|CAÑAR_VID,196,3196.4808841324448,0.7629327652500215
province_sector,87,BOLIVAR_ADM|BOLIVAR_ADM|BOLIVAR_ADP|BOLIVAR_ADP|BOLIVAR_CON|BOLIVAR_CON|BOLIVAR_CON|BOLIVAR_CON|BOLIVAR_CON|BOLIVAR_CON|BOLIVAR_CON|BOLIVAR_EDU|BOLIVAR_PPR|BOLIVAR_RES|BOLIVAR_TRA,15,2499.444872497039,0.975696654418966
province_sector,88,BOLIVAR_ADM|BOLIVAR_ADM|BOLIVAR_ADM|BOLIVAR_ADM|BOLIVAR_ADP|BOLIVAR_ADP|BOLIVAR_ADP|BOLIVAR_ADP|BOLIVAR_ADP|BOLIVAR_AYG|BOLIVAR_CAR|BOLIVAR_COM|BOLIVAR_COM|BOLIVAR_COM|BOLIVAR_EDU|BOLIVAR_EDU|BOLIVAR_EDU|BOLIVAR_EDU|BOLIVAR_ELE|BOLIVAR_FIN|BOLIVAR_FIN|BOLIVAR_INM|BOLIVAR_MIP|BOLIVAR_QU2|BOLIVAR_RES|BOLIVAR_RES|BOLIVAR_SAL|BOLIVAR_TRA|BOLIVAR_TRA|BOLIVAR_TRA,30,2456.521535953241,0.9927452148526248
province_sector,89,BOLIVAR_ADM|BOLIVAR_AGU|BOLIVAR_AGU|BOLIVAR_AGU|BOLIVAR_AGU|BOLIVAR_ALD|BOLIVAR_ALD|BOLIVAR_ALD|BOLIVAR_ALD|BOLIVAR_ALD|BOLIVAR_ASO|BOLIVAR_ASO|BOLIVAR_ASO|BOLIVAR_ASO|BOLIVAR_ASO|BOLIVAR_ASO|BOLIVAR_ASO|BOLIVAR_AZU|BOLIVAR_BAL|BOLIVAR_BAL|BOLIVAR_BAL|BOLIVAR_BNA|BOLIVAR_BNA|BOLIVAR_BNA|BOLIVAR_CAR|BOLIVAR_CAR|BOLIVAR_CEM|BOLIVAR_CER|BOLIVAR_CER|BOLIVAR_CER|BOLIVAR_CER|BOLIVAR_CER|BOLIVAR_CER|BOLIVAR_CER|BOLIVAR_CHO|BOLIVAR_CHO|BOLIVAR_CIN|BOLIVAR_CIN|BOLIVAR_CIN|BOLIVAR_CIN|BOLIVAR_CIN|BOLIVAR_CIN|BOLIVAR_CIN|BOLIVAR_COM|BOLIVAR_COM|BOLIVAR_COM|BOLIVAR_COM|BOLIVAR_CUE|BOLIVAR_CUE|BOLIVAR_CUL|BOLIVAR_CUL|BOLIVAR_CUL|BOLIVAR_CUL|BOLIVAR_CUL|BOLIVAR_CUL|BOLIVAR_DEM|BOLIVAR_DEM|BOLIVAR_DEM|BOLIVAR_DEM|BOLIVAR_DEM|BOLIVAR_DEM|BOLIVAR_DEM|BOLIVAR_DOM|BOLIVAR_DOM|BOLIVAR_DOM|BOLIVAR_DOM|BOLIVAR_DOM|BOLIVAR_DOM|BOLIVAR_EDU|BOLIVAR_EDU|BOLIVAR_FIN|BOLIVAR_FIN|BOLIVAR_FRT|BOLIVAR_FRT|BOLIVAR_FRT|BOLIVAR_FRT|BOLIVAR_FRT|BOLIVAR_FRV|BOLIVAR_FRV|BOLIVAR_FRV|BOLIVAR_FRV|BOLIVAR_FRV|BOLIVAR_FRV|BOLIVAR_FRV|BOLIVAR_GAN|BOLIVAR_GAN|BOLIVAR_GAN|BOLIVAR_GAN|BOLIVAR_GAN|BOLIVAR_GAN|BOLIVAR_GAN|BOLIVAR_HIL|BOLIVAR_HIL|BOLIVAR_HOT|BOLIVAR_HOT|BOLIVAR_HOT|BOLIVAR_HOT|BOLIVAR_HOT|BOLIVAR_HOT|BOLIVAR_HOT|BOLIVAR_INM|BOLIVAR_INM|BOLIVAR_INM|BOLIVAR_INM|BOLIVAR_INM|BOLIVAR_INM|BOLIVAR_LAC|BOLIVAR_LAC|BOLIVAR_LAC|BOLIVAR_LAC|BOLIVAR_MAD|BOLIVAR_MAD|BOLIVAR_MAD|BOLIVAR_MAD|BOLIVAR_MAD|BOLIVAR_MAD|BOLIVAR_MAN|BOLIVAR_MAN|BOLIVAR_MAN|BOLIVAR_MAN|BOLIVAR_MAN|BOLIVAR_MAN|BOLIVAR_MAQ|BOLIVAR_MAQ|BOLIVAR_MAQ|BOLIVAR_MAQ|BOLIVAR_MAQ|BOLIVAR_MAQ|BOLIVAR_MUE|BOLIVAR_MUE|BOLIVAR_MUE|BOLIVAR_PAN|BOLIVAR_PAN|BOLIVAR_PAN|BOLIVAR_PAN|BOLIVAR_PAN|BOLIVAR_PAN|BOLIVAR_POS|BOLIVAR_POS|BOLIVAR_QU1|BOLIVAR_REP|BOLIVAR_REP|BOLIVAR_REP|BOLIVAR_REP|BOLIVAR_REP|BOLIVAR_REP|BOLIVAR_REP|BOLIVAR_RES|BOLIVAR_RES|BOLIVAR_RES|BOLIVAR_RES|BOLIVAR_SAL|BOLIVAR_SAL|BOLIVAR_SAL|BOLIVAR_SAL|BOLIVAR_SAL|BOLIVAR_SAL|BOLIVAR_SIL|BOLIVAR_SIL|BOLIVAR_SIL|BOLIVAR_TEL|BOLIVAR_TEL|BOLIVAR_TEL|BOLIVAR_TEL|BOLIVAR_TEL|BOLIVAR_TEL|BOLIVAR_TRA|BOLIVAR_TRA|BOLIVAR_TRA|BOLIVAR_VES|BOLIVAR_VES|BOLIVAR_VES|BOLIVAR_VES|BOLIVAR_VES|BOLIVAR_VES|BOLIVAR_VES|BOLIVAR_VID,177,3096.0158256947097,0.7876897720484953
province_sector,90,ZAMORA CHINCHIPE_ADP|ZAMORA CHINCHIPE_ADP|ZAMORA CHINCHIPE_ADP|ZAMORA CHINCHIPE_ADP|ZAMORA CHINCHIPE_CON|ZAMORA CHINCHIPE_CON|ZAMORA CHINCHIPE_CON|ZAMORA CHINCHIPE_CON|ZAMORA CHINCHIPE_CON|ZAMORA CHINCHIPE_CON|ZAMORA CHINCHIPE_CON|ZAMORA CHINCHIPE_CON|ZAMORA CHINCHIPE_CON|ZAMORA CHINCHIPE_EDU|ZAMORA CHINCHIPE_INM|ZAMORA CHINCHIPE_MIP|ZAMORA CHINCHIPE_MIP|ZAMORA CHINCHIPE_MIP,18,2492.6594301200753,0.9783526664461032
province_sector,91,ZAMORA CHINCHIPE_ADM|ZAMORA CHINCHIPE_ADM|ZAMORA CHINCHIPE_ADM|ZAMORA CHINCHIPE_ADM|ZAMORA CHINCHIPE_ADM|ZAMORA CHINCHIPE_ADM|ZAMORA CHINCHIPE_ADM|ZAMORA CHINCHIPE_ADM|ZAMORA CHINCHIPE_ADP|ZAMORA CHINCHIPE_ADP|ZAMORA CHINCHIPE_ADP|ZAMORA CHINCHIPE_ADP|ZAMORA CHINCHIPE_ADP|ZAMORA CHINCHIPE_COM|ZAMORA CHINCHIPE_COM|ZAMORA CHINCHIPE_EDU|ZAMORA CHINCHIPE_EDU|ZAMORA CHINCHIPE_EDU|ZAMORA CHINCHIPE_EDU|ZAMORA CHINCHIPE_EDU|ZAMORA CHINCHIPE_EDU|ZAMORA CHINCHIPE_EDU|ZAMORA CHINCHIPE_EDU|ZAMORA CHINCHIPE_ELE|ZAMORA CHINCHIPE_FRT|ZAMORA CHINCHIPE_FRT|ZAMORA CHINCHIPE_FRT|ZAMORA CHINCHIPE_FRT|ZAMORA CHINCHIPE_FRT|ZAMORA CHINCHIPE_MIP|ZAMORA CHINCHIPE_MIP|ZAMORA CHINCHIPE_MIP|ZAMORA CHINCHIPE_PES|ZAMORA CHINCHIPE_PES|ZAMORA CHINCHIPE_PES|ZAMORA CHINCHIPE_PLS|ZAMORA CHINCHIPE_SAL|ZAMORA CHINCHIPE_SAL|ZAMORA CHINCHIPE_SAL|ZAMORA CHINCHIPE_SAL|ZAMORA CHINCHIPE_TRA|ZAMORA CHINCHIPE_TRA,42,2440.7094444818454,0.9991766965599331
province_sector,92,ZAMORA CHINCHIPE_ADM|ZAMORA CHINCHIPE_AGU|ZAMORA CHINCHIPE_AGU|ZAMORA CHINCHIPE_AGU|ZAMORA CHINCHIPE_AGU|ZAMORA CHINCHIPE_ALD|ZAMORA CHINCHIPE_ALD|ZAMORA CHINCHIPE_ALD|ZAMORA CHINCHIPE_ALD|ZAMORA CHINCHIPE_ALD|ZAMORA CHINCHIPE_ASO|ZAMORA CHINCHIPE_ASO|ZAMORA CHINCHIPE_ASO|ZAMORA CHINCHIPE_ASO|ZAMORA CHINCHIPE_ASO|ZAMORA CHINCHIPE_ASO|ZAMORA CHINCHIPE_ASO|ZAMORA CHINCHIPE_ASO|ZAMORA CHINCHIPE_ASO|ZAMORA CHINCHIPE_AZU|ZAMORA CHINCHIPE_AZU|ZAMORA CHINCHIPE_AZU|ZAMORA CHINCHIPE_AZU|ZAMORA CHINCHIPE_BAL|ZAMORA CHINCHIPE_BAL|ZAMORA CHINCHIPE_BAL|ZAMORA CHINCHIPE_BAL|ZAMORA CHINCHIPE_BNA|ZAMORA CHINCHIPE_CAR|ZAMORA CHINCHIPE_CAR|ZAMORA CHINCHIPE_CAR|ZAMORA CHINCHIPE_CAR|ZAMORA CHINCHIPE_CAU|ZAMORA CHINCHIPE_CEM|ZAMORA CHINCHIPE_CEM|ZAMORA CHINCHIPE_CEM|ZAMORA CHINCHIPE_CEM|ZAMORA CHINCHIPE_CER|ZAMORA CHINCHIPE_CER|ZAMORA CHINCHIPE_CER|ZAMORA CHINCHIPE_CHO|ZAMORA CHINCHIPE_CHO|ZAMORA CHINCHIPE_CHO|ZAMORA CHINCHIPE_CIN|ZAMORA CHINCHIPE_CIN|ZAMORA CHINCHIPE_CIN|ZAMORA CHINCHIPE_CIN|ZAMORA CHINCHIPE_CIN|ZAMORA CHINCHIPE_COM|ZAMORA CHINCHIPE_COM|ZAMORA CHINCHIPE_COM|ZAMORA CHINCHIPE_COM|ZAMORA CHINCHIPE_COM|ZAMORA CHINCHIPE_COM|ZAMORA CHINCHIPE_COM|ZAMORA CHINCHIPE_CUL|ZAMORA CHINCHIPE_CUL|ZAMORA CHINCHIPE_CUL|ZAMORA CHINCHIPE_CUL|ZAMORA CHINCHIPE_CUL|ZAMORA CHINCHIPE_DEM|ZAMORA CHINCHIPE_DEM|ZAMORA CHINCHIPE_DEM|ZAMORA CHINCHIPE_DEM|ZAMORA CHINCHIPE_DEM|ZAMORA CHINCHIPE_DEM|ZAMORA CHINCHIPE_DEM|ZAMORA CHINCHIPE_DEM|ZAMORA CHINCHIPE_DOM|ZAMORA CHINCHIPE_DOM|ZAMORA CHINCHIPE_DOM|ZAMORA CHINCHIPE_DOM|ZAMORA CHINCHIPE_DOM|ZAMORA CHINCHIPE_DOM|ZAMORA CHINCHIPE_DOM|ZAMORA CHINCHIPE_FIN|ZAMORA CHINCHIPE_FIN|ZAMORA CHINCHIPE_FIN|ZAMORA CHINCHIPE_FIN|ZAMORA CHINCHIPE_FRT|ZAMORA CHINCHIPE_FRT|ZAMORA CHINCHIPE_FRV|ZAMORA CHINCHIPE_FRV|ZAMORA CHINCHIPE_FRV|ZAMORA CHINCHIPE_FRV|ZAMORA CHINCHIPE_FRV|ZAMORA CHINCHIPE_FRV|ZAMORA CHINCHIPE_FRV|ZAMORA CHINCHIPE_FRV|ZAMORA CHINCHIPE_GAN|ZAMORA CHINCHIPE_GAN|ZAMORA CHINCHIPE_GAN|ZAMORA CHINCHIPE_GAN|ZAMORA CHINCHIPE_GAN|ZAMORA CHINCHIPE_GAN|ZAMORA CHINCHIPE_GAN|ZAMORA CHINCHIPE_GAN|ZAMORA CHINCHIPE_HIL|ZAMORA CHINCHIPE_HIL|ZAMORA CHINCHIPE_HIL|ZAMORA CHINCHIPE_HIL|ZAMORA CHINCHIPE_HOT|ZAMORA CHINCHIPE_HOT|ZAMORA CHINCHIPE_HOT|ZAMORA CHINCHIPE_HOT|ZAMORA CHINCHIPE_HOT|ZAMORA CHINCHIPE_HOT|ZAMORA CHINCHIPE_HOT|ZAMORA CHINCHIPE_HOT|ZAMORA CHINCHIPE_HOT|ZAMORA CHINCHIPE_INM|ZAMORA CHINCHIPE_INM|ZAMORA CHINCHIPE_INM|ZAMORA CHINCHIPE_INM|ZAMORA CHINCHIPE_INM|ZAMORA CHINCHIPE_INM|ZAMORA CHINCHIPE_INM|ZAMORA CHINCHIPE_INM|ZAMORA CHINCHIPE_LAC|ZAMORA CHINCHIPE_LAC|ZAMORA CHINCHIPE_LAC|ZAMORA CHINCHIPE_LAC|ZAMORA CHINCHIPE_LAC|ZAMORA CHINCHIPE_LAC|ZAMORA CHINCHIPE_MAD|ZAMORA CHINCHIPE_MAD|ZAMORA CHINCHIPE_MAD|ZAMORA CHINCHIPE_MAD|ZAMORA CHINCHIPE_MAD|ZAMORA CHINCHIPE_MAD|ZAMORA CHINCHIPE_MAD|ZAMORA CHINCHIPE_MAN|ZAMORA CHINCHIPE_MAN|ZAMORA CHINCHIPE_MAN|ZAMORA CHINCHIPE_MAN|ZAMORA CHINCHIPE_MAN|ZAMORA CHINCHIPE_MAQ|ZAMORA CHINCHIPE_MAQ|ZAMORA CHINCHIPE_MAQ|ZAMORA CHINCHIPE_MAQ|ZAMORA CHINCHIPE_MAQ|ZAMORA CHINCHIPE_MAQ|ZAMORA CHINCHIPE_MET|ZAMORA CHINCHIPE_MET|ZAMORA CHINCHIPE_MET|ZAMORA CHINCHIPE_MIP|ZAMORA CHINCHIPE_MIP|ZAMORA CHINCHIPE_MIP|ZAMORA CHINCHIPE_MUE|ZAMORA CHINCHIPE_MUE|ZAMORA CHINCHIPE_MUE|ZAMORA CHINCHIPE_MUE|ZAMORA CHINCHIPE_MUE|ZAMORA CHINCHIPE_MUE|ZAMORA CHINCHIPE_MUE|ZAMORA CHINCHIPE_MUE|ZAMORA CHINCHIPE_MUE|ZAMORA CHINCHIPE_PAN|ZAMORA CHINCHIPE_PAN|ZAMORA CHINCHIPE_PAN|ZAMORA CHINCHIPE_PAN|ZAMORA CHINCHIPE_PAN|ZAMORA CHINCHIPE_PAN|ZAMORA CHINCHIPE_PAN|ZAMORA CHINCHIPE_PES|ZAMORA CHINCHIPE_PES|ZAMORA CHINCHIPE_PES|ZAMORA CHINCHIPE_PES|ZAMORA CHINCHIPE_PES|ZAMORA CHINCHIPE_PLS|ZAMORA CHINCHIPE_PLS|ZAMORA CHINCHIPE_POS|ZAMORA CHINCHIPE_POS|ZAMORA CHINCHIPE_POS|ZAMORA CHINCHIPE_POS|ZAMORA CHINCHIPE_POS|ZAMORA CHINCHIPE_POS|ZAMORA CHINCHIPE_POS|ZAMORA CHINCHIPE_QU1|ZAMORA CHINCHIPE_QU1|ZAMORA CHINCHIPE_QU2|ZAMORA CHINCHIPE_REP|ZAMORA CHINCHIPE_REP|ZAMORA CHINCHIPE_REP|ZAMORA CHINCHIPE_REP|ZAMORA CHINCHIPE_REP|ZAMORA CHINCHIPE_REP|ZAMORA CHINCHIPE_REP|ZAMORA CHINCHIPE_REP|ZAMORA CHINCHIPE_REP|ZAMORA CHINCHIPE_RES|ZAMORA CHINCHIPE_RES|ZAMORA CHINCHIPE_RES|ZAMORA CHINCHIPE_RES|ZAMORA CHINCHIPE_RES|ZAMORA CHINCHIPE_RES|ZAMORA CHINCHIPE_RES|ZAMORA CHINCHIPE_RES|ZAMORA CHINCHIPE_RES|ZAMORA CHINCHIPE_SAL|ZAMORA CHINCHIPE_SAL|ZAMORA CHINCHIPE_SIL|ZAMORA CHINCHIPE_SIL|ZAMORA CHINCHIPE_SIL|ZAMORA CHINCHIPE_SIL|ZAMORA CHINCHIPE_TEL|ZAMORA CHINCHIPE_TEL|ZAMORA CHINCHIPE_TEL|ZAMORA CHINCHIPE_TEL|ZAMORA CHINCHIPE_TEL|ZAMORA CHINCHIPE_TEL|ZAMORA CHINCHIPE_TEL|ZAMORA CHINCHIPE_TEL|ZAMORA CHINCHIPE_TEL|ZAMORA CHINCHIPE_TRA|ZAMORA CHINCHIPE_TRA|ZAMORA CHINCHIPE_TRA|ZAMORA CHINCHIPE_TRA|ZAMORA CHINCHIPE_TRA|ZAMORA CHINCHIPE_TRA|ZAMORA CHINCHIPE_TRA|ZAMORA CHINCHIPE_VES|ZAMORA CHINCHIPE_VES|ZAMORA CHINCHIPE_VES|ZAMORA CHINCHIPE_VES|ZAMORA CHINCHIPE_VES|ZAMORA CHINCHIPE_VES|ZAMORA CHINCHIPE_VES|ZAMORA CHINCHIPE_VID|ZAMORA CHINCHIPE_VID|ZAMORA CHINCHIPE_VID|ZAMORA CHINCHIPE_VID|ZAMORA CHINCHIPE_VID|ZAMORA CHINCHIPE_VID|ZAMORA CHINCHIPE_VID,235,2480.78817599182,0.9830343531950311
province_sector,93,CARCHI_ADM|CARCHI_ADP|CARCHI_ADP|CARCHI_ADP|CARCHI_ADP|CARCHI_COM|CARCHI_CON|CARCHI_CON|CARCHI_CON|CARCHI_CON|CARCHI_CON|CARCHI_CON|CARCHI_EDU|CARCHI_EDU|CARCHI_EDU|CARCHI_ELE|CARCHI_FIN|CARCHI_INM|CARCHI_INM|CARCHI_MIP|CARCHI_TRA|CARCHI_TRA,22,2513.0882330759846,0.9703996731603273
province_sector,94,CARCHI_ADM|CARCHI_ADM|CARCHI_ADM|CARCHI_ADM|CARCHI_ADM|CARCHI_ADP|CARCHI_ADP|CARCHI_AGU|CARCHI_AGU|CARCHI_AGU|CARCHI_AGU|CARCHI_ALD|CARCHI_ALD|CARCHI_ALD|CARCHI_ALD|CARCHI_ALD|CARCHI_ASO|CARCHI_ASO|CARCHI_ASO|CARCHI_ASO|CARCHI_ASO|CARCHI_ASO|CARCHI_BAL|CARCHI_BAL|CARCHI_CAN|CARCHI_CAN|CARCHI_CAR|CARCHI_CAR|CARCHI_CAU|CARCHI_CEM|CARCHI_CEM|CARCHI_CEM|CARCHI_CER|CARCHI_CER|CARCHI_CER|CARCHI_CER|CARCHI_CER|CARCHI_CER|CARCHI_CHO|CARCHI_CIN|CARCHI_CIN|CARCHI_CIN|CARCHI_CIN|CARCHI_CIN|CARCHI_COM|CARCHI_COM|CARCHI_COM|CARCHI_COM|CARCHI_COM|CARCHI_CUE|CARCHI_CUL|CARCHI_CUL|CARCHI_CUL|CARCHI_CUL|CARCHI_CUL|CARCHI_DEM|CARCHI_DEM|CARCHI_DEM|CARCHI_DEM|CARCHI_DEM|CARCHI_DOM|CARCHI_DOM|CARCHI_DOM|CARCHI_DOM|CARCHI_DOM|CARCHI_EDU|CARCHI_EDU|CARCHI_EDU|CARCHI_ELE|CARCHI_ELE|CARCHI_FIN|CARCHI_FIN|CARCHI_FRT|CARCHI_FRT|CARCHI_FRT|CARCHI_FRT|CARCHI_FRV|CARCHI_FRV|CARCHI_FRV|CARCHI_FRV|CARCHI_FRV|CARCHI_FRV|CARCHI_GAN|CARCHI_GAN|CARCHI_GAN|CARCHI_GAN|CARCHI_GAN|CARCHI_GAN|CARCHI_HIL|CARCHI_HIL|CARCHI_HIL|CARCHI_HIL|CARCHI_HOT|CARCHI_HOT|CARCHI_HOT|CARCHI_HOT|CARCHI_HOT|CARCHI_INM|CARCHI_INM|CARCHI_INM|CARCHI_INM|CARCHI_LAC|CARCHI_LAC|CARCHI_LAC|CARCHI_LAC|CARCHI_LAC|CARCHI_MAD|CARCHI_MAD|CARCHI_MAD|CARCHI_MAD|CARCHI_MAN|CARCHI_MAN|CARCHI_MAN|CARCHI_MAN|CARCHI_MAQ|CARCHI_MAQ|CARCHI_MAQ|CARCHI_MAQ|CARCHI_MAQ|CARCHI_MAQ|CARCHI_MET|CARCHI_MET|CARCHI_MET|CARCHI_MIP|CARCHI_MOL|CARCHI_MOL|CARCHI_MUE|CARCHI_MUE|CARCHI_MUE|CARCHI_MUE|CARCHI_MUE|CARCHI_PAN|CARCHI_PAN|CARCHI_PAN|CARCHI_PAN|CARCHI_PAN|CARCHI_PAP|CARCHI_PES|CARCHI_PES|CARCHI_PES|CARCHI_PLS|CARCHI_POS|CARCHI_POS|CARCHI_POS|CARCHI_QU1|CARCHI_QU2|CARCHI_QU2|CARCHI_QU2|CARCHI_REP|CARCHI_REP|CARCHI_REP|CARCHI_REP|CARCHI_REP|CARCHI_REP|CARCHI_RES|CARCHI_RES|CARCHI_RES|CARCHI_RES|CARCHI_RES|CARCHI_RES|CARCHI_SAL|CARCHI_SAL|CARCHI_SAL|CARCHI_SAL|CARCHI_SAL|CARCHI_SAL|CARCHI_SIL|CARCHI_SIL|CARCHI_SIL|CARCHI_SIL|CARCHI_SIL|CARCHI_SIL|CARCHI_TEL|CARCHI_TEL|CARCHI_TEL|CARCHI_TEL|CARCHI_TEL|CARCHI_TEL|CARCHI_TRA|CARCHI_TRA|CARCHI_TRA|CARCHI_TRA|CARCHI_VES|CARCHI_VES|CARCHI_VES|CARCHI_VES|CARCHI_VES|CARCHI_VES|CARCHI_VID|CARCHI_VID|CARCHI_VID|CARCHI_VID|CARCHI_VID,193,3671.010862721495,0.6643129348280041
province_sector,95,SUCUMBIOS_ADM|SUCUMBIOS_ADP|SUCUMBIOS_ADP|SUCUMBIOS_ADP|SUCUMBIOS_ADP|SUCUMBIOS_ADP|SUCUMBIOS_ADP|SUCUMBIOS_ADP|SUCUMBIOS_COM|SUCUMBIOS_CON|SUCUMBIOS_CON|SUCUMBIOS_CON|SUCUMBIOS_CON|SUCUMBIOS_CON|SUCUMBIOS_CON|SUCUMBIOS_CON|SUCUMBIOS_EDU|SUCUMBIOS_EDU|SUCUMBIOS_INM|SUCUMBIOS_MIP|SUCUMBIOS_TEL,21,2498.3812983275934,0.9761120136595867
province_sector,96,SUCUMBIOS_ADM|SUCUMBIOS_ADM|SUCUMBIOS_ADM|SUCUMBIOS_ADM|SUCUMBIOS_ADM|SUCUMBIOS_ADM|SUCUMBIOS_AGU|SUCUMBIOS_AGU|SUCUMBIOS_AGU|SUCUMBIOS_AGU|SUCUMBIOS_ALD|SUCUMBIOS_ALD|SUCUMBIOS_ALD|SUCUMBIOS_ASO|SUCUMBIOS_ASO|SUCUMBIOS_ASO|SUCUMBIOS_ASO|SUCUMBIOS_ASO|SUCUMBIOS_ASO|SUCUMBIOS_ASO|SUCUMBIOS_AZU|SUCUMBIOS_BAL|SUCUMBIOS_BNA|SUCUMBIOS_BNA|SUCUMBIOS_BNA|SUCUMBIOS_BNA|SUCUMBIOS_BNA|SUCUMBIOS_CAN|SUCUMBIOS_CAR|SUCUMBIOS_CAU|SUCUMBIOS_CAU|SUCUMBIOS_CEM|SUCUMBIOS_CEM|SUCUMBIOS_CER|SUCUMBIOS_CER|SUCUMBIOS_CER|SUCUMBIOS_CER|SUCUMBIOS_CER|SUCUMBIOS_CHO|SUCUMBIOS_CIN|SUCUMBIOS_CIN|SUCUMBIOS_CIN|SUCUMBIOS_CIN|SUCUMBIOS_CIN|SUCUMBIOS_CIN|SUCUMBIOS_COM|SUCUMBIOS_COM|SUCUMBIOS_COM|SUCUMBIOS_COM|SUCUMBIOS_COM|SUCUMBIOS_COM|SUCUMBIOS_CUE|SUCUMBIOS_CUE|SUCUMBIOS_CUL|SUCUMBIOS_CUL|SUCUMBIOS_CUL|SUCUMBIOS_CUL|SUCUMBIOS_DEM|SUCUMBIOS_DEM|SUCUMBIOS_DEM|SUCUMBIOS_DEM|SUCUMBIOS_DEM|SUCUMBIOS_DOM|SUCUMBIOS_DOM|SUCUMBIOS_DOM|SUCUMBIOS_DOM|SUCUMBIOS_EDU|SUCUMBIOS_EDU|SUCUMBIOS_EDU|SUCUMBIOS_EDU|SUCUMBIOS_EDU|SUCUMBIOS_ELE|SUCUMBIOS_FIN|SUCUMBIOS_FIN|SUCUMBIOS_FIN|SUCUMBIOS_FRT|SUCUMBIOS_FRT|SUCUMBIOS_FRT|SUCUMBIOS_FRT|SUCUMBIOS_FRV|SUCUMBIOS_FRV|SUCUMBIOS_FRV|SUCUMBIOS_FRV|SUCUMBIOS_FRV|SUCUMBIOS_FRV|SUCUMBIOS_FRV|SUCUMBIOS_GAN|SUCUMBIOS_GAN|SUCUMBIOS_GAN|SUCUMBIOS_GAN|SUCUMBIOS_GAN|SUCUMBIOS_GAN|SUCUMBIOS_GAN|SUCUMBIOS_HIL|SUCUMBIOS_HIL|SUCUMBIOS_HOT|SUCUMBIOS_HOT|SUCUMBIOS_HOT|SUCUMBIOS_HOT|SUCUMBIOS_HOT|SUCUMBIOS_HOT|SUCUMBIOS_HOT|SUCUMBIOS_INM|SUCUMBIOS_INM|SUCUMBIOS_INM|SUCUMBIOS_INM|SUCUMBIOS_INM|SUCUMBIOS_INM|SUCUMBIOS_LAC|SUCUMBIOS_LAC|SUCUMBIOS_MAD|SUCUMBIOS_MAD|SUCUMBIOS_MAD|SUCUMBIOS_MAD|SUCUMBIOS_MAN|SUCUMBIOS_MAN|SUCUMBIOS_MAN|SUCUMBIOS_MAN|SUCUMBIOS_MAQ|SUCUMBIOS_MAQ|SUCUMBIOS_MAQ|SUCUMBIOS_MAQ|SUCUMBIOS_MAQ|SUCUMBIOS_MET|SUCUMBIOS_MET|SUCUMBIOS_MET|SUCUMBIOS_MIP|SUCUMBIOS_MIP|SUCUMBIOS_MIP|SUCUMBIOS_MIP|SUCUMBIOS_MOL|SUCUMBIOS_MUE|SUCUMBIOS_MUE|SUCUMBIOS_MUE|SUCUMBIOS_MUE|SUCUMBIOS_MUE|SUCUMBIOS_MUE|SUCUMBIOS_MUE|SUCUMBIOS_PAN|SUCUMBIOS_PAN|SUCUMBIOS_PAN|SUCUMBIOS_PAN|SUCUMBIOS_PAN|SUCUMBIOS_PAN|SUCUMBIOS_PES|SUCUMBIOS_PES|SUCUMBIOS_PES|SUCUMBIOS_PES|SUCUMBIOS_PES|SUCUMBIOS_POS|SUCUMBIOS_POS|SUCUMBIOS_QU1|SUCUMBIOS_QU2|SUCUMBIOS_QU2|SUCUMBIOS_REP|SUCUMBIOS_REP|SUCUMBIOS_REP|SUCUMBIOS_REP|SUCUMBIOS_REP|SUCUMBIOS_REP|SUCUMBIOS_REP|SUCUMBIOS_RES|SUCUMBIOS_RES|SUCUMBIOS_RES|SUCUMBIOS_RES|SUCUMBIOS_RES|SUCUMBIOS_RES|SUCUMBIOS_RES|SUCUMBIOS_SAL|SUCUMBIOS_SAL|SUCUMBIOS_SAL|SUCUMBIOS_SAL|SUCUMBIOS_SAL|SUCUMBIOS_SEG|SUCUMBIOS_SIL|SUCUMBIOS_SIL|SUCUMBIOS_SIL|SUCUMBIOS_SIL|SUCUMBIOS_SIL|SUCUMBIOS_TEL|SUCUMBIOS_TEL|SUCUMBIOS_TEL|SUCUMBIOS_TEL|SUCUMBIOS_TEL|SUCUMBIOS_TRA|SUCUMBIOS_TRA|SUCUMBIOS_TRA|SUCUMBIOS_TRA|SUCUMBIOS_TRA|SUCUMBIOS_TRA|SUCUMBIOS_TRA|SUCUMBIOS_VES|SUCUMBIOS_VES|SUCUMBIOS_VES|SUCUMBIOS_VES|SUCUMBIOS_VES|SUCUMBIOS_VES|SUCUMBIOS_VID|SUCUMBIOS_VID|SUCUMBIOS_VID|SUCUMBIOS_VID,201,3076.7537373753453,0.7926211221832646
province_sector,97,NAPO_ADM|NAPO_ADM|NAPO_ADM|NAPO_ADM|NAPO_ADM|NAPO_ADP|NAPO_ADP|NAPO_ADP|NAPO_ADP|NAPO_ADP|NAPO_AGU|NAPO_AGU|NAPO_ALD|NAPO_ALD|NAPO_ALD|NAPO_ALD|NAPO_ASO|NAPO_ASO|NAPO_ASO|NAPO_ASO|NAPO_ASO|NAPO_AZU|NAPO_BNA|NAPO_BNA|NAPO_BNA|NAPO_BNA|NAPO_CAR|NAPO_CAR|NAPO_CAR|NAPO_CAR|NAPO_CAU|NAPO_CEM|NAPO_CEM|NAPO_CER|NAPO_CER|NAPO_CHO|NAPO_CHO|NAPO_CIN|NAPO_CIN|NAPO_COM|NAPO_COM|NAPO_COM|NAPO_COM|NAPO_COM|NAPO_CON|NAPO_CON|NAPO_CON|NAPO_CON|NAPO_CON|NAPO_CUL|NAPO_CUL|NAPO_CUL|NAPO_CUL|NAPO_DEM|NAPO_DEM|NAPO_DEM|NAPO_DEM|NAPO_DOM|NAPO_DOM|NAPO_DOM|NAPO_DOM|NAPO_DOM|NAPO_EDU|NAPO_EDU|NAPO_EDU|NAPO_EDU|NAPO_ELE|NAPO_ELE|NAPO_FIN|NAPO_FIN|NAPO_FRT|NAPO_FRT|NAPO_FRT|NAPO_FRV|NAPO_FRV|NAPO_FRV|NAPO_FRV|NAPO_FRV|NAPO_GAN|NAPO_GAN|NAPO_GAN|NAPO_GAN|NAPO_GAN|NAPO_HIL|NAPO_HIL|NAPO_HOT|NAPO_HOT|NAPO_HOT|NAPO_HOT|NAPO_HOT|NAPO_INM|NAPO_INM|NAPO_INM|NAPO_INM|NAPO_INM|NAPO_LAC|NAPO_LAC|NAPO_LAC|NAPO_MAD|NAPO_MAD|NAPO_MAD|NAPO_MAD|NAPO_MAD|NAPO_MAN|NAPO_MAN|NAPO_MAN|NAPO_MAN|NAPO_MAN|NAPO_MAQ|NAPO_MAQ|NAPO_MAQ|NAPO_MAQ|NAPO_MAQ|NAPO_MET|NAPO_MIP|NAPO_MIP|NAPO_MIP|NAPO_MIP|NAPO_MUE|NAPO_MUE|NAPO_MUE|NAPO_MUE|NAPO_PAN|NAPO_PAN|NAPO_PAN|NAPO_PAN|NAPO_PAN|NAPO_PAP|NAPO_PES|NAPO_PES|NAPO_PES|NAPO_PES|NAPO_PES|NAPO_POS|NAPO_POS|NAPO_REP|NAPO_REP|NAPO_REP|NAPO_REP|NAPO_REP|NAPO_RES|NAPO_RES|NAPO_RES|NAPO_RES|NAPO_RES|NAPO_SAL|NAPO_SAL|NAPO_SAL|NAPO_SAL|NAPO_SAL|NAPO_SIL|NAPO_SIL|NAPO_TEL|NAPO_TEL|NAPO_TEL|NAPO_TEL|NAPO_TEL|NAPO_TRA|NAPO_TRA|NAPO_TRA|NAPO_TRA|NAPO_TRA|NAPO_VES|NAPO_VES|NAPO_VES|NAPO_VES|NAPO_VES|NAPO_VID|NAPO_VID,169,4835.900076850376,0.5042908168583017
province_sector,98,ORELLANA_ADM|ORELLANA_ADM|ORELLANA_ADM|ORELLANA_ADM|ORELLANA_ADP|ORELLANA_ADP|ORELLANA_ADP|ORELLANA_ADP|ORELLANA_AGU|ORELLANA_AGU|ORELLANA_ALD|ORELLANA_ASO|ORELLANA_ASO|ORELLANA_ASO|ORELLANA_ASO|ORELLANA_AYG|ORELLANA_AZU|ORELLANA_AZU|ORELLANA_BAL|ORELLANA_BNA|ORELLANA_BNA|ORELLANA_BNA|ORELLANA_CAN|ORELLANA_CAR|ORELLANA_CAR|ORELLANA_CAU|ORELLANA_CEM|ORELLANA_CEM|ORELLANA_CER|ORELLANA_CER|ORELLANA_CER|ORELLANA_CIN|ORELLANA_CIN|ORELLANA_CIN|ORELLANA_COM|ORELLANA_COM|ORELLANA_COM|ORELLANA_COM|ORELLANA_CON|ORELLANA_CON|ORELLANA_CON|ORELLANA_CON|ORELLANA_CUE|ORELLANA_CUL|ORELLANA_CUL|ORELLANA_CUL|ORELLANA_DEM|ORELLANA_DEM|ORELLANA_DEM|ORELLANA_DOM|ORELLANA_DOM|ORELLANA_DOM|ORELLANA_EDU|ORELLANA_EDU|ORELLANA_EDU|ORELLANA_ELE|ORELLANA_FIN|ORELLANA_FIN|ORELLANA_FRT|ORELLANA_FRT|ORELLANA_FRV|ORELLANA_FRV|ORELLANA_FRV|ORELLANA_GAN|ORELLANA_GAN|ORELLANA_GAN|ORELLANA_GAN|ORELLANA_HIL|ORELLANA_HIL|ORELLANA_HIL|ORELLANA_HIL|ORELLANA_HOT|ORELLANA_HOT|ORELLANA_HOT|ORELLANA_HOT|ORELLANA_INM|ORELLANA_INM|ORELLANA_INM|ORELLANA_INM|ORELLANA_LAC|ORELLANA_LAC|ORELLANA_MAD|ORELLANA_MAD|ORELLANA_MAD|ORELLANA_MAD|ORELLANA_MAN|ORELLANA_MAN|ORELLANA_MAN|ORELLANA_MAN|ORELLANA_MAQ|ORELLANA_MAQ|ORELLANA_MAQ|ORELLANA_MAQ|ORELLANA_MET|ORELLANA_MET|ORELLANA_MET|ORELLANA_MIP|ORELLANA_MIP|ORELLANA_MUE|ORELLANA_MUE|ORELLANA_MUE|ORELLANA_PAN|ORELLANA_PAN|ORELLANA_PAN|ORELLANA_PAP|ORELLANA_PES|ORELLANA_PES|ORELLANA_PES|ORELLANA_PLS|ORELLANA_POS|ORELLANA_POS|ORELLANA_REF|ORELLANA_REP|ORELLANA_REP|ORELLANA_REP|ORELLANA_RES|ORELLANA_RES|ORELLANA_RES|ORELLANA_RES|ORELLANA_SAL|ORELLANA_SAL|ORELLANA_SAL|ORELLANA_SEG|ORELLANA_SIL|ORELLANA_SIL|ORELLANA_SIL|ORELLANA_TEL|ORELLANA_TEL|ORELLANA_TEL|ORELLANA_TRA|ORELLANA_TRA|ORELLANA_TRA|ORELLANA_TRA|ORELLANA_VES|ORELLANA_VES|ORELLANA_VES|ORELLANA_VID|ORELLANA_VID|ORELLANA_VID,139,3848.6642806418226,0.633648409466702
province_sector,99,PASTAZA_ADM|PASTAZA_ADM|PASTAZA_ADM|PASTAZA_ADM|PASTAZA_ADP|PASTAZA_ADP|PASTAZA_ADP|PASTAZA_ADP|PASTAZA_AGU|PASTAZA_ALD|PASTAZA_ALD|PASTAZA_ASO|PASTAZA_ASO|PASTAZA_ASO|PASTAZA_ASO|PASTAZA_AZU|PASTAZA_AZU|PASTAZA_BAL|PASTAZA_BNA|PASTAZA_BNA|PASTAZA_CAR|PASTAZA_CAR|PASTAZA_CEM|PASTAZA_CHO|PASTAZA_CIN|PASTAZA_CIN|PASTAZA_COM|PASTAZA_COM|PASTAZA_COM|PASTAZA_COM|PASTAZA_CON|PASTAZA_CON|PASTAZA_CON|PASTAZA_CON|PASTAZA_CUE|PASTAZA_CUL|PASTAZA_CUL|PASTAZA_CUL|PASTAZA_DEM|PASTAZA_DEM|PASTAZA_DEM|PASTAZA_DEM|PASTAZA_DOM|PASTAZA_DOM|PASTAZA_EDU|PASTAZA_EDU|PASTAZA_EDU|PASTAZA_EDU|PASTAZA_FIN|PASTAZA_FIN|PASTAZA_FRT|PASTAZA_FRV|PASTAZA_FRV|PASTAZA_FRV|PASTAZA_FRV|PASTAZA_GAN|PASTAZA_GAN|PASTAZA_GAN|PASTAZA_HIL|PASTAZA_HIL|PASTAZA_HOT|PASTAZA_HOT|PASTAZA_HOT|PASTAZA_INM|PASTAZA_INM|PASTAZA_INM|PASTAZA_INM|PASTAZA_LAC|PASTAZA_LAC|PASTAZA_MAD|PASTAZA_MAD|PASTAZA_MAD|PASTAZA_MAD|PASTAZA_MAN|PASTAZA_MAN|PASTAZA_MAN|PASTAZA_MAQ|PASTAZA_MAQ|PASTAZA_MAQ|PASTAZA_MET|PASTAZA_MIP|PASTAZA_MIP|PASTAZA_MUE|PASTAZA_MUE|PASTAZA_MUE|PASTAZA_PAN|PASTAZA_PAN|PASTAZA_PAN|PASTAZA_PES|PASTAZA_PES|PASTAZA_PES|PASTAZA_PES|PASTAZA_PLS|PASTAZA_POS|PASTAZA_PPR|PASTAZA_QU1|PASTAZA_REP|PASTAZA_REP|PASTAZA_REP|PASTAZA_RES|PASTAZA_RES|PASTAZA_RES|PASTAZA_RES|PASTAZA_SAL|PASTAZA_SAL|PASTAZA_SAL|PASTAZA_SIL|PASTAZA_SIL|PASTAZA_SIL|PASTAZA_TEL|PASTAZA_TEL|PASTAZA_TEL|PASTAZA_TRA|PASTAZA_TRA|PASTAZA_TRA|PASTAZA_TRA|PASTAZA_VES|PASTAZA_VES|PASTAZA_VID,119,3826.747537001168,0.6372774729505902
