resolution,draw_id,units,n_units,group_capital_mUSD,destroyed_fraction
canton_sector,0,PICHINCHA - QUITO_CON,1,20243.48711108299,0.120468375167678
canton_sector,1,PICHINCHA - QUITO_ADP,1,13219.885931870596,0.18447209095206824
canton_sector,2,PICHINCHA - QUITO_MIP,1,9267.606348478386,0.2631423809234626
canton_sector,3,PICHINCHA - QUITO_ADM,1,7830.144103448444,0.31145020676260365
canton_sector,4,PICHINCHA - QUITO_EDU,1,7399.864843862228,0.32956007325225195
canton_sector,5,PICHINCHA - QUITO_COM,1,7194.820485255113,0.33895216774314396
canton_sector,6,PICHINCHA - QUITO_SAL,1,5556.504116350901,0.4388910633259022
canton_sector,7,PICHINCHA - QUITO_TRA,1,4920.46848731753,0.49562353793865976
canton_sector,8,PICHINCHA - QUITO_INM,1,4659.8089821623635,0.5233476327753529
canton_sector,9,PICHINCHA - QUITO_FIN,1,3962.2531674391607,0.6154831347074556
canton_sector,10,PICHINCHA - QUITO_TEL,1,2811.037390389541,0.8675444902787492
canton_sector,11,PICHINCHA - QUITO_RES,1,2726.570141117098,0.8944204160472632
canton_sector,12,PICHINCHA - QUITO_MAQ,1,2592.7643168722734,0.9405791278946148
canton_sector,13,PICHINCHA - QUITO_ASO,1,2447.3337605900515,0.9964721768934491
canton_sector,14,PICHINCHA - QUITO_CAR|PICHINCHA - QUITO_QU2,2,4396.491338466683,0.5546923244594675
canton_sector,15,PICHINCHA - QUITO_GAN|PICHINCHA - QUITO_MAD|PICHINCHA - QUITO_SIL,3,3565.716797059482,0.6839298067673539
canton_sector,16,PICHINCHA - QUITO_BNA|PICHINCHA - QUITO_PAN|PICHINCHA - QUITO_SEG,3,2979.128352169213,0.8185951431814922
canton_sector,17,PICHINCHA - QUITO_ALD|PICHINCHA - QUITO_CEM|PICHINCHA - QUITO_MET,3,2610.24243206957,0.934281034603533
canton_sector,18,PICHINCHA - QUITO_DEM|PICHINCHA - QUITO_HIL|PICHINCHA - QUITO_REP|PICHINCHA - QUITO_VES,4,2796.682068504887,0.8719975815140599
canton_sector,19,PICHINCHA - QUITO_AYG|PICHINCHA - QUITO_CIN|PICHINCHA - QUITO_MAN|PICHINCHA - QUITO_PLS|PICHINCHA - QUITO_QU1,5,2678.9601145152064,0.9103159045879693
canton_sector,20,PICHINCHA - QUITO_AGU|PICHINCHA - QUITO_AZU|PICHINCHA - QUITO_BAL|PICHINCHA - QUITO_CAN|PICHINCHA - QUITO_CAU|PICHINCHA - QUITO_CER|PICHINCHA - QUITO_CHO|PICHINCHA - QUITO_CUE|PICHINCHA - QUITO_CUL|PICHINCHA - QUITO_DOM|PICHINCHA - QUITO_ELE|PICHINCHA - QUITO_FID|PICHINCHA - QUITO_FRT|PICHINCHA - QUITO_FRV|PICHINCHA - QUITO_HOT|PICHINCHA - QUITO_LAC|PICHINCHA - QUITO_MOL|PICHINCHA - QUITO_MUE|PICHINCHA - QUITO_PAP|PICHINCHA - QUITO_PES|PICHINCHA - QUITO_POS|PICHINCHA - QUITO_PPR|PICHINCHA - QUITO_REF|PICHINCHA - QUITO_TAB|PICHINCHA - QUITO_VID,25,4181.421311385609,0.5832227413582204
canton_sector,21,GUAYAS - GUAYAQUIL_CON,1,9247.757882116653,0.2637071635186261
canton_sector,22,GUAYAS - GUAYAQUIL_ADP,1,4793.199816640936,0.5087832957710984
canton_sector,23,GUAYAS - GUAYAQUIL_REF,1,4699.718548201404,0.5189034141062123
canton_sector,24,GUAYAS - GUAYAQUIL_COM,1,4259.864808136315,0.5724829565816497
canton_sector,25,GUAYAS - GUAYAQUIL_SAL,1,4102.954800777583,0.5943765209253152
canton_sector,26,GUAYAS - GUAYAQUIL_TRA,1,4091.4003270578028,0.5960550924024859
canton_sector,27,GUAYAS - GUAYAQUIL_ADM,1,3884.0988589986027,0.6278676440868821
canton_sector,28,GUAYAS - GUAYAQUIL_EDU,1,3847.7567570522024,0.6337978604105702
canton_sector,29,GUAYAS - GUAYAQUIL_INM,1,3564.4579256622114,0.6841713525197337
canton_sector,30,GUAYAS - GUAYAQUIL_TEL,1,2766.077796153803,0.8816454849501999
canton_sector,31,GUAYAS - GUAYAQUIL_FIN,1,2612.513368244121,0.933468907620962
canton_sector,32,GUAYAS - GUAYAQUIL_BAL|GUAYAS - GUAYAQUIL_PES,2,4617.89078803241,0.5280982405040984
canton_sector,33,GUAYAS - GUAYAQUIL_CEM|GUAYAS - GUAYAQUIL_FRT,2,3560.241817630149,0.6849815616241776
canton_sector,34,GUAYAS - GUAYAQUIL_ASO|GUAYAS - GUAYAQUIL_QU2,2,2776.1159912502376,0.8784575312005314
canton_sector,35,GUAYAS - GUAYAQUIL_ELE|GUAYAS - GUAYAQUIL_PLS|GUAYAS - GUAYAQUIL_RES,3,3561.874709141447,0.684667541432928
canton_sector,36,GUAYAS - GUAYAQUIL_MAQ|GUAYAS - GUAYAQUIL_PPR|GUAYAS - GUAYAQUIL_REP,3,3185.825197883369,0.7654845600506418
canton_sector,37,GUAYAS - GUAYAQUIL_LAC|GUAYAS - GUAYAQUIL_MOL|GUAYAS - GUAYAQUIL_PAP,3,2628.3112909651254,0.9278581301929805
canton_sector,38,GUAYAS - GUAYAQUIL_AGU|GUAYAS - GUAYAQUIL_DEM|GUAYAS - GUAYAQUIL_MAN|GUAYAS - GUAYAQUIL_MET|GUAYAS - GUAYAQUIL_SEG,5,2908.2934777385126,0.8385329811681631
canton_sector,39,GUAYAS - GUAYAQUIL_CAR|GUAYAS - GUAYAQUIL_CUL|GUAYAS - GUAYAQUIL_DOM|GUAYAS - GUAYAQUIL_FRV|GUAYAS - GUAYAQUIL_HIL|GUAYAS - GUAYAQUIL_MAD|GUAYAS - GUAYAQUIL_PAN|GUAYAS - GUAYAQUIL_SIL,8,2642.4373834634766,0.9228979332723353
canton_sector,40,GUAYAS - GUAYAQUIL_ALD|GUAYAS - GUAYAQUIL_AYG|GUAYAS - GUAYAQUIL_AZU|GUAYAS - GUAYAQUIL_BNA|GUAYAS - GUAYAQUIL_CAN|GUAYAS - GUAYAQUIL_CAU|GUAYAS - GUAYAQUIL_CER|GUAYAS - GUAYAQUIL_CHO|GUAYAS - GUAYAQUIL_CIN|GUAYAS - GUAYAQUIL_CUE|GUAYAS - GUAYAQUIL_FID|GUAYAS - GUAYAQUIL_GAN|GUAYAS - GUAYAQUIL_HOT|GUAYAS - GUAYAQUIL_MIP|GUAYAS - GUAYAQUIL_MUE|GUAYAS - GUAYAQUIL_POS|GUAYAS - GUAYAQUIL_QU1|GUAYAS - GUAYAQUIL_TAB|GUAYAS - GUAYAQUIL_VES|GUAYAS - GUAYAQUIL_VID,20,2568.4183663205936,0.9494948455354558
canton_sector,41,AZUAY - CUENCA_CON|AZUAY - CUENCA_ELE,2,2446.3968892502735,0.996853785547188
canton_sector,42,AZUAY - CUENCA_ADM|AZUAY - CUENCA_CAR|AZUAY - CUENCA_COM|AZUAY - CUENCA_EDU,4,2579.8569563856768,0.9452849678210706
canton_sector,43,AZUAY - CUENCA_ADP|AZUAY - CUENCA_FIN|AZUAY - CUENCA_MAN|AZUAY - CUENCA_PAP|AZUAY - CUENCA_SAL|AZUAY - CUENCA_TRA|AZUAY - CUENCA_VID,7,2715.528198567643,0.8980573286944097
canton_sector,44,AZUAY - CUENCA_AGU|AZUAY - CUENCA_ALD|AZUAY - CUENCA_ASO|AZUAY - CUENCA_AYG|AZUAY - CUENCA_AZU|AZUAY - CUENCA_BAL|AZUAY - CUENCA_BNA|AZUAY - CUENCA_CAN|AZUAY - CUENCA_CAU|AZUAY - CUENCA_CEM|AZUAY - CUENCA_CER|AZUAY - CUENCA_CHO|AZUAY - CUENCA_CIN|AZUAY - CUENCA_CUE|AZUAY - CUENCA_CUL|AZUAY - CUENCA_DEM|AZUAY - CUENCA_DOM|AZUAY - CUENCA_FID|AZUAY - CUENCA_FRT|AZUAY - CUENCA_FRV|AZUAY - CUENCA_GAN|AZUAY - CUENCA_HIL|AZUAY - CUENCA_HOT|AZUAY - CUENCA_INM|AZUAY - CUENCA_LAC|AZUAY - CUENCA_MAD|AZUAY - CUENCA_MAQ|AZUAY - CUENCA_MET|AZUAY - CUENCA_MIP|AZUAY - CUENCA_MOL|AZUAY - CUENCA_MUE|AZUAY - CUENCA_PAN|AZUAY - CUENCA_PES|AZUAY - CUENCA_PLS|AZUAY - CUENCA_POS|AZUAY - CUENCA_QU1|AZUAY - CUENCA_QU2|AZUAY - CUENCA_REF|AZUAY - CUENCA_REP|AZUAY - CUENCA_RES|AZUAY - CUENCA_SEG|AZUAY - CUENCA_SIL|AZUAY - CUENCA_TEL|AZUAY - CUENCA_VES,44,2796.998962555726,0.8718987860373267
canton_sector,45,GUAYAS - DURAN_ADM|GUAYAS - DURAN_ADP|GUAYAS - DURAN_AGU|GUAYAS - DURAN_ALD|GUAYAS - DURAN_ASO|GUAYAS - DURAN_BAL|GUAYAS - DURAN_BNA|GUAYAS - DURAN_CAN|GUAYAS - DURAN_CAR|GUAYAS - DURAN_CAU|GUAYAS - DURAN_CEM|GUAYAS - DURAN_CER|GUAYAS - DURAN_CHO|GUAYAS - DURAN_CIN|GUAYAS - DURAN_COM|GUAYAS - DURAN_CON|GUAYAS - DURAN_CUE|GUAYAS - DURAN_CUL|GUAYAS - DURAN_DEM|GUAYAS - DURAN_DOM|GUAYAS - DURAN_EDU|GUAYAS - DURAN_ELE|GUAYAS - DURAN_FID|GUAYAS - DURAN_FIN|GUAYAS - DURAN_FRT|GUAYAS - DURAN_FRV|GUAYAS - DURAN_GAN|GUAYAS - DURAN_HIL|GUAYAS - DURAN_HOT|GUAYAS - DURAN_INM|GUAYAS - DURAN_LAC|GUAYAS - DURAN_MAD|GUAYAS - DURAN_MAN|GUAYAS - DURAN_MAQ|GUAYAS - DURAN_MET|GUAYAS - DURAN_MIP|GUAYAS - DURAN_MOL|GUAYAS - DURAN_MUE|GUAYAS - DURAN_PAN|GUAYAS - DURAN_PAP|GUAYAS - DURAN_PES|GUAYAS - DURAN_PLS|GUAYAS - DURAN_POS|GUAYAS - DURAN_PPR|GUAYAS - DURAN_QU1|GUAYAS - DURAN_QU2|GUAYAS - DURAN_REF|GUAYAS - DURAN_REP|GUAYAS - DURAN_RES|GUAYAS - DURAN_SAL|GUAYAS - DURAN_SIL|GUAYAS - DURAN_TEL|GUAYAS - DURAN_TRA|GUAYAS - DURAN_VES|GUAYAS - DURAN_VID,55,4578.10757844257,0.5326873513159389
canton_sector,46,MANABI - MANTA_ADM|MANABI - MANTA_ADP|MANABI - MANTA_AGU|MANABI - MANTA_ALD|MANABI - MANTA_ASO|MANABI - MANTA_AYG|MANABI - MANTA_AZU|MANABI - MANTA_BAL|MANABI - MANTA_BNA|MANABI - MANTA_CAN|MANABI - MANTA_CAR|MANABI - MANTA_CAU|MANABI - MANTA_CEM|MANABI - MANTA_CER|MANABI - MANTA_CHO|MANABI - MANTA_CIN|MANABI - MANTA_COM|MANABI - MANTA_CON|MANABI - MANTA_CUL|MANABI - MANTA_DEM|MANABI - MANTA_DOM|MANABI - MANTA_EDU|MANABI - MANTA_ELE|MANABI - MANTA_FID|MANABI - MANTA_FIN|MANABI - MANTA_FRV|MANABI - MANTA_GAN|MANABI - MANTA_HIL|MANABI - MANTA_HOT|MANABI - MANTA_INM|MANABI - MANTA_LAC|MANABI - MANTA_MAD|MANABI - MANTA_MAN|MANABI - MANTA_MAQ|MANABI - MANTA_MET|MANABI - MANTA_MIP|MANABI - MANTA_MOL|MANABI - MANTA_MUE|MANABI - MANTA_PAN|MANABI - MANTA_PAP|MANABI - MANTA_PES|MANABI - MANTA_PLS|MANABI - MANTA_POS|MANABI - MANTA_PPR|MANABI - MANTA_QU1|MANABI - MANTA_QU2|MANABI - MANTA_REP|MANABI - MANTA_RES|MANABI - MANTA_SAL|MANABI - MANTA_SEG|MANABI - MANTA_SIL|MANABI - MANTA_TEL|MANABI - MANTA_TRA|MANABI - MANTA_VES|MANABI - MANTA_VID,55,4089.6208357438527,0.5963144501527926
canton_sector,47,TUNGURAHUA - AMBATO_ADM|TUNGURAHUA - AMBATO_ADP|TUNGURAHUA - AMBATO_AGU|TUNGURAHUA - AMBATO_ALD|TUNGURAHUA - AMBATO_ASO|TUNGURAHUA - AMBATO_AYG|TUNGURAHUA - AMBATO_AZU|TUNGURAHUA - AMBATO_BAL|TUNGURAHUA - AMBATO_BNA|TUNGURAHUA - AMBATO_CAN|TUNGURAHUA - AMBATO_CAR|TUNGURAHUA - AMBATO_CAU|TUNGURAHUA - AMBATO_CEM|TUNGURAHUA - AMBATO_CER|TUNGURAHUA - AMBATO_CHO|TUNGURAHUA - AMBATO_CIN|TUNGURAHUA - AMBATO_COM|TUNGURAHUA - AMBATO_CON|TUNGURAHUA - AMBATO_CUE|TUNGURAHUA - AMBATO_CUL|TUNGURAHUA - AMBATO_DEM|TUNGURAHUA - AMBATO_DOM|TUNGURAHUA - AMBATO_EDU|TUNGURAHUA - AMBATO_ELE|TUNGURAHUA - AMBATO_FID|TUNGURAHUA - AMBATO_FIN|TUNGURAHUA - AMBATO_FRT|TUNGURAHUA - AMBATO_FRV|TUNGURAHUA - AMBATO_GAN|TUNGURAHUA - AMBATO_HIL|TUNGURAHUA - AMBATO_HOT|TUNGURAHUA - AMBATO_INM|TUNGURAHUA - AMBATO_LAC|TUNGURAHUA - AMBATO_MAD|TUNGURAHUA - AMBATO_MAN|TUNGURAHUA - AMBATO_MAQ|TUNGURAHUA - AMBATO_MET|TUNGURAHUA - AMBATO_MIP|TUNGURAHUA - AMBATO_MOL|TUNGURAHUA - AMBATO_MUE|TUNGURAHUA - AMBATO_PAN|TUNGURAHUA - AMBATO_PAP|TUNGURAHUA - AMBATO_PES|TUNGURAHUA - AMBATO_PLS|TUNGURAHUA - AMBATO_POS|TUNGURAHUA - AMBATO_PPR|TUNGURAHUA - AMBATO_QU1|TUNGURAHUA - AMBATO_QU2|TUNGURAHUA - AMBATO_REP|TUNGURAHUA - AMBATO_RES|TUNGURAHUA - AMBATO_SAL|TUNGURAHUA - AMBATO_SEG|TUNGURAHUA - AMBATO_SIL|TUNGURAHUA - AMBATO_TEL|TUNGURAHUA - AMBATO_TRA|TUNGURAHUA - AMBATO_VES|TUNGURAHUA - AMBATO_VID,57,3678.458508506783,0.6629679237540061
canton_sector,48,GUAYAS - SAMBORONDON_ADM|GUAYAS - SAMBORONDON_ADP|GUAYAS - SAMBORONDON_AGU|GUAYAS - SAMBORONDON_ALD|GUAYAS - SAMBORONDON_ASO|GUAYAS - SAMBORONDON_CAN|GUAYAS - SAMBORONDON_CAR|GUAYAS - SAMBORONDON_CAU|GUAYAS - SAMBORONDON_CEM|GUAYAS - SAMBORONDON_CER|GUAYAS - SAMBORONDON_CHO|GUAYAS - SAMBORONDON_CIN|GUAYAS - SAMBORONDON_COM|GUAYAS - SAMBORONDON_CON|GUAYAS - SAMBORONDON_CUE|GUAYAS - SAMBORONDON_CUL|GUAYAS - SAMBORONDON_DEM|GUAYAS - SAMBORONDON_DOM|GUAYAS - SAMBORONDON_EDU|GUAYAS - SAMBORONDON_FID|GUAYAS - SAMBORONDON_FIN|GUAYAS - SAMBORONDON_FRT|GUAYAS - SAMBORONDON_FRV|GUAYAS - SAMBORONDON_GAN|GUAYAS - SAMBORONDON_HIL|GUAYAS - SAMBORONDON_HOT|GUAYAS - SAMBORONDON_INM|GUAYAS - SAMBORONDON_MAD|GUAYAS - SAMBORONDON_MAN|GUAYAS - SAMBORONDON_MAQ|GUAYAS - SAMBORONDON_MET|GUAYAS - SAMBORONDON_MIP|GUAYAS - SAMBORONDON_MOL|GUAYAS - SAMBORONDON_MUE|GUAYAS - SAMBORONDON_PAN|GUAYAS - SAMBORONDON_PES|GUAYAS - SAMBORONDON_PLS|GUAYAS - SAMBORONDON_POS|GUAYAS - SAMBORONDON_PPR|GUAYAS - SAMBORONDON_QU1|GUAYAS - SAMBORONDON_QU2|GUAYAS - SAMBORONDON_REF|GUAYAS - SAMBORONDON_REP|GUAYAS - SAMBORONDON_RES|GUAYAS - SAMBORONDON_SAL|GUAYAS - SAMBORONDON_SEG|GUAYAS - SAMBORONDON_SIL|GUAYAS - SAMBORONDON_TEL|GUAYAS - SAMBORONDON_TRA|GUAYAS - SAMBORONDON_VES|GUAYAS - SAMBORONDON_VID,51,3615.24535178029,0.6745600264167652
canton_sector,49,EL ORO - MACHALA_ADM|EL ORO - MACHALA_ADP|EL ORO - MACHALA_AGU|EL ORO - MACHALA_ALD|EL ORO - MACHALA_ASO|EL ORO - MACHALA_AYG|EL ORO - MACHALA_BAL|EL ORO - MACHALA_BNA|EL ORO - MACHALA_CAN|EL ORO - MACHALA_CAR|EL ORO - MACHALA_CAU|EL ORO - MACHALA_CEM|EL ORO - MACHALA_CER|EL ORO - MACHALA_CHO|EL ORO - MACHALA_CIN|EL ORO - MACHALA_COM|EL ORO - MACHALA_CON|EL ORO - MACHALA_CUE|EL ORO - MACHALA_CUL|EL ORO - MACHALA_DEM|EL ORO - MACHALA_DOM|EL ORO - MACHALA_EDU|EL ORO - MACHALA_ELE|EL ORO - MACHALA_FIN|EL ORO - MACHALA_FRT|EL ORO - MACHALA_FRV|EL ORO - MACHALA_GAN|EL ORO - MACHALA_HIL|EL ORO - MACHALA_HOT|EL ORO - MACHALA_INM|EL ORO - MACHALA_LAC|EL ORO - MACHALA_MAD|EL ORO - MACHALA_MAN|EL ORO - MACHALA_MAQ|EL ORO - MACHALA_MET|EL ORO - MACHALA_MIP|EL ORO - MACHALA_MOL|EL ORO - MACHALA_MUE|EL ORO - MACHALA_PAN|EL ORO - MACHALA_PAP|EL ORO - MACHALA_PES|EL ORO - MACHALA_PLS|EL ORO - MACHALA_POS|EL ORO - MACHALA_PPR|EL ORO - MACHALA_QU1|EL ORO - MACHALA_QU2|EL ORO - MACHALA_REP|EL ORO - MACHALA_RES|EL ORO - MACHALA_SAL|EL ORO - MACHALA_SIL|EL ORO - MACHALA_TEL|EL ORO - MACHALA_TRA|EL ORO - MACHALA_VES|EL ORO - MACHALA_VID,54,3383.358366958996,0.7207926963385594
canton_sector,50,ESMERALDAS - ELOY ALFARO_ADM|ESMERALDAS - ELOY ALFARO_ADP|ESMERALDAS - ELOY ALFARO_ASO|ESMERALDAS - ELOY ALFARO_CAR|ESMERALDAS - ELOY ALFARO_CER|ESMERALDAS - ELOY ALFARO_CIN|ESMERALDAS - ELOY ALFARO_COM|ESMERALDAS - ELOY ALFARO_CON|ESMERALDAS - ELOY ALFARO_CUL|ESMERALDAS - ELOY ALFARO_DEM|ESMERALDAS - ELOY ALFARO_DOM|ESMERALDAS - ELOY ALFARO_EDU|ESMERALDAS - ELOY ALFARO_FRT|ESMERALDAS - ELOY ALFARO_FRV|ESMERALDAS - ELOY ALFARO_GAN|ESMERALDAS - ELOY ALFARO_HOT|ESMERALDAS - ELOY ALFARO_INM|ESMERALDAS - ELOY ALFARO_MAD|ESMERALDAS - ELOY ALFARO_MAN|ESMERALDAS - ELOY ALFARO_MAQ|ESMERALDAS - ELOY ALFARO_MIP|ESMERALDAS - ELOY ALFARO_MUE|ESMERALDAS - ELOY ALFARO_PAN|ESMERALDAS - ELOY ALFARO_PES|ESMERALDAS - ELOY ALFARO_POS|ESMERALDAS - ELOY ALFARO_REP|ESMERALDAS - ELOY ALFARO_RES|ESMERALDAS - ELOY ALFARO_SAL|ESMERALDAS - ELOY ALFARO_SIL|ESMERALDAS - ELOY ALFARO_TEL|ESMERALDAS - ELOY ALFARO_TRA|ESMERALDAS - ELOY ALFARO_VES|ESMERALDAS - ELOY ALFARO_VID|ESMERALDAS - RIO VERDE_ADM|ESMERALDAS - RIO VERDE_ADP|ESMERALDAS - RIO VERDE_AGU|ESMERALDAS - RIO VERDE_ASO|ESMERALDAS - RIO VERDE_BAL|ESMERALDAS - RIO VERDE_CAR|ESMERALDAS - RIO VERDE_CER|ESMERALDAS - RIO VERDE_CIN|ESMERALDAS - RIO VERDE_COM|ESMERALDAS - RIO VERDE_CON|ESMERALDAS - RIO VERDE_CUL|ESMERALDAS - RIO VERDE_DEM|ESMERALDAS - RIO VERDE_DOM|ESMERALDAS - RIO VERDE_EDU|ESMERALDAS - RIO VERDE_FIN|ESMERALDAS - RIO VERDE_FRV|ESMERALDAS - RIO VERDE_GAN|ESMERALDAS - RIO VERDE_HOT|ESMERALDAS - RIO VERDE_INM|ESMERALDAS - RIO VERDE_MAN|ESMERALDAS - RIO VERDE_MAQ|ESMERALDAS - RIO VERDE_MIP|ESMERALDAS - RIO VERDE_MUE|ESMERALDAS - RIO VERDE_PAN|ESMERALDAS - RIO VERDE_PES|ESMERALDAS - RIO VERDE_POS|ESMERALDAS - RIO VERDE_REP|ESMERALDAS - RIO VERDE_RES|ESMERALDAS - RIO VERDE_SAL|ESMERALDAS - RIO VERDE_SIL|ESMERALDAS - RIO VERDE_TEL|ESMERALDAS - RIO VERDE_TRA|ESMERALDAS - RIO VERDE_VES|IMBABURA - ANTONIO ANTE_ADM|IMBABURA - ANTONIO ANTE_ADP|IMBABURA - ANTONIO ANTE_AGU|IMBABURA - ANTONIO ANTE_ALD|IMBABURA - ANTONIO ANTE_ASO|IMBABURA - ANTONIO ANTE_AZU|IMBABURA - ANTONIO ANTE_BAL|IMBABURA - ANTONIO ANTE_CAR|IMBABURA - ANTONIO ANTE_CAU|IMBABURA - ANTONIO ANTE_CEM|IMBABURA - ANTONIO ANTE_CER|IMBABURA - ANTONIO ANTE_CIN|IMBABURA - ANTONIO ANTE_COM|IMBABURA - ANTONIO ANTE_CON|IMBABURA - ANTONIO ANTE_CUL|IMBABURA - ANTONIO ANTE_DEM|IMBABURA - ANTONIO ANTE_DOM|IMBABURA - ANTONIO ANTE_EDU|IMBABURA - ANTONIO ANTE_FID|IMBABURA - ANTONIO ANTE_FIN|IMBABURA - ANTONIO ANTE_FRT|IMBABURA - ANTONIO ANTE_FRV|IMBABURA - ANTONIO ANTE_GAN|IMBABURA - ANTONIO ANTE_HIL|IMBABURA - ANTONIO ANTE_HOT|IMBABURA - ANTONIO ANTE_INM|IMBABURA - ANTONIO ANTE_LAC|IMBABURA - ANTONIO ANTE_MAD|IMBABURA - ANTONIO ANTE_MAN|IMBABURA - ANTONIO ANTE_MAQ|IMBABURA - ANTONIO ANTE_MET|IMBABURA - ANTONIO ANTE_MIP|IMBABURA - ANTONIO ANTE_MOL|IMBABURA - ANTONIO ANTE_MUE|IMBABURA - ANTONIO ANTE_PAN|IMBABURA - ANTONIO ANTE_PES|IMBABURA - ANTONIO ANTE_PLS|IMBABURA - ANTONIO ANTE_QU1|IMBABURA - ANTONIO ANTE_QU2|IMBABURA - ANTONIO ANTE_REP|IMBABURA - ANTONIO ANTE_RES|IMBABURA - ANTONIO ANTE_SAL|IMBABURA - ANTONIO ANTE_TEL|IMBABURA - ANTONIO ANTE_TRA|IMBABURA - ANTONIO ANTE_VES|IMBABURA - ANTONIO ANTE_VID|IMBABURA - COTACACHI_ADM|IMBABURA - COTACACHI_ADP|IMBABURA - COTACACHI_AGU|IMBABURA - COTACACHI_ALD|IMBABURA - COTACACHI_ASO|IMBABURA - COTACACHI_BNA|IMBABURA - COTACACHI_CAN|IMBABURA - COTACACHI_CAR|IMBABURA - COTACACHI_CAU|IMBABURA - COTACACHI_CEM|IMBABURA - COTACACHI_CER|IMBABURA - COTACACHI_CIN|IMBABURA - COTACACHI_COM|IMBABURA - COTACACHI_CON|IMBABURA - COTACACHI_CUE|IMBABURA - COTACACHI_CUL|IMBABURA - COTACACHI_DEM|IMBABURA - COTACACHI_DOM|IMBABURA - COTACACHI_EDU|IMBABURA - COTACACHI_FIN|IMBABURA - COTACACHI_FRT|IMBABURA - COTACACHI_FRV|IMBABURA - COTACACHI_GAN|IMBABURA - COTACACHI_HIL|IMBABURA - COTACACHI_HOT|IMBABURA - COTACACHI_INM|IMBABURA - COTACACHI_LAC|IMBABURA - COTACACHI_MAD|IMBABURA - COTACACHI_MAN|IMBABURA - COTACACHI_MAQ|IMBABURA - COTACACHI_MET|IMBABURA - COTACACHI_MIP|IMBABURA - COTACACHI_MOL|IMBABURA - COTACACHI_MUE|IMBABURA - COTACACHI_PAN|IMBABURA - COTACACHI_PAP|IMBABURA - COTACACHI_PES|IMBABURA - COTACACHI_QU2|IMBABURA - COTACACHI_REP|IMBABURA - COTACACHI_RES|IMBABURA - COTACACHI_SAL|IMBABURA - COTACACHI_SIL|IMBABURA - COTACACHI_TEL|IMBABURA - COTACACHI_TRA|IMBABURA - COTACACHI_VES|IMBABURA - COTACACHI_VID|IMBABURA - SAN MIGUEL DE URCUQUI_ADM|IMBABURA - SAN MIGUEL DE URCUQUI_ADP|IMBABURA - SAN MIGUEL DE URCUQUI_ALD|IMBABURA - SAN MIGUEL DE URCUQUI_ASO|IMBABURA - SAN MIGUEL DE URCUQUI_AZU|IMBABURA - SAN MIGUEL DE URCUQUI_BNA|IMBABURA - SAN MIGUEL DE URCUQUI_CEM|IMBABURA - SAN MIGUEL DE URCUQUI_CER|IMBABURA - SAN MIGUEL DE URCUQUI_CIN|IMBABURA - SAN MIGUEL DE URCUQUI_COM|IMBABURA - SAN MIGUEL DE URCUQUI_CON|IMBABURA - SAN MIGUEL DE URCUQUI_CUL|IMBABURA - SAN MIGUEL DE URCUQUI_DEM|IMBABURA - SAN MIGUEL DE URCUQUI_DOM|IMBABURA - SAN MIGUEL DE URCUQUI_EDU|IMBABURA - SAN MIGUEL DE URCUQUI_FIN|IMBABURA - SAN MIGUEL DE URCUQUI_FRT|IMBABURA - SAN MIGUEL DE URCUQUI_FRV|IMBABURA - SAN MIGUEL DE URCUQUI_GAN|IMBABURA - SAN MIGUEL DE URCUQUI_HIL|IMBABURA - SAN MIGUEL DE URCUQUI_HOT|IMBABURA - SAN MIGUEL DE URCUQUI_INM|IMBABURA - SAN MIGUEL DE URCUQUI_LAC|IMBABURA - SAN MIGUEL DE URCUQUI_MAD|IMBABURA - SAN MIGUEL DE URCUQUI_MAN|IMBABURA - SAN MIGUEL DE URCUQUI_MAQ|IMBABURA - SAN MIGUEL DE URCUQUI_MET|IMBABURA - SAN MIGUEL DE URCUQUI_MIP|IMBABURA - SAN MIGUEL DE URCUQUI_MOL|IMBABURA - SAN MIGUEL DE URCUQUI_MUE|IMBABURA - SAN MIGUEL DE URCUQUI_PAN|IMBABURA - SAN MIGUEL DE URCUQUI_PES|IMBABURA - SAN MIGUEL DE URCUQUI_REP|IMBABURA - SAN MIGUEL DE URCUQUI_RES|IMBABURA - SAN MIGUEL DE URCUQUI_SAL|IMBABURA - SAN MIGUEL DE URCUQUI_SIL|IMBABURA - SAN MIGUEL DE URCUQUI_TEL|IMBABURA - SAN MIGUEL DE URCUQUI_TRA|IMBABURA - SAN MIGUEL DE URCUQUI_VES|IMBABURA - SAN MIGUEL DE URCUQUI_VID|PICHINCHA - PEDRO VICENTE MALDONADO_ADM|PICHINCHA - PEDRO VICENTE MALDONADO_ADP|PICHINCHA - PEDRO VICENTE MALDONADO_ALD|PICHINCHA - PEDRO VICENTE MALDONADO_ASO|PICHINCHA - PEDRO VICENTE MALDONADO_CAR|PICHINCHA - PEDRO VICENTE MALDONADO_CEM|PICHINCHA - PEDRO VICENTE MALDONADO_CER|PICHINCHA - PEDRO VICENTE MALDONADO_CHO|PICHINCHA - PEDRO VICENTE MALDONADO_CIN|PICHINCHA - PEDRO VICENTE MALDONADO_COM|PICHINCHA - PEDRO VICENTE MALDONADO_CON|PICHINCHA - PEDRO VICENTE MALDONADO_CUL|PICHINCHA - PEDRO VICENTE MALDONADO_DEM|PICHINCHA - PEDRO VICENTE MALDONADO_DOM|PICHINCHA - PEDRO VICENTE MALDONADO_EDU|PICHINCHA - PEDRO VICENTE MALDONADO_ELE|PICHINCHA - PEDRO VICENTE MALDONADO_FRT|PICHINCHA - PEDRO VICENTE MALDONADO_FRV|PICHINCHA - PEDRO VICENTE MALDONADO_GAN|PICHINCHA - PEDRO VICENTE MALDONADO_HOT|PICHINCHA - PEDRO VICENTE MALDONADO_INM|PICHINCHA - PEDRO VICENTE MALDONADO_LAC|PICHINCHA - PEDRO VICENTE MALDONADO_MAD|PICHINCHA - PEDRO VICENTE MALDONADO_MAN|PICHINCHA - PEDRO VICENTE MALDONADO_MAQ|PICHINCHA - PEDRO VICENTE MALDONADO_MUE|PICHINCHA - PEDRO VICENTE MALDONADO_PAN|PICHINCHA - PEDRO VICENTE MALDONADO_PES|PICHINCHA - PEDRO VICENTE MALDONADO_QU2|PICHINCHA - PEDRO VICENTE MALDONADO_REP|PICHINCHA - PEDRO VICENTE MALDONADO_RES|PICHINCHA - PEDRO VICENTE MALDONADO_SAL|PICHINCHA - PEDRO VICENTE MALDONADO_SIL|PICHINCHA - PEDRO VICENTE MALDONADO_TEL|PICHINCHA - PEDRO VICENTE MALDONADO_TRA|PICHINCHA - PEDRO VICENTE MALDONADO_VES|PICHINCHA - PEDRO VICENTE MALDONADO_VID|PICHINCHA - PUERTO QUITO_ADM|PICHINCHA - PUERTO QUITO_ADP|PICHINCHA - PUERTO QUITO_AGU|PICHINCHA - PUERTO QUITO_ASO|PICHINCHA - PUERTO QUITO_AYG|PICHINCHA - PUERTO QUITO_CER|PICHINCHA - PUERTO QUITO_CIN|PICHINCHA - PUERTO QUITO_COM|PICHINCHA - PUERTO QUITO_CON|PICHINCHA - PUERTO QUITO_CUL|PICHINCHA - PUERTO QUITO_DEM|PICHINCHA - PUERTO QUITO_DOM|PICHINCHA - PUERTO QUITO_EDU|PICHINCHA - PUERTO QUITO_FIN|PICHINCHA - PUERTO QUITO_FRT|PICHINCHA - PUERTO QUITO_FRV|PICHINCHA - PUERTO QUITO_GAN|PICHINCHA - PUERTO QUITO_HIL|PICHINCHA - PUERTO QUITO_HOT|PICHINCHA - PUERTO QUITO_INM|PICHINCHA - PUERTO QUITO_LAC|PICHINCHA - PUERTO QUITO_MAD|PICHINCHA - PUERTO QUITO_MAN|PICHINCHA - PUERTO QUITO_MAQ|PICHINCHA - PUERTO QUITO_MIP|PICHINCHA - PUERTO QUITO_MUE|PICHINCHA - PUERTO QUITO_PAN|PICHINCHA - PUERTO QUITO_POS|PICHINCHA - PUERTO QUITO_QU1|PICHINCHA - PUERTO QUITO_REP|PICHINCHA - PUERTO QUITO_RES|PICHINCHA - PUERTO QUITO_SAL|PICHINCHA - PUERTO QUITO_SIL|PICHINCHA - PUERTO QUITO_TEL|PICHINCHA - PUERTO QUITO_TRA|PICHINCHA - PUERTO QUITO_VES|PICHINCHA - SAN MIGUEL DE LOS BANCOS_ADM|PICHINCHA - SAN MIGUEL DE LOS BANCOS_ADP|PICHINCHA - SAN MIGUEL DE LOS BANCOS_ALD|PICHINCHA - SAN MIGUEL DE LOS BANCOS_ASO|PICHINCHA - SAN MIGUEL DE LOS BANCOS_BNA|PICHINCHA - SAN MIGUEL DE LOS BANCOS_CHO|PICHINCHA - SAN MIGUEL DE LOS BANCOS_CIN|PICHINCHA - SAN MIGUEL DE LOS BANCOS_COM|PICHINCHA - SAN MIGUEL DE LOS BANCOS_CON|PICHINCHA - SAN MIGUEL DE LOS BANCOS_CUL|PICHINCHA - SAN MIGUEL DE LOS BANCOS_DEM|PICHINCHA - SAN MIGUEL DE LOS BANCOS_DOM|PICHINCHA - SAN MIGUEL DE LOS BANCOS_EDU|PICHINCHA - SAN MIGUEL DE LOS BANCOS_FIN|PICHINCHA - SAN MIGUEL DE LOS BANCOS_FRV|PICHINCHA - SAN MIGUEL DE LOS BANCOS_GAN|PICHINCHA - SAN MIGUEL DE LOS BANCOS_HIL|PICHINCHA - SAN MIGUEL DE LOS BANCOS_HOT|PICHINCHA - SAN MIGUEL DE LOS BANCOS_INM|PICHINCHA - SAN MIGUEL DE LOS BANCOS_LAC|PICHINCHA - SAN MIGUEL DE LOS BANCOS_MAD|PICHINCHA - SAN MIGUEL DE LOS BANCOS_MAN|PICHINCHA - SAN MIGUEL DE LOS BANCOS_MAQ|PICHINCHA - SAN MIGUEL DE LOS BANCOS_MUE|PICHINCHA - SAN MIGUEL DE LOS BANCOS_PAN|PICHINCHA - SAN MIGUEL DE LOS BANCOS_PAP|PICHINCHA - SAN MIGUEL DE LOS BANCOS_PES|PICHINCHA - SAN MIGUEL DE LOS BANCOS_REP|PICHINCHA - SAN MIGUEL DE LOS BANCOS_RES|PICHINCHA - SAN MIGUEL DE LOS BANCOS_SAL|PICHINCHA - SAN MIGUEL DE LOS BANCOS_SIL|PICHINCHA - SAN MIGUEL DE LOS BANCOS_TEL|PICHINCHA - SAN MIGUEL DE LOS BANCOS_TRA|PICHINCHA - SAN MIGUEL DE LOS BANCOS_VES|PICHINCHA - SANTO DOMINGO_ADM|PICHINCHA - SANTO DOMINGO_ADP|PICHINCHA - SANTO DOMINGO_AGU|PICHINCHA - SANTO DOMINGO_ALD|PICHINCHA - SANTO DOMINGO_ASO|PICHINCHA - SANTO DOMINGO_AYG|PICHINCHA - SANTO DOMINGO_AZU|PICHINCHA - SANTO DOMINGO_BAL|PICHINCHA - SANTO DOMINGO_BNA|PICHINCHA - SANTO DOMINGO_CAN|PICHINCHA - SANTO DOMINGO_CAR|PICHINCHA - SANTO DOMINGO_CAU|PICHINCHA - SANTO DOMINGO_CEM|PICHINCHA - SANTO DOMINGO_CER|PICHINCHA - SANTO DOMINGO_CHO|PICHINCHA - SANTO DOMINGO_CIN|PICHINCHA - SANTO DOMINGO_COM|PICHINCHA - SANTO DOMINGO_CON|PICHINCHA - SANTO DOMINGO_CUE|PICHINCHA - SANTO DOMINGO_CUL|PICHINCHA - SANTO DOMINGO_DEM|PICHINCHA - SANTO DOMINGO_DOM|PICHINCHA - SANTO DOMINGO_EDU|PICHINCHA - SANTO DOMINGO_ELE|PICHINCHA - SANTO DOMINGO_FIN|PICHINCHA - SANTO DOMINGO_FRT|PICHINCHA - SANTO DOMINGO_FRV|PICHINCHA - SANTO DOMINGO_GAN|PICHINCHA - SANTO DOMINGO_HIL|PICHINCHA - SANTO DOMINGO_HOT|PICHINCHA - SANTO DOMINGO_INM|PICHINCHA - SANTO DOMINGO_LAC|PICHINCHA - SANTO DOMINGO_MAD|PICHINCHA - SANTO DOMINGO_MAN|PICHINCHA - SANTO DOMINGO_MAQ|PICHINCHA - SANTO DOMINGO_MET|PICHINCHA - SANTO DOMINGO_MIP|PICHINCHA - SANTO DOMINGO_MOL|PICHINCHA - SANTO DOMINGO_MUE|PICHINCHA - SANTO DOMINGO_PAN|PICHINCHA - SANTO DOMINGO_PAP|PICHINCHA - SANTO DOMINGO_PES|PICHINCHA - SANTO DOMINGO_PLS|PICHINCHA - SANTO DOMINGO_POS|PICHINCHA - SANTO DOMINGO_QU1|PICHINCHA - SANTO DOMINGO_QU2|PICHINCHA - SANTO DOMINGO_REP|PICHINCHA - SANTO DOMINGO_RES|PICHINCHA - SANTO DOMINGO_SAL|PICHINCHA - SANTO DOMINGO_SEG|PICHINCHA - SANTO DOMINGO_SIL|PICHINCHA - SANTO DOMINGO_TEL|PICHINCHA - SANTO DOMINGO_TRA|PICHINCHA - SANTO DOMINGO_VES|PICHINCHA - SANTO DOMINGO_VID,360,4086.2272240126194,0.5968096893068099
canton_sector,51,AZUAY - CAMILO PONCE ENRIQUEZ_ADM|AZUAY - CAMILO PONCE ENRIQUEZ_ADP|AZUAY - CAMILO PONCE ENRIQUEZ_AGU|AZUAY - CAMILO PONCE ENRIQUEZ_ALD|AZUAY - CAMILO PONCE ENRIQUEZ_ASO|AZUAY - CAMILO PONCE ENRIQUEZ_BAL|AZUAY - CAMILO PONCE ENRIQUEZ_CEM|AZUAY - CAMILO PONCE ENRIQUEZ_CHO|AZUAY - CAMILO PONCE ENRIQUEZ_CIN|AZUAY - CAMILO PONCE ENRIQUEZ_COM|AZUAY - CAMILO PONCE ENRIQUEZ_CON|AZUAY - CAMILO PONCE ENRIQUEZ_CUL|AZUAY - CAMILO PONCE ENRIQUEZ_DEM|AZUAY - CAMILO PONCE ENRIQUEZ_DOM|AZUAY - CAMILO PONCE ENRIQUEZ_EDU|AZUAY - CAMILO PONCE ENRIQUEZ_FRT|AZUAY - CAMILO PONCE ENRIQUEZ_FRV|AZUAY - CAMILO PONCE ENRIQUEZ_GAN|AZUAY - CAMILO PONCE ENRIQUEZ_HIL|AZUAY - CAMILO PONCE ENRIQUEZ_HOT|AZUAY - CAMILO PONCE ENRIQUEZ_INM|AZUAY - CAMILO PONCE ENRIQUEZ_MAD|AZUAY - CAMILO PONCE ENRIQUEZ_MAN|AZUAY - CAMILO PONCE ENRIQUEZ_MAQ|AZUAY - CAMILO PONCE ENRIQUEZ_MET|AZUAY - CAMILO PONCE ENRIQUEZ_MIP|AZUAY - CAMILO PONCE ENRIQUEZ_MUE|AZUAY - CAMILO PONCE ENRIQUEZ_PAN|AZUAY - CAMILO PONCE ENRIQUEZ_PES|AZUAY - CAMILO PONCE ENRIQUEZ_REP|AZUAY - CAMILO PONCE ENRIQUEZ_RES|AZUAY - CAMILO PONCE ENRIQUEZ_SAL|AZUAY - CAMILO PONCE ENRIQUEZ_TEL|AZUAY - CAMILO PONCE ENRIQUEZ_TRA|AZUAY - CAMILO PONCE ENRIQUEZ_VES|AZUAY - CAMILO PONCE ENRIQUEZ_VID|AZUAY - PUCARA_ADM|AZUAY - PUCARA_ADP|AZUAY - PUCARA_ASO|AZUAY - PUCARA_COM|AZUAY - PUCARA_CON|AZUAY - PUCARA_DEM|AZUAY - PUCARA_EDU|AZUAY - PUCARA_FRT|AZUAY - PUCARA_FRV|AZUAY - PUCARA_GAN|AZUAY - PUCARA_HOT|AZUAY - PUCARA_INM|AZUAY - PUCARA_LAC|AZUAY - PUCARA_MAN|AZUAY - PUCARA_MAQ|AZUAY - PUCARA_MIP|AZUAY - PUCARA_PAN|AZUAY - PUCARA_REP|AZUAY - PUCARA_RES|AZUAY - PUCARA_SAL|AZUAY - PUCARA_TRA|EL ORO - ATAHUALPA_ADM|EL ORO - ATAHUALPA_ADP|EL ORO - ATAHUALPA_ALD|EL ORO - ATAHUALPA_ASO|EL ORO - ATAHUALPA_AZU|EL ORO - ATAHUALPA_CAU|EL ORO - ATAHUALPA_CER|EL ORO - ATAHUALPA_CIN|EL ORO - ATAHUALPA_COM|EL ORO - ATAHUALPA_CON|EL ORO - ATAHUALPA_DEM|EL ORO - ATAHUALPA_DOM|EL ORO - ATAHUALPA_EDU|EL ORO - ATAHUALPA_GAN|EL ORO - ATAHUALPA_HOT|EL ORO - ATAHUALPA_INM|EL ORO - ATAHUALPA_LAC|EL ORO - ATAHUALPA_MAD|EL ORO - ATAHUALPA_MAQ|EL ORO - ATAHUALPA_MIP|EL ORO - ATAHUALPA_MUE|EL ORO - ATAHUALPA_PAN|EL ORO - ATAHUALPA_QU1|EL ORO - ATAHUALPA_REP|EL ORO - ATAHUALPA_RES|EL ORO - ATAHUALPA_SAL|EL ORO - ATAHUALPA_SIL|EL ORO - ATAHUALPA_TEL|EL ORO - ATAHUALPA_TRA|EL ORO - ATAHUALPA_VID|EL ORO - CHILLA_ADM|EL ORO - CHILLA_ADP|EL ORO - CHILLA_ASO|EL ORO - CHILLA_COM|EL ORO - CHILLA_CON|EL ORO - CHILLA_DEM|EL ORO - CHILLA_FRT|EL ORO - CHILLA_FRV|EL ORO - CHILLA_GAN|EL ORO - CHILLA_INM|EL ORO - CHILLA_LAC|EL ORO - CHILLA_MAN|EL ORO - CHILLA_PAN|EL ORO - CHILLA_REP|EL ORO - CHILLA_RES|EL ORO - CHILLA_SAL|EL ORO - CHILLA_TEL|EL ORO - CHILLA_TRA|EL ORO - EL GUABO_ADM|EL ORO - EL GUABO_ADP|EL ORO - EL GUABO_ALD|EL ORO - EL GUABO_ASO|EL ORO - EL GUABO_BAL|EL ORO - EL GUABO_BNA|EL ORO - EL GUABO_CAU|EL ORO - EL GUABO_CEM|EL ORO - EL GUABO_CER|EL ORO - EL GUABO_CHO|EL ORO - EL GUABO_CIN|EL ORO - EL GUABO_COM|EL ORO - EL GUABO_CON|EL ORO - EL GUABO_CUL|EL ORO - EL GUABO_DEM|EL ORO - EL GUABO_DOM|EL ORO - EL GUABO_EDU|EL ORO - EL GUABO_FRT|EL ORO - EL GUABO_FRV|EL ORO - EL GUABO_GAN|EL ORO - EL GUABO_HIL|EL ORO - EL GUABO_HOT|EL ORO - EL GUABO_INM|EL ORO - EL GUABO_MAD|EL ORO - EL GUABO_MAN|EL ORO - EL GUABO_MAQ|EL ORO - EL GUABO_MET|EL ORO - EL GUABO_MIP|EL ORO - EL GUABO_MOL|EL ORO - EL GUABO_MUE|EL ORO - EL GUABO_PAN|EL ORO - EL GUABO_PAP|EL ORO - EL GUABO_PES|EL ORO - EL GUABO_PPR|EL ORO - EL GUABO_QU1|EL ORO - EL GUABO_QU2|EL ORO - EL GUABO_REP|EL ORO - EL GUABO_RES|EL ORO - EL GUABO_SAL|EL ORO - EL GUABO_SIL|EL ORO - EL GUABO_TEL|EL ORO - EL GUABO_TRA|EL ORO - EL GUABO_VES|EL ORO - EL GUABO_VID|EL ORO - PASAJE_ADM|EL ORO - PASAJE_ADP|EL ORO - PASAJE_AGU|EL ORO - PASAJE_ALD|EL ORO - PASAJE_ASO|EL ORO - PASAJE_BAL|EL ORO - PASAJE_BNA|EL ORO - PASAJE_CAN|EL ORO - PASAJE_CAR|EL ORO - PASAJE_CEM|EL ORO - PASAJE_CER|EL ORO - PASAJE_COM|EL ORO - PASAJE_CON|EL ORO - PASAJE_CUL|EL ORO - PASAJE_DEM|EL ORO - PASAJE_DOM|EL ORO - PASAJE_EDU|EL ORO - PASAJE_ELE|EL ORO - PASAJE_FIN|EL ORO - PASAJE_FRT|EL ORO - PASAJE_FRV|EL ORO - PASAJE_GAN|EL ORO - PASAJE_HIL|EL ORO - PASAJE_HOT|EL ORO - PASAJE_INM|EL ORO - PASAJE_LAC|EL ORO - PASAJE_MAD|EL ORO - PASAJE_MAN|EL ORO - PASAJE_MAQ|EL ORO - PASAJE_MET|EL ORO - PASAJE_MIP|EL ORO - PASAJE_MUE|EL ORO - PASAJE_PAN|EL ORO - PASAJE_PAP|EL ORO - PASAJE_PES|EL ORO - PASAJE_PLS|EL ORO - PASAJE_POS|EL ORO - PASAJE_QU1|EL ORO - PASAJE_QU2|EL ORO - PASAJE_REF|EL ORO - PASAJE_REP|EL ORO - PASAJE_RES|EL ORO - PASAJE_SAL|EL ORO - PASAJE_TEL|EL ORO - PASAJE_TRA|EL ORO - PASAJE_VES|EL ORO - PASAJE_VID|EL ORO - ZARUMA_ADM|EL ORO - ZARUMA_ADP|EL ORO - ZARUMA_ALD|EL ORO - ZARUMA_ASO|EL ORO - ZARUMA_BAL|EL ORO - ZARUMA_CAN|EL ORO - ZARUMA_CEM|EL ORO - ZARUMA_CIN|EL ORO - ZARUMA_COM|EL ORO - ZARUMA_CON|EL ORO - ZARUMA_CUE|EL ORO - ZARUMA_CUL|EL ORO - ZARUMA_DEM|EL ORO - ZARUMA_DOM|EL ORO - ZARUMA_EDU|EL ORO - ZARUMA_GAN|EL ORO - ZARUMA_HIL|EL ORO - ZARUMA_HOT|EL ORO - ZARUMA_INM|EL ORO - ZARUMA_LAC|EL ORO - ZARUMA_MAD|EL ORO - ZARUMA_MAN|EL ORO - ZARUMA_MAQ|EL ORO - ZARUMA_MET|EL ORO - ZARUMA_MIP|EL ORO - ZARUMA_MUE|EL ORO - ZARUMA_PAN|EL ORO - ZARUMA_PES|EL ORO - ZARUMA_POS|EL ORO - ZARUMA_QU2|EL ORO - ZARUMA_REP|EL ORO - ZARUMA_RES|EL ORO - ZARUMA_SAL|EL ORO - ZARUMA_SIL|EL ORO - ZARUMA_TEL|EL ORO - ZARUMA_TRA|EL ORO - ZARUMA_VES|EL ORO - ZARUMA_VID|LOJA - CATAMAYO_ADM|LOJA - CATAMAYO_ADP|LOJA - CATAMAYO_AGU|LOJA - CATAMAYO_ALD|LOJA - CATAMAYO_ASO|LOJA - CATAMAYO_AZU|LOJA - CATAMAYO_CAR|LOJA - CATAMAYO_CEM|LOJA - CATAMAYO_CER|LOJA - CATAMAYO_CIN|LOJA - CATAMAYO_COM|LOJA - CATAMAYO_CON|LOJA - CATAMAYO_CUL|LOJA - CATAMAYO_DEM|LOJA - CATAMAYO_DOM|LOJA - CATAMAYO_EDU|LOJA - CATAMAYO_FID|LOJA - CATAMAYO_FIN|LOJA - CATAMAYO_FRT|LOJA - CATAMAYO_FRV|LOJA - CATAMAYO_GAN|LOJA - CATAMAYO_HOT|LOJA - CATAMAYO_INM|LOJA - CATAMAYO_LAC|LOJA - CATAMAYO_MAD|LOJA - CATAMAYO_MAN|LOJA - CATAMAYO_MAQ|LOJA - CATAMAYO_MET|LOJA - CATAMAYO_MIP|LOJA - CATAMAYO_MUE|LOJA - CATAMAYO_PAN|LOJA - CATAMAYO_PLS|LOJA - CATAMAYO_POS|LOJA - CATAMAYO_QU1|LOJA - CATAMAYO_QU2|LOJA - CATAMAYO_REP|LOJA - CATAMAYO_RES|LOJA - CATAMAYO_SAL|LOJA - CATAMAYO_SIL|LOJA - CATAMAYO_TEL|LOJA - CATAMAYO_TRA|LOJA - CATAMAYO_VES|LOJA - CATAMAYO_VID|LOJA - CHAHUARPAMBA_ADM|LOJA - CHAHUARPAMBA_ADP|LOJA - CHAHUARPAMBA_ALD|LOJA - CHAHUARPAMBA_ASO|LOJA - CHAHUARPAMBA_CER|LOJA - CHAHUARPAMBA_COM|LOJA - CHAHUARPAMBA_CON|LOJA - CHAHUARPAMBA_CUL|LOJA - CHAHUARPAMBA_DEM|LOJA - CHAHUARPAMBA_DOM|LOJA - CHAHUARPAMBA_EDU|LOJA - CHAHUARPAMBA_FIN|LOJA - CHAHUARPAMBA_FRT|LOJA - CHAHUARPAMBA_FRV|LOJA - CHAHUARPAMBA_GAN|LOJA - CHAHUARPAMBA_HOT|LOJA - CHAHUARPAMBA_INM|LOJA - CHAHUARPAMBA_MAN|LOJA - CHAHUARPAMBA_MIP|LOJA - CHAHUARPAMBA_MUE|LOJA - CHAHUARPAMBA_PAN|LOJA - CHAHUARPAMBA_REP|LOJA - CHAHUARPAMBA_RES|LOJA - CHAHUARPAMBA_SAL|LOJA - CHAHUARPAMBA_SIL|LOJA - CHAHUARPAMBA_TEL|LOJA - CHAHUARPAMBA_TRA|LOJA - CHAHUARPAMBA_VES|LOJA - LOJA_ADM|LOJA - LOJA_ADP|LOJA - LOJA_AGU|LOJA - LOJA_ALD|LOJA - LOJA_ASO|LOJA - LOJA_AZU|LOJA - LOJA_BAL|LOJA - LOJA_BNA|LOJA - LOJA_CAN|LOJA - LOJA_CAR|LOJA - LOJA_CAU|LOJA - LOJA_CEM|LOJA - LOJA_CER|LOJA - LOJA_CHO|LOJA - LOJA_CIN|LOJA - LOJA_COM|LOJA - LOJA_CON|LOJA - LOJA_CUE|LOJA - LOJA_CUL|LOJA - LOJA_DEM|LOJA - LOJA_DOM|LOJA - LOJA_EDU|LOJA - LOJA_ELE|LOJA - LOJA_FID|LOJA - LOJA_FIN|LOJA - LOJA_FRT|LOJA - LOJA_FRV|LOJA - LOJA_GAN|LOJA - LOJA_HIL|LOJA - LOJA_HOT|LOJA - LOJA_INM|LOJA - LOJA_LAC|LOJA - LOJA_MAD|LOJA - LOJA_MAN|LOJA - LOJA_MAQ|LOJA - LOJA_MET|LOJA - LOJA_MIP|LOJA - LOJA_MOL|LOJA - LOJA_MUE|LOJA - LOJA_PAN|LOJA - LOJA_PAP|LOJA - LOJA_PES|LOJA - LOJA_PLS|LOJA - LOJA_POS|LOJA - LOJA_PPR|LOJA - LOJA_QU1|LOJA - LOJA_QU2|LOJA - LOJA_REF|LOJA - LOJA_REP|LOJA - LOJA_RES|LOJA - LOJA_SAL|LOJA - LOJA_SIL|LOJA - LOJA_TEL|LOJA - LOJA_TRA|LOJA - LOJA_VES|LOJA - LOJA_VID|LOJA - OLMEDO_ADM|LOJA - OLMEDO_ADP|LOJA - OLMEDO_ALD|LOJA - OLMEDO_ASO|LOJA - OLMEDO_COM|LOJA - OLMEDO_CON|LOJA - OLMEDO_FRV|LOJA - OLMEDO_GAN|LOJA - OLMEDO_HOT|LOJA - OLMEDO_INM|LOJA - OLMEDO_MAD|LOJA - OLMEDO_MUE|LOJA - OLMEDO_REP|LOJA - OLMEDO_RES|LOJA - OLMEDO_TEL|LOJA - OLMEDO_TRA|LOJA - QUILANGA_ADM|LOJA - QUILANGA_ADP|LOJA - QUILANGA_ALD|LOJA - QUILANGA_ASO|LOJA - QUILANGA_COM|LOJA - QUILANGA_CON|LOJA - QUILANGA_DEM|LOJA - QUILANGA_EDU|LOJA - QUILANGA_FIN|LOJA - QUILANGA_FRV|LOJA - QUILANGA_GAN|LOJA - QUILANGA_INM|LOJA - QUILANGA_MUE|LOJA - QUILANGA_PAN|LOJA - QUILANGA_PES|LOJA - QUILANGA_RES|LOJA - QUILANGA_SAL|LOJA - QUILANGA_TEL|LOJA - QUILANGA_TRA|ZAMORA CHINCHIPE - ZAMORA_ADM|ZAMORA CHINCHIPE - ZAMORA_ADP|ZAMORA CHINCHIPE - ZAMORA_ALD|ZAMORA CHINCHIPE - ZAMORA_ASO|ZAMORA CHINCHIPE - ZAMORA_AZU|ZAMORA CHINCHIPE - ZAMORA_BAL|ZAMORA CHINCHIPE - ZAMORA_BNA|ZAMORA CHINCHIPE - ZAMORA_CAR|ZAMORA CHINCHIPE - ZAMORA_CAU|ZAMORA CHINCHIPE - ZAMORA_CEM|ZAMORA CHINCHIPE - ZAMORA_COM|ZAMORA CHINCHIPE - ZAMORA_CON|ZAMORA CHINCHIPE - ZAMORA_CUL|ZAMORA CHINCHIPE - ZAMORA_DEM|ZAMORA CHINCHIPE - ZAMORA_DOM|ZAMORA CHINCHIPE - ZAMORA_EDU|ZAMORA CHINCHIPE - ZAMORA_ELE|ZAMORA CHINCHIPE - ZAMORA_FIN|ZAMORA CHINCHIPE - ZAMORA_FRV|ZAMORA CHINCHIPE - ZAMORA_GAN|ZAMORA CHINCHIPE - ZAMORA_HIL|ZAMORA CHINCHIPE - ZAMORA_HOT|ZAMORA CHINCHIPE - ZAMORA_INM|ZAMORA CHINCHIPE - ZAMORA_LAC|ZAMORA CHINCHIPE - ZAMORA_MAD|ZAMORA CHINCHIPE - ZAMORA_MAN|ZAMORA CHINCHIPE - ZAMORA_MAQ|ZAMORA CHINCHIPE - ZAMORA_MIP|ZAMORA CHINCHIPE - ZAMORA_MUE|ZAMORA CHINCHIPE - ZAMORA_PAN|ZAMORA CHINCHIPE - ZAMORA_PES|ZAMORA CHINCHIPE - ZAMORA_POS|ZAMORA CHINCHIPE - ZAMORA_REP|ZAMORA CHINCHIPE - ZAMORA_RES|ZAMORA CHINCHIPE - ZAMORA_SAL|ZAMORA CHINCHIPE - ZAMORA_SIL|ZAMORA CHINCHIPE - ZAMORA_TEL|ZAMORA CHINCHIPE - ZAMORA_TRA|ZAMORA CHINCHIPE - ZAMORA_VES|ZAMORA CHINCHIPE - ZAMORA_VID,436,3443.596745159735,0.7081839659152304
canton_sector,52,AZUAY - GIRON_ADM|AZUAY - GIRON_ADP|AZUAY - GIRON_AGU|AZUAY - GIRON_ASO|AZUAY - GIRON_AZU|AZUAY - GIRON_CEM|AZUAY - GIRON_CER|AZUAY - GIRON_COM|AZUAY - GIRON_CON|AZUAY - GIRON_CUL|AZUAY - GIRON_DEM|AZUAY - GIRON_DOM|AZUAY - GIRON_EDU|AZUAY - GIRON_FIN|AZUAY - GIRON_GAN|AZUAY - GIRON_HOT|AZUAY - GIRON_INM|AZUAY - GIRON_LAC|AZUAY - GIRON_MAD|AZUAY - GIRON_MAN|AZUAY - GIRON_MIP|AZUAY - GIRON_MUE|AZUAY - GIRON_PAN|AZUAY - GIRON_POS|AZUAY - GIRON_QU2|AZUAY - GIRON_REP|AZUAY - GIRON_RES|AZUAY - GIRON_SAL|AZUAY - GIRON_TEL|AZUAY - GIRON_TRA|AZUAY - GIRON_VES|AZUAY - GIRON_VID|AZUAY - SAN FERNANDO_ADM|AZUAY - SAN FERNANDO_ADP|AZUAY - SAN FERNANDO_ASO|AZUAY - SAN FERNANDO_COM|AZUAY - SAN FERNANDO_CON|AZUAY - SAN FERNANDO_DEM|AZUAY - SAN FERNANDO_EDU|AZUAY - SAN FERNANDO_FRV|AZUAY - SAN FERNANDO_GAN|AZUAY - SAN FERNANDO_INM|AZUAY - SAN FERNANDO_LAC|AZUAY - SAN FERNANDO_MUE|AZUAY - SAN FERNANDO_PAN|AZUAY - SAN FERNANDO_POS|AZUAY - SAN FERNANDO_QU2|AZUAY - SAN FERNANDO_REP|AZUAY - SAN FERNANDO_RES|AZUAY - SAN FERNANDO_SAL|AZUAY - SAN FERNANDO_TEL|AZUAY - SAN FERNANDO_TRA|AZUAY - SANTA ISABEL_ADM|AZUAY - SANTA ISABEL_ADP|AZUAY - SANTA ISABEL_ALD|AZUAY - SANTA ISABEL_ASO|AZUAY - SANTA ISABEL_BAL|AZUAY - SANTA ISABEL_CAN|AZUAY - SANTA ISABEL_CAU|AZUAY - SANTA ISABEL_CEM|AZUAY - SANTA ISABEL_CER|AZUAY - SANTA ISABEL_COM|AZUAY - SANTA ISABEL_CON|AZUAY - SANTA ISABEL_CUL|AZUAY - SANTA ISABEL_DEM|AZUAY - SANTA ISABEL_DOM|AZUAY - SANTA ISABEL_EDU|AZUAY - SANTA ISABEL_FIN|AZUAY - SANTA ISABEL_FRV|AZUAY - SANTA ISABEL_GAN|AZUAY - SANTA ISABEL_HIL|AZUAY - SANTA ISABEL_HOT|AZUAY - SANTA ISABEL_INM|AZUAY - SANTA ISABEL_LAC|AZUAY - SANTA ISABEL_MAD|AZUAY - SANTA ISABEL_MAN|AZUAY - SANTA ISABEL_MAQ|AZUAY - SANTA ISABEL_MIP|AZUAY - SANTA ISABEL_MUE|AZUAY - SANTA ISABEL_PAN|AZUAY - SANTA ISABEL_POS|AZUAY - SANTA ISABEL_REP|AZUAY - SANTA ISABEL_RES|AZUAY - SANTA ISABEL_SAL|AZUAY - SANTA ISABEL_SIL|AZUAY - SANTA ISABEL_TEL|AZUAY - SANTA ISABEL_TRA|AZUAY - SANTA ISABEL_VES|AZUAY - SANTA ISABEL_VID|EL ORO - ARENILLAS_ADM|EL ORO - ARENILLAS_ADP|EL ORO - ARENILLAS_AGU|EL ORO - ARENILLAS_ASO|EL ORO - ARENILLAS_CAR|EL ORO - ARENILLAS_CEM|EL ORO - ARENILLAS_CER|EL ORO - ARENILLAS_COM|EL ORO - ARENILLAS_CON|EL ORO - ARENILLAS_CUL|EL ORO - ARENILLAS_DEM|EL ORO - ARENILLAS_DOM|EL ORO - ARENILLAS_EDU|EL ORO - ARENILLAS_ELE|EL ORO - ARENILLAS_FRT|EL ORO - ARENILLAS_FRV|EL ORO - ARENILLAS_GAN|EL ORO - ARENILLAS_HIL|EL ORO - ARENILLAS_HOT|EL ORO - ARENILLAS_INM|EL ORO - ARENILLAS_LAC|EL ORO - ARENILLAS_MAD|EL ORO - ARENILLAS_MAN|EL ORO - ARENILLAS_MAQ|EL ORO - ARENILLAS_MIP|EL ORO - ARENILLAS_MOL|EL ORO - ARENILLAS_MUE|EL ORO - ARENILLAS_PAN|EL ORO - ARENILLAS_PES|EL ORO - ARENILLAS_POS|EL ORO - ARENILLAS_PPR|EL ORO - ARENILLAS_QU1|EL ORO - ARENILLAS_REP|EL ORO - ARENILLAS_RES|EL ORO - ARENILLAS_SAL|EL ORO - ARENILLAS_SIL|EL ORO - ARENILLAS_TEL|EL ORO - ARENILLAS_TRA|EL ORO - ARENILLAS_VES|EL ORO - ARENILLAS_VID|EL ORO - BALSAS_ADM|EL ORO - BALSAS_ADP|EL ORO - BALSAS_ALD|EL ORO - BALSAS_ASO|EL ORO - BALSAS_CAN|EL ORO - BALSAS_CAR|EL ORO - BALSAS_CEM|EL ORO - BALSAS_COM|EL ORO - BALSAS_CON|EL ORO - BALSAS_CUL|EL ORO - BALSAS_DEM|EL ORO - BALSAS_FIN|EL ORO - BALSAS_GAN|EL ORO - BALSAS_HOT|EL ORO - BALSAS_INM|EL ORO - BALSAS_LAC|EL ORO - BALSAS_MAD|EL ORO - BALSAS_MAN|EL ORO - BALSAS_MAQ|EL ORO - BALSAS_MUE|EL ORO - BALSAS_PAN|EL ORO - BALSAS_REP|EL ORO - BALSAS_RES|EL ORO - BALSAS_SAL|EL ORO - BALSAS_TEL|EL ORO - BALSAS_TRA|EL ORO - BALSAS_VES|EL ORO - HUAQUILLAS_ADM|EL ORO - HUAQUILLAS_ADP|EL ORO - HUAQUILLAS_AGU|EL ORO - HUAQUILLAS_ALD|EL ORO - HUAQUILLAS_ASO|EL ORO - HUAQUILLAS_AZU|EL ORO - HUAQUILLAS_BAL|EL ORO - HUAQUILLAS_BNA|EL ORO - HUAQUILLAS_CAN|EL ORO - HUAQUILLAS_CAR|EL ORO - HUAQUILLAS_CAU|EL ORO - HUAQUILLAS_CEM|EL ORO - HUAQUILLAS_CER|EL ORO - HUAQUILLAS_COM|EL ORO - HUAQUILLAS_CON|EL ORO - HUAQUILLAS_CUE|EL ORO - HUAQUILLAS_CUL|EL ORO - HUAQUILLAS_DEM|EL ORO - HUAQUILLAS_DOM|EL ORO - HUAQUILLAS_EDU|EL ORO - HUAQUILLAS_ELE|EL ORO - HUAQUILLAS_FIN|EL ORO - HUAQUILLAS_FRV|EL ORO - HUAQUILLAS_GAN|EL ORO - HUAQUILLAS_HIL|EL ORO - HUAQUILLAS_HOT|EL ORO - HUAQUILLAS_INM|EL ORO - HUAQUILLAS_LAC|EL ORO - HUAQUILLAS_MAD|EL ORO - HUAQUILLAS_MAN|EL ORO - HUAQUILLAS_MAQ|EL ORO - HUAQUILLAS_MET|EL ORO - HUAQUILLAS_MIP|EL ORO - HUAQUILLAS_MUE|EL ORO - HUAQUILLAS_PAN|EL ORO - HUAQUILLAS_PAP|EL ORO - HUAQUILLAS_PES|EL ORO - HUAQUILLAS_PLS|EL ORO - HUAQUILLAS_POS|EL ORO - HUAQUILLAS_PPR|EL ORO - HUAQUILLAS_REP|EL ORO - HUAQUILLAS_RES|EL ORO - HUAQUILLAS_SAL|EL ORO - HUAQUILLAS_TEL|EL ORO - HUAQUILLAS_TRA|EL ORO - HUAQUILLAS_VES|EL ORO - HUAQUILLAS_VID|EL ORO - LAS LAJAS_ADM|EL ORO - LAS LAJAS_ADP|EL ORO - LAS LAJAS_ALD|EL ORO - LAS LAJAS_ASO|EL ORO - LAS LAJAS_CEM|EL ORO - LAS LAJAS_CER|EL ORO - LAS LAJAS_CIN|EL ORO - LAS LAJAS_COM|EL ORO - LAS LAJAS_CON|EL ORO - LAS LAJAS_CUL|EL ORO - LAS LAJAS_DEM|EL ORO - LAS LAJAS_EDU|EL ORO - LAS LAJAS_FRT|EL ORO - LAS LAJAS_FRV|EL ORO - LAS LAJAS_GAN|EL ORO - LAS LAJAS_HOT|EL ORO - LAS LAJAS_INM|EL ORO - LAS LAJAS_MAD|EL ORO - LAS LAJAS_MAQ|EL ORO - LAS LAJAS_PAN|EL ORO - LAS LAJAS_REP|EL ORO - LAS LAJAS_RES|EL ORO - LAS LAJAS_SAL|EL ORO - LAS LAJAS_TRA|EL ORO - LAS LAJAS_VES|EL ORO - MARCABELI_ADM|EL ORO - MARCABELI_ADP|EL ORO - MARCABELI_AGU|EL ORO - MARCABELI_ASO|EL ORO - MARCABELI_CAN|EL ORO - MARCABELI_CEM|EL ORO - MARCABELI_CER|EL ORO - MARCABELI_CHO|EL ORO - MARCABELI_COM|EL ORO - MARCABELI_CON|EL ORO - MARCABELI_DEM|EL ORO - MARCABELI_DOM|EL ORO - MARCABELI_EDU|EL ORO - MARCABELI_FIN|EL ORO - MARCABELI_FRV|EL ORO - MARCABELI_GAN|EL ORO - MARCABELI_HOT|EL ORO - MARCABELI_INM|EL ORO - MARCABELI_MAD|EL ORO - MARCABELI_MAQ|EL ORO - MARCABELI_MIP|EL ORO - MARCABELI_MUE|EL ORO - MARCABELI_PAN|EL ORO - MARCABELI_REP|EL ORO - MARCABELI_RES|EL ORO - MARCABELI_SAL|EL ORO - MARCABELI_TEL|EL ORO - MARCABELI_TRA|EL ORO - MARCABELI_VES|EL ORO - PIÑAS_ADM|EL ORO - PIÑAS_ADP|EL ORO - PIÑAS_AGU|EL ORO - PIÑAS_ALD|EL ORO - PIÑAS_ASO|EL ORO - PIÑAS_AZU|EL ORO - PIÑAS_BAL|EL ORO - PIÑAS_BNA|EL ORO - PIÑAS_CAN|EL ORO - PIÑAS_CAR|EL ORO - PIÑAS_CAU|EL ORO - PIÑAS_CEM|EL ORO - PIÑAS_CER|EL ORO - PIÑAS_CIN|EL ORO - PIÑAS_COM|EL ORO - PIÑAS_CON|EL ORO - PIÑAS_CUE|EL ORO - PIÑAS_CUL|EL ORO - PIÑAS_DEM|EL ORO - PIÑAS_DOM|EL ORO - PIÑAS_EDU|EL ORO - PIÑAS_FIN|EL ORO - PIÑAS_FRT|EL ORO - PIÑAS_FRV|EL ORO - PIÑAS_GAN|EL ORO - PIÑAS_HIL|EL ORO - PIÑAS_HOT|EL ORO - PIÑAS_INM|EL ORO - PIÑAS_LAC|EL ORO - PIÑAS_MAD|EL ORO - PIÑAS_MAN|EL ORO - PIÑAS_MAQ|EL ORO - PIÑAS_MIP|EL ORO - PIÑAS_MUE|EL ORO - PIÑAS_PAN|EL ORO - PIÑAS_PLS|EL ORO - PIÑAS_POS|EL ORO - PIÑAS_QU1|EL ORO - PIÑAS_QU2|EL ORO - PIÑAS_REP|EL ORO - PIÑAS_RES|EL ORO - PIÑAS_SAL|EL ORO - PIÑAS_SIL|EL ORO - PIÑAS_TEL|EL ORO - PIÑAS_TRA|EL ORO - PIÑAS_VES|EL ORO - PIÑAS_VID|EL ORO - PORTOVELO_ADM|EL ORO - PORTOVELO_ADP|EL ORO - PORTOVELO_AGU|EL ORO - PORTOVELO_ASO|EL ORO - PORTOVELO_AZU|EL ORO - PORTOVELO_BAL|EL ORO - PORTOVELO_CAU|EL ORO - PORTOVELO_CER|EL ORO - PORTOVELO_CIN|EL ORO - PORTOVELO_COM|EL ORO - PORTOVELO_CON|EL ORO - PORTOVELO_CUE|EL ORO - PORTOVELO_DEM|EL ORO - PORTOVELO_EDU|EL ORO - PORTOVELO_GAN|EL ORO - PORTOVELO_HIL|EL ORO - PORTOVELO_HOT|EL ORO - PORTOVELO_INM|EL ORO - PORTOVELO_LAC|EL ORO - PORTOVELO_MAD|EL ORO - PORTOVELO_MAN|EL ORO - PORTOVELO_MAQ|EL ORO - PORTOVELO_MET|EL ORO - PORTOVELO_MIP|EL ORO - PORTOVELO_MUE|EL ORO - PORTOVELO_PAN|EL ORO - PORTOVELO_PLS|EL ORO - PORTOVELO_POS|EL ORO - PORTOVELO_REP|EL ORO - PORTOVELO_RES|EL ORO - PORTOVELO_SAL|EL ORO - PORTOVELO_TEL|EL ORO - PORTOVELO_TRA|EL ORO - PORTOVELO_VES|EL ORO - PORTOVELO_VID|EL ORO - SANTA ROSA_ADM|EL ORO - SANTA ROSA_ADP|EL ORO - SANTA ROSA_AGU|EL ORO - SANTA ROSA_ALD|EL ORO - SANTA ROSA_ASO|EL ORO - SANTA ROSA_BAL|EL ORO - SANTA ROSA_BNA|EL ORO - SANTA ROSA_CAN|EL ORO - SANTA ROSA_CAR|EL ORO - SANTA ROSA_CAU|EL ORO - SANTA ROSA_CEM|EL ORO - SANTA ROSA_CER|EL ORO - SANTA ROSA_CIN|EL ORO - SANTA ROSA_COM|EL ORO - SANTA ROSA_CON|EL ORO - SANTA ROSA_CUE|EL ORO - SANTA ROSA_CUL|EL ORO - SANTA ROSA_DEM|EL ORO - SANTA ROSA_DOM|EL ORO - SANTA ROSA_EDU|EL ORO - SANTA ROSA_FIN|EL ORO - SANTA ROSA_FRT|EL ORO - SANTA ROSA_FRV|EL ORO - SANTA ROSA_GAN|EL ORO - SANTA ROSA_HIL|EL ORO - SANTA ROSA_HOT|EL ORO - SANTA ROSA_INM|EL ORO - SANTA ROSA_LAC|EL ORO - SANTA ROSA_MAD|EL ORO - SANTA ROSA_MAN|EL ORO - SANTA ROSA_MAQ|EL ORO - SANTA ROSA_MIP|EL ORO - SANTA ROSA_MUE|EL ORO - SANTA ROSA_PAN|EL ORO - SANTA ROSA_PAP|EL ORO - SANTA ROSA_PES|EL ORO - SANTA ROSA_POS|EL ORO - SANTA ROSA_PPR|EL ORO - SANTA ROSA_QU1|EL ORO - SANTA ROSA_QU2|EL ORO - SANTA ROSA_REP|EL ORO - SANTA ROSA_RES|EL ORO - SANTA ROSA_SAL|EL ORO - SANTA ROSA_SIL|EL ORO - SANTA ROSA_TEL|EL ORO - SANTA ROSA_TRA|EL ORO - SANTA ROSA_VES|EL ORO - SANTA ROSA_VID|GUAYAS - BALAO_ADM|GUAYAS - BALAO_ADP|GUAYAS - BALAO_ALD|GUAYAS - BALAO_ASO|GUAYAS - BALAO_CER|GUAYAS - BALAO_COM|GUAYAS - BALAO_CON|GUAYAS - BALAO_CUL|GUAYAS - BALAO_DEM|GUAYAS - BALAO_DOM|GUAYAS - BALAO_EDU|GUAYAS - BALAO_FRT|GUAYAS - BALAO_FRV|GUAYAS - BALAO_GAN|GUAYAS - BALAO_HIL|GUAYAS - BALAO_HOT|GUAYAS - BALAO_INM|GUAYAS - BALAO_MAD|GUAYAS - BALAO_MAN|GUAYAS - BALAO_MAQ|GUAYAS - BALAO_MUE|GUAYAS - BALAO_PAP|GUAYAS - BALAO_PES|GUAYAS - BALAO_QU1|GUAYAS - BALAO_REP|GUAYAS - BALAO_RES|GUAYAS - BALAO_SAL|GUAYAS - BALAO_TEL|GUAYAS - BALAO_TRA|GUAYAS - BALAO_VES|GUAYAS - BALAO_VID|GUAYAS - NARANJAL_ADM|GUAYAS - NARANJAL_ADP|GUAYAS - NARANJAL_AGU|GUAYAS - NARANJAL_ALD|GUAYAS - NARANJAL_ASO|GUAYAS - NARANJAL_BAL|GUAYAS - NARANJAL_BNA|GUAYAS - NARANJAL_CAR|GUAYAS - NARANJAL_CEM|GUAYAS - NARANJAL_CER|GUAYAS - NARANJAL_CIN|GUAYAS - NARANJAL_COM|GUAYAS - NARANJAL_CON|GUAYAS - NARANJAL_CUE|GUAYAS - NARANJAL_CUL|GUAYAS - NARANJAL_DEM|GUAYAS - NARANJAL_DOM|GUAYAS - NARANJAL_EDU|GUAYAS - NARANJAL_FRT|GUAYAS - NARANJAL_FRV|GUAYAS - NARANJAL_GAN|GUAYAS - NARANJAL_HIL|GUAYAS - NARANJAL_HOT|GUAYAS - NARANJAL_INM|GUAYAS - NARANJAL_LAC|GUAYAS - NARANJAL_MAD|GUAYAS - NARANJAL_MAN|GUAYAS - NARANJAL_MAQ|GUAYAS - NARANJAL_MIP|GUAYAS - NARANJAL_MOL|GUAYAS - NARANJAL_MUE|GUAYAS - NARANJAL_PAN|GUAYAS - NARANJAL_PAP|GUAYAS - NARANJAL_PES|GUAYAS - NARANJAL_PLS|GUAYAS - NARANJAL_POS|GUAYAS - NARANJAL_QU2|GUAYAS - NARANJAL_REP|GUAYAS - NARANJAL_RES|GUAYAS - NARANJAL_SAL|GUAYAS - NARANJAL_SIL|GUAYAS - NARANJAL_TEL|GUAYAS - NARANJAL_TRA|GUAYAS - NARANJAL_VES|GUAYAS - NARANJAL_VID|LOJA - CALVAS_ADM|LOJA - CALVAS_ADP|LOJA - CALVAS_AGU|LOJA - CALVAS_ALD|LOJA - CALVAS_ASO|LOJA - CALVAS_CEM|LOJA - CALVAS_CER|LOJA - CALVAS_COM|LOJA - CALVAS_CON|LOJA - CALVAS_CUE|LOJA - CALVAS_CUL|LOJA - CALVAS_DEM|LOJA - CALVAS_DOM|LOJA - CALVAS_EDU|LOJA - CALVAS_FIN|LOJA - CALVAS_FRV|LOJA - CALVAS_GAN|LOJA - CALVAS_HOT|LOJA - CALVAS_INM|LOJA - CALVAS_LAC|LOJA - CALVAS_MAD|LOJA - CALVAS_MAN|LOJA - CALVAS_MAQ|LOJA - CALVAS_MIP|LOJA - CALVAS_MUE|LOJA - CALVAS_PAN|LOJA - CALVAS_POS|LOJA - CALVAS_QU2|LOJA - CALVAS_REP|LOJA - CALVAS_RES|LOJA - CALVAS_SAL|LOJA - CALVAS_TEL|LOJA - CALVAS_TRA|LOJA - CALVAS_VES|LOJA - CALVAS_VID|LOJA - CELICA_ADM|LOJA - CELICA_ADP|LOJA - CELICA_AGU|LOJA - CELICA_ALD|LOJA - CELICA_ASO|LOJA - CELICA_CER|LOJA - CELICA_COM|LOJA - CELICA_CON|LOJA - CELICA_DEM|LOJA - CELICA_DOM|LOJA - CELICA_EDU|LOJA - CELICA_FIN|LOJA - CELICA_FRV|LOJA - CELICA_GAN|LOJA - CELICA_HOT|LOJA - CELICA_INM|LOJA - CELICA_MAD|LOJA - CELICA_MAN|LOJA - CELICA_MAQ|LOJA - CELICA_MIP|LOJA - CELICA_MOL|LOJA - CELICA_MUE|LOJA - CELICA_PAN|LOJA - CELICA_POS|LOJA - CELICA_REP|LOJA - CELICA_RES|LOJA - CELICA_SAL|LOJA - CELICA_TEL|LOJA - CELICA_TRA|LOJA - CELICA_VES|LOJA - ESPINDOLA_ADM|LOJA - ESPINDOLA_ADP|LOJA - ESPINDOLA_AGU|LOJA - ESPINDOLA_ALD|LOJA - ESPINDOLA_ASO|LOJA - ESPINDOLA_CIN|LOJA - ESPINDOLA_COM|LOJA - ESPINDOLA_CON|LOJA - ESPINDOLA_CUL|LOJA - ESPINDOLA_DEM|LOJA - ESPINDOLA_DOM|LOJA - ESPINDOLA_FIN|LOJA - ESPINDOLA_FRV|LOJA - ESPINDOLA_GAN|LOJA - ESPINDOLA_HOT|LOJA - ESPINDOLA_INM|LOJA - ESPINDOLA_MAD|LOJA - ESPINDOLA_MAN|LOJA - ESPINDOLA_MAQ|LOJA - ESPINDOLA_MIP|LOJA - ESPINDOLA_MUE|LOJA - ESPINDOLA_PAN|LOJA - ESPINDOLA_REP|LOJA - ESPINDOLA_RES|LOJA - ESPINDOLA_SAL|LOJA - ESPINDOLA_SIL|LOJA - ESPINDOLA_TEL|LOJA - ESPINDOLA_TRA|LOJA - ESPINDOLA_VID|LOJA - GONZANAMA_ADM|LOJA - GONZANAMA_ADP|LOJA - GONZANAMA_AGU|LOJA - GONZANAMA_ALD|LOJA - GONZANAMA_ASO|LOJA - GONZANAMA_CAR|LOJA - GONZANAMA_CER|LOJA - GONZANAMA_CIN|LOJA - GONZANAMA_COM|LOJA - GONZANAMA_CON|LOJA - GONZANAMA_CUL|LOJA - GONZANAMA_DEM|LOJA - GONZANAMA_DOM|LOJA - GONZANAMA_EDU|LOJA - GONZANAMA_FIN|LOJA - GONZANAMA_FRV|LOJA - GONZANAMA_GAN|LOJA - GONZANAMA_HOT|LOJA - GONZANAMA_INM|LOJA - GONZANAMA_LAC|LOJA - GONZANAMA_MAD|LOJA - GONZANAMA_MAN|LOJA - GONZANAMA_MUE|LOJA - GONZANAMA_PAN|LOJA - GONZANAMA_REP|LOJA - GONZANAMA_RES|LOJA - GONZANAMA_SAL|LOJA - GONZANAMA_SIL|LOJA - GONZANAMA_TEL|LOJA - GONZANAMA_TRA|LOJA - GONZANAMA_VID|LOJA - MACARA_ADM|LOJA - MACARA_ADP|LOJA - MACARA_AGU|LOJA - MACARA_ALD|LOJA - MACARA_ASO|LOJA - MACARA_BNA|LOJA - MACARA_CEM|LOJA - MACARA_CER|LOJA - MACARA_COM|LOJA - MACARA_CON|LOJA - MACARA_CUL|LOJA - MACARA_DEM|LOJA - MACARA_DOM|LOJA - MACARA_EDU|LOJA - MACARA_FIN|LOJA - MACARA_FRT|LOJA - MACARA_FRV|LOJA - MACARA_GAN|LOJA - MACARA_HOT|LOJA - MACARA_INM|LOJA - MACARA_MAN|LOJA - MACARA_MAQ|LOJA - MACARA_MIP|LOJA - MACARA_MOL|LOJA - MACARA_MUE|LOJA - MACARA_PAN|LOJA - MACARA_PAP|LOJA - MACARA_POS|LOJA - MACARA_REP|LOJA - MACARA_RES|LOJA - MACARA_SAL|LOJA - MACARA_TEL|LOJA - MACARA_TRA|LOJA - MACARA_VES|LOJA - MACARA_VID|LOJA - PALTAS_ADM|LOJA - PALTAS_ADP|LOJA - PALTAS_AGU|LOJA - PALTAS_ALD|LOJA - PALTAS_ASO|LOJA - PALTAS_AZU|LOJA - PALTAS_CEM|LOJA - PALTAS_CER|LOJA - PALTAS_CIN|LOJA - PALTAS_COM|LOJA - PALTAS_CON|LOJA - PALTAS_CUL|LOJA - PALTAS_DEM|LOJA - PALTAS_DOM|LOJA - PALTAS_EDU|LOJA - PALTAS_FIN|LOJA - PALTAS_FRT|LOJA - PALTAS_FRV|LOJA - PALTAS_GAN|LOJA - PALTAS_HIL|LOJA - PALTAS_HOT|LOJA - PALTAS_INM|LOJA - PALTAS_LAC|LOJA - PALTAS_MAD|LOJA - PALTAS_MAN|LOJA - PALTAS_MAQ|LOJA - PALTAS_MIP|LOJA - PALTAS_MUE|LOJA - PALTAS_PAN|LOJA - PALTAS_REP|LOJA - PALTAS_RES|LOJA - PALTAS_SAL|LOJA - PALTAS_SIL|LOJA - PALTAS_TEL|LOJA - PALTAS_TRA|LOJA - PALTAS_VES|LOJA - PALTAS_VID|LOJA - PINDAL_ADM|LOJA - PINDAL_ADP|LOJA - PINDAL_ASO|LOJA - PINDAL_CER|LOJA - PINDAL_COM|LOJA - PINDAL_CON|LOJA - PINDAL_CUL|LOJA - PINDAL_DEM|LOJA - PINDAL_EDU|LOJA - PINDAL_FRV|LOJA - PINDAL_GAN|LOJA - PINDAL_HOT|LOJA - PINDAL_INM|LOJA - PINDAL_MAN|LOJA - PINDAL_MAQ|LOJA - PINDAL_MUE|LOJA - PINDAL_PAN|LOJA - PINDAL_QU1|LOJA - PINDAL_REP|LOJA - PINDAL_RES|LOJA - PINDAL_SAL|LOJA - PINDAL_TEL|LOJA - PINDAL_TRA|LOJA - PINDAL_VES|LOJA - PUYANGO_ADM|LOJA - PUYANGO_ADP|LOJA - PUYANGO_AGU|LOJA - PUYANGO_ALD|LOJA - PUYANGO_ASO|LOJA - PUYANGO_CAN|LOJA - PUYANGO_CAR|LOJA - PUYANGO_CER|LOJA - PUYANGO_CIN|LOJA - PUYANGO_COM|LOJA - PUYANGO_CON|LOJA - PUYANGO_CUL|LOJA - PUYANGO_DEM|LOJA - PUYANGO_DOM|LOJA - PUYANGO_EDU|LOJA - PUYANGO_FIN|LOJA - PUYANGO_FRT|LOJA - PUYANGO_FRV|LOJA - PUYANGO_GAN|LOJA - PUYANGO_HOT|LOJA - PUYANGO_INM|LOJA - PUYANGO_MAD|LOJA - PUYANGO_MAN|LOJA - PUYANGO_MAQ|LOJA - PUYANGO_MUE|LOJA - PUYANGO_PAN|LOJA - PUYANGO_REP|LOJA - PUYANGO_RES|LOJA - PUYANGO_SAL|LOJA - PUYANGO_SIL|LOJA - PUYANGO_TEL|LOJA - PUYANGO_TRA|LOJA - PUYANGO_VES|LOJA - PUYANGO_VID|LOJA - SARAGURO_ADM|LOJA - SARAGURO_ADP|LOJA - SARAGURO_AGU|LOJA - SARAGURO_ALD|LOJA - SARAGURO_ASO|LOJA - SARAGURO_BAL|LOJA - SARAGURO_CEM|LOJA - SARAGURO_COM|LOJA - SARAGURO_CON|LOJA - SARAGURO_CUL|LOJA - SARAGURO_DEM|LOJA - SARAGURO_DOM|LOJA - SARAGURO_EDU|LOJA - SARAGURO_FIN|LOJA - SARAGURO_FRV|LOJA - SARAGURO_GAN|LOJA - SARAGURO_HIL|LOJA - SARAGURO_HOT|LOJA - SARAGURO_INM|LOJA - SARAGURO_LAC|LOJA - SARAGURO_MAD|LOJA - SARAGURO_MAN|LOJA - SARAGURO_MAQ|LOJA - SARAGURO_MIP|LOJA - SARAGURO_MUE|LOJA - SARAGURO_PAN|LOJA - SARAGURO_QU1|LOJA - SARAGURO_REP|LOJA - SARAGURO_RES|LOJA - SARAGURO_SAL|LOJA - SARAGURO_SIL|LOJA - SARAGURO_TEL|LOJA - SARAGURO_TRA|LOJA - SARAGURO_VES|LOJA - SARAGURO_VID|LOJA - SOZORANGA_ADM|LOJA - SOZORANGA_ADP|LOJA - SOZORANGA_ALD|LOJA - SOZORANGA_ASO|LOJA - SOZORANGA_CER|LOJA - SOZORANGA_COM|LOJA - SOZORANGA_CON|LOJA - SOZORANGA_DEM|LOJA - SOZORANGA_DOM|LOJA - SOZORANGA_FRV|LOJA - SOZORANGA_GAN|LOJA - SOZORANGA_INM|LOJA - SOZORANGA_MAD|LOJA - SOZORANGA_MAQ|LOJA - SOZORANGA_MIP|LOJA - SOZORANGA_REP|LOJA - SOZORANGA_RES|LOJA - SOZORANGA_SAL|LOJA - SOZORANGA_TEL|LOJA - SOZORANGA_TRA|LOJA - SOZORANGA_VID|LOJA - ZAPOTILLO_ADM|LOJA - ZAPOTILLO_ADP|LOJA - ZAPOTILLO_AGU|LOJA - ZAPOTILLO_ALD|LOJA - ZAPOTILLO_ASO|LOJA - ZAPOTILLO_AZU|LOJA - ZAPOTILLO_CER|LOJA - ZAPOTILLO_CIN|LOJA - ZAPOTILLO_COM|LOJA - ZAPOTILLO_CON|LOJA - ZAPOTILLO_CUL|LOJA - ZAPOTILLO_DEM|LOJA - ZAPOTILLO_DOM|LOJA - ZAPOTILLO_EDU|LOJA - ZAPOTILLO_FRT|LOJA - ZAPOTILLO_FRV|LOJA - ZAPOTILLO_GAN|LOJA - ZAPOTILLO_HOT|LOJA - ZAPOTILLO_INM|LOJA - ZAPOTILLO_MAD|LOJA - ZAPOTILLO_MIP|LOJA - ZAPOTILLO_MOL|LOJA - ZAPOTILLO_MUE|LOJA - ZAPOTILLO_PAN|LOJA - ZAPOTILLO_REP|LOJA - ZAPOTILLO_RES|LOJA - ZAPOTILLO_SAL|LOJA - ZAPOTILLO_SIL|LOJA - ZAPOTILLO_TEL|LOJA - ZAPOTILLO_TRA|LOJA - ZAPOTILLO_VES|MORONA SANTIAGO - GUALAQUIZA_ADM|MORONA SANTIAGO - GUALAQUIZA_ADP|MORONA SANTIAGO - GUALAQUIZA_ASO|MORONA SANTIAGO - GUALAQUIZA_BAL|MORONA SANTIAGO - GUALAQUIZA_CAN|MORONA SANTIAGO - GUALAQUIZA_CEM|MORONA SANTIAGO - GUALAQUIZA_CER|MORONA SANTIAGO - GUALAQUIZA_CIN|MORONA SANTIAGO - GUALAQUIZA_COM|MORONA SANTIAGO - GUALAQUIZA_CON|MORONA SANTIAGO - GUALAQUIZA_DEM|MORONA SANTIAGO - GUALAQUIZA_EDU|MORONA SANTIAGO - GUALAQUIZA_FIN|MORONA SANTIAGO - GUALAQUIZA_FRT|MORONA SANTIAGO - GUALAQUIZA_FRV|MORONA SANTIAGO - GUALAQUIZA_GAN|MORONA SANTIAGO - GUALAQUIZA_HIL|MORONA SANTIAGO - GUALAQUIZA_HOT|MORONA SANTIAGO - GUALAQUIZA_INM|MORONA SANTIAGO - GUALAQUIZA_LAC|MORONA SANTIAGO - GUALAQUIZA_MAD|MORONA SANTIAGO - GUALAQUIZA_MAN|MORONA SANTIAGO - GUALAQUIZA_MAQ|MORONA SANTIAGO - GUALAQUIZA_MIP|MORONA SANTIAGO - GUALAQUIZA_MOL|MORONA SANTIAGO - GUALAQUIZA_MUE|MORONA SANTIAGO - GUALAQUIZA_PAN|MORONA SANTIAGO - GUALAQUIZA_POS|MORONA SANTIAGO - GUALAQUIZA_REP|MORONA SANTIAGO - GUALAQUIZA_RES|MORONA SANTIAGO - GUALAQUIZA_SAL|MORONA SANTIAGO - GUALAQUIZA_TEL|MORONA SANTIAGO - GUALAQUIZA_TRA|MORONA SANTIAGO - GUALAQUIZA_VES|MORONA SANTIAGO - GUALAQUIZA_VID|ZAMORA CHINCHIPE - CENTINELA DEL CONDOR_ADM|ZAMORA CHINCHIPE - CENTINELA DEL CONDOR_ADP|ZAMORA CHINCHIPE - CENTINELA DEL CONDOR_ASO|ZAMORA CHINCHIPE - CENTINELA DEL CONDOR_CAR|ZAMORA CHINCHIPE - CENTINELA DEL CONDOR_CHO|ZAMORA CHINCHIPE - CENTINELA DEL CONDOR_CIN|ZAMORA CHINCHIPE - CENTINELA DEL CONDOR_COM|ZAMORA CHINCHIPE - CENTINELA DEL CONDOR_CON|ZAMORA CHINCHIPE - CENTINELA DEL CONDOR_CUL|ZAMORA CHINCHIPE - CENTINELA DEL CONDOR_DEM|ZAMORA CHINCHIPE - CENTINELA DEL CONDOR_DOM|ZAMORA CHINCHIPE - CENTINELA DEL CONDOR_EDU|ZAMORA CHINCHIPE - CENTINELA DEL CONDOR_FRT|ZAMORA CHINCHIPE - CENTINELA DEL CONDOR_FRV|ZAMORA CHINCHIPE - CENTINELA DEL CONDOR_GAN|ZAMORA CHINCHIPE - CENTINELA DEL CONDOR_HOT|ZAMORA CHINCHIPE - CENTINELA DEL CONDOR_INM|ZAMORA CHINCHIPE - CENTINELA DEL CONDOR_MAN|ZAMORA CHINCHIPE - CENTINELA DEL CONDOR_MAQ|ZAMORA CHINCHIPE - CENTINELA DEL CONDOR_MIP|ZAMORA CHINCHIPE - CENTINELA DEL CONDOR_MUE|ZAMORA CHINCHIPE - CENTINELA DEL CONDOR_PAN|ZAMORA CHINCHIPE - CENTINELA DEL CONDOR_PES|ZAMORA CHINCHIPE - CENTINELA DEL CONDOR_POS|ZAMORA CHINCHIPE - CENTINELA DEL CONDOR_REP|ZAMORA CHINCHIPE - CENTINELA DEL CONDOR_RES|ZAMORA CHINCHIPE - CENTINELA DEL CONDOR_TEL|ZAMORA CHINCHIPE - CENTINELA DEL CONDOR_TRA|ZAMORA CHINCHIPE - CENTINELA DEL CONDOR_VES|ZAMORA CHINCHIPE - CENTINELA DEL CONDOR_VID|ZAMORA CHINCHIPE - CHINCHIPE_ADM|ZAMORA CHINCHIPE - CHINCHIPE_ADP|ZAMORA CHINCHIPE - CHINCHIPE_ALD|ZAMORA CHINCHIPE - CHINCHIPE_ASO|ZAMORA CHINCHIPE - CHINCHIPE_BAL|ZAMORA CHINCHIPE - CHINCHIPE_COM|ZAMORA CHINCHIPE - CHINCHIPE_CON|ZAMORA CHINCHIPE - CHINCHIPE_DEM|ZAMORA CHINCHIPE - CHINCHIPE_EDU|ZAMORA CHINCHIPE - CHINCHIPE_FRV|ZAMORA CHINCHIPE - CHINCHIPE_GAN|ZAMORA CHINCHIPE - CHINCHIPE_HOT|ZAMORA CHINCHIPE - CHINCHIPE_INM|ZAMORA CHINCHIPE - CHINCHIPE_MAD|ZAMORA CHINCHIPE - CHINCHIPE_MAQ|ZAMORA CHINCHIPE - CHINCHIPE_MIP|ZAMORA CHINCHIPE - CHINCHIPE_MUE|ZAMORA CHINCHIPE - CHINCHIPE_PAN|ZAMORA CHINCHIPE - CHINCHIPE_PES|ZAMORA CHINCHIPE - CHINCHIPE_REP|ZAMORA CHINCHIPE - CHINCHIPE_RES|ZAMORA CHINCHIPE - CHINCHIPE_SAL|ZAMORA CHINCHIPE - CHINCHIPE_TEL|ZAMORA CHINCHIPE - CHINCHIPE_TRA|ZAMORA CHINCHIPE - CHINCHIPE_VES|ZAMORA CHINCHIPE - EL PANGUI_ADM|ZAMORA CHINCHIPE - EL PANGUI_ADP|ZAMORA CHINCHIPE - EL PANGUI_AGU|ZAMORA CHINCHIPE - EL PANGUI_ALD|ZAMORA CHINCHIPE - EL PANGUI_ASO|ZAMORA CHINCHIPE - EL PANGUI_CIN|ZAMORA CHINCHIPE - EL PANGUI_COM|ZAMORA CHINCHIPE - EL PANGUI_CON|ZAMORA CHINCHIPE - EL PANGUI_DEM|ZAMORA CHINCHIPE - EL PANGUI_DOM|ZAMORA CHINCHIPE - EL PANGUI_EDU|ZAMORA CHINCHIPE - EL PANGUI_FRT|ZAMORA CHINCHIPE - EL PANGUI_FRV|ZAMORA CHINCHIPE - EL PANGUI_GAN|ZAMORA CHINCHIPE - EL PANGUI_HIL|ZAMORA CHINCHIPE - EL PANGUI_HOT|ZAMORA CHINCHIPE - EL PANGUI_INM|ZAMORA CHINCHIPE - EL PANGUI_LAC|ZAMORA CHINCHIPE - EL PANGUI_MAD|ZAMORA CHINCHIPE - EL PANGUI_MAN|ZAMORA CHINCHIPE - EL PANGUI_MAQ|ZAMORA CHINCHIPE - EL PANGUI_MIP|ZAMORA CHINCHIPE - EL PANGUI_MUE|ZAMORA CHINCHIPE - EL PANGUI_PAN|ZAMORA CHINCHIPE - EL PANGUI_PES|ZAMORA CHINCHIPE - EL PANGUI_PLS|ZAMORA CHINCHIPE - EL PANGUI_POS|ZAMORA CHINCHIPE - EL PANGUI_REP|ZAMORA CHINCHIPE - EL PANGUI_RES|ZAMORA CHINCHIPE - EL PANGUI_SAL|ZAMORA CHINCHIPE - EL PANGUI_TEL|ZAMORA CHINCHIPE - EL PANGUI_TRA|ZAMORA CHINCHIPE - EL PANGUI_VES|ZAMORA CHINCHIPE - EL PANGUI_VID|ZAMORA CHINCHIPE - NANGARITZA_ADM|ZAMORA CHINCHIPE - NANGARITZA_ADP|ZAMORA CHINCHIPE - NANGARITZA_AGU|ZAMORA CHINCHIPE - NANGARITZA_ASO|ZAMORA CHINCHIPE - NANGARITZA_AZU|ZAMORA CHINCHIPE - NANGARITZA_CEM|ZAMORA CHINCHIPE - NANGARITZA_COM|ZAMORA CHINCHIPE - NANGARITZA_CON|ZAMORA CHINCHIPE - NANGARITZA_CUL|ZAMORA CHINCHIPE - NANGARITZA_DEM|ZAMORA CHINCHIPE - NANGARITZA_DOM|ZAMORA CHINCHIPE - NANGARITZA_EDU|ZAMORA CHINCHIPE - NANGARITZA_FRT|ZAMORA CHINCHIPE - NANGARITZA_FRV|ZAMORA CHINCHIPE - NANGARITZA_GAN|ZAMORA CHINCHIPE - NANGARITZA_HOT|ZAMORA CHINCHIPE - NANGARITZA_INM|ZAMORA CHINCHIPE - NANGARITZA_LAC|ZAMORA CHINCHIPE - NANGARITZA_MAD|ZAMORA CHINCHIPE - NANGARITZA_MIP|ZAMORA CHINCHIPE - NANGARITZA_MUE|ZAMORA CHINCHIPE - NANGARITZA_PES|ZAMORA CHINCHIPE - NANGARITZA_POS|ZAMORA CHINCHIPE - NANGARITZA_REP|ZAMORA CHINCHIPE - NANGARITZA_RES|ZAMORA CHINCHIPE - NANGARITZA_TEL|ZAMORA CHINCHIPE - NANGARITZA_TRA|ZAMORA CHINCHIPE - NANGARITZA_VES|ZAMORA CHINCHIPE - NANGARITZA_VID|ZAMORA CHINCHIPE - PALANDA_ADM|ZAMORA CHINCHIPE - PALANDA_ADP|ZAMORA CHINCHIPE - PALANDA_ASO|ZAMORA CHINCHIPE - PALANDA_CER|ZAMORA CHINCHIPE - PALANDA_COM|ZAMORA CHINCHIPE - PALANDA_CON|ZAMORA CHINCHIPE - PALANDA_DEM|ZAMORA CHINCHIPE - PALANDA_DOM|ZAMORA CHINCHIPE - PALANDA_EDU|ZAMORA CHINCHIPE - PALANDA_FIN|ZAMORA CHINCHIPE - PALANDA_FRT|ZAMORA CHINCHIPE - PALANDA_FRV|ZAMORA CHINCHIPE - PALANDA_GAN|ZAMORA CHINCHIPE - PALANDA_HOT|ZAMORA CHINCHIPE - PALANDA_INM|ZAMORA CHINCHIPE - PALANDA_LAC|ZAMORA CHINCHIPE - PALANDA_MAD|ZAMORA CHINCHIPE - PALANDA_MIP|ZAMORA CHINCHIPE - PALANDA_MUE|ZAMORA CHINCHIPE - PALANDA_PAN|ZAMORA CHINCHIPE - PALANDA_PES|ZAMORA CHINCHIPE - PALANDA_POS|ZAMORA CHINCHIPE - PALANDA_QU2|ZAMORA CHINCHIPE - PALANDA_REP|ZAMORA CHINCHIPE - PALANDA_RES|ZAMORA CHINCHIPE - PALANDA_SAL|ZAMORA CHINCHIPE - PALANDA_SIL|ZAMORA CHINCHIPE - PALANDA_TEL|ZAMORA CHINCHIPE - PALANDA_TRA|ZAMORA CHINCHIPE - PAQUISHA_ADM|ZAMORA CHINCHIPE - PAQUISHA_ADP|ZAMORA CHINCHIPE - PAQUISHA_ASO|ZAMORA CHINCHIPE - PAQUISHA_CIN|ZAMORA CHINCHIPE - PAQUISHA_COM|ZAMORA CHINCHIPE - PAQUISHA_CON|ZAMORA CHINCHIPE - PAQUISHA_EDU|ZAMORA CHINCHIPE - PAQUISHA_FRT|ZAMORA CHINCHIPE - PAQUISHA_HOT|ZAMORA CHINCHIPE - PAQUISHA_INM|ZAMORA CHINCHIPE - PAQUISHA_MET|ZAMORA CHINCHIPE - PAQUISHA_MIP|ZAMORA CHINCHIPE - PAQUISHA_MUE|ZAMORA CHINCHIPE - PAQUISHA_REP|ZAMORA CHINCHIPE - PAQUISHA_RES|ZAMORA CHINCHIPE - PAQUISHA_TEL|ZAMORA CHINCHIPE - PAQUISHA_TRA|ZAMORA CHINCHIPE - PAQUISHA_VID|ZAMORA CHINCHIPE - YACUAMBI_ADM|ZAMORA CHINCHIPE - YACUAMBI_ADP|ZAMORA CHINCHIPE - YACUAMBI_AGU|ZAMORA CHINCHIPE - YACUAMBI_ALD|ZAMORA CHINCHIPE - YACUAMBI_ASO|ZAMORA CHINCHIPE - YACUAMBI_AZU|ZAMORA CHINCHIPE - YACUAMBI_BAL|ZAMORA CHINCHIPE - YACUAMBI_CAR|ZAMORA CHINCHIPE - YACUAMBI_CEM|ZAMORA CHINCHIPE - YACUAMBI_CER|ZAMORA CHINCHIPE - YACUAMBI_CHO|ZAMORA CHINCHIPE - YACUAMBI_CIN|ZAMORA CHINCHIPE - YACUAMBI_COM|ZAMORA CHINCHIPE - YACUAMBI_CON|ZAMORA CHINCHIPE - YACUAMBI_CUL|ZAMORA CHINCHIPE - YACUAMBI_DEM|ZAMORA CHINCHIPE - YACUAMBI_DOM|ZAMORA CHINCHIPE - YACUAMBI_EDU|ZAMORA CHINCHIPE - YACUAMBI_FIN|ZAMORA CHINCHIPE - YACUAMBI_FRT|ZAMORA CHINCHIPE - YACUAMBI_FRV|ZAMORA CHINCHIPE - YACUAMBI_GAN|ZAMORA CHINCHIPE - YACUAMBI_HIL|ZAMORA CHINCHIPE - YACUAMBI_HOT|ZAMORA CHINCHIPE - YACUAMBI_INM|ZAMORA CHINCHIPE - YACUAMBI_LAC|ZAMORA CHINCHIPE - YACUAMBI_MAD|ZAMORA CHINCHIPE - YACUAMBI_MAN|ZAMORA CHINCHIPE - YACUAMBI_MAQ|ZAMORA CHINCHIPE - YACUAMBI_MET|ZAMORA CHINCHIPE - YACUAMBI_MIP|ZAMORA CHINCHIPE - YACUAMBI_MUE|ZAMORA CHINCHIPE - YACUAMBI_PAN|ZAMORA CHINCHIPE - YACUAMBI_PES|ZAMORA CHINCHIPE - YACUAMBI_PLS|ZAMORA CHINCHIPE - YACUAMBI_POS|ZAMORA CHINCHIPE - YACUAMBI_QU1|ZAMORA CHINCHIPE - YACUAMBI_REP|ZAMORA CHINCHIPE - YACUAMBI_RES|ZAMORA CHINCHIPE - YACUAMBI_SAL|ZAMORA CHINCHIPE - YACUAMBI_SIL|ZAMORA CHINCHIPE - YACUAMBI_TEL|ZAMORA CHINCHIPE - YACUAMBI_TRA|ZAMORA CHINCHIPE - YACUAMBI_VES|ZAMORA CHINCHIPE - YACUAMBI_VID|ZAMORA CHINCHIPE - YANTZAZA_ADM|ZAMORA CHINCHIPE - YANTZAZA_ADP|ZAMORA CHINCHIPE - YANTZAZA_AGU|ZAMORA CHINCHIPE - YANTZAZA_ALD|ZAMORA CHINCHIPE - YANTZAZA_ASO|ZAMORA CHINCHIPE - YANTZAZA_AZU|ZAMORA CHINCHIPE - YANTZAZA_BAL|ZAMORA CHINCHIPE - YANTZAZA_CAR|ZAMORA CHINCHIPE - YANTZAZA_CEM|ZAMORA CHINCHIPE - YANTZAZA_CER|ZAMORA CHINCHIPE - YANTZAZA_CHO|ZAMORA CHINCHIPE - YANTZAZA_CIN|ZAMORA CHINCHIPE - YANTZAZA_COM|ZAMORA CHINCHIPE - YANTZAZA_CON|ZAMORA CHINCHIPE - YANTZAZA_CUL|ZAMORA CHINCHIPE - YANTZAZA_DEM|ZAMORA CHINCHIPE - YANTZAZA_DOM|ZAMORA CHINCHIPE - YANTZAZA_EDU|ZAMORA CHINCHIPE - YANTZAZA_FIN|ZAMORA CHINCHIPE - YANTZAZA_FRT|ZAMORA CHINCHIPE - YANTZAZA_FRV|ZAMORA CHINCHIPE - YANTZAZA_GAN|ZAMORA CHINCHIPE - YANTZAZA_HIL|ZAMORA CHINCHIPE - YANTZAZA_HOT|ZAMORA CHINCHIPE - YANTZAZA_INM|ZAMORA CHINCHIPE - YANTZAZA_LAC|ZAMORA CHINCHIPE - YANTZAZA_MAD|ZAMORA CHINCHIPE - YANTZAZA_MAN|ZAMORA CHINCHIPE - YANTZAZA_MAQ|ZAMORA CHINCHIPE - YANTZAZA_MET|ZAMORA CHINCHIPE - YANTZAZA_MIP|ZAMORA CHINCHIPE - YANTZAZA_MUE|ZAMORA CHINCHIPE - YANTZAZA_PAN|ZAMORA CHINCHIPE - YANTZAZA_PES|ZAMORA CHINCHIPE - YANTZAZA_PLS|ZAMORA CHINCHIPE - YANTZAZA_POS|ZAMORA CHINCHIPE - YANTZAZA_QU1|ZAMORA CHINCHIPE - YANTZAZA_REP|ZAMORA CHINCHIPE - YANTZAZA_RES|ZAMORA CHINCHIPE - YANTZAZA_SAL|ZAMORA CHINCHIPE - YANTZAZA_SIL|ZAMORA CHINCHIPE - YANTZAZA_TEL|ZAMORA CHINCHIPE - YANTZAZA_TRA|ZAMORA CHINCHIPE - YANTZAZA_VES|ZAMORA CHINCHIPE - YANTZAZA_VID,1095,2531.4215774589466,0.9633717361483419
canton_sector,53,AZUAY - GUALACEO_ADM|AZUAY - GUALACEO_ADP|AZUAY - GUALACEO_AGU|AZUAY - GUALACEO_ALD|AZUAY - GUALACEO_ASO|AZUAY - GUALACEO_BAL|AZUAY - GUALACEO_CEM|AZUAY - GUALACEO_CER|AZUAY - GUALACEO_CHO|AZUAY - GUALACEO_CIN|AZUAY - GUALACEO_COM|AZUAY - GUALACEO_CON|AZUAY - GUALACEO_CUE|AZUAY - GUALACEO_CUL|AZUAY - GUALACEO_DEM|AZUAY - GUALACEO_DOM|AZUAY - GUALACEO_EDU|AZUAY - GUALACEO_FIN|AZUAY - GUALACEO_FRV|AZUAY - GUALACEO_GAN|AZUAY - GUALACEO_HIL|AZUAY - GUALACEO_HOT|AZUAY - GUALACEO_INM|AZUAY - GUALACEO_LAC|AZUAY - GUALACEO_MAD|AZUAY - GUALACEO_MAN|AZUAY - GUALACEO_MAQ|AZUAY - GUALACEO_MET|AZUAY - GUALACEO_MIP|AZUAY - GUALACEO_MOL|AZUAY - GUALACEO_MUE|AZUAY - GUALACEO_PAN|AZUAY - GUALACEO_PAP|AZUAY - GUALACEO_POS|AZUAY - GUALACEO_QU2|AZUAY - GUALACEO_REP|AZUAY - GUALACEO_RES|AZUAY - GUALACEO_SAL|AZUAY - GUALACEO_SIL|AZUAY - GUALACEO_TEL|AZUAY - GUALACEO_TRA|AZUAY - GUALACEO_VES|AZUAY - GUALACEO_VID|AZUAY - NABON_ADM|AZUAY - NABON_ADP|AZUAY - NABON_ASO|AZUAY - NABON_BAL|AZUAY - NABON_CER|AZUAY - NABON_CIN|AZUAY - NABON_COM|AZUAY - NABON_CON|AZUAY - NABON_CUL|AZUAY - NABON_DEM|AZUAY - NABON_DOM|AZUAY - NABON_EDU|AZUAY - NABON_FIN|AZUAY - NABON_FRV|AZUAY - NABON_GAN|AZUAY - NABON_HOT|AZUAY - NABON_INM|AZUAY - NABON_LAC|AZUAY - NABON_MAD|AZUAY - NABON_MIP|AZUAY - NABON_MUE|AZUAY - NABON_PAN|AZUAY - NABON_POS|AZUAY - NABON_REP|AZUAY - NABON_RES|AZUAY - NABON_SAL|AZUAY - NABON_SIL|AZUAY - NABON_TRA|AZUAY - OÑA_ADM|AZUAY - OÑA_ADP|AZUAY - OÑA_ALD|AZUAY - OÑA_ASO|AZUAY - OÑA_BAL|AZUAY - OÑA_BNA|AZUAY - OÑA_COM|AZUAY - OÑA_CON|AZUAY - OÑA_CUL|AZUAY - OÑA_DEM|AZUAY - OÑA_EDU|AZUAY - OÑA_FRV|AZUAY - OÑA_GAN|AZUAY - OÑA_HOT|AZUAY - OÑA_INM|AZUAY - OÑA_MAD|AZUAY - OÑA_MUE|AZUAY - OÑA_POS|AZUAY - OÑA_REP|AZUAY - OÑA_RES|AZUAY - OÑA_TEL|AZUAY - OÑA_TRA|AZUAY - OÑA_VES|AZUAY - PAUTE_ADM|AZUAY - PAUTE_ADP|AZUAY - PAUTE_AGU|AZUAY - PAUTE_ALD|AZUAY - PAUTE_ASO|AZUAY - PAUTE_BAL|AZUAY - PAUTE_BNA|AZUAY - PAUTE_CAR|AZUAY - PAUTE_CEM|AZUAY - PAUTE_CER|AZUAY - PAUTE_CIN|AZUAY - PAUTE_COM|AZUAY - PAUTE_CON|AZUAY - PAUTE_CUE|AZUAY - PAUTE_CUL|AZUAY - PAUTE_DEM|AZUAY - PAUTE_DOM|AZUAY - PAUTE_EDU|AZUAY - PAUTE_FIN|AZUAY - PAUTE_FRV|AZUAY - PAUTE_GAN|AZUAY - PAUTE_HIL|AZUAY - PAUTE_HOT|AZUAY - PAUTE_INM|AZUAY - PAUTE_MAD|AZUAY - PAUTE_MAN|AZUAY - PAUTE_MAQ|AZUAY - PAUTE_MIP|AZUAY - PAUTE_MUE|AZUAY - PAUTE_PAN|AZUAY - PAUTE_POS|AZUAY - PAUTE_QU2|AZUAY - PAUTE_REP|AZUAY - PAUTE_RES|AZUAY - PAUTE_SAL|AZUAY - PAUTE_SIL|AZUAY - PAUTE_TEL|AZUAY - PAUTE_TRA|AZUAY - PAUTE_VES|AZUAY - PAUTE_VID|AZUAY - SIGSIG_ADM|AZUAY - SIGSIG_ADP|AZUAY - SIGSIG_AGU|AZUAY - SIGSIG_ALD|AZUAY - SIGSIG_ASO|AZUAY - SIGSIG_CEM|AZUAY - SIGSIG_CER|AZUAY - SIGSIG_CHO|AZUAY - SIGSIG_COM|AZUAY - SIGSIG_CON|AZUAY - SIGSIG_CUL|AZUAY - SIGSIG_DEM|AZUAY - SIGSIG_EDU|AZUAY - SIGSIG_FIN|AZUAY - SIGSIG_FRV|AZUAY - SIGSIG_GAN|AZUAY - SIGSIG_HOT|AZUAY - SIGSIG_INM|AZUAY - SIGSIG_LAC|AZUAY - SIGSIG_MAD|AZUAY - SIGSIG_MAN|AZUAY - SIGSIG_MIP|AZUAY - SIGSIG_MUE|AZUAY - SIGSIG_PAN|AZUAY - SIGSIG_PES|AZUAY - SIGSIG_POS|AZUAY - SIGSIG_QU2|AZUAY - SIGSIG_REP|AZUAY - SIGSIG_RES|AZUAY - SIGSIG_SAL|AZUAY - SIGSIG_TEL|AZUAY - SIGSIG_TRA|AZUAY - SIGSIG_VES|AZUAY - SIGSIG_VID|CAÑAR - AZOGUES_ADM|CAÑAR - AZOGUES_ADP|CAÑAR - AZOGUES_AGU|CAÑAR - AZOGUES_ALD|CAÑAR - AZOGUES_ASO|CAÑAR - AZOGUES_AYG|CAÑAR - AZOGUES_BNA|CAÑAR - AZOGUES_CAN|CAÑAR - AZOGUES_CAR|CAÑAR - AZOGUES_CAU|CAÑAR - AZOGUES_CEM|CAÑAR - AZOGUES_CER|CAÑAR - AZOGUES_CHO|CAÑAR - AZOGUES_CIN|CAÑAR - AZOGUES_COM|CAÑAR - AZOGUES_CON|CAÑAR - AZOGUES_CUE|CAÑAR - AZOGUES_CUL|CAÑAR - AZOGUES_DEM|CAÑAR - AZOGUES_DOM|CAÑAR - AZOGUES_EDU|CAÑAR - AZOGUES_ELE|CAÑAR - AZOGUES_FID|CAÑAR - AZOGUES_FIN|CAÑAR - AZOGUES_FRV|CAÑAR - AZOGUES_GAN|CAÑAR - AZOGUES_HIL|CAÑAR - AZOGUES_HOT|CAÑAR - AZOGUES_INM|CAÑAR - AZOGUES_LAC|CAÑAR - AZOGUES_MAD|CAÑAR - AZOGUES_MAN|CAÑAR - AZOGUES_MAQ|CAÑAR - AZOGUES_MET|CAÑAR - AZOGUES_MIP|CAÑAR - AZOGUES_MOL|CAÑAR - AZOGUES_MUE|CAÑAR - AZOGUES_PAN|CAÑAR - AZOGUES_PAP|CAÑAR - AZOGUES_PLS|CAÑAR - AZOGUES_POS|CAÑAR - AZOGUES_PPR|CAÑAR - AZOGUES_QU1|CAÑAR - AZOGUES_QU2|CAÑAR - AZOGUES_REP|CAÑAR - AZOGUES_RES|CAÑAR - AZOGUES_SAL|CAÑAR - AZOGUES_SIL|CAÑAR - AZOGUES_TEL|CAÑAR - AZOGUES_TRA|CAÑAR - AZOGUES_VES|CAÑAR - AZOGUES_VID|CAÑAR - BIBLIAN_ADM|CAÑAR - BIBLIAN_ADP|CAÑAR - BIBLIAN_AGU|CAÑAR - BIBLIAN_ASO|CAÑAR - BIBLIAN_CAR|CAÑAR - BIBLIAN_CIN|CAÑAR - BIBLIAN_COM|CAÑAR - BIBLIAN_CON|CAÑAR - BIBLIAN_CUL|CAÑAR - BIBLIAN_DEM|CAÑAR - BIBLIAN_DOM|CAÑAR - BIBLIAN_EDU|CAÑAR - BIBLIAN_FIN|CAÑAR - BIBLIAN_FRV|CAÑAR - BIBLIAN_GAN|CAÑAR - BIBLIAN_HIL|CAÑAR - BIBLIAN_HOT|CAÑAR - BIBLIAN_INM|CAÑAR - BIBLIAN_LAC|CAÑAR - BIBLIAN_MAD|CAÑAR - BIBLIAN_MAN|CAÑAR - BIBLIAN_MAQ|CAÑAR - BIBLIAN_MIP|CAÑAR - BIBLIAN_MUE|CAÑAR - BIBLIAN_PAN|CAÑAR - BIBLIAN_PAP|CAÑAR - BIBLIAN_POS|CAÑAR - BIBLIAN_QU2|CAÑAR - BIBLIAN_REP|CAÑAR - BIBLIAN_RES|CAÑAR - BIBLIAN_SAL|CAÑAR - BIBLIAN_TEL|CAÑAR - BIBLIAN_TRA|CAÑAR - BIBLIAN_VES|CAÑAR - BIBLIAN_VID|CAÑAR - CAÑAR_ADM|CAÑAR - CAÑAR_ADP|CAÑAR - CAÑAR_AGU|CAÑAR - CAÑAR_ASO|CAÑAR - CAÑAR_BAL|CAÑAR - CAÑAR_CAN|CAÑAR - CAÑAR_CEM|CAÑAR - CAÑAR_CER|CAÑAR - CAÑAR_CIN|CAÑAR - CAÑAR_COM|CAÑAR - CAÑAR_CON|CAÑAR - CAÑAR_CUL|CAÑAR - CAÑAR_DEM|CAÑAR - CAÑAR_DOM|CAÑAR - CAÑAR_EDU|CAÑAR - CAÑAR_FIN|CAÑAR - CAÑAR_FRT|CAÑAR - CAÑAR_FRV|CAÑAR - CAÑAR_GAN|CAÑAR - CAÑAR_HIL|CAÑAR - CAÑAR_HOT|CAÑAR - CAÑAR_INM|CAÑAR - CAÑAR_LAC|CAÑAR - CAÑAR_MAD|CAÑAR - CAÑAR_MAN|CAÑAR - CAÑAR_MAQ|CAÑAR - CAÑAR_MIP|CAÑAR - CAÑAR_MUE|CAÑAR - CAÑAR_PAN|CAÑAR - CAÑAR_POS|CAÑAR - CAÑAR_QU1|CAÑAR - CAÑAR_REP|CAÑAR - CAÑAR_RES|CAÑAR - CAÑAR_SAL|CAÑAR - CAÑAR_SEG|CAÑAR - CAÑAR_SIL|CAÑAR - CAÑAR_TEL|CAÑAR - CAÑAR_TRA|CAÑAR - CAÑAR_VES|CAÑAR - CAÑAR_VID|CAÑAR - DELEG_ADM|CAÑAR - DELEG_ADP|CAÑAR - DELEG_AGU|CAÑAR - DELEG_ASO|CAÑAR - DELEG_CER|CAÑAR - DELEG_CIN|CAÑAR - DELEG_COM|CAÑAR - DELEG_CON|CAÑAR - DELEG_DEM|CAÑAR - DELEG_DOM|CAÑAR - DELEG_EDU|CAÑAR - DELEG_GAN|CAÑAR - DELEG_HIL|CAÑAR - DELEG_HOT|CAÑAR - DELEG_INM|CAÑAR - DELEG_MAN|CAÑAR - DELEG_PAN|CAÑAR - DELEG_QU2|CAÑAR - DELEG_REP|CAÑAR - DELEG_RES|CAÑAR - DELEG_SAL|CAÑAR - DELEG_SIL|CAÑAR - DELEG_TEL|CAÑAR - DELEG_TRA|CAÑAR - EL TAMBO_ADM|CAÑAR - EL TAMBO_ADP|CAÑAR - EL TAMBO_ALD|CAÑAR - EL TAMBO_ASO|CAÑAR - EL TAMBO_CAN|CAÑAR - EL TAMBO_CER|CAÑAR - EL TAMBO_COM|CAÑAR - EL TAMBO_CON|CAÑAR - EL TAMBO_DEM|CAÑAR - EL TAMBO_DOM|CAÑAR - EL TAMBO_EDU|CAÑAR - EL TAMBO_FRV|CAÑAR - EL TAMBO_GAN|CAÑAR - EL TAMBO_HIL|CAÑAR - EL TAMBO_HOT|CAÑAR - EL TAMBO_INM|CAÑAR - EL TAMBO_LAC|CAÑAR - EL TAMBO_MAD|CAÑAR - EL TAMBO_MAQ|CAÑAR - EL TAMBO_MIP|CAÑAR - EL TAMBO_PAN|CAÑAR - EL TAMBO_REP|CAÑAR - EL TAMBO_RES|CAÑAR - EL TAMBO_SAL|CAÑAR - EL TAMBO_TEL|CAÑAR - EL TAMBO_TRA|CAÑAR - EL TAMBO_VES|CAÑAR - EL TAMBO_VID|CAÑAR - LA TRONCAL_ADM|CAÑAR - LA TRONCAL_ADP|CAÑAR - LA TRONCAL_ALD|CAÑAR - LA TRONCAL_ASO|CAÑAR - LA TRONCAL_AZU|CAÑAR - LA TRONCAL_BNA|CAÑAR - LA TRONCAL_CAN|CAÑAR - LA TRONCAL_CAR|CAÑAR - LA TRONCAL_CAU|CAÑAR - LA TRONCAL_CEM|CAÑAR - LA TRONCAL_CER|CAÑAR - LA TRONCAL_CIN|CAÑAR - LA TRONCAL_COM|CAÑAR - LA TRONCAL_CON|CAÑAR - LA TRONCAL_CUL|CAÑAR - LA TRONCAL_DEM|CAÑAR - LA TRONCAL_DOM|CAÑAR - LA TRONCAL_EDU|CAÑAR - LA TRONCAL_FIN|CAÑAR - LA TRONCAL_FRT|CAÑAR - LA TRONCAL_FRV|CAÑAR - LA TRONCAL_GAN|CAÑAR - LA TRONCAL_HIL|CAÑAR - LA TRONCAL_HOT|CAÑAR - LA TRONCAL_INM|CAÑAR - LA TRONCAL_LAC|CAÑAR - LA TRONCAL_MAD|CAÑAR - LA TRONCAL_MAN|CAÑAR - LA TRONCAL_MAQ|CAÑAR - LA TRONCAL_MIP|CAÑAR - LA TRONCAL_MUE|CAÑAR - LA TRONCAL_PAN|CAÑAR - LA TRONCAL_PES|CAÑAR - LA TRONCAL_POS|CAÑAR - LA TRONCAL_QU1|CAÑAR - LA TRONCAL_REP|CAÑAR - LA TRONCAL_RES|CAÑAR - LA TRONCAL_SAL|CAÑAR - LA TRONCAL_SIL|CAÑAR - LA TRONCAL_TEL|CAÑAR - LA TRONCAL_TRA|CAÑAR - LA TRONCAL_VES|CAÑAR - LA TRONCAL_VID|CAÑAR - SUSCAL_ADM|CAÑAR - SUSCAL_ADP|CAÑAR - SUSCAL_ASO|CAÑAR - SUSCAL_COM|CAÑAR - SUSCAL_CON|CAÑAR - SUSCAL_DEM|CAÑAR - SUSCAL_DOM|CAÑAR - SUSCAL_EDU|CAÑAR - SUSCAL_FRV|CAÑAR - SUSCAL_GAN|CAÑAR - SUSCAL_HOT|CAÑAR - SUSCAL_INM|CAÑAR - SUSCAL_MOL|CAÑAR - SUSCAL_MUE|CAÑAR - SUSCAL_PAN|CAÑAR - SUSCAL_REP|CAÑAR - SUSCAL_RES|CAÑAR - SUSCAL_TRA|CHIMBORAZO - CHUNCHI_ADM|CHIMBORAZO - CHUNCHI_ADP|CHIMBORAZO - CHUNCHI_ALD|CHIMBORAZO - CHUNCHI_ASO|CHIMBORAZO - CHUNCHI_CIN|CHIMBORAZO - CHUNCHI_COM|CHIMBORAZO - CHUNCHI_CON|CHIMBORAZO - CHUNCHI_DEM|CHIMBORAZO - CHUNCHI_DOM|CHIMBORAZO - CHUNCHI_EDU|CHIMBORAZO - CHUNCHI_FIN|CHIMBORAZO - CHUNCHI_FRV|CHIMBORAZO - CHUNCHI_GAN|CHIMBORAZO - CHUNCHI_HIL|CHIMBORAZO - CHUNCHI_HOT|CHIMBORAZO - CHUNCHI_INM|CHIMBORAZO - CHUNCHI_LAC|CHIMBORAZO - CHUNCHI_MAN|CHIMBORAZO - CHUNCHI_MOL|CHIMBORAZO - CHUNCHI_PAN|CHIMBORAZO - CHUNCHI_POS|CHIMBORAZO - CHUNCHI_REP|CHIMBORAZO - CHUNCHI_RES|CHIMBORAZO - CHUNCHI_TEL|CHIMBORAZO - CHUNCHI_TRA|GUAYAS - EL TRIUNFO_ADM|GUAYAS - EL TRIUNFO_ADP|GUAYAS - EL TRIUNFO_AGU|GUAYAS - EL TRIUNFO_ALD|GUAYAS - EL TRIUNFO_ASO|GUAYAS - EL TRIUNFO_AZU|GUAYAS - EL TRIUNFO_BNA|GUAYAS - EL TRIUNFO_CAN|GUAYAS - EL TRIUNFO_CEM|GUAYAS - EL TRIUNFO_CER|GUAYAS - EL TRIUNFO_CIN|GUAYAS - EL TRIUNFO_COM|GUAYAS - EL TRIUNFO_CON|GUAYAS - EL TRIUNFO_CUL|GUAYAS - EL TRIUNFO_DEM|GUAYAS - EL TRIUNFO_DOM|GUAYAS - EL TRIUNFO_EDU|GUAYAS - EL TRIUNFO_FRT|GUAYAS - EL TRIUNFO_FRV|GUAYAS - EL TRIUNFO_GAN|GUAYAS - EL TRIUNFO_HIL|GUAYAS - EL TRIUNFO_HOT|GUAYAS - EL TRIUNFO_INM|GUAYAS - EL TRIUNFO_LAC|GUAYAS - EL TRIUNFO_MAD|GUAYAS - EL TRIUNFO_MAN|GUAYAS - EL TRIUNFO_MAQ|GUAYAS - EL TRIUNFO_MET|GUAYAS - EL TRIUNFO_MIP|GUAYAS - EL TRIUNFO_MOL|GUAYAS - EL TRIUNFO_MUE|GUAYAS - EL TRIUNFO_PAN|GUAYAS - EL TRIUNFO_PES|GUAYAS - EL TRIUNFO_POS|GUAYAS - EL TRIUNFO_QU1|GUAYAS - EL TRIUNFO_REP|GUAYAS - EL TRIUNFO_RES|GUAYAS - EL TRIUNFO_SAL|GUAYAS - EL TRIUNFO_TEL|GUAYAS - EL TRIUNFO_TRA|GUAYAS - EL TRIUNFO_VES|GUAYAS - EL TRIUNFO_VID|GUAYAS - SAN JACINTO DE YAGUACHI_ADM|GUAYAS - SAN JACINTO DE YAGUACHI_ADP|GUAYAS - SAN JACINTO DE YAGUACHI_ASO|GUAYAS - SAN JACINTO DE YAGUACHI_BAL|GUAYAS - SAN JACINTO DE YAGUACHI_BNA|GUAYAS - SAN JACINTO DE YAGUACHI_CAN|GUAYAS - SAN JACINTO DE YAGUACHI_CAR|GUAYAS - SAN JACINTO DE YAGUACHI_CAU|GUAYAS - SAN JACINTO DE YAGUACHI_CEM|GUAYAS - SAN JACINTO DE YAGUACHI_CER|GUAYAS - SAN JACINTO DE YAGUACHI_CIN|GUAYAS - SAN JACINTO DE YAGUACHI_COM|GUAYAS - SAN JACINTO DE YAGUACHI_CON|GUAYAS - SAN JACINTO DE YAGUACHI_CUL|GUAYAS - SAN JACINTO DE YAGUACHI_DEM|GUAYAS - SAN JACINTO DE YAGUACHI_DOM|GUAYAS - SAN JACINTO DE YAGUACHI_EDU|GUAYAS - SAN JACINTO DE YAGUACHI_FIN|GUAYAS - SAN JACINTO DE YAGUACHI_FRT|GUAYAS - SAN JACINTO DE YAGUACHI_FRV|GUAYAS - SAN JACINTO DE YAGUACHI_GAN|GUAYAS - SAN JACINTO DE YAGUACHI_HIL|GUAYAS - SAN JACINTO DE YAGUACHI_HOT|GUAYAS - SAN JACINTO DE YAGUACHI_INM|GUAYAS - SAN JACINTO DE YAGUACHI_MAD|GUAYAS - SAN JACINTO DE YAGUACHI_MAN|GUAYAS - SAN JACINTO DE YAGUACHI_MAQ|GUAYAS - SAN JACINTO DE YAGUACHI_MOL|GUAYAS - SAN JACINTO DE YAGUACHI_MUE|GUAYAS - SAN JACINTO DE YAGUACHI_PAN|GUAYAS - SAN JACINTO DE YAGUACHI_PES|GUAYAS - SAN JACINTO DE YAGUACHI_PPR|GUAYAS - SAN JACINTO DE YAGUACHI_QU1|GUAYAS - SAN JACINTO DE YAGUACHI_REP|GUAYAS - SAN JACINTO DE YAGUACHI_RES|GUAYAS - SAN JACINTO DE YAGUACHI_SAL|GUAYAS - SAN JACINTO DE YAGUACHI_SIL|GUAYAS - SAN JACINTO DE YAGUACHI_TEL|GUAYAS - SAN JACINTO DE YAGUACHI_TRA|GUAYAS - SAN JACINTO DE YAGUACHI_VES|GUAYAS - SAN JACINTO DE YAGUACHI_VID,516,2736.2904378876083,0.8912431101000573
canton_sector,54,BOLIVAR - ECHEANDIA_ADM|BOLIVAR - ECHEANDIA_ADP|BOLIVAR - ECHEANDIA_AGU|BOLIVAR - ECHEANDIA_ASO|BOLIVAR - ECHEANDIA_BNA|BOLIVAR - ECHEANDIA_CER|BOLIVAR - ECHEANDIA_CIN|BOLIVAR - ECHEANDIA_COM|BOLIVAR - ECHEANDIA_CON|BOLIVAR - ECHEANDIA_CUE|BOLIVAR - ECHEANDIA_CUL|BOLIVAR - ECHEANDIA_DEM|BOLIVAR - ECHEANDIA_DOM|BOLIVAR - ECHEANDIA_EDU|BOLIVAR - ECHEANDIA_FRT|BOLIVAR - ECHEANDIA_FRV|BOLIVAR - ECHEANDIA_GAN|BOLIVAR - ECHEANDIA_HOT|BOLIVAR - ECHEANDIA_INM|BOLIVAR - ECHEANDIA_LAC|BOLIVAR - ECHEANDIA_MAD|BOLIVAR - ECHEANDIA_MAN|BOLIVAR - ECHEANDIA_MAQ|BOLIVAR - ECHEANDIA_MUE|BOLIVAR - ECHEANDIA_PAN|BOLIVAR - ECHEANDIA_REP|BOLIVAR - ECHEANDIA_RES|BOLIVAR - ECHEANDIA_SAL|BOLIVAR - ECHEANDIA_TEL|BOLIVAR - ECHEANDIA_TRA|BOLIVAR - ECHEANDIA_VES|BOLIVAR - GUARANDA_ADM|BOLIVAR - GUARANDA_ADP|BOLIVAR - GUARANDA_AGU|BOLIVAR - GUARANDA_ALD|BOLIVAR - GUARANDA_ASO|BOLIVAR - GUARANDA_AYG|BOLIVAR - GUARANDA_AZU|BOLIVAR - GUARANDA_BAL|BOLIVAR - GUARANDA_BNA|BOLIVAR - GUARANDA_CAR|BOLIVAR - GUARANDA_CEM|BOLIVAR - GUARANDA_CER|BOLIVAR - GUARANDA_CHO|BOLIVAR - GUARANDA_CIN|BOLIVAR - GUARANDA_COM|BOLIVAR - GUARANDA_CON|BOLIVAR - GUARANDA_CUE|BOLIVAR - GUARANDA_CUL|BOLIVAR - GUARANDA_DEM|BOLIVAR - GUARANDA_DOM|BOLIVAR - GUARANDA_EDU|BOLIVAR - GUARANDA_ELE|BOLIVAR - GUARANDA_FIN|BOLIVAR - GUARANDA_FRT|BOLIVAR - GUARANDA_FRV|BOLIVAR - GUARANDA_GAN|BOLIVAR - GUARANDA_HIL|BOLIVAR - GUARANDA_HOT|BOLIVAR - GUARANDA_INM|BOLIVAR - GUARANDA_LAC|BOLIVAR - GUARANDA_MAD|BOLIVAR - GUARANDA_MAN|BOLIVAR - GUARANDA_MAQ|BOLIVAR - GUARANDA_MUE|BOLIVAR - GUARANDA_PAN|BOLIVAR - GUARANDA_POS|BOLIVAR - GUARANDA_QU1|BOLIVAR - GUARANDA_QU2|BOLIVAR - GUARANDA_REP|BOLIVAR - GUARANDA_RES|BOLIVAR - GUARANDA_SAL|BOLIVAR - GUARANDA_SIL|BOLIVAR - GUARANDA_TEL|BOLIVAR - GUARANDA_TRA|BOLIVAR - GUARANDA_VES|BOLIVAR - GUARANDA_VID|BOLIVAR - LAS NAVES_ADM|BOLIVAR - LAS NAVES_ADP|BOLIVAR - LAS NAVES_ALD|BOLIVAR - LAS NAVES_ASO|BOLIVAR - LAS NAVES_CER|BOLIVAR - LAS NAVES_CIN|BOLIVAR - LAS NAVES_COM|BOLIVAR - LAS NAVES_CON|BOLIVAR - LAS NAVES_CUL|BOLIVAR - LAS NAVES_DEM|BOLIVAR - LAS NAVES_EDU|BOLIVAR - LAS NAVES_FIN|BOLIVAR - LAS NAVES_FRT|BOLIVAR - LAS NAVES_FRV|BOLIVAR - LAS NAVES_GAN|BOLIVAR - LAS NAVES_HOT|BOLIVAR - LAS NAVES_INM|BOLIVAR - LAS NAVES_REP|BOLIVAR - LAS NAVES_RES|BOLIVAR - LAS NAVES_SAL|BOLIVAR - LAS NAVES_SIL|BOLIVAR - LAS NAVES_TRA|BOLIVAR - LAS NAVES_VES|CHIMBORAZO - CHAMBO_ADM|CHIMBORAZO - CHAMBO_ADP|CHIMBORAZO - CHAMBO_ALD|CHIMBORAZO - CHAMBO_ASO|CHIMBORAZO - CHAMBO_CEM|CHIMBORAZO - CHAMBO_CER|CHIMBORAZO - CHAMBO_CIN|CHIMBORAZO - CHAMBO_COM|CHIMBORAZO - CHAMBO_CON|CHIMBORAZO - CHAMBO_CUL|CHIMBORAZO - CHAMBO_DEM|CHIMBORAZO - CHAMBO_DOM|CHIMBORAZO - CHAMBO_EDU|CHIMBORAZO - CHAMBO_FRT|CHIMBORAZO - CHAMBO_FRV|CHIMBORAZO - CHAMBO_GAN|CHIMBORAZO - CHAMBO_HIL|CHIMBORAZO - CHAMBO_HOT|CHIMBORAZO - CHAMBO_INM|CHIMBORAZO - CHAMBO_LAC|CHIMBORAZO - CHAMBO_MAD|CHIMBORAZO - CHAMBO_MAN|CHIMBORAZO - CHAMBO_MAQ|CHIMBORAZO - CHAMBO_MUE|CHIMBORAZO - CHAMBO_PAN|CHIMBORAZO - CHAMBO_PLS|CHIMBORAZO - CHAMBO_POS|CHIMBORAZO - CHAMBO_REP|CHIMBORAZO - CHAMBO_RES|CHIMBORAZO - CHAMBO_SAL|CHIMBORAZO - CHAMBO_SIL|CHIMBORAZO - CHAMBO_TEL|CHIMBORAZO - CHAMBO_TRA|CHIMBORAZO - CHAMBO_VES|CHIMBORAZO - CHAMBO_VID|CHIMBORAZO - GUANO_ADM|CHIMBORAZO - GUANO_ADP|CHIMBORAZO - GUANO_AGU|CHIMBORAZO - GUANO_ASO|CHIMBORAZO - GUANO_BNA|CHIMBORAZO - GUANO_CAR|CHIMBORAZO - GUANO_CAU|CHIMBORAZO - GUANO_CEM|CHIMBORAZO - GUANO_CER|CHIMBORAZO - GUANO_COM|CHIMBORAZO - GUANO_CON|CHIMBORAZO - GUANO_CUE|CHIMBORAZO - GUANO_CUL|CHIMBORAZO - GUANO_DEM|CHIMBORAZO - GUANO_DOM|CHIMBORAZO - GUANO_EDU|CHIMBORAZO - GUANO_FIN|CHIMBORAZO - GUANO_FRT|CHIMBORAZO - GUANO_FRV|CHIMBORAZO - GUANO_GAN|CHIMBORAZO - GUANO_HIL|CHIMBORAZO - GUANO_HOT|CHIMBORAZO - GUANO_INM|CHIMBORAZO - GUANO_LAC|CHIMBORAZO - GUANO_MAD|CHIMBORAZO - GUANO_MAN|CHIMBORAZO - GUANO_MAQ|CHIMBORAZO - GUANO_MET|CHIMBORAZO - GUANO_MIP|CHIMBORAZO - GUANO_MUE|CHIMBORAZO - GUANO_PAN|CHIMBORAZO - GUANO_PLS|CHIMBORAZO - GUANO_POS|CHIMBORAZO - GUANO_QU1|CHIMBORAZO - GUANO_QU2|CHIMBORAZO - GUANO_REP|CHIMBORAZO - GUANO_RES|CHIMBORAZO - GUANO_SAL|CHIMBORAZO - GUANO_SIL|CHIMBORAZO - GUANO_TEL|CHIMBORAZO - GUANO_TRA|CHIMBORAZO - GUANO_VES|CHIMBORAZO - GUANO_VID|CHIMBORAZO - RIOBAMBA_ADM|CHIMBORAZO - RIOBAMBA_ADP|CHIMBORAZO - RIOBAMBA_AGU|CHIMBORAZO - RIOBAMBA_ALD|CHIMBORAZO - RIOBAMBA_ASO|CHIMBORAZO - RIOBAMBA_BAL|CHIMBORAZO - RIOBAMBA_BNA|CHIMBORAZO - RIOBAMBA_CAN|CHIMBORAZO - RIOBAMBA_CAR|CHIMBORAZO - RIOBAMBA_CAU|CHIMBORAZO - RIOBAMBA_CEM|CHIMBORAZO - RIOBAMBA_CER|CHIMBORAZO - RIOBAMBA_CHO|CHIMBORAZO - RIOBAMBA_CIN|CHIMBORAZO - RIOBAMBA_COM|CHIMBORAZO - RIOBAMBA_CON|CHIMBORAZO - RIOBAMBA_CUE|CHIMBORAZO - RIOBAMBA_CUL|CHIMBORAZO - RIOBAMBA_DEM|CHIMBORAZO - RIOBAMBA_DOM|CHIMBORAZO - RIOBAMBA_EDU|CHIMBORAZO - RIOBAMBA_ELE|CHIMBORAZO - RIOBAMBA_FID|CHIMBORAZO - RIOBAMBA_FIN|CHIMBORAZO - RIOBAMBA_FRT|CHIMBORAZO - RIOBAMBA_FRV|CHIMBORAZO - RIOBAMBA_GAN|CHIMBORAZO - RIOBAMBA_HIL|CHIMBORAZO - RIOBAMBA_HOT|CHIMBORAZO - RIOBAMBA_INM|CHIMBORAZO - RIOBAMBA_LAC|CHIMBORAZO - RIOBAMBA_MAD|CHIMBORAZO - RIOBAMBA_MAN|CHIMBORAZO - RIOBAMBA_MAQ|CHIMBORAZO - RIOBAMBA_MET|CHIMBORAZO - RIOBAMBA_MIP|CHIMBORAZO - RIOBAMBA_MOL|CHIMBORAZO - RIOBAMBA_MUE|CHIMBORAZO - RIOBAMBA_PAN|CHIMBORAZO - RIOBAMBA_PAP|CHIMBORAZO - RIOBAMBA_PES|CHIMBORAZO - RIOBAMBA_PLS|CHIMBORAZO - RIOBAMBA_POS|CHIMBORAZO - RIOBAMBA_QU1|CHIMBORAZO - RIOBAMBA_QU2|CHIMBORAZO - RIOBAMBA_REP|CHIMBORAZO - RIOBAMBA_RES|CHIMBORAZO - RIOBAMBA_SAL|CHIMBORAZO - RIOBAMBA_SEG|CHIMBORAZO - RIOBAMBA_SIL|CHIMBORAZO - RIOBAMBA_TEL|CHIMBORAZO - RIOBAMBA_TRA|CHIMBORAZO - RIOBAMBA_VES|CHIMBORAZO - RIOBAMBA_VID|COTOPAXI - PANGUA_ADM|COTOPAXI - PANGUA_ADP|COTOPAXI - PANGUA_AGU|COTOPAXI - PANGUA_ALD|COTOPAXI - PANGUA_ASO|COTOPAXI - PANGUA_BAL|COTOPAXI - PANGUA_BNA|COTOPAXI - PANGUA_CAR|COTOPAXI - PANGUA_CEM|COTOPAXI - PANGUA_CER|COTOPAXI - PANGUA_CHO|COTOPAXI - PANGUA_CIN|COTOPAXI - PANGUA_COM|COTOPAXI - PANGUA_CON|COTOPAXI - PANGUA_CUL|COTOPAXI - PANGUA_DEM|COTOPAXI - PANGUA_DOM|COTOPAXI - PANGUA_EDU|COTOPAXI - PANGUA_FIN|COTOPAXI - PANGUA_FRT|COTOPAXI - PANGUA_FRV|COTOPAXI - PANGUA_GAN|COTOPAXI - PANGUA_HIL|COTOPAXI - PANGUA_HOT|COTOPAXI - PANGUA_INM|COTOPAXI - PANGUA_LAC|COTOPAXI - PANGUA_MAD|COTOPAXI - PANGUA_MAN|COTOPAXI - PANGUA_MAQ|COTOPAXI - PANGUA_MIP|COTOPAXI - PANGUA_MOL|COTOPAXI - PANGUA_MUE|COTOPAXI - PANGUA_PAN|COTOPAXI - PANGUA_QU1|COTOPAXI - PANGUA_REP|COTOPAXI - PANGUA_RES|COTOPAXI - PANGUA_SAL|COTOPAXI - PANGUA_SIL|COTOPAXI - PANGUA_TEL|COTOPAXI - PANGUA_TRA|COTOPAXI - PANGUA_VES|COTOPAXI - PANGUA_VID|COTOPAXI - PUJILI_ADM|COTOPAXI - PUJILI_ADP|COTOPAXI - PUJILI_AGU|COTOPAXI - PUJILI_ALD|COTOPAXI - PUJILI_ASO|COTOPAXI - PUJILI_BAL|COTOPAXI - PUJILI_BNA|COTOPAXI - PUJILI_CAR|COTOPAXI - PUJILI_CEM|COTOPAXI - PUJILI_CER|COTOPAXI - PUJILI_CHO|COTOPAXI - PUJILI_CIN|COTOPAXI - PUJILI_COM|COTOPAXI - PUJILI_CON|COTOPAXI - PUJILI_CUL|COTOPAXI - PUJILI_DEM|COTOPAXI - PUJILI_DOM|COTOPAXI - PUJILI_EDU|COTOPAXI - PUJILI_FIN|COTOPAXI - PUJILI_FRT|COTOPAXI - PUJILI_FRV|COTOPAXI - PUJILI_GAN|COTOPAXI - PUJILI_HIL|COTOPAXI - PUJILI_HOT|COTOPAXI - PUJILI_INM|COTOPAXI - PUJILI_LAC|COTOPAXI - PUJILI_MAD|COTOPAXI - PUJILI_MAN|COTOPAXI - PUJILI_MAQ|COTOPAXI - PUJILI_MIP|COTOPAXI - PUJILI_MOL|COTOPAXI - PUJILI_MUE|COTOPAXI - PUJILI_PAN|COTOPAXI - PUJILI_QU1|COTOPAXI - PUJILI_REP|COTOPAXI - PUJILI_RES|COTOPAXI - PUJILI_SAL|COTOPAXI - PUJILI_SIL|COTOPAXI - PUJILI_TEL|COTOPAXI - PUJILI_TRA|COTOPAXI - PUJILI_VES|COTOPAXI - PUJILI_VID|COTOPAXI - SALCEDO_ADM|COTOPAXI - SALCEDO_ADP|COTOPAXI - SALCEDO_AGU|COTOPAXI - SALCEDO_ALD|COTOPAXI - SALCEDO_ASO|COTOPAXI - SALCEDO_CAN|COTOPAXI - SALCEDO_CAR|COTOPAXI - SALCEDO_CEM|COTOPAXI - SALCEDO_CER|COTOPAXI - SALCEDO_CIN|COTOPAXI - SALCEDO_COM|COTOPAXI - SALCEDO_CON|COTOPAXI - SALCEDO_CUE|COTOPAXI - SALCEDO_CUL|COTOPAXI - SALCEDO_DEM|COTOPAXI - SALCEDO_DOM|COTOPAXI - SALCEDO_EDU|COTOPAXI - SALCEDO_FIN|COTOPAXI - SALCEDO_FRT|COTOPAXI - SALCEDO_FRV|COTOPAXI - SALCEDO_GAN|COTOPAXI - SALCEDO_HIL|COTOPAXI - SALCEDO_HOT|COTOPAXI - SALCEDO_INM|COTOPAXI - SALCEDO_LAC|COTOPAXI - SALCEDO_MAD|COTOPAXI - SALCEDO_MAN|COTOPAXI - SALCEDO_MAQ|COTOPAXI - SALCEDO_MIP|COTOPAXI - SALCEDO_MOL|COTOPAXI - SALCEDO_MUE|COTOPAXI - SALCEDO_PAN|COTOPAXI - SALCEDO_PAP|COTOPAXI - SALCEDO_POS|COTOPAXI - SALCEDO_QU2|COTOPAXI - SALCEDO_REP|COTOPAXI - SALCEDO_RES|COTOPAXI - SALCEDO_SAL|COTOPAXI - SALCEDO_TEL|COTOPAXI - SALCEDO_TRA|COTOPAXI - SALCEDO_VES|COTOPAXI - SALCEDO_VID|COTOPAXI - SAQUISILI_ADM|COTOPAXI - SAQUISILI_ADP|COTOPAXI - SAQUISILI_ALD|COTOPAXI - SAQUISILI_ASO|COTOPAXI - SAQUISILI_CAR|COTOPAXI - SAQUISILI_CAU|COTOPAXI - SAQUISILI_CEM|COTOPAXI - SAQUISILI_CIN|COTOPAXI - SAQUISILI_COM|COTOPAXI - SAQUISILI_CON|COTOPAXI - SAQUISILI_CUL|COTOPAXI - SAQUISILI_DEM|COTOPAXI - SAQUISILI_DOM|COTOPAXI - SAQUISILI_EDU|COTOPAXI - SAQUISILI_FIN|COTOPAXI - SAQUISILI_FRV|COTOPAXI - SAQUISILI_GAN|COTOPAXI - SAQUISILI_HIL|COTOPAXI - SAQUISILI_HOT|COTOPAXI - SAQUISILI_INM|COTOPAXI - SAQUISILI_LAC|COTOPAXI - SAQUISILI_MAD|COTOPAXI - SAQUISILI_MAN|COTOPAXI - SAQUISILI_MAQ|COTOPAXI - SAQUISILI_MET|COTOPAXI - SAQUISILI_MOL|COTOPAXI - SAQUISILI_MUE|COTOPAXI - SAQUISILI_PAN|COTOPAXI - SAQUISILI_PAP|COTOPAXI - SAQUISILI_PLS|COTOPAXI - SAQUISILI_QU2|COTOPAXI - SAQUISILI_REP|COTOPAXI - SAQUISILI_RES|COTOPAXI - SAQUISILI_SAL|COTOPAXI - SAQUISILI_SIL|COTOPAXI - SAQUISILI_TEL|COTOPAXI - SAQUISILI_TRA|COTOPAXI - SAQUISILI_VES|COTOPAXI - SAQUISILI_VID|COTOPAXI - SIGCHOS_ADM|COTOPAXI - SIGCHOS_ADP|COTOPAXI - SIGCHOS_AGU|COTOPAXI - SIGCHOS_ALD|COTOPAXI - SIGCHOS_ASO|COTOPAXI - SIGCHOS_AZU|COTOPAXI - SIGCHOS_CAR|COTOPAXI - SIGCHOS_CER|COTOPAXI - SIGCHOS_CIN|COTOPAXI - SIGCHOS_COM|COTOPAXI - SIGCHOS_CON|COTOPAXI - SIGCHOS_CUL|COTOPAXI - SIGCHOS_DEM|COTOPAXI - SIGCHOS_DOM|COTOPAXI - SIGCHOS_EDU|COTOPAXI - SIGCHOS_FIN|COTOPAXI - SIGCHOS_FRV|COTOPAXI - SIGCHOS_GAN|COTOPAXI - SIGCHOS_HOT|COTOPAXI - SIGCHOS_INM|COTOPAXI - SIGCHOS_LAC|COTOPAXI - SIGCHOS_MAD|COTOPAXI - SIGCHOS_MAN|COTOPAXI - SIGCHOS_MAQ|COTOPAXI - SIGCHOS_MIP|COTOPAXI - SIGCHOS_MUE|COTOPAXI - SIGCHOS_PAN|COTOPAXI - SIGCHOS_PES|COTOPAXI - SIGCHOS_REP|COTOPAXI - SIGCHOS_RES|COTOPAXI - SIGCHOS_SAL|COTOPAXI - SIGCHOS_SIL|COTOPAXI - SIGCHOS_TEL|COTOPAXI - SIGCHOS_TRA|COTOPAXI - SIGCHOS_VES|MORONA SANTIAGO - HUAMBOYA_ADM|MORONA SANTIAGO - HUAMBOYA_ADP|MORONA SANTIAGO - HUAMBOYA_ASO|MORONA SANTIAGO - HUAMBOYA_CAR|MORONA SANTIAGO - HUAMBOYA_COM|MORONA SANTIAGO - HUAMBOYA_CON|MORONA SANTIAGO - HUAMBOYA_EDU|MORONA SANTIAGO - HUAMBOYA_FRV|MORONA SANTIAGO - HUAMBOYA_GAN|MORONA SANTIAGO - HUAMBOYA_INM|MORONA SANTIAGO - HUAMBOYA_LAC|MORONA SANTIAGO - HUAMBOYA_MAD|MORONA SANTIAGO - HUAMBOYA_MAQ|MORONA SANTIAGO - HUAMBOYA_MUE|MORONA SANTIAGO - HUAMBOYA_REP|MORONA SANTIAGO - HUAMBOYA_RES|MORONA SANTIAGO - HUAMBOYA_SIL|MORONA SANTIAGO - HUAMBOYA_TEL|MORONA SANTIAGO - HUAMBOYA_TRA|MORONA SANTIAGO - HUAMBOYA_VES|MORONA SANTIAGO - MORONA_ADM|MORONA SANTIAGO - MORONA_ADP|MORONA SANTIAGO - MORONA_AGU|MORONA SANTIAGO - MORONA_ALD|MORONA SANTIAGO - MORONA_ASO|MORONA SANTIAGO - MORONA_BAL|MORONA SANTIAGO - MORONA_CAN|MORONA SANTIAGO - MORONA_CAR|MORONA SANTIAGO - MORONA_CEM|MORONA SANTIAGO - MORONA_COM|MORONA SANTIAGO - MORONA_CON|MORONA SANTIAGO - MORONA_CUE|MORONA SANTIAGO - MORONA_CUL|MORONA SANTIAGO - MORONA_DEM|MORONA SANTIAGO - MORONA_DOM|MORONA SANTIAGO - MORONA_EDU|MORONA SANTIAGO - MORONA_ELE|MORONA SANTIAGO - MORONA_FIN|MORONA SANTIAGO - MORONA_FRV|MORONA SANTIAGO - MORONA_GAN|MORONA SANTIAGO - MORONA_HIL|MORONA SANTIAGO - MORONA_HOT|MORONA SANTIAGO - MORONA_INM|MORONA SANTIAGO - MORONA_LAC|MORONA SANTIAGO - MORONA_MAD|MORONA SANTIAGO - MORONA_MAN|MORONA SANTIAGO - MORONA_MAQ|MORONA SANTIAGO - MORONA_MET|MORONA SANTIAGO - MORONA_MIP|MORONA SANTIAGO - MORONA_MOL|MORONA SANTIAGO - MORONA_MUE|MORONA SANTIAGO - MORONA_PAN|MORONA SANTIAGO - MORONA_PAP|MORONA SANTIAGO - MORONA_PES|MORONA SANTIAGO - MORONA_POS|MORONA SANTIAGO - MORONA_QU1|MORONA SANTIAGO - MORONA_QU2|MORONA SANTIAGO - MORONA_REP|MORONA SANTIAGO - MORONA_RES|MORONA SANTIAGO - MORONA_SAL|MORONA SANTIAGO - MORONA_SIL|MORONA SANTIAGO - MORONA_TEL|MORONA SANTIAGO - MORONA_TRA|MORONA SANTIAGO - MORONA_VES|MORONA SANTIAGO - MORONA_VID|MORONA SANTIAGO - PABLO SEXTO_ADM|MORONA SANTIAGO - PABLO SEXTO_ADP|MORONA SANTIAGO - PABLO SEXTO_ASO|MORONA SANTIAGO - PABLO SEXTO_COM|MORONA SANTIAGO - PABLO SEXTO_CON|MORONA SANTIAGO - PABLO SEXTO_CUL|MORONA SANTIAGO - PABLO SEXTO_EDU|MORONA SANTIAGO - PABLO SEXTO_GAN|MORONA SANTIAGO - PABLO SEXTO_HOT|MORONA SANTIAGO - PABLO SEXTO_PAN|MORONA SANTIAGO - PABLO SEXTO_REP|MORONA SANTIAGO - PABLO SEXTO_RES|MORONA SANTIAGO - PABLO SEXTO_TEL|MORONA SANTIAGO - PABLO SEXTO_TRA|TUNGURAHUA - BAÑOS DE AGUA SANTA_ADM|TUNGURAHUA - BAÑOS DE AGUA SANTA_ADP|TUNGURAHUA - BAÑOS DE AGUA SANTA_AGU|TUNGURAHUA - BAÑOS DE AGUA SANTA_ALD|TUNGURAHUA - BAÑOS DE AGUA SANTA_ASO|TUNGURAHUA - BAÑOS DE AGUA SANTA_BAL|TUNGURAHUA - BAÑOS DE AGUA SANTA_BNA|TUNGURAHUA - BAÑOS DE AGUA SANTA_CAN|TUNGURAHUA - BAÑOS DE AGUA SANTA_CAR|TUNGURAHUA - BAÑOS DE AGUA SANTA_CAU|TUNGURAHUA - BAÑOS DE AGUA SANTA_CER|TUNGURAHUA - BAÑOS DE AGUA SANTA_CHO|TUNGURAHUA - BAÑOS DE AGUA SANTA_CIN|TUNGURAHUA - BAÑOS DE AGUA SANTA_COM|TUNGURAHUA - BAÑOS DE AGUA SANTA_CON|TUNGURAHUA - BAÑOS DE AGUA SANTA_CUE|TUNGURAHUA - BAÑOS DE AGUA SANTA_DEM|TUNGURAHUA - BAÑOS DE AGUA SANTA_DOM|TUNGURAHUA - BAÑOS DE AGUA SANTA_EDU|TUNGURAHUA - BAÑOS DE AGUA SANTA_FIN|TUNGURAHUA - BAÑOS DE AGUA SANTA_FRT|TUNGURAHUA - BAÑOS DE AGUA SANTA_FRV|TUNGURAHUA - BAÑOS DE AGUA SANTA_GAN|TUNGURAHUA - BAÑOS DE AGUA SANTA_HIL|TUNGURAHUA - BAÑOS DE AGUA SANTA_HOT|TUNGURAHUA - BAÑOS DE AGUA SANTA_INM|TUNGURAHUA - BAÑOS DE AGUA SANTA_MAD|TUNGURAHUA - BAÑOS DE AGUA SANTA_MAN|TUNGURAHUA - BAÑOS DE AGUA SANTA_MAQ|TUNGURAHUA - BAÑOS DE AGUA SANTA_MIP|TUNGURAHUA - BAÑOS DE AGUA SANTA_MOL|TUNGURAHUA - BAÑOS DE AGUA SANTA_MUE|TUNGURAHUA - BAÑOS DE AGUA SANTA_PAN|TUNGURAHUA - BAÑOS DE AGUA SANTA_PES|TUNGURAHUA - BAÑOS DE AGUA SANTA_REP|TUNGURAHUA - BAÑOS DE AGUA SANTA_RES|TUNGURAHUA - BAÑOS DE AGUA SANTA_SAL|TUNGURAHUA - BAÑOS DE AGUA SANTA_SIL|TUNGURAHUA - BAÑOS DE AGUA SANTA_TEL|TUNGURAHUA - BAÑOS DE AGUA SANTA_TRA|TUNGURAHUA - BAÑOS DE AGUA SANTA_VES|TUNGURAHUA - BAÑOS DE AGUA SANTA_VID|TUNGURAHUA - CEVALLOS_ADM|TUNGURAHUA - CEVALLOS_ADP|TUNGURAHUA - CEVALLOS_ALD|TUNGURAHUA - CEVALLOS_ASO|TUNGURAHUA - CEVALLOS_BAL|TUNGURAHUA - CEVALLOS_BNA|TUNGURAHUA - CEVALLOS_CAN|TUNGURAHUA - CEVALLOS_CAU|TUNGURAHUA - CEVALLOS_CEM|TUNGURAHUA - CEVALLOS_CHO|TUNGURAHUA - CEVALLOS_CIN|TUNGURAHUA - CEVALLOS_COM|TUNGURAHUA - CEVALLOS_CON|TUNGURAHUA - CEVALLOS_CUE|TUNGURAHUA - CEVALLOS_CUL|TUNGURAHUA - CEVALLOS_DEM|TUNGURAHUA - CEVALLOS_EDU|TUNGURAHUA - CEVALLOS_FRV|TUNGURAHUA - CEVALLOS_GAN|TUNGURAHUA - CEVALLOS_HIL|TUNGURAHUA - CEVALLOS_HOT|TUNGURAHUA - CEVALLOS_INM|TUNGURAHUA - CEVALLOS_MAD|TUNGURAHUA - CEVALLOS_MAN|TUNGURAHUA - CEVALLOS_MAQ|TUNGURAHUA - CEVALLOS_MUE|TUNGURAHUA - CEVALLOS_PAN|TUNGURAHUA - CEVALLOS_QU2|TUNGURAHUA - CEVALLOS_REP|TUNGURAHUA - CEVALLOS_RES|TUNGURAHUA - CEVALLOS_SAL|TUNGURAHUA - CEVALLOS_TEL|TUNGURAHUA - CEVALLOS_TRA|TUNGURAHUA - CEVALLOS_VES|TUNGURAHUA - CEVALLOS_VID|TUNGURAHUA - MOCHA_ADM|TUNGURAHUA - MOCHA_ADP|TUNGURAHUA - MOCHA_AGU|TUNGURAHUA - MOCHA_ASO|TUNGURAHUA - MOCHA_BAL|TUNGURAHUA - MOCHA_CAR|TUNGURAHUA - MOCHA_CER|TUNGURAHUA - MOCHA_CIN|TUNGURAHUA - MOCHA_COM|TUNGURAHUA - MOCHA_CON|TUNGURAHUA - MOCHA_CUE|TUNGURAHUA - MOCHA_CUL|TUNGURAHUA - MOCHA_DEM|TUNGURAHUA - MOCHA_DOM|TUNGURAHUA - MOCHA_EDU|TUNGURAHUA - MOCHA_FRV|TUNGURAHUA - MOCHA_GAN|TUNGURAHUA - MOCHA_HIL|TUNGURAHUA - MOCHA_INM|TUNGURAHUA - MOCHA_LAC|TUNGURAHUA - MOCHA_MAD|TUNGURAHUA - MOCHA_MAN|TUNGURAHUA - MOCHA_MAQ|TUNGURAHUA - MOCHA_MIP|TUNGURAHUA - MOCHA_MOL|TUNGURAHUA - MOCHA_MUE|TUNGURAHUA - MOCHA_PAN|TUNGURAHUA - MOCHA_QU1|TUNGURAHUA - MOCHA_QU2|TUNGURAHUA - MOCHA_REP|TUNGURAHUA - MOCHA_RES|TUNGURAHUA - MOCHA_SAL|TUNGURAHUA - MOCHA_TRA|TUNGURAHUA - MOCHA_VES|TUNGURAHUA - PATATE_ADM|TUNGURAHUA - PATATE_ADP|TUNGURAHUA - PATATE_AGU|TUNGURAHUA - PATATE_ASO|TUNGURAHUA - PATATE_BAL|TUNGURAHUA - PATATE_CEM|TUNGURAHUA - PATATE_CER|TUNGURAHUA - PATATE_CIN|TUNGURAHUA - PATATE_COM|TUNGURAHUA - PATATE_CON|TUNGURAHUA - PATATE_CUL|TUNGURAHUA - PATATE_DEM|TUNGURAHUA - PATATE_EDU|TUNGURAHUA - PATATE_FIN|TUNGURAHUA - PATATE_FRV|TUNGURAHUA - PATATE_GAN|TUNGURAHUA - PATATE_HOT|TUNGURAHUA - PATATE_INM|TUNGURAHUA - PATATE_LAC|TUNGURAHUA - PATATE_MAD|TUNGURAHUA - PATATE_MAN|TUNGURAHUA - PATATE_MAQ|TUNGURAHUA - PATATE_MUE|TUNGURAHUA - PATATE_PAN|TUNGURAHUA - PATATE_PES|TUNGURAHUA - PATATE_REP|TUNGURAHUA - PATATE_RES|TUNGURAHUA - PATATE_SAL|TUNGURAHUA - PATATE_TEL|TUNGURAHUA - PATATE_TRA|TUNGURAHUA - PATATE_VES|TUNGURAHUA - QUERO_ADM|TUNGURAHUA - QUERO_ADP|TUNGURAHUA - QUERO_AGU|TUNGURAHUA - QUERO_ASO|TUNGURAHUA - QUERO_CAN|TUNGURAHUA - QUERO_CAR|TUNGURAHUA - QUERO_CIN|TUNGURAHUA - QUERO_COM|TUNGURAHUA - QUERO_CON|TUNGURAHUA - QUERO_CUL|TUNGURAHUA - QUERO_DEM|TUNGURAHUA - QUERO_DOM|TUNGURAHUA - QUERO_EDU|TUNGURAHUA - QUERO_FIN|TUNGURAHUA - QUERO_FRT|TUNGURAHUA - QUERO_FRV|TUNGURAHUA - QUERO_GAN|TUNGURAHUA - QUERO_HOT|TUNGURAHUA - QUERO_INM|TUNGURAHUA - QUERO_LAC|TUNGURAHUA - QUERO_MAD|TUNGURAHUA - QUERO_MAN|TUNGURAHUA - QUERO_MUE|TUNGURAHUA - QUERO_PAN|TUNGURAHUA - QUERO_PAP|TUNGURAHUA - QUERO_QU2|TUNGURAHUA - QUERO_REP|TUNGURAHUA - QUERO_RES|TUNGURAHUA - QUERO_SAL|TUNGURAHUA - QUERO_TEL|TUNGURAHUA - QUERO_TRA|TUNGURAHUA - QUERO_VES|TUNGURAHUA - QUERO_VID|TUNGURAHUA - SAN PEDRO DE PELILEO_ADM|TUNGURAHUA - SAN PEDRO DE PELILEO_ADP|TUNGURAHUA - SAN PEDRO DE PELILEO_AGU|TUNGURAHUA - SAN PEDRO DE PELILEO_ALD|TUNGURAHUA - SAN PEDRO DE PELILEO_ASO|TUNGURAHUA - SAN PEDRO DE PELILEO_BNA|TUNGURAHUA - SAN PEDRO DE PELILEO_CAN|TUNGURAHUA - SAN PEDRO DE PELILEO_CAR|TUNGURAHUA - SAN PEDRO DE PELILEO_CEM|TUNGURAHUA - SAN PEDRO DE PELILEO_CER|TUNGURAHUA - SAN PEDRO DE PELILEO_CIN|TUNGURAHUA - SAN PEDRO DE PELILEO_COM|TUNGURAHUA - SAN PEDRO DE PELILEO_CON|TUNGURAHUA - SAN PEDRO DE PELILEO_CUE|TUNGURAHUA - SAN PEDRO DE PELILEO_CUL|TUNGURAHUA - SAN PEDRO DE PELILEO_DEM|TUNGURAHUA - SAN PEDRO DE PELILEO_DOM|TUNGURAHUA - SAN PEDRO DE PELILEO_EDU|TUNGURAHUA - SAN PEDRO DE PELILEO_FIN|TUNGURAHUA - SAN PEDRO DE PELILEO_FRT|TUNGURAHUA - SAN PEDRO DE PELILEO_FRV|TUNGURAHUA - SAN PEDRO DE PELILEO_GAN|TUNGURAHUA - SAN PEDRO DE PELILEO_HIL|TUNGURAHUA - SAN PEDRO DE PELILEO_HOT|TUNGURAHUA - SAN PEDRO DE PELILEO_INM|TUNGURAHUA - SAN PEDRO DE PELILEO_LAC|TUNGURAHUA - SAN PEDRO DE PELILEO_MAD|TUNGURAHUA - SAN PEDRO DE PELILEO_MAN|TUNGURAHUA - SAN PEDRO DE PELILEO_MAQ|TUNGURAHUA - SAN PEDRO DE PELILEO_MET|TUNGURAHUA - SAN PEDRO DE PELILEO_MIP|TUNGURAHUA - SAN PEDRO DE PELILEO_MUE|TUNGURAHUA - SAN PEDRO DE PELILEO_PAN|TUNGURAHUA - SAN PEDRO DE PELILEO_PAP|TUNGURAHUA - SAN PEDRO DE PELILEO_PES|TUNGURAHUA - SAN PEDRO DE PELILEO_QU2|TUNGURAHUA - SAN PEDRO DE PELILEO_REP|TUNGURAHUA - SAN PEDRO DE PELILEO_RES|TUNGURAHUA - SAN PEDRO DE PELILEO_SAL|TUNGURAHUA - SAN PEDRO DE PELILEO_SIL|TUNGURAHUA - SAN PEDRO DE PELILEO_TEL|TUNGURAHUA - SAN PEDRO DE PELILEO_TRA|TUNGURAHUA - SAN PEDRO DE PELILEO_VES|TUNGURAHUA - SAN PEDRO DE PELILEO_VID|TUNGURAHUA - SANTIAGO DE PILLARO_ADM|TUNGURAHUA - SANTIAGO DE PILLARO_ADP|TUNGURAHUA - SANTIAGO DE PILLARO_AGU|TUNGURAHUA - SANTIAGO DE PILLARO_ALD|TUNGURAHUA - SANTIAGO DE PILLARO_ASO|TUNGURAHUA - SANTIAGO DE PILLARO_BAL|TUNGURAHUA - SANTIAGO DE PILLARO_BNA|TUNGURAHUA - SANTIAGO DE PILLARO_CAR|TUNGURAHUA - SANTIAGO DE PILLARO_CEM|TUNGURAHUA - SANTIAGO DE PILLARO_CER|TUNGURAHUA - SANTIAGO DE PILLARO_CIN|TUNGURAHUA - SANTIAGO DE PILLARO_COM|TUNGURAHUA - SANTIAGO DE PILLARO_CON|TUNGURAHUA - SANTIAGO DE PILLARO_CUE|TUNGURAHUA - SANTIAGO DE PILLARO_CUL|TUNGURAHUA - SANTIAGO DE PILLARO_DEM|TUNGURAHUA - SANTIAGO DE PILLARO_DOM|TUNGURAHUA - SANTIAGO DE PILLARO_EDU|TUNGURAHUA - SANTIAGO DE PILLARO_FIN|TUNGURAHUA - SANTIAGO DE PILLARO_FRV|TUNGURAHUA - SANTIAGO DE PILLARO_GAN|TUNGURAHUA - SANTIAGO DE PILLARO_HIL|TUNGURAHUA - SANTIAGO DE PILLARO_HOT|TUNGURAHUA - SANTIAGO DE PILLARO_INM|TUNGURAHUA - SANTIAGO DE PILLARO_LAC|TUNGURAHUA - SANTIAGO DE PILLARO_MAD|TUNGURAHUA - SANTIAGO DE PILLARO_MAN|TUNGURAHUA - SANTIAGO DE PILLARO_MAQ|TUNGURAHUA - SANTIAGO DE PILLARO_MET|TUNGURAHUA - SANTIAGO DE PILLARO_MIP|TUNGURAHUA - SANTIAGO DE PILLARO_MUE|TUNGURAHUA - SANTIAGO DE PILLARO_PAN|TUNGURAHUA - SANTIAGO DE PILLARO_PAP|TUNGURAHUA - SANTIAGO DE PILLARO_PES|TUNGURAHUA - SANTIAGO DE PILLARO_PLS|TUNGURAHUA - SANTIAGO DE PILLARO_QU1|TUNGURAHUA - SANTIAGO DE PILLARO_QU2|TUNGURAHUA - SANTIAGO DE PILLARO_REP|TUNGURAHUA - SANTIAGO DE PILLARO_RES|TUNGURAHUA - SANTIAGO DE PILLARO_SAL|TUNGURAHUA - SANTIAGO DE PILLARO_SIL|TUNGURAHUA - SANTIAGO DE PILLARO_TEL|TUNGURAHUA - SANTIAGO DE PILLARO_TRA|TUNGURAHUA - SANTIAGO DE PILLARO_VES|TUNGURAHUA - SANTIAGO DE PILLARO_VID|TUNGURAHUA - TISALEO_ADM|TUNGURAHUA - TISALEO_ADP|TUNGURAHUA - TISALEO_ALD|TUNGURAHUA - TISALEO_ASO|TUNGURAHUA - TISALEO_BNA|TUNGURAHUA - TISALEO_CEM|TUNGURAHUA - TISALEO_CER|TUNGURAHUA - TISALEO_CHO|TUNGURAHUA - TISALEO_CIN|TUNGURAHUA - TISALEO_COM|TUNGURAHUA - TISALEO_CON|TUNGURAHUA - TISALEO_CUE|TUNGURAHUA - TISALEO_CUL|TUNGURAHUA - TISALEO_DEM|TUNGURAHUA - TISALEO_EDU|TUNGURAHUA - TISALEO_FIN|TUNGURAHUA - TISALEO_FRV|TUNGURAHUA - TISALEO_GAN|TUNGURAHUA - TISALEO_HIL|TUNGURAHUA - TISALEO_INM|TUNGURAHUA - TISALEO_LAC|TUNGURAHUA - TISALEO_MAD|TUNGURAHUA - TISALEO_MAN|TUNGURAHUA - TISALEO_MAQ|TUNGURAHUA - TISALEO_MET|TUNGURAHUA - TISALEO_MOL|TUNGURAHUA - TISALEO_MUE|TUNGURAHUA - TISALEO_PAN|TUNGURAHUA - TISALEO_PAP|TUNGURAHUA - TISALEO_PES|TUNGURAHUA - TISALEO_PLS|TUNGURAHUA - TISALEO_QU1|TUNGURAHUA - TISALEO_REP|TUNGURAHUA - TISALEO_RES|TUNGURAHUA - TISALEO_SAL|TUNGURAHUA - TISALEO_TEL|TUNGURAHUA - TISALEO_TRA|TUNGURAHUA - TISALEO_VES|TUNGURAHUA - TISALEO_VID,814,3251.0766853072055,0.7501207249344101
canton_sector,55,ESMERALDAS - ATACAMES_ADM|ESMERALDAS - ATACAMES_ADP|ESMERALDAS - ATACAMES_AGU|ESMERALDAS - ATACAMES_ALD|ESMERALDAS - ATACAMES_ASO|ESMERALDAS - ATACAMES_AYG|ESMERALDAS - ATACAMES_BAL|ESMERALDAS - ATACAMES_BNA|ESMERALDAS - ATACAMES_CEM|ESMERALDAS - ATACAMES_CIN|ESMERALDAS - ATACAMES_COM|ESMERALDAS - ATACAMES_CON|ESMERALDAS - ATACAMES_CUE|ESMERALDAS - ATACAMES_CUL|ESMERALDAS - ATACAMES_DEM|ESMERALDAS - ATACAMES_DOM|ESMERALDAS - ATACAMES_EDU|ESMERALDAS - ATACAMES_FRT|ESMERALDAS - ATACAMES_FRV|ESMERALDAS - ATACAMES_GAN|ESMERALDAS - ATACAMES_HIL|ESMERALDAS - ATACAMES_HOT|ESMERALDAS - ATACAMES_INM|ESMERALDAS - ATACAMES_LAC|ESMERALDAS - ATACAMES_MAD|ESMERALDAS - ATACAMES_MAN|ESMERALDAS - ATACAMES_MAQ|ESMERALDAS - ATACAMES_MET|ESMERALDAS - ATACAMES_MUE|ESMERALDAS - ATACAMES_PAN|ESMERALDAS - ATACAMES_PAP|ESMERALDAS - ATACAMES_PES|ESMERALDAS - ATACAMES_POS|ESMERALDAS - ATACAMES_QU2|ESMERALDAS - ATACAMES_REP|ESMERALDAS - ATACAMES_RES|ESMERALDAS - ATACAMES_SAL|ESMERALDAS - ATACAMES_SIL|ESMERALDAS - ATACAMES_TEL|ESMERALDAS - ATACAMES_TRA|ESMERALDAS - ATACAMES_VES|ESMERALDAS - ATACAMES_VID|ESMERALDAS - MUISNE_ADM|ESMERALDAS - MUISNE_ADP|ESMERALDAS - MUISNE_AGU|ESMERALDAS - MUISNE_ASO|ESMERALDAS - MUISNE_BAL|ESMERALDAS - MUISNE_CER|ESMERALDAS - MUISNE_CIN|ESMERALDAS - MUISNE_COM|ESMERALDAS - MUISNE_CON|ESMERALDAS - MUISNE_CUL|ESMERALDAS - MUISNE_DEM|ESMERALDAS - MUISNE_DOM|ESMERALDAS - MUISNE_EDU|ESMERALDAS - MUISNE_FRV|ESMERALDAS - MUISNE_GAN|ESMERALDAS - MUISNE_HOT|ESMERALDAS - MUISNE_INM|ESMERALDAS - MUISNE_LAC|ESMERALDAS - MUISNE_MAD|ESMERALDAS - MUISNE_MAQ|ESMERALDAS - MUISNE_MIP|ESMERALDAS - MUISNE_MUE|ESMERALDAS - MUISNE_PAN|ESMERALDAS - MUISNE_PES|ESMERALDAS - MUISNE_PPR|ESMERALDAS - MUISNE_QU1|ESMERALDAS - MUISNE_REP|ESMERALDAS - MUISNE_RES|ESMERALDAS - MUISNE_SAL|ESMERALDAS - MUISNE_SIL|ESMERALDAS - MUISNE_TEL|ESMERALDAS - MUISNE_TRA|ESMERALDAS - MUISNE_VES|GUAYAS - BALZAR_ADM|GUAYAS - BALZAR_ADP|GUAYAS - BALZAR_AGU|GUAYAS - BALZAR_ASO|GUAYAS - BALZAR_CEM|GUAYAS - BALZAR_CER|GUAYAS - BALZAR_CIN|GUAYAS - BALZAR_COM|GUAYAS - BALZAR_CON|GUAYAS - BALZAR_CUL|GUAYAS - BALZAR_DEM|GUAYAS - BALZAR_DOM|GUAYAS - BALZAR_EDU|GUAYAS - BALZAR_FIN|GUAYAS - BALZAR_FRT|GUAYAS - BALZAR_FRV|GUAYAS - BALZAR_GAN|GUAYAS - BALZAR_HIL|GUAYAS - BALZAR_HOT|GUAYAS - BALZAR_INM|GUAYAS - BALZAR_LAC|GUAYAS - BALZAR_MAD|GUAYAS - BALZAR_MAN|GUAYAS - BALZAR_MAQ|GUAYAS - BALZAR_MOL|GUAYAS - BALZAR_MUE|GUAYAS - BALZAR_PAN|GUAYAS - BALZAR_PAP|GUAYAS - BALZAR_PES|GUAYAS - BALZAR_QU1|GUAYAS - BALZAR_REP|GUAYAS - BALZAR_RES|GUAYAS - BALZAR_SAL|GUAYAS - BALZAR_SIL|GUAYAS - BALZAR_TEL|GUAYAS - BALZAR_TRA|GUAYAS - BALZAR_VES|GUAYAS - BALZAR_VID|GUAYAS - COLIMES_ADM|GUAYAS - COLIMES_ADP|GUAYAS - COLIMES_ASO|GUAYAS - COLIMES_CER|GUAYAS - COLIMES_COM|GUAYAS - COLIMES_CON|GUAYAS - COLIMES_CUE|GUAYAS - COLIMES_CUL|GUAYAS - COLIMES_DEM|GUAYAS - COLIMES_EDU|GUAYAS - COLIMES_FIN|GUAYAS - COLIMES_FRT|GUAYAS - COLIMES_GAN|GUAYAS - COLIMES_HOT|GUAYAS - COLIMES_INM|GUAYAS - COLIMES_MAQ|GUAYAS - COLIMES_MOL|GUAYAS - COLIMES_MUE|GUAYAS - COLIMES_PES|GUAYAS - COLIMES_REP|GUAYAS - COLIMES_RES|GUAYAS - COLIMES_SAL|GUAYAS - COLIMES_TEL|GUAYAS - COLIMES_TRA|GUAYAS - COLIMES_VES|GUAYAS - EL EMPALME_ADM|GUAYAS - EL EMPALME_ADP|GUAYAS - EL EMPALME_AGU|GUAYAS - EL EMPALME_ALD|GUAYAS - EL EMPALME_ASO|GUAYAS - EL EMPALME_BNA|GUAYAS - EL EMPALME_CER|GUAYAS - EL EMPALME_CIN|GUAYAS - EL EMPALME_COM|GUAYAS - EL EMPALME_CON|GUAYAS - EL EMPALME_CUL|GUAYAS - EL EMPALME_DEM|GUAYAS - EL EMPALME_DOM|GUAYAS - EL EMPALME_EDU|GUAYAS - EL EMPALME_FID|GUAYAS - EL EMPALME_FRT|GUAYAS - EL EMPALME_FRV|GUAYAS - EL EMPALME_GAN|GUAYAS - EL EMPALME_HIL|GUAYAS - EL EMPALME_HOT|GUAYAS - EL EMPALME_INM|GUAYAS - EL EMPALME_MAD|GUAYAS - EL EMPALME_MAN|GUAYAS - EL EMPALME_MAQ|GUAYAS - EL EMPALME_MOL|GUAYAS - EL EMPALME_MUE|GUAYAS - EL EMPALME_PAN|GUAYAS - EL EMPALME_PAP|GUAYAS - EL EMPALME_PES|GUAYAS - EL EMPALME_POS|GUAYAS - EL EMPALME_QU1|GUAYAS - EL EMPALME_REP|GUAYAS - EL EMPALME_RES|GUAYAS - EL EMPALME_SAL|GUAYAS - EL EMPALME_SIL|GUAYAS - EL EMPALME_TEL|GUAYAS - EL EMPALME_TRA|GUAYAS - EL EMPALME_VES|GUAYAS - EL EMPALME_VID|GUAYAS - PALESTINA_ADM|GUAYAS - PALESTINA_ADP|GUAYAS - PALESTINA_ASO|GUAYAS - PALESTINA_CER|GUAYAS - PALESTINA_CIN|GUAYAS - PALESTINA_COM|GUAYAS - PALESTINA_CON|GUAYAS - PALESTINA_CUL|GUAYAS - PALESTINA_DEM|GUAYAS - PALESTINA_DOM|GUAYAS - PALESTINA_EDU|GUAYAS - PALESTINA_FIN|GUAYAS - PALESTINA_GAN|GUAYAS - PALESTINA_INM|GUAYAS - PALESTINA_MAD|GUAYAS - PALESTINA_MAQ|GUAYAS - PALESTINA_MIP|GUAYAS - PALESTINA_MOL|GUAYAS - PALESTINA_PAN|GUAYAS - PALESTINA_PES|GUAYAS - PALESTINA_REP|GUAYAS - PALESTINA_RES|GUAYAS - PALESTINA_SAL|GUAYAS - PALESTINA_SIL|GUAYAS - PALESTINA_TEL|GUAYAS - PALESTINA_TRA|GUAYAS - SALITRE_ADM|GUAYAS - SALITRE_ADP|GUAYAS - SALITRE_AGU|GUAYAS - SALITRE_ASO|GUAYAS - SALITRE_CER|GUAYAS - SALITRE_CIN|GUAYAS - SALITRE_COM|GUAYAS - SALITRE_CON|GUAYAS - SALITRE_CUE|GUAYAS - SALITRE_CUL|GUAYAS - SALITRE_DEM|GUAYAS - SALITRE_DOM|GUAYAS - SALITRE_EDU|GUAYAS - SALITRE_FIN|GUAYAS - SALITRE_FRT|GUAYAS - SALITRE_FRV|GUAYAS - SALITRE_GAN|GUAYAS - SALITRE_HOT|GUAYAS - SALITRE_INM|GUAYAS - SALITRE_MAN|GUAYAS - SALITRE_MAQ|GUAYAS - SALITRE_MOL|GUAYAS - SALITRE_PES|GUAYAS - SALITRE_QU2|GUAYAS - SALITRE_REP|GUAYAS - SALITRE_RES|GUAYAS - SALITRE_SAL|GUAYAS - SALITRE_TEL|GUAYAS - SALITRE_TRA|GUAYAS - SALITRE_VES|GUAYAS - SALITRE_VID|LOS RIOS - BABA_ADM|LOS RIOS - BABA_ADP|LOS RIOS - BABA_ASO|LOS RIOS - BABA_CER|LOS RIOS - BABA_CIN|LOS RIOS - BABA_COM|LOS RIOS - BABA_CON|LOS RIOS - BABA_CUL|LOS RIOS - BABA_DEM|LOS RIOS - BABA_DOM|LOS RIOS - BABA_EDU|LOS RIOS - BABA_FRT|LOS RIOS - BABA_FRV|LOS RIOS - BABA_GAN|LOS RIOS - BABA_HOT|LOS RIOS - BABA_INM|LOS RIOS - BABA_MAN|LOS RIOS - BABA_MAQ|LOS RIOS - BABA_MOL|LOS RIOS - BABA_PAN|LOS RIOS - BABA_REP|LOS RIOS - BABA_RES|LOS RIOS - BABA_SAL|LOS RIOS - BABA_TEL|LOS RIOS - BABA_TRA|LOS RIOS - BABA_VES|LOS RIOS - BUENA FE_ADM|LOS RIOS - BUENA FE_ADP|LOS RIOS - BUENA FE_AGU|LOS RIOS - BUENA FE_ALD|LOS RIOS - BUENA FE_ASO|LOS RIOS - BUENA FE_BNA|LOS RIOS - BUENA FE_CAU|LOS RIOS - BUENA FE_CER|LOS RIOS - BUENA FE_CHO|LOS RIOS - BUENA FE_CIN|LOS RIOS - BUENA FE_COM|LOS RIOS - BUENA FE_CON|LOS RIOS - BUENA FE_CUL|LOS RIOS - BUENA FE_DEM|LOS RIOS - BUENA FE_DOM|LOS RIOS - BUENA FE_EDU|LOS RIOS - BUENA FE_FRT|LOS RIOS - BUENA FE_FRV|LOS RIOS - BUENA FE_GAN|LOS RIOS - BUENA FE_HIL|LOS RIOS - BUENA FE_HOT|LOS RIOS - BUENA FE_INM|LOS RIOS - BUENA FE_MAD|LOS RIOS - BUENA FE_MAN|LOS RIOS - BUENA FE_MAQ|LOS RIOS - BUENA FE_MET|LOS RIOS - BUENA FE_MUE|LOS RIOS - BUENA FE_PAN|LOS RIOS - BUENA FE_PES|LOS RIOS - BUENA FE_POS|LOS RIOS - BUENA FE_QU2|LOS RIOS - BUENA FE_REP|LOS RIOS - BUENA FE_RES|LOS RIOS - BUENA FE_SAL|LOS RIOS - BUENA FE_SIL|LOS RIOS - BUENA FE_TEL|LOS RIOS - BUENA FE_TRA|LOS RIOS - BUENA FE_VES|LOS RIOS - BUENA FE_VID|LOS RIOS - QUEVEDO_ADM|LOS RIOS - QUEVEDO_ADP|LOS RIOS - QUEVEDO_AGU|LOS RIOS - QUEVEDO_ALD|LOS RIOS - QUEVEDO_ASO|LOS RIOS - QUEVEDO_AYG|LOS RIOS - QUEVEDO_BNA|LOS RIOS - QUEVEDO_CAN|LOS RIOS - QUEVEDO_CAR|LOS RIOS - QUEVEDO_CAU|LOS RIOS - QUEVEDO_CEM|LOS RIOS - QUEVEDO_CER|LOS RIOS - QUEVEDO_CIN|LOS RIOS - QUEVEDO_COM|LOS RIOS - QUEVEDO_CON|LOS RIOS - QUEVEDO_CUE|LOS RIOS - QUEVEDO_CUL|LOS RIOS - QUEVEDO_DEM|LOS RIOS - QUEVEDO_DOM|LOS RIOS - QUEVEDO_EDU|LOS RIOS - QUEVEDO_ELE|LOS RIOS - QUEVEDO_FIN|LOS RIOS - QUEVEDO_FRT|LOS RIOS - QUEVEDO_FRV|LOS RIOS - QUEVEDO_GAN|LOS RIOS - QUEVEDO_HIL|LOS RIOS - QUEVEDO_HOT|LOS RIOS - QUEVEDO_INM|LOS RIOS - QUEVEDO_LAC|LOS RIOS - QUEVEDO_MAD|LOS RIOS - QUEVEDO_MAN|LOS RIOS - QUEVEDO_MAQ|LOS RIOS - QUEVEDO_MET|LOS RIOS - QUEVEDO_MIP|LOS RIOS - QUEVEDO_MOL|LOS RIOS - QUEVEDO_MUE|LOS RIOS - QUEVEDO_PAN|LOS RIOS - QUEVEDO_PES|LOS RIOS - QUEVEDO_PLS|LOS RIOS - QUEVEDO_POS|LOS RIOS - QUEVEDO_QU1|LOS RIOS - QUEVEDO_QU2|LOS RIOS - QUEVEDO_REP|LOS RIOS - QUEVEDO_RES|LOS RIOS - QUEVEDO_SAL|LOS RIOS - QUEVEDO_SEG|LOS RIOS - QUEVEDO_SIL|LOS RIOS - QUEVEDO_TEL|LOS RIOS - QUEVEDO_TRA|LOS RIOS - QUEVEDO_VES|LOS RIOS - QUEVEDO_VID|MANABI - BOLIVAR_ADM|MANABI - BOLIVAR_ADP|MANABI - BOLIVAR_AGU|MANABI - BOLIVAR_ALD|MANABI - BOLIVAR_ASO|MANABI - BOLIVAR_BNA|MANABI - BOLIVAR_CER|MANABI - BOLIVAR_CIN|MANABI - BOLIVAR_COM|MANABI - BOLIVAR_CON|MANABI - BOLIVAR_CUL|MANABI - BOLIVAR_DEM|MANABI - BOLIVAR_DOM|MANABI - BOLIVAR_EDU|MANABI - BOLIVAR_FRT|MANABI - BOLIVAR_FRV|MANABI - BOLIVAR_GAN|MANABI - BOLIVAR_HIL|MANABI - BOLIVAR_HOT|MANABI - BOLIVAR_INM|MANABI - BOLIVAR_MAN|MANABI - BOLIVAR_MAQ|MANABI - BOLIVAR_MUE|MANABI - BOLIVAR_PAN|MANABI - BOLIVAR_PES|MANABI - BOLIVAR_REP|MANABI - BOLIVAR_RES|MANABI - BOLIVAR_SAL|MANABI - BOLIVAR_TEL|MANABI - BOLIVAR_TRA|MANABI - BOLIVAR_VES|MANABI - BOLIVAR_VID|MANABI - CHONE_ADM|MANABI - CHONE_ADP|MANABI - CHONE_AGU|MANABI - CHONE_ALD|MANABI - CHONE_ASO|MANABI - CHONE_BAL|MANABI - CHONE_BNA|MANABI - CHONE_CAN|MANABI - CHONE_CAR|MANABI - CHONE_CEM|MANABI - CHONE_CER|MANABI - CHONE_CHO|MANABI - CHONE_CIN|MANABI - CHONE_COM|MANABI - CHONE_CON|MANABI - CHONE_CUE|MANABI - CHONE_CUL|MANABI - CHONE_DEM|MANABI - CHONE_DOM|MANABI - CHONE_EDU|MANABI - CHONE_FID|MANABI - CHONE_FIN|MANABI - CHONE_FRT|MANABI - CHONE_FRV|MANABI - CHONE_GAN|MANABI - CHONE_HIL|MANABI - CHONE_HOT|MANABI - CHONE_INM|MANABI - CHONE_LAC|MANABI - CHONE_MAD|MANABI - CHONE_MAN|MANABI - CHONE_MAQ|MANABI - CHONE_MUE|MANABI - CHONE_PAN|MANABI - CHONE_PES|MANABI - CHONE_POS|MANABI - CHONE_REP|MANABI - CHONE_RES|MANABI - CHONE_SAL|MANABI - CHONE_SIL|MANABI - CHONE_TEL|MANABI - CHONE_TRA|MANABI - CHONE_VES|MANABI - CHONE_VID|MANABI - JAMA_ADM|MANABI - JAMA_ADP|MANABI - JAMA_AGU|MANABI - JAMA_ASO|MANABI - JAMA_BAL|MANABI - JAMA_BNA|MANABI - JAMA_CIN|MANABI - JAMA_COM|MANABI - JAMA_CON|MANABI - JAMA_CUL|MANABI - JAMA_DEM|MANABI - JAMA_DOM|MANABI - JAMA_EDU|MANABI - JAMA_FRT|MANABI - JAMA_FRV|MANABI - JAMA_GAN|MANABI - JAMA_HOT|MANABI - JAMA_INM|MANABI - JAMA_LAC|MANABI - JAMA_MAD|MANABI - JAMA_MAQ|MANABI - JAMA_MUE|MANABI - JAMA_PES|MANABI - JAMA_POS|MANABI - JAMA_PPR|MANABI - JAMA_REP|MANABI - JAMA_RES|MANABI - JAMA_SAL|MANABI - JAMA_TEL|MANABI - JAMA_TRA|MANABI - JAMA_VES|MANABI - JAMA_VID|MANABI - JUNIN_ADM|MANABI - JUNIN_ADP|MANABI - JUNIN_ALD|MANABI - JUNIN_ASO|MANABI - JUNIN_AZU|MANABI - JUNIN_BNA|MANABI - JUNIN_CAN|MANABI - JUNIN_CER|MANABI - JUNIN_CIN|MANABI - JUNIN_COM|MANABI - JUNIN_CON|MANABI - JUNIN_CUL|MANABI - JUNIN_DEM|MANABI - JUNIN_DOM|MANABI - JUNIN_EDU|MANABI - JUNIN_FIN|MANABI - JUNIN_FRT|MANABI - JUNIN_FRV|MANABI - JUNIN_GAN|MANABI - JUNIN_HOT|MANABI - JUNIN_INM|MANABI - JUNIN_MAD|MANABI - JUNIN_MAN|MANABI - JUNIN_MAQ|MANABI - JUNIN_PAN|MANABI - JUNIN_REP|MANABI - JUNIN_RES|MANABI - JUNIN_SAL|MANABI - JUNIN_SIL|MANABI - JUNIN_TEL|MANABI - JUNIN_TRA|MANABI - JUNIN_VES|MANABI - OLMEDO_ADM|MANABI - OLMEDO_ADP|MANABI - OLMEDO_ASO|MANABI - OLMEDO_BNA|MANABI - OLMEDO_CAR|MANABI - OLMEDO_CER|MANABI - OLMEDO_CIN|MANABI - OLMEDO_COM|MANABI - OLMEDO_CON|MANABI - OLMEDO_CUL|MANABI - OLMEDO_DEM|MANABI - OLMEDO_DOM|MANABI - OLMEDO_EDU|MANABI - OLMEDO_FRV|MANABI - OLMEDO_GAN|MANABI - OLMEDO_HOT|MANABI - OLMEDO_INM|MANABI - OLMEDO_MAQ|MANABI - OLMEDO_MUE|MANABI - OLMEDO_PAN|MANABI - OLMEDO_REP|MANABI - OLMEDO_RES|MANABI - OLMEDO_TEL|MANABI - OLMEDO_TRA|MANABI - OLMEDO_VES|MANABI - PAJAN_ADM|MANABI - PAJAN_ADP|MANABI - PAJAN_AGU|MANABI - PAJAN_ALD|MANABI - PAJAN_ASO|MANABI - PAJAN_CER|MANABI - PAJAN_COM|MANABI - PAJAN_CON|MANABI - PAJAN_CUE|MANABI - PAJAN_CUL|MANABI - PAJAN_DEM|MANABI - PAJAN_DOM|MANABI - PAJAN_EDU|MANABI - PAJAN_FRT|MANABI - PAJAN_FRV|MANABI - PAJAN_GAN|MANABI - PAJAN_HIL|MANABI - PAJAN_HOT|MANABI - PAJAN_INM|MANABI - PAJAN_MAD|MANABI - PAJAN_MAQ|MANABI - PAJAN_MOL|MANABI - PAJAN_MUE|MANABI - PAJAN_PAN|MANABI - PAJAN_PLS|MANABI - PAJAN_REP|MANABI - PAJAN_RES|MANABI - PAJAN_SAL|MANABI - PAJAN_SIL|MANABI - PAJAN_TEL|MANABI - PAJAN_TRA|MANABI - PAJAN_VES|MANABI - PEDERNALES_ADM|MANABI - PEDERNALES_ADP|MANABI - PEDERNALES_AGU|MANABI - PEDERNALES_ALD|MANABI - PEDERNALES_ASO|MANABI - PEDERNALES_BAL|MANABI - PEDERNALES_BNA|MANABI - PEDERNALES_CAN|MANABI - PEDERNALES_CER|MANABI - PEDERNALES_CIN|MANABI - PEDERNALES_COM|MANABI - PEDERNALES_CON|MANABI - PEDERNALES_CUL|MANABI - PEDERNALES_DEM|MANABI - PEDERNALES_DOM|MANABI - PEDERNALES_EDU|MANABI - PEDERNALES_FIN|MANABI - PEDERNALES_FRT|MANABI - PEDERNALES_FRV|MANABI - PEDERNALES_GAN|MANABI - PEDERNALES_HIL|MANABI - PEDERNALES_HOT|MANABI - PEDERNALES_INM|MANABI - PEDERNALES_LAC|MANABI - PEDERNALES_MAD|MANABI - PEDERNALES_MAN|MANABI - PEDERNALES_MAQ|MANABI - PEDERNALES_MIP|MANABI - PEDERNALES_MUE|MANABI - PEDERNALES_PAN|MANABI - PEDERNALES_PES|MANABI - PEDERNALES_POS|MANABI - PEDERNALES_PPR|MANABI - PEDERNALES_QU1|MANABI - PEDERNALES_REP|MANABI - PEDERNALES_RES|MANABI - PEDERNALES_SAL|MANABI - PEDERNALES_SIL|MANABI - PEDERNALES_TEL|MANABI - PEDERNALES_TRA|MANABI - PEDERNALES_VES|MANABI - PEDERNALES_VID|MANABI - PICHINCHA_ADM|MANABI - PICHINCHA_ADP|MANABI - PICHINCHA_ASO|MANABI - PICHINCHA_CAR|MANABI - PICHINCHA_CER|MANABI - PICHINCHA_COM|MANABI - PICHINCHA_CON|MANABI - PICHINCHA_CUE|MANABI - PICHINCHA_CUL|MANABI - PICHINCHA_DEM|MANABI - PICHINCHA_DOM|MANABI - PICHINCHA_EDU|MANABI - PICHINCHA_FRV|MANABI - PICHINCHA_GAN|MANABI - PICHINCHA_HIL|MANABI - PICHINCHA_HOT|MANABI - PICHINCHA_INM|MANABI - PICHINCHA_MAD|MANABI - PICHINCHA_MAQ|MANABI - PICHINCHA_MUE|MANABI - PICHINCHA_POS|MANABI - PICHINCHA_REP|MANABI - PICHINCHA_RES|MANABI - PICHINCHA_SAL|MANABI - PICHINCHA_SIL|MANABI - PICHINCHA_TEL|MANABI - PICHINCHA_TRA|MANABI - PICHINCHA_VES|MANABI - ROCAFUERTE_ADM|MANABI - ROCAFUERTE_ADP|MANABI - ROCAFUERTE_AGU|MANABI - ROCAFUERTE_ALD|MANABI - ROCAFUERTE_ASO|MANABI - ROCAFUERTE_BAL|MANABI - ROCAFUERTE_CAN|MANABI - ROCAFUERTE_CAR|MANABI - ROCAFUERTE_CEM|MANABI - ROCAFUERTE_CER|MANABI - ROCAFUERTE_CIN|MANABI - ROCAFUERTE_COM|MANABI - ROCAFUERTE_CON|MANABI - ROCAFUERTE_CUL|MANABI - ROCAFUERTE_DEM|MANABI - ROCAFUERTE_DOM|MANABI - ROCAFUERTE_EDU|MANABI - ROCAFUERTE_ELE|MANABI - ROCAFUERTE_FIN|MANABI - ROCAFUERTE_FRT|MANABI - ROCAFUERTE_FRV|MANABI - ROCAFUERTE_GAN|MANABI - ROCAFUERTE_HIL|MANABI - ROCAFUERTE_HOT|MANABI - ROCAFUERTE_INM|MANABI - ROCAFUERTE_MAD|MANABI - ROCAFUERTE_MAN|MANABI - ROCAFUERTE_MAQ|MANABI - ROCAFUERTE_MOL|MANABI - ROCAFUERTE_MUE|MANABI - ROCAFUERTE_PAN|MANABI - ROCAFUERTE_PES|MANABI - ROCAFUERTE_POS|MANABI - ROCAFUERTE_REP|MANABI - ROCAFUERTE_RES|MANABI - ROCAFUERTE_SAL|MANABI - ROCAFUERTE_SIL|MANABI - ROCAFUERTE_TEL|MANABI - ROCAFUERTE_TRA|MANABI - ROCAFUERTE_VES|MANABI - ROCAFUERTE_VID|MANABI - SAN VICENTE_ADM|MANABI - SAN VICENTE_ADP|MANABI - SAN VICENTE_AGU|MANABI - SAN VICENTE_ALD|MANABI - SAN VICENTE_ASO|MANABI - SAN VICENTE_AYG|MANABI - SAN VICENTE_BAL|MANABI - SAN VICENTE_BNA|MANABI - SAN VICENTE_CEM|MANABI - SAN VICENTE_CER|MANABI - SAN VICENTE_CIN|MANABI - SAN VICENTE_COM|MANABI - SAN VICENTE_CON|MANABI - SAN VICENTE_CUL|MANABI - SAN VICENTE_DEM|MANABI - SAN VICENTE_DOM|MANABI - SAN VICENTE_EDU|MANABI - SAN VICENTE_ELE|MANABI - SAN VICENTE_FRT|MANABI - SAN VICENTE_FRV|MANABI - SAN VICENTE_GAN|MANABI - SAN VICENTE_HIL|MANABI - SAN VICENTE_HOT|MANABI - SAN VICENTE_INM|MANABI - SAN VICENTE_LAC|MANABI - SAN VICENTE_MAD|MANABI - SAN VICENTE_MAN|MANABI - SAN VICENTE_MAQ|MANABI - SAN VICENTE_MET|MANABI - SAN VICENTE_MUE|MANABI - SAN VICENTE_PAN|MANABI - SAN VICENTE_PES|MANABI - SAN VICENTE_POS|MANABI - SAN VICENTE_REP|MANABI - SAN VICENTE_RES|MANABI - SAN VICENTE_SAL|MANABI - SAN VICENTE_SIL|MANABI - SAN VICENTE_TEL|MANABI - SAN VICENTE_TRA|MANABI - SAN VICENTE_VES|MANABI - SAN VICENTE_VID|MANABI - TOSAGUA_ADM|MANABI - TOSAGUA_ADP|MANABI - TOSAGUA_AGU|MANABI - TOSAGUA_ALD|MANABI - TOSAGUA_ASO|MANABI - TOSAGUA_CAR|MANABI - TOSAGUA_CER|MANABI - TOSAGUA_COM|MANABI - TOSAGUA_CON|MANABI - TOSAGUA_CUL|MANABI - TOSAGUA_DEM|MANABI - TOSAGUA_DOM|MANABI - TOSAGUA_EDU|MANABI - TOSAGUA_FIN|MANABI - TOSAGUA_FRT|MANABI - TOSAGUA_FRV|MANABI - TOSAGUA_GAN|MANABI - TOSAGUA_HIL|MANABI - TOSAGUA_HOT|MANABI - TOSAGUA_INM|MANABI - TOSAGUA_LAC|MANABI - TOSAGUA_MAD|MANABI - TOSAGUA_MAN|MANABI - TOSAGUA_MAQ|MANABI - TOSAGUA_MUE|MANABI - TOSAGUA_PAN|MANABI - TOSAGUA_PES|MANABI - TOSAGUA_POS|MANABI - TOSAGUA_QU1|MANABI - TOSAGUA_QU2|MANABI - TOSAGUA_REP|MANABI - TOSAGUA_RES|MANABI - TOSAGUA_SAL|MANABI - TOSAGUA_SIL|MANABI - TOSAGUA_TEL|MANABI - TOSAGUA_TRA|MANABI - TOSAGUA_VES,736,3874.4572127290935,0.6294301023606417
canton_sector,56,AZUAY - GUACHAPALA_ADM|AZUAY - GUACHAPALA_ADP|AZUAY - GUACHAPALA_ASO|AZUAY - GUACHAPALA_CER|AZUAY - GUACHAPALA_CIN|AZUAY - GUACHAPALA_COM|AZUAY - GUACHAPALA_CON|AZUAY - GUACHAPALA_CUL|AZUAY - GUACHAPALA_DEM|AZUAY - GUACHAPALA_EDU|AZUAY - GUACHAPALA_FIN|AZUAY - GUACHAPALA_FRV|AZUAY - GUACHAPALA_GAN|AZUAY - GUACHAPALA_HIL|AZUAY - GUACHAPALA_INM|AZUAY - GUACHAPALA_PAN|AZUAY - GUACHAPALA_RES|AZUAY - GUACHAPALA_TRA|AZUAY - SEVILLA DE ORO_ADM|AZUAY - SEVILLA DE ORO_ADP|AZUAY - SEVILLA DE ORO_AGU|AZUAY - SEVILLA DE ORO_ASO|AZUAY - SEVILLA DE ORO_COM|AZUAY - SEVILLA DE ORO_CON|AZUAY - SEVILLA DE ORO_CUL|AZUAY - SEVILLA DE ORO_DOM|AZUAY - SEVILLA DE ORO_FRT|AZUAY - SEVILLA DE ORO_FRV|AZUAY - SEVILLA DE ORO_GAN|AZUAY - SEVILLA DE ORO_INM|AZUAY - SEVILLA DE ORO_LAC|AZUAY - SEVILLA DE ORO_MAD|AZUAY - SEVILLA DE ORO_MAN|AZUAY - SEVILLA DE ORO_MAQ|AZUAY - SEVILLA DE ORO_PAN|AZUAY - SEVILLA DE ORO_REP|AZUAY - SEVILLA DE ORO_RES|AZUAY - SEVILLA DE ORO_SAL|AZUAY - SEVILLA DE ORO_TEL|AZUAY - SEVILLA DE ORO_TRA|AZUAY - SEVILLA DE ORO_VES|CHIMBORAZO - ALAUSI_ADM|CHIMBORAZO - ALAUSI_ADP|CHIMBORAZO - ALAUSI_ALD|CHIMBORAZO - ALAUSI_ASO|CHIMBORAZO - ALAUSI_BNA|CHIMBORAZO - ALAUSI_CAR|CHIMBORAZO - ALAUSI_CEM|CHIMBORAZO - ALAUSI_CER|CHIMBORAZO - ALAUSI_CIN|CHIMBORAZO - ALAUSI_COM|CHIMBORAZO - ALAUSI_CON|CHIMBORAZO - ALAUSI_CUL|CHIMBORAZO - ALAUSI_DEM|CHIMBORAZO - ALAUSI_DOM|CHIMBORAZO - ALAUSI_EDU|CHIMBORAZO - ALAUSI_FIN|CHIMBORAZO - ALAUSI_FRV|CHIMBORAZO - ALAUSI_GAN|CHIMBORAZO - ALAUSI_HIL|CHIMBORAZO - ALAUSI_HOT|CHIMBORAZO - ALAUSI_INM|CHIMBORAZO - ALAUSI_LAC|CHIMBORAZO - ALAUSI_MAD|CHIMBORAZO - ALAUSI_MAN|CHIMBORAZO - ALAUSI_MAQ|CHIMBORAZO - ALAUSI_MIP|CHIMBORAZO - ALAUSI_MUE|CHIMBORAZO - ALAUSI_PAN|CHIMBORAZO - ALAUSI_PLS|CHIMBORAZO - ALAUSI_POS|CHIMBORAZO - ALAUSI_REP|CHIMBORAZO - ALAUSI_RES|CHIMBORAZO - ALAUSI_SAL|CHIMBORAZO - ALAUSI_SIL|CHIMBORAZO - ALAUSI_TEL|CHIMBORAZO - ALAUSI_TRA|CHIMBORAZO - ALAUSI_VES|CHIMBORAZO - ALAUSI_VID|CHIMBORAZO - CUMANDA_ADM|CHIMBORAZO - CUMANDA_ADP|CHIMBORAZO - CUMANDA_ASO|CHIMBORAZO - CUMANDA_AZU|CHIMBORAZO - CUMANDA_BNA|CHIMBORAZO - CUMANDA_CAU|CHIMBORAZO - CUMANDA_CEM|CHIMBORAZO - CUMANDA_CIN|CHIMBORAZO - CUMANDA_COM|CHIMBORAZO - CUMANDA_CON|CHIMBORAZO - CUMANDA_CUL|CHIMBORAZO - CUMANDA_DEM|CHIMBORAZO - CUMANDA_DOM|CHIMBORAZO - CUMANDA_EDU|CHIMBORAZO - CUMANDA_FIN|CHIMBORAZO - CUMANDA_FRT|CHIMBORAZO - CUMANDA_FRV|CHIMBORAZO - CUMANDA_GAN|CHIMBORAZO - CUMANDA_HOT|CHIMBORAZO - CUMANDA_INM|CHIMBORAZO - CUMANDA_LAC|CHIMBORAZO - CUMANDA_MAD|CHIMBORAZO - CUMANDA_MAN|CHIMBORAZO - CUMANDA_MAQ|CHIMBORAZO - CUMANDA_MUE|CHIMBORAZO - CUMANDA_PAN|CHIMBORAZO - CUMANDA_PES|CHIMBORAZO - CUMANDA_PLS|CHIMBORAZO - CUMANDA_POS|CHIMBORAZO - CUMANDA_REP|CHIMBORAZO - CUMANDA_RES|CHIMBORAZO - CUMANDA_SAL|CHIMBORAZO - CUMANDA_SIL|CHIMBORAZO - CUMANDA_TEL|CHIMBORAZO - CUMANDA_TRA|CHIMBORAZO - CUMANDA_VES|CHIMBORAZO - CUMANDA_VID|GUAYAS - ALFREDO BAQUERIZO MORENO_ADM|GUAYAS - ALFREDO BAQUERIZO MORENO_ADP|GUAYAS - ALFREDO BAQUERIZO MORENO_ASO|GUAYAS - ALFREDO BAQUERIZO MORENO_CER|GUAYAS - ALFREDO BAQUERIZO MORENO_CIN|GUAYAS - ALFREDO BAQUERIZO MORENO_COM|GUAYAS - ALFREDO BAQUERIZO MORENO_CON|GUAYAS - ALFREDO BAQUERIZO MORENO_CUL|GUAYAS - ALFREDO BAQUERIZO MORENO_DEM|GUAYAS - ALFREDO BAQUERIZO MORENO_DOM|GUAYAS - ALFREDO BAQUERIZO MORENO_EDU|GUAYAS - ALFREDO BAQUERIZO MORENO_FRT|GUAYAS - ALFREDO BAQUERIZO MORENO_FRV|GUAYAS - ALFREDO BAQUERIZO MORENO_GAN|GUAYAS - ALFREDO BAQUERIZO MORENO_INM|GUAYAS - ALFREDO BAQUERIZO MORENO_MAD|GUAYAS - ALFREDO BAQUERIZO MORENO_MAQ|GUAYAS - ALFREDO BAQUERIZO MORENO_MOL|GUAYAS - ALFREDO BAQUERIZO MORENO_MUE|GUAYAS - ALFREDO BAQUERIZO MORENO_PAP|GUAYAS - ALFREDO BAQUERIZO MORENO_REP|GUAYAS - ALFREDO BAQUERIZO MORENO_RES|GUAYAS - ALFREDO BAQUERIZO MORENO_SAL|GUAYAS - ALFREDO BAQUERIZO MORENO_TEL|GUAYAS - ALFREDO BAQUERIZO MORENO_TRA|GUAYAS - ALFREDO BAQUERIZO MORENO_VES|GUAYAS - CORONEL MARCELINO MARIDUEÑA_ADM|GUAYAS - CORONEL MARCELINO MARIDUEÑA_ADP|GUAYAS - CORONEL MARCELINO MARIDUEÑA_ASO|GUAYAS - CORONEL MARCELINO MARIDUEÑA_CER|GUAYAS - CORONEL MARCELINO MARIDUEÑA_CHO|GUAYAS - CORONEL MARCELINO MARIDUEÑA_CIN|GUAYAS - CORONEL MARCELINO MARIDUEÑA_COM|GUAYAS - CORONEL MARCELINO MARIDUEÑA_CON|GUAYAS - CORONEL MARCELINO MARIDUEÑA_CUL|GUAYAS - CORONEL MARCELINO MARIDUEÑA_DEM|GUAYAS - CORONEL MARCELINO MARIDUEÑA_DOM|GUAYAS - CORONEL MARCELINO MARIDUEÑA_EDU|GUAYAS - CORONEL MARCELINO MARIDUEÑA_FIN|GUAYAS - CORONEL MARCELINO MARIDUEÑA_FRT|GUAYAS - CORONEL MARCELINO MARIDUEÑA_FRV|GUAYAS - CORONEL MARCELINO MARIDUEÑA_GAN|GUAYAS - CORONEL MARCELINO MARIDUEÑA_HIL|GUAYAS - CORONEL MARCELINO MARIDUEÑA_HOT|GUAYAS - CORONEL MARCELINO MARIDUEÑA_INM|GUAYAS - CORONEL MARCELINO MARIDUEÑA_MAN|GUAYAS - CORONEL MARCELINO MARIDUEÑA_MAQ|GUAYAS - CORONEL MARCELINO MARIDUEÑA_MIP|GUAYAS - CORONEL MARCELINO MARIDUEÑA_MUE|GUAYAS - CORONEL MARCELINO MARIDUEÑA_PAN|GUAYAS - CORONEL MARCELINO MARIDUEÑA_PAP|GUAYAS - CORONEL MARCELINO MARIDUEÑA_REP|GUAYAS - CORONEL MARCELINO MARIDUEÑA_RES|GUAYAS - CORONEL MARCELINO MARIDUEÑA_SAL|GUAYAS - CORONEL MARCELINO MARIDUEÑA_SIL|GUAYAS - CORONEL MARCELINO MARIDUEÑA_TEL|GUAYAS - CORONEL MARCELINO MARIDUEÑA_TRA|GUAYAS - CORONEL MARCELINO MARIDUEÑA_VES|GUAYAS - MILAGRO_ADM|GUAYAS - MILAGRO_ADP|GUAYAS - MILAGRO_AGU|GUAYAS - MILAGRO_ALD|GUAYAS - MILAGRO_ASO|GUAYAS - MILAGRO_BAL|GUAYAS - MILAGRO_BNA|GUAYAS - MILAGRO_CAR|GUAYAS - MILAGRO_CEM|GUAYAS - MILAGRO_CER|GUAYAS - MILAGRO_CIN|GUAYAS - MILAGRO_COM|GUAYAS - MILAGRO_CON|GUAYAS - MILAGRO_CUE|GUAYAS - MILAGRO_CUL|GUAYAS - MILAGRO_DEM|GUAYAS - MILAGRO_DOM|GUAYAS - MILAGRO_EDU|GUAYAS - MILAGRO_ELE|GUAYAS - MILAGRO_FIN|GUAYAS - MILAGRO_FRT|GUAYAS - MILAGRO_FRV|GUAYAS - MILAGRO_GAN|GUAYAS - MILAGRO_HIL|GUAYAS - MILAGRO_HOT|GUAYAS - MILAGRO_INM|GUAYAS - MILAGRO_LAC|GUAYAS - MILAGRO_MAD|GUAYAS - MILAGRO_MAN|GUAYAS - MILAGRO_MAQ|GUAYAS - MILAGRO_MET|GUAYAS - MILAGRO_MOL|GUAYAS - MILAGRO_MUE|GUAYAS - MILAGRO_PAN|GUAYAS - MILAGRO_PES|GUAYAS - MILAGRO_PLS|GUAYAS - MILAGRO_POS|GUAYAS - MILAGRO_QU2|GUAYAS - MILAGRO_REP|GUAYAS - MILAGRO_RES|GUAYAS - MILAGRO_SAL|GUAYAS - MILAGRO_SIL|GUAYAS - MILAGRO_TEL|GUAYAS - MILAGRO_TRA|GUAYAS - MILAGRO_VES|GUAYAS - MILAGRO_VID|GUAYAS - NARANJITO_ADM|GUAYAS - NARANJITO_ADP|GUAYAS - NARANJITO_ALD|GUAYAS - NARANJITO_ASO|GUAYAS - NARANJITO_BNA|GUAYAS - NARANJITO_CAN|GUAYAS - NARANJITO_CEM|GUAYAS - NARANJITO_CER|GUAYAS - NARANJITO_CHO|GUAYAS - NARANJITO_CIN|GUAYAS - NARANJITO_COM|GUAYAS - NARANJITO_CON|GUAYAS - NARANJITO_CUL|GUAYAS - NARANJITO_DEM|GUAYAS - NARANJITO_DOM|GUAYAS - NARANJITO_EDU|GUAYAS - NARANJITO_FRT|GUAYAS - NARANJITO_FRV|GUAYAS - NARANJITO_GAN|GUAYAS - NARANJITO_HIL|GUAYAS - NARANJITO_HOT|GUAYAS - NARANJITO_INM|GUAYAS - NARANJITO_MAD|GUAYAS - NARANJITO_MAN|GUAYAS - NARANJITO_MAQ|GUAYAS - NARANJITO_MUE|GUAYAS - NARANJITO_PAN|GUAYAS - NARANJITO_POS|GUAYAS - NARANJITO_REP|GUAYAS - NARANJITO_RES|GUAYAS - NARANJITO_SAL|GUAYAS - NARANJITO_TEL|GUAYAS - NARANJITO_TRA|GUAYAS - NARANJITO_VES|GUAYAS - NARANJITO_VID|LOS RIOS - BABAHOYO_ADM|LOS RIOS - BABAHOYO_ADP|LOS RIOS - BABAHOYO_AGU|LOS RIOS - BABAHOYO_ALD|LOS RIOS - BABAHOYO_ASO|LOS RIOS - BABAHOYO_AZU|LOS RIOS - BABAHOYO_BAL|LOS RIOS - BABAHOYO_CAR|LOS RIOS - BABAHOYO_CAU|LOS RIOS - BABAHOYO_CEM|LOS RIOS - BABAHOYO_CER|LOS RIOS - BABAHOYO_CIN|LOS RIOS - BABAHOYO_COM|LOS RIOS - BABAHOYO_CON|LOS RIOS - BABAHOYO_CUL|LOS RIOS - BABAHOYO_DEM|LOS RIOS - BABAHOYO_DOM|LOS RIOS - BABAHOYO_EDU|LOS RIOS - BABAHOYO_ELE|LOS RIOS - BABAHOYO_FID|LOS RIOS - BABAHOYO_FIN|LOS RIOS - BABAHOYO_FRT|LOS RIOS - BABAHOYO_FRV|LOS RIOS - BABAHOYO_GAN|LOS RIOS - BABAHOYO_HIL|LOS RIOS - BABAHOYO_HOT|LOS RIOS - BABAHOYO_INM|LOS RIOS - BABAHOYO_LAC|LOS RIOS - BABAHOYO_MAD|LOS RIOS - BABAHOYO_MAN|LOS RIOS - BABAHOYO_MAQ|LOS RIOS - BABAHOYO_MET|LOS RIOS - BABAHOYO_MIP|LOS RIOS - BABAHOYO_MOL|LOS RIOS - BABAHOYO_MUE|LOS RIOS - BABAHOYO_PAN|LOS RIOS - BABAHOYO_PAP|LOS RIOS - BABAHOYO_PES|LOS RIOS - BABAHOYO_POS|LOS RIOS - BABAHOYO_QU2|LOS RIOS - BABAHOYO_REP|LOS RIOS - BABAHOYO_RES|LOS RIOS - BABAHOYO_SAL|LOS RIOS - BABAHOYO_SIL|LOS RIOS - BABAHOYO_TEL|LOS RIOS - BABAHOYO_TRA|LOS RIOS - BABAHOYO_VES|LOS RIOS - BABAHOYO_VID,303,3117.9330442878477,0.7821527804991758
canton_sector,57,AZUAY - CHORDELEG_ADM|AZUAY - CHORDELEG_ADP|AZUAY - CHORDELEG_AGU|AZUAY - CHORDELEG_ALD|AZUAY - CHORDELEG_ASO|AZUAY - CHORDELEG_CEM|AZUAY - CHORDELEG_CER|AZUAY - CHORDELEG_CHO|AZUAY - CHORDELEG_COM|AZUAY - CHORDELEG_CON|AZUAY - CHORDELEG_CUE|AZUAY - CHORDELEG_DEM|AZUAY - CHORDELEG_EDU|AZUAY - CHORDELEG_FIN|AZUAY - CHORDELEG_GAN|AZUAY - CHORDELEG_HIL|AZUAY - CHORDELEG_HOT|AZUAY - CHORDELEG_INM|AZUAY - CHORDELEG_MAD|AZUAY - CHORDELEG_MAN|AZUAY - CHORDELEG_MUE|AZUAY - CHORDELEG_PAN|AZUAY - CHORDELEG_POS|AZUAY - CHORDELEG_REP|AZUAY - CHORDELEG_RES|AZUAY - CHORDELEG_SAL|AZUAY - CHORDELEG_TEL|AZUAY - CHORDELEG_TRA|AZUAY - CHORDELEG_VES|AZUAY - CHORDELEG_VID|AZUAY - EL PAN_ADM|AZUAY - EL PAN_ADP|AZUAY - EL PAN_ALD|AZUAY - EL PAN_ASO|AZUAY - EL PAN_COM|AZUAY - EL PAN_CON|AZUAY - EL PAN_DEM|AZUAY - EL PAN_DOM|AZUAY - EL PAN_FIN|AZUAY - EL PAN_FRV|AZUAY - EL PAN_GAN|AZUAY - EL PAN_INM|AZUAY - EL PAN_MAD|AZUAY - EL PAN_PAN|AZUAY - EL PAN_RES|AZUAY - EL PAN_TRA|CHIMBORAZO - PENIPE_ADM|CHIMBORAZO - PENIPE_ADP|CHIMBORAZO - PENIPE_ALD|CHIMBORAZO - PENIPE_ASO|CHIMBORAZO - PENIPE_CER|CHIMBORAZO - PENIPE_CIN|CHIMBORAZO - PENIPE_COM|CHIMBORAZO - PENIPE_CON|CHIMBORAZO - PENIPE_CUE|CHIMBORAZO - PENIPE_CUL|CHIMBORAZO - PENIPE_DEM|CHIMBORAZO - PENIPE_DOM|CHIMBORAZO - PENIPE_EDU|CHIMBORAZO - PENIPE_FRV|CHIMBORAZO - PENIPE_GAN|CHIMBORAZO - PENIPE_INM|CHIMBORAZO - PENIPE_LAC|CHIMBORAZO - PENIPE_MAQ|CHIMBORAZO - PENIPE_MUE|CHIMBORAZO - PENIPE_PAN|CHIMBORAZO - PENIPE_REP|CHIMBORAZO - PENIPE_RES|CHIMBORAZO - PENIPE_SAL|CHIMBORAZO - PENIPE_SIL|CHIMBORAZO - PENIPE_TEL|CHIMBORAZO - PENIPE_TRA|CHIMBORAZO - PENIPE_VES|MORONA SANTIAGO - LIMON - INDANZA_ADM|MORONA SANTIAGO - LIMON - INDANZA_ADP|MORONA SANTIAGO - LIMON - INDANZA_ALD|MORONA SANTIAGO - LIMON - INDANZA_ASO|MORONA SANTIAGO - LIMON - INDANZA_CAN|MORONA SANTIAGO - LIMON - INDANZA_COM|MORONA SANTIAGO - LIMON - INDANZA_CON|MORONA SANTIAGO - LIMON - INDANZA_EDU|MORONA SANTIAGO - LIMON - INDANZA_GAN|MORONA SANTIAGO - LIMON - INDANZA_HOT|MORONA SANTIAGO - LIMON - INDANZA_INM|MORONA SANTIAGO - LIMON - INDANZA_MAQ|MORONA SANTIAGO - LIMON - INDANZA_MIP|MORONA SANTIAGO - LIMON - INDANZA_PAN|MORONA SANTIAGO - LIMON - INDANZA_REP|MORONA SANTIAGO - LIMON - INDANZA_RES|MORONA SANTIAGO - LIMON - INDANZA_TRA|MORONA SANTIAGO - LIMON - INDANZA_VES|MORONA SANTIAGO - LOGROÑO_ADM|MORONA SANTIAGO - LOGROÑO_ADP|MORONA SANTIAGO - LOGROÑO_ASO|MORONA SANTIAGO - LOGROÑO_CEM|MORONA SANTIAGO - LOGROÑO_COM|MORONA SANTIAGO - LOGROÑO_CON|MORONA SANTIAGO - LOGROÑO_DOM|MORONA SANTIAGO - LOGROÑO_EDU|MORONA SANTIAGO - LOGROÑO_GAN|MORONA SANTIAGO - LOGROÑO_INM|MORONA SANTIAGO - LOGROÑO_MAD|MORONA SANTIAGO - LOGROÑO_MUE|MORONA SANTIAGO - LOGROÑO_PAN|MORONA SANTIAGO - LOGROÑO_REP|MORONA SANTIAGO - LOGROÑO_RES|MORONA SANTIAGO - LOGROÑO_SIL|MORONA SANTIAGO - LOGROÑO_TRA|MORONA SANTIAGO - LOGROÑO_VES|MORONA SANTIAGO - PALORA_ADM|MORONA SANTIAGO - PALORA_ADP|MORONA SANTIAGO - PALORA_AGU|MORONA SANTIAGO - PALORA_ASO|MORONA SANTIAGO - PALORA_CIN|MORONA SANTIAGO - PALORA_COM|MORONA SANTIAGO - PALORA_CON|MORONA SANTIAGO - PALORA_DEM|MORONA SANTIAGO - PALORA_DOM|MORONA SANTIAGO - PALORA_EDU|MORONA SANTIAGO - PALORA_FIN|MORONA SANTIAGO - PALORA_FRT|MORONA SANTIAGO - PALORA_FRV|MORONA SANTIAGO - PALORA_GAN|MORONA SANTIAGO - PALORA_HOT|MORONA SANTIAGO - PALORA_INM|MORONA SANTIAGO - PALORA_MAD|MORONA SANTIAGO - PALORA_MAN|MORONA SANTIAGO - PALORA_MAQ|MORONA SANTIAGO - PALORA_MIP|MORONA SANTIAGO - PALORA_PAN|MORONA SANTIAGO - PALORA_POS|MORONA SANTIAGO - PALORA_REP|MORONA SANTIAGO - PALORA_RES|MORONA SANTIAGO - PALORA_SAL|MORONA SANTIAGO - PALORA_TEL|MORONA SANTIAGO - PALORA_TRA|MORONA SANTIAGO - PALORA_VES|MORONA SANTIAGO - SAN JUAN BOSCO_ADM|MORONA SANTIAGO - SAN JUAN BOSCO_ADP|MORONA SANTIAGO - SAN JUAN BOSCO_ALD|MORONA SANTIAGO - SAN JUAN BOSCO_ASO|MORONA SANTIAGO - SAN JUAN BOSCO_CAN|MORONA SANTIAGO - SAN JUAN BOSCO_COM|MORONA SANTIAGO - SAN JUAN BOSCO_CON|MORONA SANTIAGO - SAN JUAN BOSCO_EDU|MORONA SANTIAGO - SAN JUAN BOSCO_GAN|MORONA SANTIAGO - SAN JUAN BOSCO_HOT|MORONA SANTIAGO - SAN JUAN BOSCO_INM|MORONA SANTIAGO - SAN JUAN BOSCO_MAQ|MORONA SANTIAGO - SAN JUAN BOSCO_MIP|MORONA SANTIAGO - SAN JUAN BOSCO_PAN|MORONA SANTIAGO - SAN JUAN BOSCO_REP|MORONA SANTIAGO - SAN JUAN BOSCO_RES|MORONA SANTIAGO - SAN JUAN BOSCO_TRA|MORONA SANTIAGO - SAN JUAN BOSCO_VES|MORONA SANTIAGO - SANTIAGO_ADM|MORONA SANTIAGO - SANTIAGO_ADP|MORONA SANTIAGO - SANTIAGO_AGU|MORONA SANTIAGO - SANTIAGO_ASO|MORONA SANTIAGO - SANTIAGO_COM|MORONA SANTIAGO - SANTIAGO_CON|MORONA SANTIAGO - SANTIAGO_CUL|MORONA SANTIAGO - SANTIAGO_DEM|MORONA SANTIAGO - SANTIAGO_DOM|MORONA SANTIAGO - SANTIAGO_EDU|MORONA SANTIAGO - SANTIAGO_FRV|MORONA SANTIAGO - SANTIAGO_GAN|MORONA SANTIAGO - SANTIAGO_HOT|MORONA SANTIAGO - SANTIAGO_INM|MORONA SANTIAGO - SANTIAGO_MAD|MORONA SANTIAGO - SANTIAGO_MAQ|MORONA SANTIAGO - SANTIAGO_MIP|MORONA SANTIAGO - SANTIAGO_REP|MORONA SANTIAGO - SANTIAGO_RES|MORONA SANTIAGO - SANTIAGO_TEL|MORONA SANTIAGO - SANTIAGO_TRA|MORONA SANTIAGO - SUCUA_ADM|MORONA SANTIAGO - SUCUA_ADP|MORONA SANTIAGO - SUCUA_ALD|MORONA SANTIAGO - SUCUA_ASO|MORONA SANTIAGO - SUCUA_CAR|MORONA SANTIAGO - SUCUA_CEM|MORONA SANTIAGO - SUCUA_CIN|MORONA SANTIAGO - SUCUA_COM|MORONA SANTIAGO - SUCUA_CON|MORONA SANTIAGO - SUCUA_DEM|MORONA SANTIAGO - SUCUA_DOM|MORONA SANTIAGO - SUCUA_EDU|MORONA SANTIAGO - SUCUA_FRT|MORONA SANTIAGO - SUCUA_FRV|MORONA SANTIAGO - SUCUA_GAN|MORONA SANTIAGO - SUCUA_HIL|MORONA SANTIAGO - SUCUA_HOT|MORONA SANTIAGO - SUCUA_INM|MORONA SANTIAGO - SUCUA_LAC|MORONA SANTIAGO - SUCUA_MAN|MORONA SANTIAGO - SUCUA_MAQ|MORONA SANTIAGO - SUCUA_MIP|MORONA SANTIAGO - SUCUA_MUE|MORONA SANTIAGO - SUCUA_PAN|MORONA SANTIAGO - SUCUA_PES|MORONA SANTIAGO - SUCUA_POS|MORONA SANTIAGO - SUCUA_REP|MORONA SANTIAGO - SUCUA_RES|MORONA SANTIAGO - SUCUA_SAL|MORONA SANTIAGO - SUCUA_TEL|MORONA SANTIAGO - SUCUA_TRA|MORONA SANTIAGO - SUCUA_VES|MORONA SANTIAGO - TAISHA_ADM|MORONA SANTIAGO - TAISHA_ADP|MORONA SANTIAGO - TAISHA_ASO|MORONA SANTIAGO - TAISHA_COM|MORONA SANTIAGO - TAISHA_CON|MORONA SANTIAGO - TAISHA_EDU|MORONA SANTIAGO - TAISHA_GAN|MORONA SANTIAGO - TAISHA_HOT|MORONA SANTIAGO - TAISHA_INM|MORONA SANTIAGO - TAISHA_MAN|MORONA SANTIAGO - TAISHA_MUE|MORONA SANTIAGO - TAISHA_REP|MORONA SANTIAGO - TAISHA_RES|MORONA SANTIAGO - TAISHA_TRA|MORONA SANTIAGO - TAISHA_VES|MORONA SANTIAGO - TIWINTZA_ADM|MORONA SANTIAGO - TIWINTZA_ADP|MORONA SANTIAGO - TIWINTZA_AGU|MORONA SANTIAGO - TIWINTZA_ASO|MORONA SANTIAGO - TIWINTZA_COM|MORONA SANTIAGO - TIWINTZA_CON|MORONA SANTIAGO - TIWINTZA_CUL|MORONA SANTIAGO - TIWINTZA_DEM|MORONA SANTIAGO - TIWINTZA_DOM|MORONA SANTIAGO - TIWINTZA_EDU|MORONA SANTIAGO - TIWINTZA_FRV|MORONA SANTIAGO - TIWINTZA_GAN|MORONA SANTIAGO - TIWINTZA_HOT|MORONA SANTIAGO - TIWINTZA_INM|MORONA SANTIAGO - TIWINTZA_MAD|MORONA SANTIAGO - TIWINTZA_MAQ|MORONA SANTIAGO - TIWINTZA_MIP|MORONA SANTIAGO - TIWINTZA_REP|MORONA SANTIAGO - TIWINTZA_RES|MORONA SANTIAGO - TIWINTZA_TEL|MORONA SANTIAGO - TIWINTZA_TRA|ORELLANA - AGUARICO_ADM|ORELLANA - AGUARICO_ADP|ORELLANA - AGUARICO_ASO|ORELLANA - AGUARICO_COM|ORELLANA - AGUARICO_CON|ORELLANA - AGUARICO_GAN|ORELLANA - AGUARICO_HIL|ORELLANA - AGUARICO_HOT|ORELLANA - AGUARICO_INM|ORELLANA - AGUARICO_MAD|ORELLANA - AGUARICO_MAN|ORELLANA - AGUARICO_MAQ|ORELLANA - AGUARICO_RES|ORELLANA - AGUARICO_TRA|ORELLANA - FRANCISCO DE ORELLANA_ADM|ORELLANA - FRANCISCO DE ORELLANA_ADP|ORELLANA - FRANCISCO DE ORELLANA_AGU|ORELLANA - FRANCISCO DE ORELLANA_ALD|ORELLANA - FRANCISCO DE ORELLANA_ASO|ORELLANA - FRANCISCO DE ORELLANA_AYG|ORELLANA - FRANCISCO DE ORELLANA_AZU|ORELLANA - FRANCISCO DE ORELLANA_BNA|ORELLANA - FRANCISCO DE ORELLANA_CAR|ORELLANA - FRANCISCO DE ORELLANA_CAU|ORELLANA - FRANCISCO DE ORELLANA_CEM|ORELLANA - FRANCISCO DE ORELLANA_CER|ORELLANA - FRANCISCO DE ORELLANA_CIN|ORELLANA - FRANCISCO DE ORELLANA_COM|ORELLANA - FRANCISCO DE ORELLANA_CON|ORELLANA - FRANCISCO DE ORELLANA_CUE|ORELLANA - FRANCISCO DE ORELLANA_CUL|ORELLANA - FRANCISCO DE ORELLANA_DEM|ORELLANA - FRANCISCO DE ORELLANA_DOM|ORELLANA - FRANCISCO DE ORELLANA_EDU|ORELLANA - FRANCISCO DE ORELLANA_ELE|ORELLANA - FRANCISCO DE ORELLANA_FIN|ORELLANA - FRANCISCO DE ORELLANA_FRT|ORELLANA - FRANCISCO DE ORELLANA_FRV|ORELLANA - FRANCISCO DE ORELLANA_GAN|ORELLANA - FRANCISCO DE ORELLANA_HIL|ORELLANA - FRANCISCO DE ORELLANA_HOT|ORELLANA - FRANCISCO DE ORELLANA_INM|ORELLANA - FRANCISCO DE ORELLANA_MAD|ORELLANA - FRANCISCO DE ORELLANA_MAN|ORELLANA - FRANCISCO DE ORELLANA_MAQ|ORELLANA - FRANCISCO DE ORELLANA_MET|ORELLANA - FRANCISCO DE ORELLANA_MIP|ORELLANA - FRANCISCO DE ORELLANA_MUE|ORELLANA - FRANCISCO DE ORELLANA_PAN|ORELLANA - FRANCISCO DE ORELLANA_PAP|ORELLANA - FRANCISCO DE ORELLANA_PES|ORELLANA - FRANCISCO DE ORELLANA_PLS|ORELLANA - FRANCISCO DE ORELLANA_POS|ORELLANA - FRANCISCO DE ORELLANA_REF|ORELLANA - FRANCISCO DE ORELLANA_REP|ORELLANA - FRANCISCO DE ORELLANA_RES|ORELLANA - FRANCISCO DE ORELLANA_SAL|ORELLANA - FRANCISCO DE ORELLANA_SEG|ORELLANA - FRANCISCO DE ORELLANA_SIL|ORELLANA - FRANCISCO DE ORELLANA_TEL|ORELLANA - FRANCISCO DE ORELLANA_TRA|ORELLANA - FRANCISCO DE ORELLANA_VES|ORELLANA - FRANCISCO DE ORELLANA_VID|ORELLANA - LA JOYA DE LOS SACHAS_ADM|ORELLANA - LA JOYA DE LOS SACHAS_ADP|ORELLANA - LA JOYA DE LOS SACHAS_AGU|ORELLANA - LA JOYA DE LOS SACHAS_ASO|ORELLANA - LA JOYA DE LOS SACHAS_AZU|ORELLANA - LA JOYA DE LOS SACHAS_BAL|ORELLANA - LA JOYA DE LOS SACHAS_BNA|ORELLANA - LA JOYA DE LOS SACHAS_CAN|ORELLANA - LA JOYA DE LOS SACHAS_CAR|ORELLANA - LA JOYA DE LOS SACHAS_CEM|ORELLANA - LA JOYA DE LOS SACHAS_CER|ORELLANA - LA JOYA DE LOS SACHAS_CIN|ORELLANA - LA JOYA DE LOS SACHAS_COM|ORELLANA - LA JOYA DE LOS SACHAS_CON|ORELLANA - LA JOYA DE LOS SACHAS_CUL|ORELLANA - LA JOYA DE LOS SACHAS_DEM|ORELLANA - LA JOYA DE LOS SACHAS_DOM|ORELLANA - LA JOYA DE LOS SACHAS_EDU|ORELLANA - LA JOYA DE LOS SACHAS_FIN|ORELLANA - LA JOYA DE LOS SACHAS_FRT|ORELLANA - LA JOYA DE LOS SACHAS_FRV|ORELLANA - LA JOYA DE LOS SACHAS_GAN|ORELLANA - LA JOYA DE LOS SACHAS_HIL|ORELLANA - LA JOYA DE LOS SACHAS_HOT|ORELLANA - LA JOYA DE LOS SACHAS_INM|ORELLANA - LA JOYA DE LOS SACHAS_LAC|ORELLANA - LA JOYA DE LOS SACHAS_MAD|ORELLANA - LA JOYA DE LOS SACHAS_MAN|ORELLANA - LA JOYA DE LOS SACHAS_MAQ|ORELLANA - LA JOYA DE LOS SACHAS_MET|ORELLANA - LA JOYA DE LOS SACHAS_MIP|ORELLANA - LA JOYA DE LOS SACHAS_MUE|ORELLANA - LA JOYA DE LOS SACHAS_PAN|ORELLANA - LA JOYA DE LOS SACHAS_PES|ORELLANA - LA JOYA DE LOS SACHAS_POS|ORELLANA - LA JOYA DE LOS SACHAS_REP|ORELLANA - LA JOYA DE LOS SACHAS_RES|ORELLANA - LA JOYA DE LOS SACHAS_SAL|ORELLANA - LA JOYA DE LOS SACHAS_SIL|ORELLANA - LA JOYA DE LOS SACHAS_TEL|ORELLANA - LA JOYA DE LOS SACHAS_TRA|ORELLANA - LA JOYA DE LOS SACHAS_VES|ORELLANA - LA JOYA DE LOS SACHAS_VID|PASTAZA - ARAJUNO_ADM|PASTAZA - ARAJUNO_ADP|PASTAZA - ARAJUNO_ASO|PASTAZA - ARAJUNO_COM|PASTAZA - ARAJUNO_CON|PASTAZA - ARAJUNO_CUL|PASTAZA - ARAJUNO_DEM|PASTAZA - ARAJUNO_EDU|PASTAZA - ARAJUNO_FRV|PASTAZA - ARAJUNO_INM|PASTAZA - ARAJUNO_MAD|PASTAZA - ARAJUNO_MAQ|PASTAZA - ARAJUNO_MUE|PASTAZA - ARAJUNO_PAN|PASTAZA - ARAJUNO_PES|PASTAZA - ARAJUNO_RES|PASTAZA - ARAJUNO_SIL|PASTAZA - ARAJUNO_TEL|PASTAZA - ARAJUNO_TRA|PASTAZA - MERA_ADM|PASTAZA - MERA_ADP|PASTAZA - MERA_ALD|PASTAZA - MERA_ASO|PASTAZA - MERA_BNA|PASTAZA - MERA_CAR|PASTAZA - MERA_COM|PASTAZA - MERA_CON|PASTAZA - MERA_DEM|PASTAZA - MERA_DOM|PASTAZA - MERA_EDU|PASTAZA - MERA_FRV|PASTAZA - MERA_GAN|PASTAZA - MERA_HIL|PASTAZA - MERA_HOT|PASTAZA - MERA_INM|PASTAZA - MERA_LAC|PASTAZA - MERA_MAD|PASTAZA - MERA_MAN|PASTAZA - MERA_MAQ|PASTAZA - MERA_MIP|PASTAZA - MERA_MUE|PASTAZA - MERA_PAN|PASTAZA - MERA_PES|PASTAZA - MERA_REP|PASTAZA - MERA_RES|PASTAZA - MERA_SAL|PASTAZA - MERA_SIL|PASTAZA - MERA_TEL|PASTAZA - MERA_TRA|PASTAZA - MERA_VES|PASTAZA - PASTAZA_ADM|PASTAZA - PASTAZA_ADP|PASTAZA - PASTAZA_AGU|PASTAZA - PASTAZA_ALD|PASTAZA - PASTAZA_ASO|PASTAZA - PASTAZA_AZU|PASTAZA - PASTAZA_BAL|PASTAZA - PASTAZA_BNA|PASTAZA - PASTAZA_CAR|PASTAZA - PASTAZA_CEM|PASTAZA - PASTAZA_CHO|PASTAZA - PASTAZA_CIN|PASTAZA - PASTAZA_COM|PASTAZA - PASTAZA_CON|PASTAZA - PASTAZA_CUE|PASTAZA - PASTAZA_CUL|PASTAZA - PASTAZA_DEM|PASTAZA - PASTAZA_DOM|PASTAZA - PASTAZA_EDU|PASTAZA - PASTAZA_FIN|PASTAZA - PASTAZA_FRT|PASTAZA - PASTAZA_FRV|PASTAZA - PASTAZA_GAN|PASTAZA - PASTAZA_HIL|PASTAZA - PASTAZA_HOT|PASTAZA - PASTAZA_INM|PASTAZA - PASTAZA_LAC|PASTAZA - PASTAZA_MAD|PASTAZA - PASTAZA_MAN|PASTAZA - PASTAZA_MAQ|PASTAZA - PASTAZA_MET|PASTAZA - PASTAZA_MIP|PASTAZA - PASTAZA_MUE|PASTAZA - PASTAZA_PAN|PASTAZA - PASTAZA_PES|PASTAZA - PASTAZA_PLS|PASTAZA - PASTAZA_POS|PASTAZA - PASTAZA_PPR|PASTAZA - PASTAZA_QU1|PASTAZA - PASTAZA_REP|PASTAZA - PASTAZA_RES|PASTAZA - PASTAZA_SAL|PASTAZA - PASTAZA_SIL|PASTAZA - PASTAZA_TEL|PASTAZA - PASTAZA_TRA|PASTAZA - PASTAZA_VES|PASTAZA - PASTAZA_VID|PASTAZA - SANTA CLARA_ADM|PASTAZA - SANTA CLARA_ADP|PASTAZA - SANTA CLARA_ASO|PASTAZA - SANTA CLARA_AZU|PASTAZA - SANTA CLARA_CIN|PASTAZA - SANTA CLARA_COM|PASTAZA - SANTA CLARA_CON|PASTAZA - SANTA CLARA_CUL|PASTAZA - SANTA CLARA_DEM|PASTAZA - SANTA CLARA_EDU|PASTAZA - SANTA CLARA_FIN|PASTAZA - SANTA CLARA_FRV|PASTAZA - SANTA CLARA_GAN|PASTAZA - SANTA CLARA_HOT|PASTAZA - SANTA CLARA_INM|PASTAZA - SANTA CLARA_MAD|PASTAZA - SANTA CLARA_MAN|PASTAZA - SANTA CLARA_PES|PASTAZA - SANTA CLARA_REP|PASTAZA - SANTA CLARA_RES|PASTAZA - SANTA CLARA_SAL|PASTAZA - SANTA CLARA_TRA|SUCUMBIOS - CUYABENO_ADM|SUCUMBIOS - CUYABENO_ADP|SUCUMBIOS - CUYABENO_ASO|SUCUMBIOS - CUYABENO_BNA|SUCUMBIOS - CUYABENO_CER|SUCUMBIOS - CUYABENO_CIN|SUCUMBIOS - CUYABENO_COM|SUCUMBIOS - CUYABENO_CON|SUCUMBIOS - CUYABENO_CUL|SUCUMBIOS - CUYABENO_DOM|SUCUMBIOS - CUYABENO_EDU|SUCUMBIOS - CUYABENO_FIN|SUCUMBIOS - CUYABENO_FRT|SUCUMBIOS - CUYABENO_FRV|SUCUMBIOS - CUYABENO_GAN|SUCUMBIOS - CUYABENO_HOT|SUCUMBIOS - CUYABENO_INM|SUCUMBIOS - CUYABENO_MAN|SUCUMBIOS - CUYABENO_MAQ|SUCUMBIOS - CUYABENO_MIP|SUCUMBIOS - CUYABENO_MUE|SUCUMBIOS - CUYABENO_PAN|SUCUMBIOS - CUYABENO_PES|SUCUMBIOS - CUYABENO_REP|SUCUMBIOS - CUYABENO_RES|SUCUMBIOS - CUYABENO_SAL|SUCUMBIOS - CUYABENO_TEL|SUCUMBIOS - CUYABENO_TRA|SUCUMBIOS - CUYABENO_VES|SUCUMBIOS - CUYABENO_VID|SUCUMBIOS - LAGO AGRIO_ADM|SUCUMBIOS - LAGO AGRIO_ADP|SUCUMBIOS - LAGO AGRIO_AGU|SUCUMBIOS - LAGO AGRIO_ALD|SUCUMBIOS - LAGO AGRIO_ASO|SUCUMBIOS - LAGO AGRIO_BNA|SUCUMBIOS - LAGO AGRIO_CAN|SUCUMBIOS - LAGO AGRIO_CAR|SUCUMBIOS - LAGO AGRIO_CAU|SUCUMBIOS - LAGO AGRIO_CEM|SUCUMBIOS - LAGO AGRIO_CER|SUCUMBIOS - LAGO AGRIO_CHO|SUCUMBIOS - LAGO AGRIO_CIN|SUCUMBIOS - LAGO AGRIO_COM|SUCUMBIOS - LAGO AGRIO_CON|SUCUMBIOS - LAGO AGRIO_CUE|SUCUMBIOS - LAGO AGRIO_CUL|SUCUMBIOS - LAGO AGRIO_DEM|SUCUMBIOS - LAGO AGRIO_DOM|SUCUMBIOS - LAGO AGRIO_EDU|SUCUMBIOS - LAGO AGRIO_ELE|SUCUMBIOS - LAGO AGRIO_FIN|SUCUMBIOS - LAGO AGRIO_FRT|SUCUMBIOS - LAGO AGRIO_FRV|SUCUMBIOS - LAGO AGRIO_GAN|SUCUMBIOS - LAGO AGRIO_HIL|SUCUMBIOS - LAGO AGRIO_HOT|SUCUMBIOS - LAGO AGRIO_INM|SUCUMBIOS - LAGO AGRIO_LAC|SUCUMBIOS - LAGO AGRIO_MAD|SUCUMBIOS - LAGO AGRIO_MAN|SUCUMBIOS - LAGO AGRIO_MAQ|SUCUMBIOS - LAGO AGRIO_MET|SUCUMBIOS - LAGO AGRIO_MIP|SUCUMBIOS - LAGO AGRIO_MOL|SUCUMBIOS - LAGO AGRIO_MUE|SUCUMBIOS - LAGO AGRIO_PAN|SUCUMBIOS - LAGO AGRIO_PES|SUCUMBIOS - LAGO AGRIO_POS|SUCUMBIOS - LAGO AGRIO_QU1|SUCUMBIOS - LAGO AGRIO_QU2|SUCUMBIOS - LAGO AGRIO_REP|SUCUMBIOS - LAGO AGRIO_RES|SUCUMBIOS - LAGO AGRIO_SAL|SUCUMBIOS - LAGO AGRIO_SEG|SUCUMBIOS - LAGO AGRIO_SIL|SUCUMBIOS - LAGO AGRIO_TEL|SUCUMBIOS - LAGO AGRIO_TRA|SUCUMBIOS - LAGO AGRIO_VES|SUCUMBIOS - LAGO AGRIO_VID|SUCUMBIOS - PUTUMAYO_ADM|SUCUMBIOS - PUTUMAYO_ADP|SUCUMBIOS - PUTUMAYO_ASO|SUCUMBIOS - PUTUMAYO_BNA|SUCUMBIOS - PUTUMAYO_CER|SUCUMBIOS - PUTUMAYO_CIN|SUCUMBIOS - PUTUMAYO_COM|SUCUMBIOS - PUTUMAYO_CON|SUCUMBIOS - PUTUMAYO_CUL|SUCUMBIOS - PUTUMAYO_DEM|SUCUMBIOS - PUTUMAYO_DOM|SUCUMBIOS - PUTUMAYO_EDU|SUCUMBIOS - PUTUMAYO_FRV|SUCUMBIOS - PUTUMAYO_GAN|SUCUMBIOS - PUTUMAYO_HOT|SUCUMBIOS - PUTUMAYO_INM|SUCUMBIOS - PUTUMAYO_MAD|SUCUMBIOS - PUTUMAYO_MUE|SUCUMBIOS - PUTUMAYO_PAN|SUCUMBIOS - PUTUMAYO_REP|SUCUMBIOS - PUTUMAYO_RES|SUCUMBIOS - PUTUMAYO_SAL|SUCUMBIOS - PUTUMAYO_TEL|SUCUMBIOS - PUTUMAYO_TRA|SUCUMBIOS - PUTUMAYO_VES|SUCUMBIOS - SHUSHUFINDI_ADM|SUCUMBIOS - SHUSHUFINDI_ADP|SUCUMBIOS - SHUSHUFINDI_AGU|SUCUMBIOS - SHUSHUFINDI_ALD|SUCUMBIOS - SHUSHUFINDI_ASO|SUCUMBIOS - SHUSHUFINDI_BAL|SUCUMBIOS - SHUSHUFINDI_BNA|SUCUMBIOS - SHUSHUFINDI_CER|SUCUMBIOS - SHUSHUFINDI_CIN|SUCUMBIOS - SHUSHUFINDI_COM|SUCUMBIOS - SHUSHUFINDI_CON|SUCUMBIOS - SHUSHUFINDI_CUE|SUCUMBIOS - SHUSHUFINDI_CUL|SUCUMBIOS - SHUSHUFINDI_DEM|SUCUMBIOS - SHUSHUFINDI_DOM|SUCUMBIOS - SHUSHUFINDI_EDU|SUCUMBIOS - SHUSHUFINDI_FIN|SUCUMBIOS - SHUSHUFINDI_FRT|SUCUMBIOS - SHUSHUFINDI_FRV|SUCUMBIOS - SHUSHUFINDI_GAN|SUCUMBIOS - SHUSHUFINDI_HIL|SUCUMBIOS - SHUSHUFINDI_HOT|SUCUMBIOS - SHUSHUFINDI_INM|SUCUMBIOS - SHUSHUFINDI_LAC|SUCUMBIOS - SHUSHUFINDI_MAD|SUCUMBIOS - SHUSHUFINDI_MAN|SUCUMBIOS - SHUSHUFINDI_MAQ|SUCUMBIOS - SHUSHUFINDI_MET|SUCUMBIOS - SHUSHUFINDI_MIP|SUCUMBIOS - SHUSHUFINDI_MUE|SUCUMBIOS - SHUSHUFINDI_PAN|SUCUMBIOS - SHUSHUFINDI_PES|SUCUMBIOS - SHUSHUFINDI_POS|SUCUMBIOS - SHUSHUFINDI_REP|SUCUMBIOS - SHUSHUFINDI_RES|SUCUMBIOS - SHUSHUFINDI_SAL|SUCUMBIOS - SHUSHUFINDI_SIL|SUCUMBIOS - SHUSHUFINDI_TEL|SUCUMBIOS - SHUSHUFINDI_TRA|SUCUMBIOS - SHUSHUFINDI_VES|SUCUMBIOS - SHUSHUFINDI_VID,615,2853.7798940989414,0.8545508380105818
canton_sector,58,COTOPAXI - LATACUNGA_EDU|COTOPAXI - LATACUNGA_MOL|COTOPAXI - LATACUNGA_TRA|PICHINCHA - MEJIA_ADM|PICHINCHA - MEJIA_MUE|PICHINCHA - MEJIA_TRA|PICHINCHA - RUMIÑAHUI_COM|PICHINCHA - RUMIÑAHUI_CON|PICHINCHA - RUMIÑAHUI_EDU|PICHINCHA - RUMIÑAHUI_MAQ|PICHINCHA - RUMIÑAHUI_MUE|PICHINCHA - RUMIÑAHUI_QU2|PICHINCHA - RUMIÑAHUI_TRA,13,2484.8215919172035,0.9814386706606095
canton_sector,59,COTOPAXI - LATACUNGA_ADM|COTOPAXI - LATACUNGA_ADP|COTOPAXI - LATACUNGA_AGU|COTOPAXI - LATACUNGA_ALD|COTOPAXI - LATACUNGA_ASO|COTOPAXI - LATACUNGA_BAL|COTOPAXI - LATACUNGA_BNA|COTOPAXI - LATACUNGA_CAN|COTOPAXI - LATACUNGA_CAR|COTOPAXI - LATACUNGA_CAU|COTOPAXI - LATACUNGA_CEM|COTOPAXI - LATACUNGA_CER|COTOPAXI - LATACUNGA_CHO|COTOPAXI - LATACUNGA_CIN|COTOPAXI - LATACUNGA_COM|COTOPAXI - LATACUNGA_CON|COTOPAXI - LATACUNGA_CUE|COTOPAXI - LATACUNGA_CUL|COTOPAXI - LATACUNGA_DEM|COTOPAXI - LATACUNGA_DOM|COTOPAXI - LATACUNGA_ELE|COTOPAXI - LATACUNGA_FID|COTOPAXI - LATACUNGA_FIN|COTOPAXI - LATACUNGA_FRT|COTOPAXI - LATACUNGA_FRV|COTOPAXI - LATACUNGA_GAN|COTOPAXI - LATACUNGA_HIL|COTOPAXI - LATACUNGA_HOT|COTOPAXI - LATACUNGA_INM|COTOPAXI - LATACUNGA_LAC|COTOPAXI - LATACUNGA_MAD|COTOPAXI - LATACUNGA_MAN|COTOPAXI - LATACUNGA_MAQ|COTOPAXI - LATACUNGA_MET|COTOPAXI - LATACUNGA_MIP|COTOPAXI - LATACUNGA_MUE|COTOPAXI - LATACUNGA_PAN|COTOPAXI - LATACUNGA_PAP|COTOPAXI - LATACUNGA_PLS|COTOPAXI - LATACUNGA_POS|COTOPAXI - LATACUNGA_QU1|COTOPAXI - LATACUNGA_QU2|COTOPAXI - LATACUNGA_REP|COTOPAXI - LATACUNGA_RES|COTOPAXI - LATACUNGA_SAL|COTOPAXI - LATACUNGA_SIL|COTOPAXI - LATACUNGA_TEL|COTOPAXI - LATACUNGA_VES|COTOPAXI - LATACUNGA_VID|NAPO - CARLOS JULIO AROSEMENA TOLA_ADM|NAPO - CARLOS JULIO AROSEMENA TOLA_ADP|NAPO - CARLOS JULIO AROSEMENA TOLA_ASO|NAPO - CARLOS JULIO AROSEMENA TOLA_CAR|NAPO - CARLOS JULIO AROSEMENA TOLA_CHO|NAPO - CARLOS JULIO AROSEMENA TOLA_COM|NAPO - CARLOS JULIO AROSEMENA TOLA_CON|NAPO - CARLOS JULIO AROSEMENA TOLA_DOM|NAPO - CARLOS JULIO AROSEMENA TOLA_FRV|NAPO - CARLOS JULIO AROSEMENA TOLA_GAN|NAPO - CARLOS JULIO AROSEMENA TOLA_HOT|NAPO - CARLOS JULIO AROSEMENA TOLA_INM|NAPO - CARLOS JULIO AROSEMENA TOLA_MAD|NAPO - CARLOS JULIO AROSEMENA TOLA_MAN|NAPO - CARLOS JULIO AROSEMENA TOLA_MAQ|NAPO - CARLOS JULIO AROSEMENA TOLA_MIP|NAPO - CARLOS JULIO AROSEMENA TOLA_PAN|NAPO - CARLOS JULIO AROSEMENA TOLA_PES|NAPO - CARLOS JULIO AROSEMENA TOLA_REP|NAPO - CARLOS JULIO AROSEMENA TOLA_RES|NAPO - CARLOS JULIO AROSEMENA TOLA_SAL|NAPO - CARLOS JULIO AROSEMENA TOLA_TEL|NAPO - CARLOS JULIO AROSEMENA TOLA_TRA|NAPO - CARLOS JULIO AROSEMENA TOLA_VES|NAPO - TENA_ADM|NAPO - TENA_ADP|NAPO - TENA_AGU|NAPO - TENA_ALD|NAPO - TENA_ASO|NAPO - TENA_BNA|NAPO - TENA_CAR|NAPO - TENA_CAU|NAPO - TENA_CEM|NAPO - TENA_CER|NAPO - TENA_CHO|NAPO - TENA_CIN|NAPO - TENA_COM|NAPO - TENA_CON|NAPO - TENA_CUL|NAPO - TENA_DEM|NAPO - TENA_DOM|NAPO - TENA_EDU|NAPO - TENA_ELE|NAPO - TENA_FIN|NAPO - TENA_FRT|NAPO - TENA_FRV|NAPO - TENA_GAN|NAPO - TENA_HIL|NAPO - TENA_HOT|NAPO - TENA_INM|NAPO - TENA_LAC|NAPO - TENA_MAD|NAPO - TENA_MAN|NAPO - TENA_MAQ|NAPO - TENA_MET|NAPO - TENA_MIP|NAPO - TENA_MUE|NAPO - TENA_PAN|NAPO - TENA_PAP|NAPO - TENA_PES|NAPO - TENA_POS|NAPO - TENA_REP|NAPO - TENA_RES|NAPO - TENA_SAL|NAPO - TENA_SIL|NAPO - TENA_TEL|NAPO - TENA_TRA|NAPO - TENA_VES|NAPO - TENA_VID|PICHINCHA - MEJIA_ADP|PICHINCHA - MEJIA_AGU|PICHINCHA - MEJIA_ALD|PICHINCHA - MEJIA_ASO|PICHINCHA - MEJIA_BAL|PICHINCHA - MEJIA_BNA|PICHINCHA - MEJIA_CAN|PICHINCHA - MEJIA_CAR|PICHINCHA - MEJIA_CAU|PICHINCHA - MEJIA_CEM|PICHINCHA - MEJIA_CER|PICHINCHA - MEJIA_CIN|PICHINCHA - MEJIA_COM|PICHINCHA - MEJIA_CON|PICHINCHA - MEJIA_CUE|PICHINCHA - MEJIA_CUL|PICHINCHA - MEJIA_DEM|PICHINCHA - MEJIA_DOM|PICHINCHA - MEJIA_EDU|PICHINCHA - MEJIA_ELE|PICHINCHA - MEJIA_FIN|PICHINCHA - MEJIA_FRV|PICHINCHA - MEJIA_GAN|PICHINCHA - MEJIA_HIL|PICHINCHA - MEJIA_HOT|PICHINCHA - MEJIA_INM|PICHINCHA - MEJIA_LAC|PICHINCHA - MEJIA_MAD|PICHINCHA - MEJIA_MAN|PICHINCHA - MEJIA_MAQ|PICHINCHA - MEJIA_MET|PICHINCHA - MEJIA_MIP|PICHINCHA - MEJIA_PAN|PICHINCHA - MEJIA_PAP|PICHINCHA - MEJIA_PES|PICHINCHA - MEJIA_PLS|PICHINCHA - MEJIA_POS|PICHINCHA - MEJIA_QU1|PICHINCHA - MEJIA_QU2|PICHINCHA - MEJIA_REP|PICHINCHA - MEJIA_RES|PICHINCHA - MEJIA_SAL|PICHINCHA - MEJIA_SIL|PICHINCHA - MEJIA_TEL|PICHINCHA - MEJIA_VES|PICHINCHA - MEJIA_VID|PICHINCHA - RUMIÑAHUI_ADM|PICHINCHA - RUMIÑAHUI_ADP|PICHINCHA - RUMIÑAHUI_AGU|PICHINCHA - RUMIÑAHUI_ALD|PICHINCHA - RUMIÑAHUI_ASO|PICHINCHA - RUMIÑAHUI_AYG|PICHINCHA - RUMIÑAHUI_AZU|PICHINCHA - RUMIÑAHUI_BAL|PICHINCHA - RUMIÑAHUI_BNA|PICHINCHA - RUMIÑAHUI_CAN|PICHINCHA - RUMIÑAHUI_CAR|PICHINCHA - RUMIÑAHUI_CAU|PICHINCHA - RUMIÑAHUI_CEM|PICHINCHA - RUMIÑAHUI_CER|PICHINCHA - RUMIÑAHUI_CHO|PICHINCHA - RUMIÑAHUI_CIN|PICHINCHA - RUMIÑAHUI_CUE|PICHINCHA - RUMIÑAHUI_CUL|PICHINCHA - RUMIÑAHUI_DEM|PICHINCHA - RUMIÑAHUI_DOM|PICHINCHA - RUMIÑAHUI_FIN|PICHINCHA - RUMIÑAHUI_FRV|PICHINCHA - RUMIÑAHUI_GAN|PICHINCHA - RUMIÑAHUI_HIL|PICHINCHA - RUMIÑAHUI_HOT|PICHINCHA - RUMIÑAHUI_INM|PICHINCHA - RUMIÑAHUI_LAC|PICHINCHA - RUMIÑAHUI_MAD|PICHINCHA - RUMIÑAHUI_MAN|PICHINCHA - RUMIÑAHUI_MET|PICHINCHA - RUMIÑAHUI_MIP|PICHINCHA - RUMIÑAHUI_MOL|PICHINCHA - RUMIÑAHUI_PAN|PICHINCHA - RUMIÑAHUI_PAP|PICHINCHA - RUMIÑAHUI_PES|PICHINCHA - RUMIÑAHUI_PLS|PICHINCHA - RUMIÑAHUI_POS|PICHINCHA - RUMIÑAHUI_QU1|PICHINCHA - RUMIÑAHUI_REP|PICHINCHA - RUMIÑAHUI_RES|PICHINCHA - RUMIÑAHUI_SAL|PICHINCHA - RUMIÑAHUI_SEG|PICHINCHA - RUMIÑAHUI_SIL|PICHINCHA - RUMIÑAHUI_TEL|PICHINCHA - RUMIÑAHUI_VES|PICHINCHA - RUMIÑAHUI_VID,210,2683.2885292703295,0.9088474733140827
canton_sector,60,CARCHI - BOLIVAR_ADM|CARCHI - BOLIVAR_ADP|CARCHI - BOLIVAR_AGU|CARCHI - BOLIVAR_ALD|CARCHI - BOLIVAR_ASO|CARCHI - BOLIVAR_CAR|CARCHI - BOLIVAR_CEM|CARCHI - BOLIVAR_CER|CARCHI - BOLIVAR_CIN|CARCHI - BOLIVAR_COM|CARCHI - BOLIVAR_CON|CARCHI - BOLIVAR_CUL|CARCHI - BOLIVAR_DEM|CARCHI - BOLIVAR_DOM|CARCHI - BOLIVAR_EDU|CARCHI - BOLIVAR_ELE|CARCHI - BOLIVAR_FIN|CARCHI - BOLIVAR_FRT|CARCHI - BOLIVAR_FRV|CARCHI - BOLIVAR_GAN|CARCHI - BOLIVAR_HIL|CARCHI - BOLIVAR_HOT|CARCHI - BOLIVAR_INM|CARCHI - BOLIVAR_MAD|CARCHI - BOLIVAR_MAN|CARCHI - BOLIVAR_MAQ|CARCHI - BOLIVAR_MUE|CARCHI - BOLIVAR_PAN|CARCHI - BOLIVAR_PES|CARCHI - BOLIVAR_POS|CARCHI - BOLIVAR_REP|CARCHI - BOLIVAR_RES|CARCHI - BOLIVAR_SAL|CARCHI - BOLIVAR_SIL|CARCHI - BOLIVAR_TEL|CARCHI - BOLIVAR_TRA|CARCHI - BOLIVAR_VES|CARCHI - BOLIVAR_VID|CARCHI - ESPEJO_ADM|CARCHI - ESPEJO_ADP|CARCHI - ESPEJO_ALD|CARCHI - ESPEJO_ASO|CARCHI - ESPEJO_CER|CARCHI - ESPEJO_CIN|CARCHI - ESPEJO_COM|CARCHI - ESPEJO_CON|CARCHI - ESPEJO_DEM|CARCHI - ESPEJO_DOM|CARCHI - ESPEJO_EDU|CARCHI - ESPEJO_FRV|CARCHI - ESPEJO_GAN|CARCHI - ESPEJO_HIL|CARCHI - ESPEJO_HOT|CARCHI - ESPEJO_INM|CARCHI - ESPEJO_LAC|CARCHI - ESPEJO_MAN|CARCHI - ESPEJO_MAQ|CARCHI - ESPEJO_MUE|CARCHI - ESPEJO_PAN|CARCHI - ESPEJO_PES|CARCHI - ESPEJO_REP|CARCHI - ESPEJO_RES|CARCHI - ESPEJO_SAL|CARCHI - ESPEJO_SIL|CARCHI - ESPEJO_TEL|CARCHI - ESPEJO_TRA|CARCHI - ESPEJO_VES|CARCHI - ESPEJO_VID|CARCHI - MIRA_ADM|CARCHI - MIRA_ADP|CARCHI - MIRA_ALD|CARCHI - MIRA_ASO|CARCHI - MIRA_BAL|CARCHI - MIRA_CER|CARCHI - MIRA_CIN|CARCHI - MIRA_COM|CARCHI - MIRA_CON|CARCHI - MIRA_CUL|CARCHI - MIRA_DEM|CARCHI - MIRA_DOM|CARCHI - MIRA_EDU|CARCHI - MIRA_FRT|CARCHI - MIRA_FRV|CARCHI - MIRA_GAN|CARCHI - MIRA_HIL|CARCHI - MIRA_HOT|CARCHI - MIRA_INM|CARCHI - MIRA_LAC|CARCHI - MIRA_MAD|CARCHI - MIRA_MAQ|CARCHI - MIRA_MET|CARCHI - MIRA_QU1|CARCHI - MIRA_REP|CARCHI - MIRA_RES|CARCHI - MIRA_SAL|CARCHI - MIRA_SIL|CARCHI - MIRA_TEL|CARCHI - MIRA_TRA|CARCHI - MIRA_VES|CARCHI - MIRA_VID|CARCHI - MONTUFAR_ADM|CARCHI - MONTUFAR_ADP|CARCHI - MONTUFAR_AGU|CARCHI - MONTUFAR_ASO|CARCHI - MONTUFAR_CAR|CARCHI - MONTUFAR_CEM|CARCHI - MONTUFAR_CER|CARCHI - MONTUFAR_CIN|CARCHI - MONTUFAR_COM|CARCHI - MONTUFAR_CON|CARCHI - MONTUFAR_CUL|CARCHI - MONTUFAR_DEM|CARCHI - MONTUFAR_DOM|CARCHI - MONTUFAR_EDU|CARCHI - MONTUFAR_FIN|CARCHI - MONTUFAR_FRT|CARCHI - MONTUFAR_FRV|CARCHI - MONTUFAR_GAN|CARCHI - MONTUFAR_HOT|CARCHI - MONTUFAR_INM|CARCHI - MONTUFAR_LAC|CARCHI - MONTUFAR_MAD|CARCHI - MONTUFAR_MAN|CARCHI - MONTUFAR_MAQ|CARCHI - MONTUFAR_MET|CARCHI - MONTUFAR_MUE|CARCHI - MONTUFAR_PAN|CARCHI - MONTUFAR_PES|CARCHI - MONTUFAR_POS|CARCHI - MONTUFAR_QU2|CARCHI - MONTUFAR_REP|CARCHI - MONTUFAR_RES|CARCHI - MONTUFAR_SAL|CARCHI - MONTUFAR_SIL|CARCHI - MONTUFAR_TEL|CARCHI - MONTUFAR_TRA|CARCHI - MONTUFAR_VES|CARCHI - MONTUFAR_VID|CARCHI - SAN PEDRO DE HUACA_ADM|CARCHI - SAN PEDRO DE HUACA_ADP|CARCHI - SAN PEDRO DE HUACA_AGU|CARCHI - SAN PEDRO DE HUACA_ALD|CARCHI - SAN PEDRO DE HUACA_ASO|CARCHI - SAN PEDRO DE HUACA_CAN|CARCHI - SAN PEDRO DE HUACA_CER|CARCHI - SAN PEDRO DE HUACA_COM|CARCHI - SAN PEDRO DE HUACA_CON|CARCHI - SAN PEDRO DE HUACA_CUL|CARCHI - SAN PEDRO DE HUACA_DOM|CARCHI - SAN PEDRO DE HUACA_EDU|CARCHI - SAN PEDRO DE HUACA_ELE|CARCHI - SAN PEDRO DE HUACA_FRV|CARCHI - SAN PEDRO DE HUACA_GAN|CARCHI - SAN PEDRO DE HUACA_INM|CARCHI - SAN PEDRO DE HUACA_LAC|CARCHI - SAN PEDRO DE HUACA_MAQ|CARCHI - SAN PEDRO DE HUACA_MIP|CARCHI - SAN PEDRO DE HUACA_MOL|CARCHI - SAN PEDRO DE HUACA_MUE|CARCHI - SAN PEDRO DE HUACA_PAN|CARCHI - SAN PEDRO DE HUACA_QU2|CARCHI - SAN PEDRO DE HUACA_REP|CARCHI - SAN PEDRO DE HUACA_RES|CARCHI - SAN PEDRO DE HUACA_SAL|CARCHI - SAN PEDRO DE HUACA_SIL|CARCHI - SAN PEDRO DE HUACA_TEL|CARCHI - SAN PEDRO DE HUACA_TRA|CARCHI - SAN PEDRO DE HUACA_VES|CARCHI - TULCAN_ADM|CARCHI - TULCAN_ADP|CARCHI - TULCAN_AGU|CARCHI - TULCAN_ALD|CARCHI - TULCAN_ASO|CARCHI - TULCAN_BAL|CARCHI - TULCAN_CAN|CARCHI - TULCAN_CAU|CARCHI - TULCAN_CEM|CARCHI - TULCAN_CER|CARCHI - TULCAN_CHO|CARCHI - TULCAN_CIN|CARCHI - TULCAN_COM|CARCHI - TULCAN_CON|CARCHI - TULCAN_CUE|CARCHI - TULCAN_CUL|CARCHI - TULCAN_DEM|CARCHI - TULCAN_DOM|CARCHI - TULCAN_EDU|CARCHI - TULCAN_ELE|CARCHI - TULCAN_FIN|CARCHI - TULCAN_FRT|CARCHI - TULCAN_FRV|CARCHI - TULCAN_GAN|CARCHI - TULCAN_HIL|CARCHI - TULCAN_HOT|CARCHI - TULCAN_INM|CARCHI - TULCAN_LAC|CARCHI - TULCAN_MAD|CARCHI - TULCAN_MAN|CARCHI - TULCAN_MAQ|CARCHI - TULCAN_MET|CARCHI - TULCAN_MIP|CARCHI - TULCAN_MOL|CARCHI - TULCAN_MUE|CARCHI - TULCAN_PAN|CARCHI - TULCAN_PAP|CARCHI - TULCAN_PLS|CARCHI - TULCAN_POS|CARCHI - TULCAN_QU2|CARCHI - TULCAN_REP|CARCHI - TULCAN_RES|CARCHI - TULCAN_SAL|CARCHI - TULCAN_SIL|CARCHI - TULCAN_TEL|CARCHI - TULCAN_TRA|CARCHI - TULCAN_VES|CARCHI - TULCAN_VID|ESMERALDAS - SAN LORENZO_ADM|ESMERALDAS - SAN LORENZO_ADP|ESMERALDAS - SAN LORENZO_ASO|ESMERALDAS - SAN LORENZO_BAL|ESMERALDAS - SAN LORENZO_BNA|ESMERALDAS - SAN LORENZO_CAU|ESMERALDAS - SAN LORENZO_CEM|ESMERALDAS - SAN LORENZO_CER|ESMERALDAS - SAN LORENZO_CIN|ESMERALDAS - SAN LORENZO_COM|ESMERALDAS - SAN LORENZO_CON|ESMERALDAS - SAN LORENZO_CUL|ESMERALDAS - SAN LORENZO_DEM|ESMERALDAS - SAN LORENZO_DOM|ESMERALDAS - SAN LORENZO_EDU|ESMERALDAS - SAN LORENZO_FIN|ESMERALDAS - SAN LORENZO_FRT|ESMERALDAS - SAN LORENZO_FRV|ESMERALDAS - SAN LORENZO_GAN|ESMERALDAS - SAN LORENZO_HOT|ESMERALDAS - SAN LORENZO_INM|ESMERALDAS - SAN LORENZO_MAD|ESMERALDAS - SAN LORENZO_MAN|ESMERALDAS - SAN LORENZO_MAQ|ESMERALDAS - SAN LORENZO_MET|ESMERALDAS - SAN LORENZO_MIP|ESMERALDAS - SAN LORENZO_MUE|ESMERALDAS - SAN LORENZO_PAN|ESMERALDAS - SAN LORENZO_PES|ESMERALDAS - SAN LORENZO_POS|ESMERALDAS - SAN LORENZO_REP|ESMERALDAS - SAN LORENZO_RES|ESMERALDAS - SAN LORENZO_SAL|ESMERALDAS - SAN LORENZO_SIL|ESMERALDAS - SAN LORENZO_TEL|ESMERALDAS - SAN LORENZO_TRA|ESMERALDAS - SAN LORENZO_VES|ESMERALDAS - SAN LORENZO_VID|IMBABURA - IBARRA_ADM|IMBABURA - IBARRA_ADP|IMBABURA - IBARRA_AGU|IMBABURA - IBARRA_ALD|IMBABURA - IBARRA_ASO|IMBABURA - IBARRA_AZU|IMBABURA - IBARRA_BAL|IMBABURA - IBARRA_BNA|IMBABURA - IBARRA_CAN|IMBABURA - IBARRA_CAR|IMBABURA - IBARRA_CAU|IMBABURA - IBARRA_CEM|IMBABURA - IBARRA_CER|IMBABURA - IBARRA_CHO|IMBABURA - IBARRA_CIN|IMBABURA - IBARRA_COM|IMBABURA - IBARRA_CON|IMBABURA - IBARRA_CUE|IMBABURA - IBARRA_CUL|IMBABURA - IBARRA_DEM|IMBABURA - IBARRA_DOM|IMBABURA - IBARRA_EDU|IMBABURA - IBARRA_ELE|IMBABURA - IBARRA_FIN|IMBABURA - IBARRA_FRT|IMBABURA - IBARRA_FRV|IMBABURA - IBARRA_GAN|IMBABURA - IBARRA_HIL|IMBABURA - IBARRA_HOT|IMBABURA - IBARRA_INM|IMBABURA - IBARRA_LAC|IMBABURA - IBARRA_MAD|IMBABURA - IBARRA_MAN|IMBABURA - IBARRA_MAQ|IMBABURA - IBARRA_MET|IMBABURA - IBARRA_MIP|IMBABURA - IBARRA_MOL|IMBABURA - IBARRA_MUE|IMBABURA - IBARRA_PAN|IMBABURA - IBARRA_PAP|IMBABURA - IBARRA_PES|IMBABURA - IBARRA_PLS|IMBABURA - IBARRA_POS|IMBABURA - IBARRA_QU1|IMBABURA - IBARRA_QU2|IMBABURA - IBARRA_REP|IMBABURA - IBARRA_RES|IMBABURA - IBARRA_SAL|IMBABURA - IBARRA_SIL|IMBABURA - IBARRA_TEL|IMBABURA - IBARRA_TRA|IMBABURA - IBARRA_VES|IMBABURA - IBARRA_VID|IMBABURA - OTAVALO_ADM|IMBABURA - OTAVALO_ADP|IMBABURA - OTAVALO_AGU|IMBABURA - OTAVALO_ALD|IMBABURA - OTAVALO_ASO|IMBABURA - OTAVALO_AYG|IMBABURA - OTAVALO_AZU|IMBABURA - OTAVALO_BAL|IMBABURA - OTAVALO_BNA|IMBABURA - OTAVALO_CAN|IMBABURA - OTAVALO_CAR|IMBABURA - OTAVALO_CAU|IMBABURA - OTAVALO_CEM|IMBABURA - OTAVALO_CER|IMBABURA - OTAVALO_CIN|IMBABURA - OTAVALO_COM|IMBABURA - OTAVALO_CON|IMBABURA - OTAVALO_CUE|IMBABURA - OTAVALO_CUL|IMBABURA - OTAVALO_DEM|IMBABURA - OTAVALO_DOM|IMBABURA - OTAVALO_EDU|IMBABURA - OTAVALO_ELE|IMBABURA - OTAVALO_FIN|IMBABURA - OTAVALO_FRT|IMBABURA - OTAVALO_FRV|IMBABURA - OTAVALO_GAN|IMBABURA - OTAVALO_HIL|IMBABURA - OTAVALO_HOT|IMBABURA - OTAVALO_INM|IMBABURA - OTAVALO_LAC|IMBABURA - OTAVALO_MAD|IMBABURA - OTAVALO_MAN|IMBABURA - OTAVALO_MAQ|IMBABURA - OTAVALO_MET|IMBABURA - OTAVALO_MIP|IMBABURA - OTAVALO_MOL|IMBABURA - OTAVALO_MUE|IMBABURA - OTAVALO_PAN|IMBABURA - OTAVALO_PAP|IMBABURA - OTAVALO_PES|IMBABURA - OTAVALO_PLS|IMBABURA - OTAVALO_POS|IMBABURA - OTAVALO_QU2|IMBABURA - OTAVALO_REF|IMBABURA - OTAVALO_REP|IMBABURA - OTAVALO_RES|IMBABURA - OTAVALO_SAL|IMBABURA - OTAVALO_SIL|IMBABURA - OTAVALO_TEL|IMBABURA - OTAVALO_TRA|IMBABURA - OTAVALO_VES|IMBABURA - OTAVALO_VID|IMBABURA - PIMAMPIRO_ADM|IMBABURA - PIMAMPIRO_ADP|IMBABURA - PIMAMPIRO_AGU|IMBABURA - PIMAMPIRO_ALD|IMBABURA - PIMAMPIRO_ASO|IMBABURA - PIMAMPIRO_CAN|IMBABURA - PIMAMPIRO_CER|IMBABURA - PIMAMPIRO_CIN|IMBABURA - PIMAMPIRO_COM|IMBABURA - PIMAMPIRO_CON|IMBABURA - PIMAMPIRO_CUL|IMBABURA - PIMAMPIRO_DEM|IMBABURA - PIMAMPIRO_DOM|IMBABURA - PIMAMPIRO_EDU|IMBABURA - PIMAMPIRO_FRT|IMBABURA - PIMAMPIRO_FRV|IMBABURA - PIMAMPIRO_GAN|IMBABURA - PIMAMPIRO_HIL|IMBABURA - PIMAMPIRO_HOT|IMBABURA - PIMAMPIRO_INM|IMBABURA - PIMAMPIRO_MAD|IMBABURA - PIMAMPIRO_MAQ|IMBABURA - PIMAMPIRO_MIP|IMBABURA - PIMAMPIRO_MOL|IMBABURA - PIMAMPIRO_MUE|IMBABURA - PIMAMPIRO_PAN|IMBABURA - PIMAMPIRO_PES|IMBABURA - PIMAMPIRO_REP|IMBABURA - PIMAMPIRO_RES|IMBABURA - PIMAMPIRO_SAL|IMBABURA - PIMAMPIRO_SIL|IMBABURA - PIMAMPIRO_TEL|IMBABURA - PIMAMPIRO_TRA|IMBABURA - PIMAMPIRO_VES|IMBABURA - PIMAMPIRO_VID|NAPO - ARCHIDONA_ADM|NAPO - ARCHIDONA_ADP|NAPO - ARCHIDONA_AGU|NAPO - ARCHIDONA_ALD|NAPO - ARCHIDONA_ASO|NAPO - ARCHIDONA_BNA|NAPO - ARCHIDONA_CEM|NAPO - ARCHIDONA_CER|NAPO - ARCHIDONA_CIN|NAPO - ARCHIDONA_COM|NAPO - ARCHIDONA_CON|NAPO - ARCHIDONA_CUL|NAPO - ARCHIDONA_DEM|NAPO - ARCHIDONA_DOM|NAPO - ARCHIDONA_EDU|NAPO - ARCHIDONA_FIN|NAPO - ARCHIDONA_FRT|NAPO - ARCHIDONA_FRV|NAPO - ARCHIDONA_GAN|NAPO - ARCHIDONA_HIL|NAPO - ARCHIDONA_HOT|NAPO - ARCHIDONA_INM|NAPO - ARCHIDONA_MAD|NAPO - ARCHIDONA_MAN|NAPO - ARCHIDONA_MAQ|NAPO - ARCHIDONA_MIP|NAPO - ARCHIDONA_MUE|NAPO - ARCHIDONA_PAN|NAPO - ARCHIDONA_PES|NAPO - ARCHIDONA_POS|NAPO - ARCHIDONA_REP|NAPO - ARCHIDONA_RES|NAPO - ARCHIDONA_SAL|NAPO - ARCHIDONA_SIL|NAPO - ARCHIDONA_TEL|NAPO - ARCHIDONA_TRA|NAPO - ARCHIDONA_VES|NAPO - ARCHIDONA_VID|NAPO - EL CHACO_ADM|NAPO - EL CHACO_ADP|NAPO - EL CHACO_ALD|NAPO - EL CHACO_ASO|NAPO - EL CHACO_BNA|NAPO - EL CHACO_CAR|NAPO - EL CHACO_COM|NAPO - EL CHACO_CON|NAPO - EL CHACO_CUL|NAPO - EL CHACO_DEM|NAPO - EL CHACO_DOM|NAPO - EL CHACO_EDU|NAPO - EL CHACO_FRT|NAPO - EL CHACO_FRV|NAPO - EL CHACO_GAN|NAPO - EL CHACO_HOT|NAPO - EL CHACO_INM|NAPO - EL CHACO_LAC|NAPO - EL CHACO_MAD|NAPO - EL CHACO_MAN|NAPO - EL CHACO_MAQ|NAPO - EL CHACO_MUE|NAPO - EL CHACO_PAN|NAPO - EL CHACO_PES|NAPO - EL CHACO_REP|NAPO - EL CHACO_RES|NAPO - EL CHACO_SAL|NAPO - EL CHACO_TEL|NAPO - EL CHACO_TRA|NAPO - EL CHACO_VES|NAPO - QUIJOS_ADM|NAPO - QUIJOS_ADP|NAPO - QUIJOS_ALD|NAPO - QUIJOS_ASO|NAPO - QUIJOS_AZU|NAPO - QUIJOS_BNA|NAPO - QUIJOS_CAR|NAPO - QUIJOS_COM|NAPO - QUIJOS_CON|NAPO - QUIJOS_CUL|NAPO - QUIJOS_DEM|NAPO - QUIJOS_DOM|NAPO - QUIJOS_EDU|NAPO - QUIJOS_ELE|NAPO - QUIJOS_FRV|NAPO - QUIJOS_GAN|NAPO - QUIJOS_HOT|NAPO - QUIJOS_INM|NAPO - QUIJOS_LAC|NAPO - QUIJOS_MAD|NAPO - QUIJOS_MAN|NAPO - QUIJOS_MAQ|NAPO - QUIJOS_MIP|NAPO - QUIJOS_MUE|NAPO - QUIJOS_PAN|NAPO - QUIJOS_PES|NAPO - QUIJOS_REP|NAPO - QUIJOS_RES|NAPO - QUIJOS_SAL|NAPO - QUIJOS_TEL|NAPO - QUIJOS_TRA|NAPO - QUIJOS_VES|ORELLANA - LORETO_ADM|ORELLANA - LORETO_ADP|ORELLANA - LORETO_ASO|ORELLANA - LORETO_BNA|ORELLANA - LORETO_CER|ORELLANA - LORETO_CIN|ORELLANA - LORETO_COM|ORELLANA - LORETO_CON|ORELLANA - LORETO_CUL|ORELLANA - LORETO_DEM|ORELLANA - LORETO_DOM|ORELLANA - LORETO_EDU|ORELLANA - LORETO_FRV|ORELLANA - LORETO_GAN|ORELLANA - LORETO_HIL|ORELLANA - LORETO_HOT|ORELLANA - LORETO_INM|ORELLANA - LORETO_LAC|ORELLANA - LORETO_MAD|ORELLANA - LORETO_MAN|ORELLANA - LORETO_MAQ|ORELLANA - LORETO_MET|ORELLANA - LORETO_MUE|ORELLANA - LORETO_PAN|ORELLANA - LORETO_PES|ORELLANA - LORETO_REP|ORELLANA - LORETO_RES|ORELLANA - LORETO_SAL|ORELLANA - LORETO_SIL|ORELLANA - LORETO_TEL|ORELLANA - LORETO_TRA|ORELLANA - LORETO_VES|ORELLANA - LORETO_VID|PICHINCHA - CAYAMBE_ADM|PICHINCHA - CAYAMBE_ADP|PICHINCHA - CAYAMBE_AGU|PICHINCHA - CAYAMBE_ALD|PICHINCHA - CAYAMBE_ASO|PICHINCHA - CAYAMBE_AZU|PICHINCHA - CAYAMBE_CAN|PICHINCHA - CAYAMBE_CAR|PICHINCHA - CAYAMBE_CAU|PICHINCHA - CAYAMBE_CEM|PICHINCHA - CAYAMBE_CER|PICHINCHA - CAYAMBE_CHO|PICHINCHA - CAYAMBE_CIN|PICHINCHA - CAYAMBE_COM|PICHINCHA - CAYAMBE_CON|PICHINCHA - CAYAMBE_CUL|PICHINCHA - CAYAMBE_DEM|PICHINCHA - CAYAMBE_DOM|PICHINCHA - CAYAMBE_EDU|PICHINCHA - CAYAMBE_ELE|PICHINCHA - CAYAMBE_FIN|PICHINCHA - CAYAMBE_FRT|PICHINCHA - CAYAMBE_FRV|PICHINCHA - CAYAMBE_GAN|PICHINCHA - CAYAMBE_HIL|PICHINCHA - CAYAMBE_HOT|PICHINCHA - CAYAMBE_INM|PICHINCHA - CAYAMBE_LAC|PICHINCHA - CAYAMBE_MAD|PICHINCHA - CAYAMBE_MAN|PICHINCHA - CAYAMBE_MAQ|PICHINCHA - CAYAMBE_MET|PICHINCHA - CAYAMBE_MIP|PICHINCHA - CAYAMBE_MOL|PICHINCHA - CAYAMBE_MUE|PICHINCHA - CAYAMBE_PAN|PICHINCHA - CAYAMBE_PAP|PICHINCHA - CAYAMBE_PES|PICHINCHA - CAYAMBE_PLS|PICHINCHA - CAYAMBE_POS|PICHINCHA - CAYAMBE_QU1|PICHINCHA - CAYAMBE_QU2|PICHINCHA - CAYAMBE_REP|PICHINCHA - CAYAMBE_RES|PICHINCHA - CAYAMBE_SAL|PICHINCHA - CAYAMBE_SIL|PICHINCHA - CAYAMBE_TEL|PICHINCHA - CAYAMBE_TRA|PICHINCHA - CAYAMBE_VES|PICHINCHA - CAYAMBE_VID|PICHINCHA - PEDRO MONCAYO_ADM|PICHINCHA - PEDRO MONCAYO_ADP|PICHINCHA - PEDRO MONCAYO_AGU|PICHINCHA - PEDRO MONCAYO_ALD|PICHINCHA - PEDRO MONCAYO_ASO|PICHINCHA - PEDRO MONCAYO_AYG|PICHINCHA - PEDRO MONCAYO_CAN|PICHINCHA - PEDRO MONCAYO_CAU|PICHINCHA - PEDRO MONCAYO_CEM|PICHINCHA - PEDRO MONCAYO_CER|PICHINCHA - PEDRO MONCAYO_CIN|PICHINCHA - PEDRO MONCAYO_COM|PICHINCHA - PEDRO MONCAYO_CON|PICHINCHA - PEDRO MONCAYO_CUL|PICHINCHA - PEDRO MONCAYO_DEM|PICHINCHA - PEDRO MONCAYO_DOM|PICHINCHA - PEDRO MONCAYO_EDU|PICHINCHA - PEDRO MONCAYO_ELE|PICHINCHA - PEDRO MONCAYO_FIN|PICHINCHA - PEDRO MONCAYO_FRV|PICHINCHA - PEDRO MONCAYO_GAN|PICHINCHA - PEDRO MONCAYO_HIL|PICHINCHA - PEDRO MONCAYO_HOT|PICHINCHA - PEDRO MONCAYO_INM|PICHINCHA - PEDRO MONCAYO_LAC|PICHINCHA - PEDRO MONCAYO_MAD|PICHINCHA - PEDRO MONCAYO_MAN|PICHINCHA - PEDRO MONCAYO_MAQ|PICHINCHA - PEDRO MONCAYO_MET|PICHINCHA - PEDRO MONCAYO_MIP|PICHINCHA - PEDRO MONCAYO_MUE|PICHINCHA - PEDRO MONCAYO_PAN|PICHINCHA - PEDRO MONCAYO_PAP|PICHINCHA - PEDRO MONCAYO_PLS|PICHINCHA - PEDRO MONCAYO_POS|PICHINCHA - PEDRO MONCAYO_QU1|PICHINCHA - PEDRO MONCAYO_QU2|PICHINCHA - PEDRO MONCAYO_REF|PICHINCHA - PEDRO MONCAYO_REP|PICHINCHA - PEDRO MONCAYO_RES|PICHINCHA - PEDRO MONCAYO_SAL|PICHINCHA - PEDRO MONCAYO_SIL|PICHINCHA - PEDRO MONCAYO_TEL|PICHINCHA - PEDRO MONCAYO_TRA|PICHINCHA - PEDRO MONCAYO_VES|PICHINCHA - PEDRO MONCAYO_VID|SUCUMBIOS - CASCALES_ADM|SUCUMBIOS - CASCALES_ADP|SUCUMBIOS - CASCALES_AGU|SUCUMBIOS - CASCALES_ASO|SUCUMBIOS - CASCALES_AZU|SUCUMBIOS - CASCALES_BNA|SUCUMBIOS - CASCALES_CER|SUCUMBIOS - CASCALES_CIN|SUCUMBIOS - CASCALES_COM|SUCUMBIOS - CASCALES_CON|SUCUMBIOS - CASCALES_DOM|SUCUMBIOS - CASCALES_EDU|SUCUMBIOS - CASCALES_FRT|SUCUMBIOS - CASCALES_FRV|SUCUMBIOS - CASCALES_GAN|SUCUMBIOS - CASCALES_HOT|SUCUMBIOS - CASCALES_INM|SUCUMBIOS - CASCALES_MAD|SUCUMBIOS - CASCALES_MAN|SUCUMBIOS - CASCALES_MAQ|SUCUMBIOS - CASCALES_MIP|SUCUMBIOS - CASCALES_MUE|SUCUMBIOS - CASCALES_PAN|SUCUMBIOS - CASCALES_PES|SUCUMBIOS - CASCALES_REP|SUCUMBIOS - CASCALES_RES|SUCUMBIOS - CASCALES_SAL|SUCUMBIOS - CASCALES_SIL|SUCUMBIOS - CASCALES_TEL|SUCUMBIOS - CASCALES_TRA|SUCUMBIOS - CASCALES_VES|SUCUMBIOS - GONZALO PIZARRO_ADM|SUCUMBIOS - GONZALO PIZARRO_ADP|SUCUMBIOS - GONZALO PIZARRO_AGU|SUCUMBIOS - GONZALO PIZARRO_ASO|SUCUMBIOS - GONZALO PIZARRO_CAU|SUCUMBIOS - GONZALO PIZARRO_CIN|SUCUMBIOS - GONZALO PIZARRO_COM|SUCUMBIOS - GONZALO PIZARRO_CON|SUCUMBIOS - GONZALO PIZARRO_DEM|SUCUMBIOS - GONZALO PIZARRO_DOM|SUCUMBIOS - GONZALO PIZARRO_EDU|SUCUMBIOS - GONZALO PIZARRO_FRV|SUCUMBIOS - GONZALO PIZARRO_GAN|SUCUMBIOS - GONZALO PIZARRO_HOT|SUCUMBIOS - GONZALO PIZARRO_INM|SUCUMBIOS - GONZALO PIZARRO_MAQ|SUCUMBIOS - GONZALO PIZARRO_MET|SUCUMBIOS - GONZALO PIZARRO_MIP|SUCUMBIOS - GONZALO PIZARRO_MUE|SUCUMBIOS - GONZALO PIZARRO_PAN|SUCUMBIOS - GONZALO PIZARRO_PES|SUCUMBIOS - GONZALO PIZARRO_REP|SUCUMBIOS - GONZALO PIZARRO_RES|SUCUMBIOS - GONZALO PIZARRO_SIL|SUCUMBIOS - GONZALO PIZARRO_TEL|SUCUMBIOS - GONZALO PIZARRO_TRA|SUCUMBIOS - GONZALO PIZARRO_VES|SUCUMBIOS - GONZALO PIZARRO_VID|SUCUMBIOS - SUCUMBIOS_ADM|SUCUMBIOS - SUCUMBIOS_ADP|SUCUMBIOS - SUCUMBIOS_ALD|SUCUMBIOS - SUCUMBIOS_ASO|SUCUMBIOS - SUCUMBIOS_CEM|SUCUMBIOS - SUCUMBIOS_COM|SUCUMBIOS - SUCUMBIOS_CON|SUCUMBIOS - SUCUMBIOS_DEM|SUCUMBIOS - SUCUMBIOS_EDU|SUCUMBIOS - SUCUMBIOS_FRV|SUCUMBIOS - SUCUMBIOS_GAN|SUCUMBIOS - SUCUMBIOS_HOT|SUCUMBIOS - SUCUMBIOS_INM|SUCUMBIOS - SUCUMBIOS_MUE|SUCUMBIOS - SUCUMBIOS_QU2|SUCUMBIOS - SUCUMBIOS_REP|SUCUMBIOS - SUCUMBIOS_RES|SUCUMBIOS - SUCUMBIOS_SIL|SUCUMBIOS - SUCUMBIOS_TRA,702,3435.3322112202577,0.7098876760840995
canton_sector,61,BOLIVAR - CALUMA_ADM|BOLIVAR - CALUMA_ADP|BOLIVAR - CALUMA_ALD|BOLIVAR - CALUMA_ASO|BOLIVAR - CALUMA_BNA|BOLIVAR - CALUMA_CER|BOLIVAR - CALUMA_CIN|BOLIVAR - CALUMA_COM|BOLIVAR - CALUMA_CON|BOLIVAR - CALUMA_CUL|BOLIVAR - CALUMA_DEM|BOLIVAR - CALUMA_DOM|BOLIVAR - CALUMA_EDU|BOLIVAR - CALUMA_FRT|BOLIVAR - CALUMA_FRV|BOLIVAR - CALUMA_GAN|BOLIVAR - CALUMA_HOT|BOLIVAR - CALUMA_INM|BOLIVAR - CALUMA_MAD|BOLIVAR - CALUMA_MAN|BOLIVAR - CALUMA_MAQ|BOLIVAR - CALUMA_MUE|BOLIVAR - CALUMA_PAN|BOLIVAR - CALUMA_POS|BOLIVAR - CALUMA_REP|BOLIVAR - CALUMA_RES|BOLIVAR - CALUMA_SAL|BOLIVAR - CALUMA_TEL|BOLIVAR - CALUMA_TRA|BOLIVAR - CALUMA_VES|BOLIVAR - CHILLANES_ADM|BOLIVAR - CHILLANES_ADP|BOLIVAR - CHILLANES_ASO|BOLIVAR - CHILLANES_CER|BOLIVAR - CHILLANES_CHO|BOLIVAR - CHILLANES_CIN|BOLIVAR - CHILLANES_COM|BOLIVAR - CHILLANES_CON|BOLIVAR - CHILLANES_DEM|BOLIVAR - CHILLANES_DOM|BOLIVAR - CHILLANES_EDU|BOLIVAR - CHILLANES_FRT|BOLIVAR - CHILLANES_FRV|BOLIVAR - CHILLANES_GAN|BOLIVAR - CHILLANES_HIL|BOLIVAR - CHILLANES_HOT|BOLIVAR - CHILLANES_INM|BOLIVAR - CHILLANES_MAD|BOLIVAR - CHILLANES_MAN|BOLIVAR - CHILLANES_MAQ|BOLIVAR - CHILLANES_MIP|BOLIVAR - CHILLANES_PAN|BOLIVAR - CHILLANES_PPR|BOLIVAR - CHILLANES_REP|BOLIVAR - CHILLANES_RES|BOLIVAR - CHILLANES_SAL|BOLIVAR - CHILLANES_SIL|BOLIVAR - CHILLANES_TEL|BOLIVAR - CHILLANES_TRA|BOLIVAR - CHILLANES_VES|BOLIVAR - CHIMBO_ADM|BOLIVAR - CHIMBO_ADP|BOLIVAR - CHIMBO_AGU|BOLIVAR - CHIMBO_ALD|BOLIVAR - CHIMBO_ASO|BOLIVAR - CHIMBO_BAL|BOLIVAR - CHIMBO_CAR|BOLIVAR - CHIMBO_CER|BOLIVAR - CHIMBO_CIN|BOLIVAR - CHIMBO_COM|BOLIVAR - CHIMBO_CON|BOLIVAR - CHIMBO_CUL|BOLIVAR - CHIMBO_DEM|BOLIVAR - CHIMBO_DOM|BOLIVAR - CHIMBO_EDU|BOLIVAR - CHIMBO_FIN|BOLIVAR - CHIMBO_FRV|BOLIVAR - CHIMBO_GAN|BOLIVAR - CHIMBO_HOT|BOLIVAR - CHIMBO_INM|BOLIVAR - CHIMBO_LAC|BOLIVAR - CHIMBO_MAD|BOLIVAR - CHIMBO_MAN|BOLIVAR - CHIMBO_MAQ|BOLIVAR - CHIMBO_PAN|BOLIVAR - CHIMBO_REP|BOLIVAR - CHIMBO_RES|BOLIVAR - CHIMBO_SAL|BOLIVAR - CHIMBO_TEL|BOLIVAR - CHIMBO_TRA|BOLIVAR - CHIMBO_VES|BOLIVAR - SAN MIGUEL_ADM|BOLIVAR - SAN MIGUEL_ADP|BOLIVAR - SAN MIGUEL_AGU|BOLIVAR - SAN MIGUEL_ALD|BOLIVAR - SAN MIGUEL_ASO|BOLIVAR - SAN MIGUEL_BAL|BOLIVAR - SAN MIGUEL_CAR|BOLIVAR - SAN MIGUEL_CER|BOLIVAR - SAN MIGUEL_CIN|BOLIVAR - SAN MIGUEL_COM|BOLIVAR - SAN MIGUEL_CON|BOLIVAR - SAN MIGUEL_CUL|BOLIVAR - SAN MIGUEL_DEM|BOLIVAR - SAN MIGUEL_DOM|BOLIVAR - SAN MIGUEL_EDU|BOLIVAR - SAN MIGUEL_FIN|BOLIVAR - SAN MIGUEL_FRV|BOLIVAR - SAN MIGUEL_GAN|BOLIVAR - SAN MIGUEL_HOT|BOLIVAR - SAN MIGUEL_INM|BOLIVAR - SAN MIGUEL_LAC|BOLIVAR - SAN MIGUEL_MAD|BOLIVAR - SAN MIGUEL_MAN|BOLIVAR - SAN MIGUEL_MAQ|BOLIVAR - SAN MIGUEL_PAN|BOLIVAR - SAN MIGUEL_REP|BOLIVAR - SAN MIGUEL_RES|BOLIVAR - SAN MIGUEL_SAL|BOLIVAR - SAN MIGUEL_TEL|BOLIVAR - SAN MIGUEL_TRA|BOLIVAR - SAN MIGUEL_VES|CHIMBORAZO - COLTA_ADM|CHIMBORAZO - COLTA_ADP|CHIMBORAZO - COLTA_ASO|CHIMBORAZO - COLTA_CER|CHIMBORAZO - COLTA_CIN|CHIMBORAZO - COLTA_COM|CHIMBORAZO - COLTA_CON|CHIMBORAZO - COLTA_CUL|CHIMBORAZO - COLTA_DOM|CHIMBORAZO - COLTA_EDU|CHIMBORAZO - COLTA_FRV|CHIMBORAZO - COLTA_GAN|CHIMBORAZO - COLTA_HIL|CHIMBORAZO - COLTA_HOT|CHIMBORAZO - COLTA_INM|CHIMBORAZO - COLTA_LAC|CHIMBORAZO - COLTA_MAD|CHIMBORAZO - COLTA_MAN|CHIMBORAZO - COLTA_MAQ|CHIMBORAZO - COLTA_MIP|CHIMBORAZO - COLTA_MOL|CHIMBORAZO - COLTA_MUE|CHIMBORAZO - COLTA_PAN|CHIMBORAZO - COLTA_REP|CHIMBORAZO - COLTA_RES|CHIMBORAZO - COLTA_SAL|CHIMBORAZO - COLTA_TEL|CHIMBORAZO - COLTA_TRA|CHIMBORAZO - COLTA_VES|CHIMBORAZO - COLTA_VID|CHIMBORAZO - GUAMOTE_ADM|CHIMBORAZO - GUAMOTE_ADP|CHIMBORAZO - GUAMOTE_ASO|CHIMBORAZO - GUAMOTE_CAR|CHIMBORAZO - GUAMOTE_CER|CHIMBORAZO - GUAMOTE_COM|CHIMBORAZO - GUAMOTE_CON|CHIMBORAZO - GUAMOTE_CUL|CHIMBORAZO - GUAMOTE_DEM|CHIMBORAZO - GUAMOTE_DOM|CHIMBORAZO - GUAMOTE_EDU|CHIMBORAZO - GUAMOTE_FIN|CHIMBORAZO - GUAMOTE_FRV|CHIMBORAZO - GUAMOTE_GAN|CHIMBORAZO - GUAMOTE_HOT|CHIMBORAZO - GUAMOTE_INM|CHIMBORAZO - GUAMOTE_LAC|CHIMBORAZO - GUAMOTE_MAD|CHIMBORAZO - GUAMOTE_MAN|CHIMBORAZO - GUAMOTE_MIP|CHIMBORAZO - GUAMOTE_MUE|CHIMBORAZO - GUAMOTE_PAN|CHIMBORAZO - GUAMOTE_REP|CHIMBORAZO - GUAMOTE_RES|CHIMBORAZO - GUAMOTE_SAL|CHIMBORAZO - GUAMOTE_SIL|CHIMBORAZO - GUAMOTE_TEL|CHIMBORAZO - GUAMOTE_TRA|CHIMBORAZO - GUAMOTE_VES|CHIMBORAZO - PALLATANGA_ADM|CHIMBORAZO - PALLATANGA_ADP|CHIMBORAZO - PALLATANGA_ASO|CHIMBORAZO - PALLATANGA_CER|CHIMBORAZO - PALLATANGA_CIN|CHIMBORAZO - PALLATANGA_COM|CHIMBORAZO - PALLATANGA_CON|CHIMBORAZO - PALLATANGA_CUL|CHIMBORAZO - PALLATANGA_DEM|CHIMBORAZO - PALLATANGA_EDU|CHIMBORAZO - PALLATANGA_FIN|CHIMBORAZO - PALLATANGA_FRV|CHIMBORAZO - PALLATANGA_GAN|CHIMBORAZO - PALLATANGA_HOT|CHIMBORAZO - PALLATANGA_INM|CHIMBORAZO - PALLATANGA_LAC|CHIMBORAZO - PALLATANGA_MAD|CHIMBORAZO - PALLATANGA_MAN|CHIMBORAZO - PALLATANGA_MAQ|CHIMBORAZO - PALLATANGA_MUE|CHIMBORAZO - PALLATANGA_PAN|CHIMBORAZO - PALLATANGA_REP|CHIMBORAZO - PALLATANGA_RES|CHIMBORAZO - PALLATANGA_SAL|CHIMBORAZO - PALLATANGA_SIL|CHIMBORAZO - PALLATANGA_TEL|CHIMBORAZO - PALLATANGA_TRA|CHIMBORAZO - PALLATANGA_VES|COTOPAXI - LA MANA_ADM|COTOPAXI - LA MANA_ADP|COTOPAXI - LA MANA_AGU|COTOPAXI - LA MANA_ALD|COTOPAXI - LA MANA_ASO|COTOPAXI - LA MANA_BAL|COTOPAXI - LA MANA_BNA|COTOPAXI - LA MANA_CAR|COTOPAXI - LA MANA_CAU|COTOPAXI - LA MANA_CEM|COTOPAXI - LA MANA_CER|COTOPAXI - LA MANA_CIN|COTOPAXI - LA MANA_COM|COTOPAXI - LA MANA_CON|COTOPAXI - LA MANA_CUL|COTOPAXI - LA MANA_DEM|COTOPAXI - LA MANA_DOM|COTOPAXI - LA MANA_EDU|COTOPAXI - LA MANA_FIN|COTOPAXI - LA MANA_FRT|COTOPAXI - LA MANA_FRV|COTOPAXI - LA MANA_GAN|COTOPAXI - LA MANA_HIL|COTOPAXI - LA MANA_HOT|COTOPAXI - LA MANA_INM|COTOPAXI - LA MANA_LAC|COTOPAXI - LA MANA_MAD|COTOPAXI - LA MANA_MAN|COTOPAXI - LA MANA_MAQ|COTOPAXI - LA MANA_MIP|COTOPAXI - LA MANA_MUE|COTOPAXI - LA MANA_PAN|COTOPAXI - LA MANA_PES|COTOPAXI - LA MANA_REP|COTOPAXI - LA MANA_RES|COTOPAXI - LA MANA_SAL|COTOPAXI - LA MANA_SIL|COTOPAXI - LA MANA_TEL|COTOPAXI - LA MANA_TRA|COTOPAXI - LA MANA_VES|COTOPAXI - LA MANA_VID|GUAYAS - GENERAL ANTONIO ELIZALDE_ADM|GUAYAS - GENERAL ANTONIO ELIZALDE_ADP|GUAYAS - GENERAL ANTONIO ELIZALDE_ASO|GUAYAS - GENERAL ANTONIO ELIZALDE_BNA|GUAYAS - GENERAL ANTONIO ELIZALDE_CAN|GUAYAS - GENERAL ANTONIO ELIZALDE_CIN|GUAYAS - GENERAL ANTONIO ELIZALDE_COM|GUAYAS - GENERAL ANTONIO ELIZALDE_CON|GUAYAS - GENERAL ANTONIO ELIZALDE_CUL|GUAYAS - GENERAL ANTONIO ELIZALDE_DEM|GUAYAS - GENERAL ANTONIO ELIZALDE_DOM|GUAYAS - GENERAL ANTONIO ELIZALDE_EDU|GUAYAS - GENERAL ANTONIO ELIZALDE_FRT|GUAYAS - GENERAL ANTONIO ELIZALDE_FRV|GUAYAS - GENERAL ANTONIO ELIZALDE_GAN|GUAYAS - GENERAL ANTONIO ELIZALDE_HOT|GUAYAS - GENERAL ANTONIO ELIZALDE_INM|GUAYAS - GENERAL ANTONIO ELIZALDE_MAD|GUAYAS - GENERAL ANTONIO ELIZALDE_MAN|GUAYAS - GENERAL ANTONIO ELIZALDE_MAQ|GUAYAS - GENERAL ANTONIO ELIZALDE_MUE|GUAYAS - GENERAL ANTONIO ELIZALDE_PAN|GUAYAS - GENERAL ANTONIO ELIZALDE_REP|GUAYAS - GENERAL ANTONIO ELIZALDE_RES|GUAYAS - GENERAL ANTONIO ELIZALDE_SAL|GUAYAS - GENERAL ANTONIO ELIZALDE_SIL|GUAYAS - GENERAL ANTONIO ELIZALDE_TEL|GUAYAS - GENERAL ANTONIO ELIZALDE_TRA|GUAYAS - GENERAL ANTONIO ELIZALDE_VES|GUAYAS - SIMON BOLIVAR_ADM|GUAYAS - SIMON BOLIVAR_ADP|GUAYAS - SIMON BOLIVAR_ALD|GUAYAS - SIMON BOLIVAR_ASO|GUAYAS - SIMON BOLIVAR_CAN|GUAYAS - SIMON BOLIVAR_CEM|GUAYAS - SIMON BOLIVAR_CER|GUAYAS - SIMON BOLIVAR_CIN|GUAYAS - SIMON BOLIVAR_COM|GUAYAS - SIMON BOLIVAR_CON|GUAYAS - SIMON BOLIVAR_CUL|GUAYAS - SIMON BOLIVAR_DEM|GUAYAS - SIMON BOLIVAR_EDU|GUAYAS - SIMON BOLIVAR_FRT|GUAYAS - SIMON BOLIVAR_FRV|GUAYAS - SIMON BOLIVAR_GAN|GUAYAS - SIMON BOLIVAR_INM|GUAYAS - SIMON BOLIVAR_MAD|GUAYAS - SIMON BOLIVAR_MAN|GUAYAS - SIMON BOLIVAR_MAQ|GUAYAS - SIMON BOLIVAR_MOL|GUAYAS - SIMON BOLIVAR_MUE|GUAYAS - SIMON BOLIVAR_PAP|GUAYAS - SIMON BOLIVAR_PES|GUAYAS - SIMON BOLIVAR_QU2|GUAYAS - SIMON BOLIVAR_REP|GUAYAS - SIMON BOLIVAR_RES|GUAYAS - SIMON BOLIVAR_SAL|GUAYAS - SIMON BOLIVAR_TEL|GUAYAS - SIMON BOLIVAR_TRA|LOS RIOS - MOCACHE_ADM|LOS RIOS - MOCACHE_ADP|LOS RIOS - MOCACHE_ALD|LOS RIOS - MOCACHE_ASO|LOS RIOS - MOCACHE_CER|LOS RIOS - MOCACHE_CIN|LOS RIOS - MOCACHE_COM|LOS RIOS - MOCACHE_CON|LOS RIOS - MOCACHE_CUL|LOS RIOS - MOCACHE_DEM|LOS RIOS - MOCACHE_DOM|LOS RIOS - MOCACHE_EDU|LOS RIOS - MOCACHE_FIN|LOS RIOS - MOCACHE_FRT|LOS RIOS - MOCACHE_FRV|LOS RIOS - MOCACHE_GAN|LOS RIOS - MOCACHE_HIL|LOS RIOS - MOCACHE_HOT|LOS RIOS - MOCACHE_INM|LOS RIOS - MOCACHE_MAD|LOS RIOS - MOCACHE_MAQ|LOS RIOS - MOCACHE_MOL|LOS RIOS - MOCACHE_MUE|LOS RIOS - MOCACHE_PAN|LOS RIOS - MOCACHE_REP|LOS RIOS - MOCACHE_RES|LOS RIOS - MOCACHE_SAL|LOS RIOS - MOCACHE_SIL|LOS RIOS - MOCACHE_TEL|LOS RIOS - MOCACHE_TRA|LOS RIOS - MOCACHE_VES|LOS RIOS - MONTALVO_ADM|LOS RIOS - MONTALVO_ADP|LOS RIOS - MONTALVO_ALD|LOS RIOS - MONTALVO_ASO|LOS RIOS - MONTALVO_BNA|LOS RIOS - MONTALVO_CER|LOS RIOS - MONTALVO_COM|LOS RIOS - MONTALVO_CON|LOS RIOS - MONTALVO_CUL|LOS RIOS - MONTALVO_DEM|LOS RIOS - MONTALVO_DOM|LOS RIOS - MONTALVO_EDU|LOS RIOS - MONTALVO_FIN|LOS RIOS - MONTALVO_FRT|LOS RIOS - MONTALVO_FRV|LOS RIOS - MONTALVO_GAN|LOS RIOS - MONTALVO_HOT|LOS RIOS - MONTALVO_INM|LOS RIOS - MONTALVO_MAD|LOS RIOS - MONTALVO_MAN|LOS RIOS - MONTALVO_MAQ|LOS RIOS - MONTALVO_MIP|LOS RIOS - MONTALVO_MOL|LOS RIOS - MONTALVO_MUE|LOS RIOS - MONTALVO_PAN|LOS RIOS - MONTALVO_REP|LOS RIOS - MONTALVO_RES|LOS RIOS - MONTALVO_SAL|LOS RIOS - MONTALVO_TEL|LOS RIOS - MONTALVO_TRA|LOS RIOS - MONTALVO_VES|LOS RIOS - PALENQUE_ADM|LOS RIOS - PALENQUE_ADP|LOS RIOS - PALENQUE_ALD|LOS RIOS - PALENQUE_ASO|LOS RIOS - PALENQUE_CER|LOS RIOS - PALENQUE_CIN|LOS RIOS - PALENQUE_COM|LOS RIOS - PALENQUE_CON|LOS RIOS - PALENQUE_CUL|LOS RIOS - PALENQUE_DEM|LOS RIOS - PALENQUE_EDU|LOS RIOS - PALENQUE_FRT|LOS RIOS - PALENQUE_FRV|LOS RIOS - PALENQUE_GAN|LOS RIOS - PALENQUE_HOT|LOS RIOS - PALENQUE_INM|LOS RIOS - PALENQUE_MAD|LOS RIOS - PALENQUE_MAN|LOS RIOS - PALENQUE_MAQ|LOS RIOS - PALENQUE_MOL|LOS RIOS - PALENQUE_MUE|LOS RIOS - PALENQUE_REP|LOS RIOS - PALENQUE_RES|LOS RIOS - PALENQUE_TEL|LOS RIOS - PALENQUE_TRA|LOS RIOS - PUEBLO VIEJO_ADM|LOS RIOS - PUEBLO VIEJO_ADP|LOS RIOS - PUEBLO VIEJO_ALD|LOS RIOS - PUEBLO VIEJO_ASO|LOS RIOS - PUEBLO VIEJO_BNA|LOS RIOS - PUEBLO VIEJO_CER|LOS RIOS - PUEBLO VIEJO_CIN|LOS RIOS - PUEBLO VIEJO_COM|LOS RIOS - PUEBLO VIEJO_CON|LOS RIOS - PUEBLO VIEJO_CUL|LOS RIOS - PUEBLO VIEJO_DEM|LOS RIOS - PUEBLO VIEJO_DOM|LOS RIOS - PUEBLO VIEJO_EDU|LOS RIOS - PUEBLO VIEJO_ELE|LOS RIOS - PUEBLO VIEJO_FIN|LOS RIOS - PUEBLO VIEJO_FRT|LOS RIOS - PUEBLO VIEJO_FRV|LOS RIOS - PUEBLO VIEJO_GAN|LOS RIOS - PUEBLO VIEJO_HIL|LOS RIOS - PUEBLO VIEJO_HOT|LOS RIOS - PUEBLO VIEJO_INM|LOS RIOS - PUEBLO VIEJO_MAD|LOS RIOS - PUEBLO VIEJO_MAN|LOS RIOS - PUEBLO VIEJO_MAQ|LOS RIOS - PUEBLO VIEJO_MOL|LOS RIOS - PUEBLO VIEJO_PAN|LOS RIOS - PUEBLO VIEJO_PES|LOS RIOS - PUEBLO VIEJO_REP|LOS RIOS - PUEBLO VIEJO_RES|LOS RIOS - PUEBLO VIEJO_SAL|LOS RIOS - PUEBLO VIEJO_TEL|LOS RIOS - PUEBLO VIEJO_TRA|LOS RIOS - PUEBLO VIEJO_VES|LOS RIOS - QUINSALOMA_ADM|LOS RIOS - QUINSALOMA_ADP|LOS RIOS - QUINSALOMA_ALD|LOS RIOS - QUINSALOMA_ASO|LOS RIOS - QUINSALOMA_BAL|LOS RIOS - QUINSALOMA_CER|LOS RIOS - QUINSALOMA_CIN|LOS RIOS - QUINSALOMA_COM|LOS RIOS - QUINSALOMA_CON|LOS RIOS - QUINSALOMA_CUL|LOS RIOS - QUINSALOMA_DEM|LOS RIOS - QUINSALOMA_DOM|LOS RIOS - QUINSALOMA_EDU|LOS RIOS - QUINSALOMA_FIN|LOS RIOS - QUINSALOMA_FRT|LOS RIOS - QUINSALOMA_FRV|LOS RIOS - QUINSALOMA_GAN|LOS RIOS - QUINSALOMA_HIL|LOS RIOS - QUINSALOMA_HOT|LOS RIOS - QUINSALOMA_INM|LOS RIOS - QUINSALOMA_MAD|LOS RIOS - QUINSALOMA_MAQ|LOS RIOS - QUINSALOMA_MET|LOS RIOS - QUINSALOMA_MOL|LOS RIOS - QUINSALOMA_MUE|LOS RIOS - QUINSALOMA_PAN|LOS RIOS - QUINSALOMA_PES|LOS RIOS - QUINSALOMA_REP|LOS RIOS - QUINSALOMA_RES|LOS RIOS - QUINSALOMA_SAL|LOS RIOS - QUINSALOMA_TEL|LOS RIOS - QUINSALOMA_TRA|LOS RIOS - QUINSALOMA_VES|LOS RIOS - URDANETA_ADM|LOS RIOS - URDANETA_ADP|LOS RIOS - URDANETA_ALD|LOS RIOS - URDANETA_ASO|LOS RIOS - URDANETA_CER|LOS RIOS - URDANETA_CIN|LOS RIOS - URDANETA_COM|LOS RIOS - URDANETA_CON|LOS RIOS - URDANETA_CUL|LOS RIOS - URDANETA_DEM|LOS RIOS - URDANETA_DOM|LOS RIOS - URDANETA_EDU|LOS RIOS - URDANETA_FRT|LOS RIOS - URDANETA_FRV|LOS RIOS - URDANETA_GAN|LOS RIOS - URDANETA_HOT|LOS RIOS - URDANETA_INM|LOS RIOS - URDANETA_MAD|LOS RIOS - URDANETA_MAQ|LOS RIOS - URDANETA_MIP|LOS RIOS - URDANETA_MOL|LOS RIOS - URDANETA_MUE|LOS RIOS - URDANETA_PAN|LOS RIOS - URDANETA_POS|LOS RIOS - URDANETA_REP|LOS RIOS - URDANETA_RES|LOS RIOS - URDANETA_SAL|LOS RIOS - URDANETA_SIL|LOS RIOS - URDANETA_TEL|LOS RIOS - URDANETA_TRA|LOS RIOS - URDANETA_VES|LOS RIOS - VALENCIA_ADM|LOS RIOS - VALENCIA_ADP|LOS RIOS - VALENCIA_AGU|LOS RIOS - VALENCIA_ALD|LOS RIOS - VALENCIA_ASO|LOS RIOS - VALENCIA_CEM|LOS RIOS - VALENCIA_CER|LOS RIOS - VALENCIA_CIN|LOS RIOS - VALENCIA_COM|LOS RIOS - VALENCIA_CON|LOS RIOS - VALENCIA_CUL|LOS RIOS - VALENCIA_DEM|LOS RIOS - VALENCIA_DOM|LOS RIOS - VALENCIA_EDU|LOS RIOS - VALENCIA_FRT|LOS RIOS - VALENCIA_FRV|LOS RIOS - VALENCIA_GAN|LOS RIOS - VALENCIA_HIL|LOS RIOS - VALENCIA_HOT|LOS RIOS - VALENCIA_INM|LOS RIOS - VALENCIA_MAD|LOS RIOS - VALENCIA_MAN|LOS RIOS - VALENCIA_MAQ|LOS RIOS - VALENCIA_MUE|LOS RIOS - VALENCIA_PAN|LOS RIOS - VALENCIA_POS|LOS RIOS - VALENCIA_QU1|LOS RIOS - VALENCIA_REP|LOS RIOS - VALENCIA_RES|LOS RIOS - VALENCIA_SAL|LOS RIOS - VALENCIA_SIL|LOS RIOS - VALENCIA_TEL|LOS RIOS - VALENCIA_TRA|LOS RIOS - VALENCIA_VES|LOS RIOS - VENTANAS_ADM|LOS RIOS - VENTANAS_ADP|LOS RIOS - VENTANAS_AGU|LOS RIOS - VENTANAS_ALD|LOS RIOS - VENTANAS_ASO|LOS RIOS - VENTANAS_CEM|LOS RIOS - VENTANAS_CER|LOS RIOS - VENTANAS_CHO|LOS RIOS - VENTANAS_CIN|LOS RIOS - VENTANAS_COM|LOS RIOS - VENTANAS_CON|LOS RIOS - VENTANAS_CUE|LOS RIOS - VENTANAS_CUL|LOS RIOS - VENTANAS_DEM|LOS RIOS - VENTANAS_DOM|LOS RIOS - VENTANAS_EDU|LOS RIOS - VENTANAS_FIN|LOS RIOS - VENTANAS_FRT|LOS RIOS - VENTANAS_FRV|LOS RIOS - VENTANAS_GAN|LOS RIOS - VENTANAS_HIL|LOS RIOS - VENTANAS_HOT|LOS RIOS - VENTANAS_INM|LOS RIOS - VENTANAS_MAD|LOS RIOS - VENTANAS_MAN|LOS RIOS - VENTANAS_MAQ|LOS RIOS - VENTANAS_MIP|LOS RIOS - VENTANAS_MOL|LOS RIOS - VENTANAS_MUE|LOS RIOS - VENTANAS_PAN|LOS RIOS - VENTANAS_POS|LOS RIOS - VENTANAS_QU2|LOS RIOS - VENTANAS_REP|LOS RIOS - VENTANAS_RES|LOS RIOS - VENTANAS_SAL|LOS RIOS - VENTANAS_SIL|LOS RIOS - VENTANAS_TEL|LOS RIOS - VENTANAS_TRA|LOS RIOS - VENTANAS_VES|LOS RIOS - VENTANAS_VID|LOS RIOS - VINCES_ADM|LOS RIOS - VINCES_ADP|LOS RIOS - VINCES_ALD|LOS RIOS - VINCES_ASO|LOS RIOS - VINCES_CAU|LOS RIOS - VINCES_CEM|LOS RIOS - VINCES_CER|LOS RIOS - VINCES_CIN|LOS RIOS - VINCES_COM|LOS RIOS - VINCES_CON|LOS RIOS - VINCES_CUE|LOS RIOS - VINCES_CUL|LOS RIOS - VINCES_DEM|LOS RIOS - VINCES_DOM|LOS RIOS - VINCES_EDU|LOS RIOS - VINCES_FIN|LOS RIOS - VINCES_FRT|LOS RIOS - VINCES_FRV|LOS RIOS - VINCES_GAN|LOS RIOS - VINCES_HIL|LOS RIOS - VINCES_HOT|LOS RIOS - VINCES_INM|LOS RIOS - VINCES_LAC|LOS RIOS - VINCES_MAD|LOS RIOS - VINCES_MAN|LOS RIOS - VINCES_MAQ|LOS RIOS - VINCES_MIP|LOS RIOS - VINCES_MOL|LOS RIOS - VINCES_MUE|LOS RIOS - VINCES_PAN|LOS RIOS - VINCES_POS|LOS RIOS - VINCES_QU1|LOS RIOS - VINCES_REP|LOS RIOS - VINCES_RES|LOS RIOS - VINCES_SAL|LOS RIOS - VINCES_TEL|LOS RIOS - VINCES_TRA|LOS RIOS - VINCES_VES,605,2823.570178368767,0.8636937798404167
canton_sector,62,MANABI - JARAMIJO_ADM|MANABI - JARAMIJO_ADP|MANABI - JARAMIJO_ASO|MANABI - JARAMIJO_BAL|MANABI - JARAMIJO_CEM|MANABI - JARAMIJO_COM|MANABI - JARAMIJO_CON|MANABI - JARAMIJO_DEM|MANABI - JARAMIJO_DOM|MANABI - JARAMIJO_EDU|MANABI - JARAMIJO_FIN|MANABI - JARAMIJO_GAN|MANABI - JARAMIJO_HIL|MANABI - JARAMIJO_INM|MANABI - JARAMIJO_MAD|MANABI - JARAMIJO_MAN|MANABI - JARAMIJO_MAQ|MANABI - JARAMIJO_MIP|MANABI - JARAMIJO_MUE|MANABI - JARAMIJO_PAN|MANABI - JARAMIJO_PES|MANABI - JARAMIJO_PPR|MANABI - JARAMIJO_QU1|MANABI - JARAMIJO_REP|MANABI - JARAMIJO_RES|MANABI - JARAMIJO_SAL|MANABI - JARAMIJO_TEL|MANABI - JARAMIJO_TRA|MANABI - JARAMIJO_VES|MANABI - JARAMIJO_VID|MANABI - MONTECRISTI_ADM|MANABI - MONTECRISTI_ADP|MANABI - MONTECRISTI_AGU|MANABI - MONTECRISTI_ALD|MANABI - MONTECRISTI_ASO|MANABI - MONTECRISTI_AYG|MANABI - MONTECRISTI_BAL|MANABI - MONTECRISTI_BNA|MANABI - MONTECRISTI_CAN|MANABI - MONTECRISTI_CEM|MANABI - MONTECRISTI_CER|MANABI - MONTECRISTI_CIN|MANABI - MONTECRISTI_COM|MANABI - MONTECRISTI_CON|MANABI - MONTECRISTI_CUL|MANABI - MONTECRISTI_DEM|MANABI - MONTECRISTI_DOM|MANABI - MONTECRISTI_EDU|MANABI - MONTECRISTI_FIN|MANABI - MONTECRISTI_FRT|MANABI - MONTECRISTI_FRV|MANABI - MONTECRISTI_GAN|MANABI - MONTECRISTI_HIL|MANABI - MONTECRISTI_HOT|MANABI - MONTECRISTI_INM|MANABI - MONTECRISTI_LAC|MANABI - MONTECRISTI_MAD|MANABI - MONTECRISTI_MAN|MANABI - MONTECRISTI_MAQ|MANABI - MONTECRISTI_MET|MANABI - MONTECRISTI_MIP|MANABI - MONTECRISTI_MOL|MANABI - MONTECRISTI_MUE|MANABI - MONTECRISTI_PAN|MANABI - MONTECRISTI_PAP|MANABI - MONTECRISTI_PES|MANABI - MONTECRISTI_PLS|MANABI - MONTECRISTI_POS|MANABI - MONTECRISTI_PPR|MANABI - MONTECRISTI_QU1|MANABI - MONTECRISTI_QU2|MANABI - MONTECRISTI_REP|MANABI - MONTECRISTI_RES|MANABI - MONTECRISTI_SAL|MANABI - MONTECRISTI_SIL|MANABI - MONTECRISTI_TEL|MANABI - MONTECRISTI_TRA|MANABI - MONTECRISTI_VES|MANABI - MONTECRISTI_VID|MANABI - PORTOVIEJO_ADM|MANABI - PORTOVIEJO_ADP|MANABI - PORTOVIEJO_AGU|MANABI - PORTOVIEJO_ALD|MANABI - PORTOVIEJO_ASO|MANABI - PORTOVIEJO_AZU|MANABI - PORTOVIEJO_BAL|MANABI - PORTOVIEJO_BNA|MANABI - PORTOVIEJO_CAN|MANABI - PORTOVIEJO_CAR|MANABI - PORTOVIEJO_CAU|MANABI - PORTOVIEJO_CEM|MANABI - PORTOVIEJO_CER|MANABI - PORTOVIEJO_CHO|MANABI - PORTOVIEJO_CIN|MANABI - PORTOVIEJO_COM|MANABI - PORTOVIEJO_CON|MANABI - PORTOVIEJO_CUE|MANABI - PORTOVIEJO_CUL|MANABI - PORTOVIEJO_DEM|MANABI - PORTOVIEJO_DOM|MANABI - PORTOVIEJO_EDU|MANABI - PORTOVIEJO_ELE|MANABI - PORTOVIEJO_FID|MANABI - PORTOVIEJO_FIN|MANABI - PORTOVIEJO_FRT|MANABI - PORTOVIEJO_FRV|MANABI - PORTOVIEJO_GAN|MANABI - PORTOVIEJO_HIL|MANABI - PORTOVIEJO_HOT|MANABI - PORTOVIEJO_INM|MANABI - PORTOVIEJO_LAC|MANABI - PORTOVIEJO_MAD|MANABI - PORTOVIEJO_MAN|MANABI - PORTOVIEJO_MAQ|MANABI - PORTOVIEJO_MET|MANABI - PORTOVIEJO_MIP|MANABI - PORTOVIEJO_MOL|MANABI - PORTOVIEJO_MUE|MANABI - PORTOVIEJO_PAN|MANABI - PORTOVIEJO_PAP|MANABI - PORTOVIEJO_PES|MANABI - PORTOVIEJO_PLS|MANABI - PORTOVIEJO_POS|MANABI - PORTOVIEJO_PPR|MANABI - PORTOVIEJO_QU1|MANABI - PORTOVIEJO_QU2|MANABI - PORTOVIEJO_REP|MANABI - PORTOVIEJO_RES|MANABI - PORTOVIEJO_SAL|MANABI - PORTOVIEJO_SEG|MANABI - PORTOVIEJO_SIL|MANABI - PORTOVIEJO_TEL|MANABI - PORTOVIEJO_TRA|MANABI - PORTOVIEJO_VES|MANABI - PORTOVIEJO_VID|MANABI - SUCRE_ADM|MANABI - SUCRE_ADP|MANABI - SUCRE_AGU|MANABI - SUCRE_ALD|MANABI - SUCRE_ASO|MANABI - SUCRE_BNA|MANABI - SUCRE_CER|MANABI - SUCRE_CIN|MANABI - SUCRE_COM|MANABI - SUCRE_CON|MANABI - SUCRE_CUL|MANABI - SUCRE_DEM|MANABI - SUCRE_DOM|MANABI - SUCRE_EDU|MANABI - SUCRE_FRT|MANABI - SUCRE_FRV|MANABI - SUCRE_GAN|MANABI - SUCRE_INM|MANABI - SUCRE_MAN|MANABI - SUCRE_MAQ|MANABI - SUCRE_MUE|MANABI - SUCRE_PAN|MANABI - SUCRE_PES|MANABI - SUCRE_PLS|MANABI - SUCRE_REP|MANABI - SUCRE_RES|MANABI - SUCRE_SAL|MANABI - SUCRE_SIL|MANABI - SUCRE_TEL|MANABI - SUCRE_TRA|MANABI - SUCRE_VES,166,4709.166738313703,0.5178623173732153
canton_sector,63,GUAYAS - DAULE_ADM|GUAYAS - DAULE_ADP|GUAYAS - DAULE_AGU|GUAYAS - DAULE_ALD|GUAYAS - DAULE_ASO|GUAYAS - DAULE_BAL|GUAYAS - DAULE_BNA|GUAYAS - DAULE_CAR|GUAYAS - DAULE_CAU|GUAYAS - DAULE_CEM|GUAYAS - DAULE_CER|GUAYAS - DAULE_CHO|GUAYAS - DAULE_CIN|GUAYAS - DAULE_COM|GUAYAS - DAULE_CON|GUAYAS - DAULE_CUE|GUAYAS - DAULE_CUL|GUAYAS - DAULE_DEM|GUAYAS - DAULE_DOM|GUAYAS - DAULE_EDU|GUAYAS - DAULE_FIN|GUAYAS - DAULE_FRT|GUAYAS - DAULE_FRV|GUAYAS - DAULE_GAN|GUAYAS - DAULE_HIL|GUAYAS - DAULE_HOT|GUAYAS - DAULE_INM|GUAYAS - DAULE_MAD|GUAYAS - DAULE_MAN|GUAYAS - DAULE_MAQ|GUAYAS - DAULE_MIP|GUAYAS - DAULE_MOL|GUAYAS - DAULE_MUE|GUAYAS - DAULE_PAN|GUAYAS - DAULE_PES|GUAYAS - DAULE_PLS|GUAYAS - DAULE_POS|GUAYAS - DAULE_PPR|GUAYAS - DAULE_QU1|GUAYAS - DAULE_QU2|GUAYAS - DAULE_REP|GUAYAS - DAULE_RES|GUAYAS - DAULE_SAL|GUAYAS - DAULE_SIL|GUAYAS - DAULE_TEL|GUAYAS - DAULE_TRA|GUAYAS - DAULE_VES|GUAYAS - DAULE_VID|GUAYAS - ISIDRO AYORA_ADM|GUAYAS - ISIDRO AYORA_ADP|GUAYAS - ISIDRO AYORA_ASO|GUAYAS - ISIDRO AYORA_CAU|GUAYAS - ISIDRO AYORA_CER|GUAYAS - ISIDRO AYORA_COM|GUAYAS - ISIDRO AYORA_CON|GUAYAS - ISIDRO AYORA_CUL|GUAYAS - ISIDRO AYORA_DEM|GUAYAS - ISIDRO AYORA_DOM|GUAYAS - ISIDRO AYORA_EDU|GUAYAS - ISIDRO AYORA_FRT|GUAYAS - ISIDRO AYORA_GAN|GUAYAS - ISIDRO AYORA_INM|GUAYAS - ISIDRO AYORA_MAN|GUAYAS - ISIDRO AYORA_MAQ|GUAYAS - ISIDRO AYORA_MIP|GUAYAS - ISIDRO AYORA_MUE|GUAYAS - ISIDRO AYORA_POS|GUAYAS - ISIDRO AYORA_QU1|GUAYAS - ISIDRO AYORA_REP|GUAYAS - ISIDRO AYORA_RES|GUAYAS - ISIDRO AYORA_SAL|GUAYAS - ISIDRO AYORA_TEL|GUAYAS - ISIDRO AYORA_TRA|GUAYAS - ISIDRO AYORA_VES|GUAYAS - LA LIBERTAD_ADM|GUAYAS - LA LIBERTAD_ADP|GUAYAS - LA LIBERTAD_AGU|GUAYAS - LA LIBERTAD_ALD|GUAYAS - LA LIBERTAD_ASO|GUAYAS - LA LIBERTAD_BAL|GUAYAS - LA LIBERTAD_CAR|GUAYAS - LA LIBERTAD_CAU|GUAYAS - LA LIBERTAD_CEM|GUAYAS - LA LIBERTAD_CER|GUAYAS - LA LIBERTAD_CIN|GUAYAS - LA LIBERTAD_COM|GUAYAS - LA LIBERTAD_CON|GUAYAS - LA LIBERTAD_CUL|GUAYAS - LA LIBERTAD_DEM|GUAYAS - LA LIBERTAD_DOM|GUAYAS - LA LIBERTAD_EDU|GUAYAS - LA LIBERTAD_ELE|GUAYAS - LA LIBERTAD_FIN|GUAYAS - LA LIBERTAD_FRV|GUAYAS - LA LIBERTAD_GAN|GUAYAS - LA LIBERTAD_HIL|GUAYAS - LA LIBERTAD_HOT|GUAYAS - LA LIBERTAD_INM|GUAYAS - LA LIBERTAD_LAC|GUAYAS - LA LIBERTAD_MAD|GUAYAS - LA LIBERTAD_MAN|GUAYAS - LA LIBERTAD_MAQ|GUAYAS - LA LIBERTAD_MET|GUAYAS - LA LIBERTAD_MIP|GUAYAS - LA LIBERTAD_MUE|GUAYAS - LA LIBERTAD_PAN|GUAYAS - LA LIBERTAD_PAP|GUAYAS - LA LIBERTAD_PES|GUAYAS - LA LIBERTAD_PLS|GUAYAS - LA LIBERTAD_POS|GUAYAS - LA LIBERTAD_PPR|GUAYAS - LA LIBERTAD_QU2|GUAYAS - LA LIBERTAD_REP|GUAYAS - LA LIBERTAD_RES|GUAYAS - LA LIBERTAD_SAL|GUAYAS - LA LIBERTAD_SIL|GUAYAS - LA LIBERTAD_TEL|GUAYAS - LA LIBERTAD_TRA|GUAYAS - LA LIBERTAD_VES|GUAYAS - LA LIBERTAD_VID|GUAYAS - LOMAS DE SARGENTILLO_ADM|GUAYAS - LOMAS DE SARGENTILLO_ADP|GUAYAS - LOMAS DE SARGENTILLO_AGU|GUAYAS - LOMAS DE SARGENTILLO_ASO|GUAYAS - LOMAS DE SARGENTILLO_AYG|GUAYAS - LOMAS DE SARGENTILLO_CAR|GUAYAS - LOMAS DE SARGENTILLO_CER|GUAYAS - LOMAS DE SARGENTILLO_CIN|GUAYAS - LOMAS DE SARGENTILLO_COM|GUAYAS - LOMAS DE SARGENTILLO_CON|GUAYAS - LOMAS DE SARGENTILLO_CUE|GUAYAS - LOMAS DE SARGENTILLO_DEM|GUAYAS - LOMAS DE SARGENTILLO_EDU|GUAYAS - LOMAS DE SARGENTILLO_FIN|GUAYAS - LOMAS DE SARGENTILLO_GAN|GUAYAS - LOMAS DE SARGENTILLO_HOT|GUAYAS - LOMAS DE SARGENTILLO_INM|GUAYAS - LOMAS DE SARGENTILLO_MAD|GUAYAS - LOMAS DE SARGENTILLO_MAN|GUAYAS - LOMAS DE SARGENTILLO_MAQ|GUAYAS - LOMAS DE SARGENTILLO_MIP|GUAYAS - LOMAS DE SARGENTILLO_MOL|GUAYAS - LOMAS DE SARGENTILLO_MUE|GUAYAS - LOMAS DE SARGENTILLO_PAN|GUAYAS - LOMAS DE SARGENTILLO_REP|GUAYAS - LOMAS DE SARGENTILLO_RES|GUAYAS - LOMAS DE SARGENTILLO_SAL|GUAYAS - LOMAS DE SARGENTILLO_SIL|GUAYAS - LOMAS DE SARGENTILLO_TEL|GUAYAS - LOMAS DE SARGENTILLO_TRA|GUAYAS - LOMAS DE SARGENTILLO_VES|GUAYAS - LOMAS DE SARGENTILLO_VID|GUAYAS - NOBOL (VICENTE PIEDRAHITA)_ADM|GUAYAS - NOBOL (VICENTE PIEDRAHITA)_ADP|GUAYAS - NOBOL (VICENTE PIEDRAHITA)_ALD|GUAYAS - NOBOL (VICENTE PIEDRAHITA)_ASO|GUAYAS - NOBOL (VICENTE PIEDRAHITA)_CER|GUAYAS - NOBOL (VICENTE PIEDRAHITA)_COM|GUAYAS - NOBOL (VICENTE PIEDRAHITA)_CON|GUAYAS - NOBOL (VICENTE PIEDRAHITA)_CUL|GUAYAS - NOBOL (VICENTE PIEDRAHITA)_DEM|GUAYAS - NOBOL (VICENTE PIEDRAHITA)_DOM|GUAYAS - NOBOL (VICENTE PIEDRAHITA)_EDU|GUAYAS - NOBOL (VICENTE PIEDRAHITA)_FRT|GUAYAS - NOBOL (VICENTE PIEDRAHITA)_GAN|GUAYAS - NOBOL (VICENTE PIEDRAHITA)_HOT|GUAYAS - NOBOL (VICENTE PIEDRAHITA)_INM|GUAYAS - NOBOL (VICENTE PIEDRAHITA)_LAC|GUAYAS - NOBOL (VICENTE PIEDRAHITA)_MAD|GUAYAS - NOBOL (VICENTE PIEDRAHITA)_MAN|GUAYAS - NOBOL (VICENTE PIEDRAHITA)_MAQ|GUAYAS - NOBOL (VICENTE PIEDRAHITA)_MIP|GUAYAS - NOBOL (VICENTE PIEDRAHITA)_MOL|GUAYAS - NOBOL (VICENTE PIEDRAHITA)_MUE|GUAYAS - NOBOL (VICENTE PIEDRAHITA)_PLS|GUAYAS - NOBOL (VICENTE PIEDRAHITA)_QU2|GUAYAS - NOBOL (VICENTE PIEDRAHITA)_REP|GUAYAS - NOBOL (VICENTE PIEDRAHITA)_RES|GUAYAS - NOBOL (VICENTE PIEDRAHITA)_SAL|GUAYAS - NOBOL (VICENTE PIEDRAHITA)_SIL|GUAYAS - NOBOL (VICENTE PIEDRAHITA)_TEL|GUAYAS - NOBOL (VICENTE PIEDRAHITA)_TRA|GUAYAS - NOBOL (VICENTE PIEDRAHITA)_VES|GUAYAS - PEDRO CARBO_ADM|GUAYAS - PEDRO CARBO_ADP|GUAYAS - PEDRO CARBO_AGU|GUAYAS - PEDRO CARBO_ALD|GUAYAS - PEDRO CARBO_ASO|GUAYAS - PEDRO CARBO_BNA|GUAYAS - PEDRO CARBO_CAU|GUAYAS - PEDRO CARBO_CER|GUAYAS - PEDRO CARBO_CHO|GUAYAS - PEDRO CARBO_CIN|GUAYAS - PEDRO CARBO_COM|GUAYAS - PEDRO CARBO_CON|GUAYAS - PEDRO CARBO_CUE|GUAYAS - PEDRO CARBO_CUL|GUAYAS - PEDRO CARBO_DEM|GUAYAS - PEDRO CARBO_DOM|GUAYAS - PEDRO CARBO_EDU|GUAYAS - PEDRO CARBO_FIN|GUAYAS - PEDRO CARBO_FRT|GUAYAS - PEDRO CARBO_GAN|GUAYAS - PEDRO CARBO_HIL|GUAYAS - PEDRO CARBO_HOT|GUAYAS - PEDRO CARBO_INM|GUAYAS - PEDRO CARBO_MAD|GUAYAS - PEDRO CARBO_MAN|GUAYAS - PEDRO CARBO_MAQ|GUAYAS - PEDRO CARBO_MUE|GUAYAS - PEDRO CARBO_PAN|GUAYAS - PEDRO CARBO_POS|GUAYAS - PEDRO CARBO_REP|GUAYAS - PEDRO CARBO_RES|GUAYAS - PEDRO CARBO_SAL|GUAYAS - PEDRO CARBO_SIL|GUAYAS - PEDRO CARBO_TEL|GUAYAS - PEDRO CARBO_TRA|GUAYAS - PEDRO CARBO_VES|GUAYAS - PEDRO CARBO_VID|GUAYAS - PLAYAS (GENERAL VILLAMIL)_ADM|GUAYAS - PLAYAS (GENERAL VILLAMIL)_ADP|GUAYAS - PLAYAS (GENERAL VILLAMIL)_AGU|GUAYAS - PLAYAS (GENERAL VILLAMIL)_ASO|GUAYAS - PLAYAS (GENERAL VILLAMIL)_AZU|GUAYAS - PLAYAS (GENERAL VILLAMIL)_BAL|GUAYAS - PLAYAS (GENERAL VILLAMIL)_BNA|GUAYAS - PLAYAS (GENERAL VILLAMIL)_COM|GUAYAS - PLAYAS (GENERAL VILLAMIL)_CON|GUAYAS - PLAYAS (GENERAL VILLAMIL)_CUL|GUAYAS - PLAYAS (GENERAL VILLAMIL)_DEM|GUAYAS - PLAYAS (GENERAL VILLAMIL)_DOM|GUAYAS - PLAYAS (GENERAL VILLAMIL)_EDU|GUAYAS - PLAYAS (GENERAL VILLAMIL)_FRT|GUAYAS - PLAYAS (GENERAL VILLAMIL)_GAN|GUAYAS - PLAYAS (GENERAL VILLAMIL)_HIL|GUAYAS - PLAYAS (GENERAL VILLAMIL)_HOT|GUAYAS - PLAYAS (GENERAL VILLAMIL)_INM|GUAYAS - PLAYAS (GENERAL VILLAMIL)_MAD|GUAYAS - PLAYAS (GENERAL VILLAMIL)_MAN|GUAYAS - PLAYAS (GENERAL VILLAMIL)_MAQ|GUAYAS - PLAYAS (GENERAL VILLAMIL)_MIP|GUAYAS - PLAYAS (GENERAL VILLAMIL)_MUE|GUAYAS - PLAYAS (GENERAL VILLAMIL)_PAN|GUAYAS - PLAYAS (GENERAL VILLAMIL)_PES|GUAYAS - PLAYAS (GENERAL VILLAMIL)_POS|GUAYAS - PLAYAS (GENERAL VILLAMIL)_PPR|GUAYAS - PLAYAS (GENERAL VILLAMIL)_QU1|GUAYAS - PLAYAS (GENERAL VILLAMIL)_REP|GUAYAS - PLAYAS (GENERAL VILLAMIL)_RES|GUAYAS - PLAYAS (GENERAL VILLAMIL)_SAL|GUAYAS - PLAYAS (GENERAL VILLAMIL)_SIL|GUAYAS - PLAYAS (GENERAL VILLAMIL)_TEL|GUAYAS - PLAYAS (GENERAL VILLAMIL)_TRA|GUAYAS - PLAYAS (GENERAL VILLAMIL)_VES|GUAYAS - PLAYAS (GENERAL VILLAMIL)_VID|GUAYAS - SALINAS_ADM|GUAYAS - SALINAS_ADP|GUAYAS - SALINAS_AGU|GUAYAS - SALINAS_ALD|GUAYAS - SALINAS_ASO|GUAYAS - SALINAS_BAL|GUAYAS - SALINAS_BNA|GUAYAS - SALINAS_CEM|GUAYAS - SALINAS_COM|GUAYAS - SALINAS_CON|GUAYAS - SALINAS_CUL|GUAYAS - SALINAS_DEM|GUAYAS - SALINAS_DOM|GUAYAS - SALINAS_EDU|GUAYAS - SALINAS_FIN|GUAYAS - SALINAS_FRV|GUAYAS - SALINAS_GAN|GUAYAS - SALINAS_HIL|GUAYAS - SALINAS_HOT|GUAYAS - SALINAS_INM|GUAYAS - SALINAS_MAD|GUAYAS - SALINAS_MAN|GUAYAS - SALINAS_MAQ|GUAYAS - SALINAS_MET|GUAYAS - SALINAS_MIP|GUAYAS - SALINAS_MUE|GUAYAS - SALINAS_PAN|GUAYAS - SALINAS_PES|GUAYAS - SALINAS_POS|GUAYAS - SALINAS_PPR|GUAYAS - SALINAS_QU1|GUAYAS - SALINAS_REP|GUAYAS - SALINAS_RES|GUAYAS - SALINAS_SAL|GUAYAS - SALINAS_SIL|GUAYAS - SALINAS_TEL|GUAYAS - SALINAS_TRA|GUAYAS - SALINAS_VES|GUAYAS - SALINAS_VID|GUAYAS - SANTA ELENA_ADM|GUAYAS - SANTA ELENA_ADP|GUAYAS - SANTA ELENA_AGU|GUAYAS - SANTA ELENA_ALD|GUAYAS - SANTA ELENA_ASO|GUAYAS - SANTA ELENA_BAL|GUAYAS - SANTA ELENA_BNA|GUAYAS - SANTA ELENA_CAN|GUAYAS - SANTA ELENA_CAR|GUAYAS - SANTA ELENA_CAU|GUAYAS - SANTA ELENA_CEM|GUAYAS - SANTA ELENA_CER|GUAYAS - SANTA ELENA_CIN|GUAYAS - SANTA ELENA_COM|GUAYAS - SANTA ELENA_CON|GUAYAS - SANTA ELENA_CUE|GUAYAS - SANTA ELENA_CUL|GUAYAS - SANTA ELENA_DEM|GUAYAS - SANTA ELENA_DOM|GUAYAS - SANTA ELENA_EDU|GUAYAS - SANTA ELENA_FIN|GUAYAS - SANTA ELENA_FRT|GUAYAS - SANTA ELENA_FRV|GUAYAS - SANTA ELENA_GAN|GUAYAS - SANTA ELENA_HIL|GUAYAS - SANTA ELENA_HOT|GUAYAS - SANTA ELENA_INM|GUAYAS - SANTA ELENA_MAD|GUAYAS - SANTA ELENA_MAN|GUAYAS - SANTA ELENA_MAQ|GUAYAS - SANTA ELENA_MET|GUAYAS - SANTA ELENA_MIP|GUAYAS - SANTA ELENA_MUE|GUAYAS - SANTA ELENA_PAN|GUAYAS - SANTA ELENA_PAP|GUAYAS - SANTA ELENA_PES|GUAYAS - SANTA ELENA_PLS|GUAYAS - SANTA ELENA_POS|GUAYAS - SANTA ELENA_PPR|GUAYAS - SANTA ELENA_QU2|GUAYAS - SANTA ELENA_REP|GUAYAS - SANTA ELENA_RES|GUAYAS - SANTA ELENA_SAL|GUAYAS - SANTA ELENA_SIL|GUAYAS - SANTA ELENA_TEL|GUAYAS - SANTA ELENA_TRA|GUAYAS - SANTA ELENA_VES|GUAYAS - SANTA ELENA_VID|GUAYAS - SANTA LUCIA_ADM|GUAYAS - SANTA LUCIA_ADP|GUAYAS - SANTA LUCIA_ASO|GUAYAS - SANTA LUCIA_CEM|GUAYAS - SANTA LUCIA_CER|GUAYAS - SANTA LUCIA_CIN|GUAYAS - SANTA LUCIA_COM|GUAYAS - SANTA LUCIA_CON|GUAYAS - SANTA LUCIA_CUL|GUAYAS - SANTA LUCIA_DOM|GUAYAS - SANTA LUCIA_EDU|GUAYAS - SANTA LUCIA_FRT|GUAYAS - SANTA LUCIA_FRV|GUAYAS - SANTA LUCIA_GAN|GUAYAS - SANTA LUCIA_HOT|GUAYAS - SANTA LUCIA_INM|GUAYAS - SANTA LUCIA_MAD|GUAYAS - SANTA LUCIA_MAN|GUAYAS - SANTA LUCIA_MAQ|GUAYAS - SANTA LUCIA_MIP|GUAYAS - SANTA LUCIA_MOL|GUAYAS - SANTA LUCIA_MUE|GUAYAS - SANTA LUCIA_QU2|GUAYAS - SANTA LUCIA_REP|GUAYAS - SANTA LUCIA_RES|GUAYAS - SANTA LUCIA_SAL|GUAYAS - SANTA LUCIA_TEL|GUAYAS - SANTA LUCIA_TRA|GUAYAS - SANTA LUCIA_VES|MANABI - 24 DE MAYO_ADM|MANABI - 24 DE MAYO_ADP|MANABI - 24 DE MAYO_AGU|MANABI - 24 DE MAYO_ALD|MANABI - 24 DE MAYO_ASO|MANABI - 24 DE MAYO_BNA|MANABI - 24 DE MAYO_CER|MANABI - 24 DE MAYO_CIN|MANABI - 24 DE MAYO_COM|MANABI - 24 DE MAYO_CON|MANABI - 24 DE MAYO_CUL|MANABI - 24 DE MAYO_DEM|MANABI - 24 DE MAYO_DOM|MANABI - 24 DE MAYO_EDU|MANABI - 24 DE MAYO_FRT|MANABI - 24 DE MAYO_FRV|MANABI - 24 DE MAYO_GAN|MANABI - 24 DE MAYO_INM|MANABI - 24 DE MAYO_MAN|MANABI - 24 DE MAYO_MAQ|MANABI - 24 DE MAYO_MUE|MANABI - 24 DE MAYO_PAN|MANABI - 24 DE MAYO_PES|MANABI - 24 DE MAYO_PLS|MANABI - 24 DE MAYO_REP|MANABI - 24 DE MAYO_RES|MANABI - 24 DE MAYO_SAL|MANABI - 24 DE MAYO_SIL|MANABI - 24 DE MAYO_TEL|MANABI - 24 DE MAYO_TRA|MANABI - 24 DE MAYO_VES|MANABI - JIPIJAPA_ADM|MANABI - JIPIJAPA_ADP|MANABI - JIPIJAPA_AGU|MANABI - JIPIJAPA_ALD|MANABI - JIPIJAPA_ASO|MANABI - JIPIJAPA_AZU|MANABI - JIPIJAPA_BNA|MANABI - JIPIJAPA_CAN|MANABI - JIPIJAPA_CEM|MANABI - JIPIJAPA_CER|MANABI - JIPIJAPA_CHO|MANABI - JIPIJAPA_COM|MANABI - JIPIJAPA_CON|MANABI - JIPIJAPA_CUL|MANABI - JIPIJAPA_DEM|MANABI - JIPIJAPA_DOM|MANABI - JIPIJAPA_EDU|MANABI - JIPIJAPA_FIN|MANABI - JIPIJAPA_FRT|MANABI - JIPIJAPA_FRV|MANABI - JIPIJAPA_GAN|MANABI - JIPIJAPA_HIL|MANABI - JIPIJAPA_HOT|MANABI - JIPIJAPA_INM|MANABI - JIPIJAPA_LAC|MANABI - JIPIJAPA_MAD|MANABI - JIPIJAPA_MAN|MANABI - JIPIJAPA_MAQ|MANABI - JIPIJAPA_MET|MANABI - JIPIJAPA_MOL|MANABI - JIPIJAPA_MUE|MANABI - JIPIJAPA_PAN|MANABI - JIPIJAPA_PES|MANABI - JIPIJAPA_PLS|MANABI - JIPIJAPA_POS|MANABI - JIPIJAPA_QU2|MANABI - JIPIJAPA_REP|MANABI - JIPIJAPA_RES|MANABI - JIPIJAPA_SAL|MANABI - JIPIJAPA_SIL|MANABI - JIPIJAPA_TEL|MANABI - JIPIJAPA_TRA|MANABI - JIPIJAPA_VES|MANABI - JIPIJAPA_VID|MANABI - PUERTO LOPEZ_ADM|MANABI - PUERTO LOPEZ_ADP|MANABI - PUERTO LOPEZ_ALD|MANABI - PUERTO LOPEZ_ASO|MANABI - PUERTO LOPEZ_CEM|MANABI - PUERTO LOPEZ_COM|MANABI - PUERTO LOPEZ_CON|MANABI - PUERTO LOPEZ_DEM|MANABI - PUERTO LOPEZ_DOM|MANABI - PUERTO LOPEZ_EDU|MANABI - PUERTO LOPEZ_FIN|MANABI - PUERTO LOPEZ_FRV|MANABI - PUERTO LOPEZ_GAN|MANABI - PUERTO LOPEZ_HIL|MANABI - PUERTO LOPEZ_HOT|MANABI - PUERTO LOPEZ_INM|MANABI - PUERTO LOPEZ_MAD|MANABI - PUERTO LOPEZ_MAN|MANABI - PUERTO LOPEZ_MAQ|MANABI - PUERTO LOPEZ_MUE|MANABI - PUERTO LOPEZ_PAN|MANABI - PUERTO LOPEZ_PES|MANABI - PUERTO LOPEZ_POS|MANABI - PUERTO LOPEZ_QU2|MANABI - PUERTO LOPEZ_REP|MANABI - PUERTO LOPEZ_RES|MANABI - PUERTO LOPEZ_SAL|MANABI - PUERTO LOPEZ_TEL|MANABI - PUERTO LOPEZ_TRA|MANABI - PUERTO LOPEZ_VES|MANABI - SANTA ANA_ADM|MANABI - SANTA ANA_ADP|MANABI - SANTA ANA_ASO|MANABI - SANTA ANA_BNA|MANABI - SANTA ANA_CER|MANABI - SANTA ANA_CIN|MANABI - SANTA ANA_COM|MANABI - SANTA ANA_CON|MANABI - SANTA ANA_CUE|MANABI - SANTA ANA_CUL|MANABI - SANTA ANA_DEM|MANABI - SANTA ANA_DOM|MANABI - SANTA ANA_EDU|MANABI - SANTA ANA_FIN|MANABI - SANTA ANA_FRV|MANABI - SANTA ANA_GAN|MANABI - SANTA ANA_HIL|MANABI - SANTA ANA_HOT|MANABI - SANTA ANA_INM|MANABI - SANTA ANA_LAC|MANABI - SANTA ANA_MAD|MANABI - SANTA ANA_MAN|MANABI - SANTA ANA_MAQ|MANABI - SANTA ANA_MOL|MANABI - SANTA ANA_MUE|MANABI - SANTA ANA_PAN|MANABI - SANTA ANA_PES|MANABI - SANTA ANA_POS|MANABI - SANTA ANA_QU1|MANABI - SANTA ANA_REP|MANABI - SANTA ANA_RES|MANABI - SANTA ANA_SAL|MANABI - SANTA ANA_SIL|MANABI - SANTA ANA_TEL|MANABI - SANTA ANA_TRA|MANABI - SANTA ANA_VES|MANABI - SANTA ANA_VID,514,3267.120121408193,0.7464372013811578
canton_sector,64,ESMERALDAS - ESMERALDAS_ADM|ESMERALDAS - ESMERALDAS_ADP|ESMERALDAS - ESMERALDAS_AGU|ESMERALDAS - ESMERALDAS_ALD|ESMERALDAS - ESMERALDAS_ASO|ESMERALDAS - ESMERALDAS_AYG|ESMERALDAS - ESMERALDAS_BAL|ESMERALDAS - ESMERALDAS_BNA|ESMERALDAS - ESMERALDAS_CAN|ESMERALDAS - ESMERALDAS_CAR|ESMERALDAS - ESMERALDAS_CAU|ESMERALDAS - ESMERALDAS_CEM|ESMERALDAS - ESMERALDAS_CER|ESMERALDAS - ESMERALDAS_CIN|ESMERALDAS - ESMERALDAS_COM|ESMERALDAS - ESMERALDAS_CON|ESMERALDAS - ESMERALDAS_CUE|ESMERALDAS - ESMERALDAS_CUL|ESMERALDAS - ESMERALDAS_DEM|ESMERALDAS - ESMERALDAS_DOM|ESMERALDAS - ESMERALDAS_EDU|ESMERALDAS - ESMERALDAS_ELE|ESMERALDAS - ESMERALDAS_FIN|ESMERALDAS - ESMERALDAS_FRT|ESMERALDAS - ESMERALDAS_FRV|ESMERALDAS - ESMERALDAS_GAN|ESMERALDAS - ESMERALDAS_HIL|ESMERALDAS - ESMERALDAS_HOT|ESMERALDAS - ESMERALDAS_INM|ESMERALDAS - ESMERALDAS_LAC|ESMERALDAS - ESMERALDAS_MAD|ESMERALDAS - ESMERALDAS_MAN|ESMERALDAS - ESMERALDAS_MAQ|ESMERALDAS - ESMERALDAS_MET|ESMERALDAS - ESMERALDAS_MIP|ESMERALDAS - ESMERALDAS_MUE|ESMERALDAS - ESMERALDAS_PAN|ESMERALDAS - ESMERALDAS_PAP|ESMERALDAS - ESMERALDAS_PES|ESMERALDAS - ESMERALDAS_PLS|ESMERALDAS - ESMERALDAS_POS|ESMERALDAS - ESMERALDAS_QU1|ESMERALDAS - ESMERALDAS_REP|ESMERALDAS - ESMERALDAS_RES|ESMERALDAS - ESMERALDAS_SAL|ESMERALDAS - ESMERALDAS_SEG|ESMERALDAS - ESMERALDAS_SIL|ESMERALDAS - ESMERALDAS_TEL|ESMERALDAS - ESMERALDAS_TRA|ESMERALDAS - ESMERALDAS_VES|ESMERALDAS - ESMERALDAS_VID|ESMERALDAS - LA CONCORDIA_ADM|ESMERALDAS - LA CONCORDIA_ADP|ESMERALDAS - LA CONCORDIA_AGU|ESMERALDAS - LA CONCORDIA_ALD|ESMERALDAS - LA CONCORDIA_ASO|ESMERALDAS - LA CONCORDIA_AYG|ESMERALDAS - LA CONCORDIA_BNA|ESMERALDAS - LA CONCORDIA_CAR|ESMERALDAS - LA CONCORDIA_CAU|ESMERALDAS - LA CONCORDIA_CEM|ESMERALDAS - LA CONCORDIA_CER|ESMERALDAS - LA CONCORDIA_CIN|ESMERALDAS - LA CONCORDIA_COM|ESMERALDAS - LA CONCORDIA_CON|ESMERALDAS - LA CONCORDIA_CUE|ESMERALDAS - LA CONCORDIA_CUL|ESMERALDAS - LA CONCORDIA_DEM|ESMERALDAS - LA CONCORDIA_DOM|ESMERALDAS - LA CONCORDIA_EDU|ESMERALDAS - LA CONCORDIA_FRT|ESMERALDAS - LA CONCORDIA_FRV|ESMERALDAS - LA CONCORDIA_GAN|ESMERALDAS - LA CONCORDIA_HIL|ESMERALDAS - LA CONCORDIA_HOT|ESMERALDAS - LA CONCORDIA_INM|ESMERALDAS - LA CONCORDIA_LAC|ESMERALDAS - LA CONCORDIA_MAD|ESMERALDAS - LA CONCORDIA_MAN|ESMERALDAS - LA CONCORDIA_MAQ|ESMERALDAS - LA CONCORDIA_MET|ESMERALDAS - LA CONCORDIA_MUE|ESMERALDAS - LA CONCORDIA_PAN|ESMERALDAS - LA CONCORDIA_PLS|ESMERALDAS - LA CONCORDIA_QU1|ESMERALDAS - LA CONCORDIA_QU2|ESMERALDAS - LA CONCORDIA_REP|ESMERALDAS - LA CONCORDIA_RES|ESMERALDAS - LA CONCORDIA_SAL|ESMERALDAS - LA CONCORDIA_SIL|ESMERALDAS - LA CONCORDIA_TEL|ESMERALDAS - LA CONCORDIA_TRA|ESMERALDAS - LA CONCORDIA_VES|ESMERALDAS - LA CONCORDIA_VID|ESMERALDAS - QUININDE_ADM|ESMERALDAS - QUININDE_ADP|ESMERALDAS - QUININDE_AGU|ESMERALDAS - QUININDE_ALD|ESMERALDAS - QUININDE_ASO|ESMERALDAS - QUININDE_AYG|ESMERALDAS - QUININDE_BAL|ESMERALDAS - QUININDE_BNA|ESMERALDAS - QUININDE_CAR|ESMERALDAS - QUININDE_CAU|ESMERALDAS - QUININDE_CEM|ESMERALDAS - QUININDE_CER|ESMERALDAS - QUININDE_CIN|ESMERALDAS - QUININDE_COM|ESMERALDAS - QUININDE_CON|ESMERALDAS - QUININDE_CUL|ESMERALDAS - QUININDE_DEM|ESMERALDAS - QUININDE_DOM|ESMERALDAS - QUININDE_EDU|ESMERALDAS - QUININDE_FIN|ESMERALDAS - QUININDE_FRT|ESMERALDAS - QUININDE_FRV|ESMERALDAS - QUININDE_GAN|ESMERALDAS - QUININDE_HIL|ESMERALDAS - QUININDE_HOT|ESMERALDAS - QUININDE_INM|ESMERALDAS - QUININDE_LAC|ESMERALDAS - QUININDE_MAD|ESMERALDAS - QUININDE_MAN|ESMERALDAS - QUININDE_MAQ|ESMERALDAS - QUININDE_MET|ESMERALDAS - QUININDE_MIP|ESMERALDAS - QUININDE_MOL|ESMERALDAS - QUININDE_MUE|ESMERALDAS - QUININDE_PAN|ESMERALDAS - QUININDE_PES|ESMERALDAS - QUININDE_POS|ESMERALDAS - QUININDE_QU1|ESMERALDAS - QUININDE_REP|ESMERALDAS - QUININDE_RES|ESMERALDAS - QUININDE_SAL|ESMERALDAS - QUININDE_SIL|ESMERALDAS - QUININDE_TEL|ESMERALDAS - QUININDE_TRA|ESMERALDAS - QUININDE_VES|ESMERALDAS - QUININDE_VID|MANABI - EL CARMEN_ADM|MANABI - EL CARMEN_ADP|MANABI - EL CARMEN_AGU|MANABI - EL CARMEN_ALD|MANABI - EL CARMEN_ASO|MANABI - EL CARMEN_BNA|MANABI - EL CARMEN_CAR|MANABI - EL CARMEN_CAU|MANABI - EL CARMEN_CEM|MANABI - EL CARMEN_CER|MANABI - EL CARMEN_CHO|MANABI - EL CARMEN_CIN|MANABI - EL CARMEN_COM|MANABI - EL CARMEN_CON|MANABI - EL CARMEN_CUE|MANABI - EL CARMEN_CUL|MANABI - EL CARMEN_DEM|MANABI - EL CARMEN_DOM|MANABI - EL CARMEN_EDU|MANABI - EL CARMEN_FIN|MANABI - EL CARMEN_FRT|MANABI - EL CARMEN_FRV|MANABI - EL CARMEN_GAN|MANABI - EL CARMEN_HIL|MANABI - EL CARMEN_HOT|MANABI - EL CARMEN_INM|MANABI - EL CARMEN_LAC|MANABI - EL CARMEN_MAD|MANABI - EL CARMEN_MAN|MANABI - EL CARMEN_MAQ|MANABI - EL CARMEN_MET|MANABI - EL CARMEN_MOL|MANABI - EL CARMEN_MUE|MANABI - EL CARMEN_PAN|MANABI - EL CARMEN_PES|MANABI - EL CARMEN_POS|MANABI - EL CARMEN_QU2|MANABI - EL CARMEN_REP|MANABI - EL CARMEN_RES|MANABI - EL CARMEN_SAL|MANABI - EL CARMEN_SIL|MANABI - EL CARMEN_TEL|MANABI - EL CARMEN_TRA|MANABI - EL CARMEN_VES|MANABI - EL CARMEN_VID|MANABI - FLAVIO ALFARO_ADM|MANABI - FLAVIO ALFARO_ADP|MANABI - FLAVIO ALFARO_AGU|MANABI - FLAVIO ALFARO_ALD|MANABI - FLAVIO ALFARO_ASO|MANABI - FLAVIO ALFARO_CAR|MANABI - FLAVIO ALFARO_CER|MANABI - FLAVIO ALFARO_CIN|MANABI - FLAVIO ALFARO_COM|MANABI - FLAVIO ALFARO_CON|MANABI - FLAVIO ALFARO_CUL|MANABI - FLAVIO ALFARO_DEM|MANABI - FLAVIO ALFARO_DOM|MANABI - FLAVIO ALFARO_EDU|MANABI - FLAVIO ALFARO_FIN|MANABI - FLAVIO ALFARO_FRT|MANABI - FLAVIO ALFARO_FRV|MANABI - FLAVIO ALFARO_GAN|MANABI - FLAVIO ALFARO_HIL|MANABI - FLAVIO ALFARO_HOT|MANABI - FLAVIO ALFARO_INM|MANABI - FLAVIO ALFARO_LAC|MANABI - FLAVIO ALFARO_MET|MANABI - FLAVIO ALFARO_MUE|MANABI - FLAVIO ALFARO_REP|MANABI - FLAVIO ALFARO_RES|MANABI - FLAVIO ALFARO_SAL|MANABI - FLAVIO ALFARO_SIL|MANABI - FLAVIO ALFARO_TEL|MANABI - FLAVIO ALFARO_TRA|MANABI - FLAVIO ALFARO_VES,216,4047.860777279379,0.6024663727785328
