,time_step,id,flow_total,flow_total_tons,flow_domestic_B2C_manufacturing,flow_domestic_B2C,flow_manufacturing,flow_domestic_B2B_manufacturing,flow_domestic_B2B,flow_domestic_B2C_agriculture,flow_agriculture,flow_import_B2C_imports,flow_import_B2C,flow_imports,flow_import_imports,flow_import,flow_domestic_B2B_agriculture,flow_domestic_B2B_mining,flow_mining,flow_export_manufacturing,flow_export,flow_export_mining,flow_export_agriculture
0,0,0,0.038027256828290106,26.144608655081633,0.01606023649152664,0.025671082486491442,0.028416410833325304,0.01235617434179867,0.01235617434179867,0.009610845994964801,0.009610845994964801,,,,,,,,,,,,
1,0,1837,0.032080749795758604,15.614084766101318,0.01606023649152664,0.01972457545395994,0.028416410833325304,0.01235617434179867,0.01235617434179867,0.0036643389624332976,0.0036643389624332976,,,,,,,,,,,,
2,0,1839,0.005946507032531503,10.53052388898032,,0.005946507032531503,,,,0.005946507032531503,0.005946507032531503,,,,,,,,,,,,
3,0,1,0.032080749795758604,15.614084766101318,0.01606023649152664,0.01972457545395994,0.028416410833325304,0.01235617434179867,0.01235617434179867,0.0036643389624332976,0.0036643389624332976,,,,,,,,,,,,
4,0,1363,0.005946507032531503,10.53052388898032,,0.005946507032531503,,,,0.005946507032531503,0.005946507032531503,,,,,,,,,,,,
5,0,2,0.05639788008943904,54.925540807764584,0.02823828098422998,0.04404170574764037,0.04059445532602865,0.01235617434179867,0.01235617434179867,0.015803424763410387,0.015803424763410387,,,,,,,,,,,,
6,0,197,0.06335160132341902,76.86641233529467,0.03314599128776938,0.057795601438139964,0.03870199117304844,0.005555999885279065,0.005555999885279065,0.02464961015037058,0.02464961015037058,,,,,,,,,,,,
7,0,1562,0.039034471029738595,37.554956293631406,0.020967946795066042,0.03347847114445953,0.026523946680345106,0.005555999885279065,0.005555999885279065,0.012510524349393492,0.012510524349393492,,,,,,,,,,,,
8,0,3,0.05639788008943904,54.925540807764584,0.02823828098422998,0.04404170574764037,0.04059445532602865,0.01235617434179867,0.01235617434179867,0.015803424763410387,0.015803424763410387,,,,,,,,,,,,
10,0,194,0.18551143694385358,71.36850504876763,0.008573387435908476,0.030643967616890335,0.1482321828468709,0.1396587954109624,0.14323798440490249,0.02207058018098186,0.025649769174921934,0.01162707348888185,0.01162707348888185,0.011629484922060755,2.411433178905385e-06,2.411433178905385e-06,0.0035791889939400775,,,,,,
11,0,248,0.5481274311599444,154.70404709092242,0.012092974738760916,0.06365308565790549,0.47317987131248757,0.4279060736285212,0.4319121167522575,0.05156011091914457,0.0555650169509294,0.015261521125936739,0.015261521125936739,0.01938140580457596,0.004119884678639219,0.004119884678639219,0.004004906031784828,1.1370919514942992e-06,1.1370919514942992e-06,0.03318082294520547,0.03318082294520547,,
12,0,253,0.6699942623784045,166.60765851177266,0.0037341994311092053,0.07417630690981292,0.584930060416575,0.5482527099580686,0.5521966055212515,0.0704421074787037,0.07438600304188658,0.010677150213433855,0.010677150213433855,0.01067819891994287,1.0487065090157912e-06,1.0487065090157912e-06,0.003943895563182877,,,0.03294315102739726,0.03294315102739726,,
14,0,15,0.020252122798637768,15.188800552665548,0.010561053647274953,0.010561053647274953,0.011928646913814046,0.0013675932665390923,0.0013675932665390923,,,0.007485126452946819,0.007485126452946819,0.008323475884823718,0.0008383494318768989,0.0008383494318768989,,,,,,,
15,0,1440,0.011742348561290295,12.479210652624342,,0.0082100776107768,,,,0.0082100776107768,0.0082100776107768,0.003532270950513495,0.003532270950513495,0.003532270950513495,,,,,,,,,
16,0,5,0.005800586039963667,10.272115971570498,,0.005800586039963667,,,,0.005800586039963667,0.005800586039963667,,,,,,,,,,,,
17,0,281,0.005800586039963667,10.272115971570498,,0.005800586039963667,,,,0.005800586039963667,0.005800586039963667,,,,,,,,,,,,
18,0,954,0.014052372852596355,24.885003450189814,,0.014052372852596355,,,,0.014052372852596355,0.014052372852596355,,,,,,,,,,,,
19,0,957,0.016351659406908164,22.600773083694346,,0.016351659406908164,,,,0.016351659406908164,0.016351659406908164,,,,,,,,,,,,
21,0,6,0.06638155523166879,115.3734990040864,,0.032979957003468424,,,0.030091848436081023,0.032979957003468424,0.06307180543954945,0.0033097497921193413,0.0033097497921193413,0.0033097497921193413,,,0.030091848436081023,,,,,,
22,0,557,0.11914143493214341,191.9134250080453,,0.08059571107255156,0.006846521057609971,0.006846521057609971,0.03854572385959185,0.08059571107255156,0.11229491387453344,,,,,,0.03169920280198188,,,,,,
23,0,714,0.09576090428345732,120.47950938917474,,0.04425604356459319,0.022,,,0.04425604356459319,0.04425604356459319,0.02530786942078181,0.02530786942078181,0.02950486071886413,0.004196991298082319,0.004196991298082319,,,,0.022,0.022,,
24,0,7,0.025982048370435717,44.010631042818765,,0.018545561179646338,,,,0.018545561179646338,0.018545561179646338,0.007436487190789381,0.007436487190789381,0.007436487190789381,,,,,,,,,
25,0,123,0.05404728941868515,207.9808598824156,,0.05098261958343692,,,0.001811587301001645,0.05098261958343692,0.05279420688443856,,,,,,0.001811587301001645,,0.00125308253424659,,0.00125308253424659,0.00125308253424659,
26,0,355,0.05021841033589318,187.2920552637557,,0.029119848262186353,0.009580821917808218,,,0.029119848262186353,0.029119848262186353,0.010264657621652016,0.010264657621652016,0.010264657621652016,,,,,0.00125308253424659,0.009580821917808218,0.010833904452054809,0.00125308253424659,
27,0,351,0.07413754286497314,126.6694757197265,,0.0732359884362027,,,0.0008166229219211258,0.0732359884362027,0.07413754286497314,,,,,,0.0008166229219211258,,,,8.493150684931507e-05,,8.493150684931507e-05
28,0,1165,0.045197709476885936,74.19235163923214,,0.04054651390551682,,,,0.04054651390551682,0.04063144541236614,0.004566264064519795,0.004566264064519795,0.004566264064519795,,,,,,,8.493150684931507e-05,,8.493150684931507e-05
29,0,8,0.003626272616546036,6.421677500352119,,0.003626272616546036,,,,0.003626272616546036,0.003626272616546036,,,,,,,,,,,,
30,0,620,0.01472913732110638,25.617718470401165,,0.011383650103428697,,,4.8312277291377815e-06,0.011383650103428697,0.011383650103428697,0.0033406559899485464,0.0033406559899485464,0.0033406559899485464,,,,4.8312277291377815e-06,4.8312277291377815e-06,,,,
31,0,940,0.003515245774374857,6.225062780583778,,0.003515245774374857,,,,0.003515245774374857,0.003515245774374857,,,,,,,,,,,,
32,0,1769,0.15936084645787427,281.74247538007336,,0.028809879445675795,,,4.8312277291377815e-06,0.028809879445675795,0.1560153592401966,0.0033406559899485464,0.0033406559899485464,0.0033406559899485464,,,,4.8312277291377815e-06,4.8312277291377815e-06,,0.1272054797945208,,0.1272054797945208
33,0,1744,0.0017106135634323589,3.029283728412504,,,,,0.0017106135634323589,,0.0017106135634323589,,,,,,0.0017106135634323589,,,,,,
36,0,9,0.2489240006250024,430.2281870828294,,0.010747126928068949,3.4280821917804445e-07,,0.0029022805117524487,0.010747126928068949,0.23575077764530109,0.0131728801714821,0.0131728801714821,0.0131728801714821,,,0.0029022805117524487,,,3.4280821917804445e-07,0.22210171301369888,,0.2221013702054797
37,0,11,0.25050309206104054,435.31259839927526,,0.011683830939366206,,,0.0006633877913747917,0.011683830939366206,0.23444858893622067,0.016054503124819836,0.016054503124819836,0.016054503124819836,,,0.0006633877913747917,,,,0.2221013702054797,,0.2221013702054797
38,0,308,0.011533768316069866,17.361702683718885,,0.009294532787473032,3.4280821917804445e-07,,0.002238892720377657,0.009294532787473032,0.01153342550785069,,,,,,0.002238892720377657,,,3.4280821917804445e-07,3.4280821917804445e-07,,
39,0,316,0.264006250685388,465.84306019776636,,0.0038356375189259745,3.8356164383561644e-05,,0.031606197590480264,0.0038356375189259745,0.25754320531488595,0.006424689206118533,0.006424689206118533,0.006424689206118533,,,0.031606197590480264,,,3.8356164383561644e-05,0.22213972636986326,,0.2221013702054797
40,0,948,0.048206857449342,76.56031175087435,,0.0069114894091429745,3.869897260273969e-05,,0.03450847810223272,0.0069114894091429745,0.041419967511375694,0.006748190965363568,0.006748190965363568,0.006748190965363568,,,0.03450847810223272,,,3.869897260273969e-05,3.869897260273969e-05,,
41,0,10,0.2631814510954205,457.7643943786993,,0.02436218997374617,,,0.0006633877913747917,0.02436218997374617,0.24712694797060064,0.016054503124819836,0.016054503124819836,0.016054503124819836,,,0.0006633877913747917,,,,0.2221013702054797,,0.2221013702054797
42,0,1725,0.42839624265356263,715.3710106958883,0.004000477140896948,0.0745491985103863,0.011017237435374692,0.004096211321875001,0.012378195460334838,0.07054872136948936,0.30092792975967225,0.1141909958251639,0.1141909958251639,0.11644624423078663,0.0022552484056227308,0.0022552484056227308,0.008277152910730695,4.8312277291377815e-06,4.8312277291377815e-06,0.002920548972602743,0.22502260445205496,,0.22210205547945222
43,0,1728,0.4195602324685601,358.5580987083008,0.007307587581873722,0.06799349984989919,0.014324347876351465,0.004096211321875001,0.04355190377508471,0.06068591226802547,0.3146038974661086,0.08837190749274819,0.08837190749274819,0.09062715589837092,0.0022552484056227308,0.0022552484056227308,0.03945086122548057,4.8312277291377815e-06,4.8312277291377815e-06,0.002920548972602743,0.2173876729452053,,0.21446712397260256
46,0,639,0.04871899294096439,77.46723996930923,,0.007950156846923968,3.869897260273969e-05,,0.03398194615607412,0.007950156846923968,0.041932103002998086,0.006748190965363568,0.006748190965363568,0.006748190965363568,,,0.03398194615607412,,,3.869897260273969e-05,3.869897260273969e-05,,
47,0,1723,0.5581063854805438,942.5005793053003,0.004000477140896948,0.06218624634192937,0.011017237435374692,0.004096211321875001,0.013808334689335372,0.05818576920103242,0.4238827883955585,0.12094628001625876,0.12094628001625876,0.12320152842188149,0.0022552484056227308,0.0022552484056227308,0.00970729213973123,4.8312277291377815e-06,4.8312277291377815e-06,0.002920548972602743,0.35891027602739767,,0.3559897270547949
48,0,13,0.13881810195924738,245.8295821240191,,0.011092714459861769,,,0.0005199077048648312,0.011092714459861769,0.13881810195924738,,,,,,0.0005199077048648312,,,,0.1272054797945208,,0.1272054797945208
49,0,18,0.416600306655908,325.6711077556593,0.02826087083826102,0.09834044219881984,0.03296659705897839,0.0017848344398954555,0.04359117838667833,0.07007957136055883,0.3263523540059718,0.056443006159080995,0.056443006159080995,0.05728135559095789,0.0008383494318768989,0.0008383494318768989,0.04180634394678288,,,0.002920891780821921,0.21738733047945197,,0.21446643869863005
50,0,305,0.004783684094638674,1.9277397843539967,,0.004783684094638674,,,,0.004783684094638674,0.004783684094638674,,,,,,,,,,,,
51,0,1856,0.5602020927097943,573.4284296640324,0.02826087083826102,0.11421684075332028,0.03296659705897839,0.0017848344398954555,0.04411108609154316,0.08595596991505929,0.4699541400598578,0.056443006159080995,0.056443006159080995,0.05728135559095789,0.0008383494318768989,0.0008383494318768989,0.04232625165164771,,,0.002920891780821921,0.34459281027397276,,0.3416719184931508
52,0,24,0.13881810195924738,245.8295821240191,,0.011092714459861769,,,0.0005199077048648312,0.011092714459861769,0.13881810195924738,,,,,,0.0005199077048648312,,,,0.1272054797945208,,0.1272054797945208
58,0,949,0.5399499699111565,558.2396291113669,0.017699817190986063,0.10365578710604534,0.02103795014516435,0.0004172411733563631,0.04274349282500407,0.08595596991505929,0.4699541400598578,0.048957879706134175,0.048957879706134175,0.048957879706134175,,,0.04232625165164771,,,0.002920891780821921,0.34459281027397276,,0.3416719184931508
60,0,953,0.5399499699111565,558.2396291113669,0.017699817190986063,0.10365578710604534,0.02103795014516435,0.0004172411733563631,0.04274349282500407,0.08595596991505929,0.4699541400598578,0.048957879706134175,0.048957879706134175,0.048957879706134175,,,0.04232625165164771,,,0.002920891780821921,0.34459281027397276,,0.3416719184931508
62,0,20,0.02185319056394685,36.95500012717859,,0.02057803214755548,,,0.001275158416391368,0.02057803214755548,0.02185319056394685,,,,,,0.001275158416391368,,,,,,
63,0,1213,0.4384534972198549,362.62610788283786,0.02826087083826102,0.11891847434637531,0.03296659705897839,0.0017848344398954555,0.0448663368030697,0.0906576035081143,0.34820554456991865,0.056443006159080995,0.056443006159080995,0.05728135559095789,0.0008383494318768989,0.0008383494318768989,0.04308150236317425,,,0.002920891780821921,0.21738733047945197,,0.21446643869863005
65,0,23,0.02185319056394685,36.95500012717859,,0.02057803214755548,,,0.001275158416391368,0.02057803214755548,0.02185319056394685,,,,,,0.001275158416391368,,,,,,
66,0,21,0.01086035652464519,8.425870415332625,0.002938310599943217,0.007721994694581891,0.002938310599943217,,,0.004783684094638674,0.004783684094638674,0.0031383618300632977,0.0031383618300632977,0.0031383618300632977,,,,,,,,,
67,0,22,0.01086035652464519,8.425870415332625,0.002938310599943217,0.007721994694581891,0.002938310599943217,,,0.004783684094638674,0.004783684094638674,0.0031383618300632977,0.0031383618300632977,0.0031383618300632977,,,,,,,,,
68,0,76,0.01854704521340587,31.055614054651834,,0.011896639431337983,,,,0.011896639431337983,0.011896639431337983,0.006650405782067887,0.006650405782067887,0.006650405782067887,,,,,,,,,
70,0,303,0.027929862993953364,43.45313075815722,0.002938310599943217,0.023516342747498697,0.002938310599943217,,0.001275158416391368,0.02057803214755548,0.02185319056394685,0.0031383618300632977,0.0031383618300632977,0.0031383618300632977,,,0.001275158416391368,,,,,,
71,0,304,0.026636874658585524,38.88273991153259,,0.025361716242194157,,,0.001275158416391368,0.025361716242194157,0.026636874658585524,,,,,,0.001275158416391368,,,,,,
72,0,1735,0.13881810195924738,245.8295821240191,,0.011092714459861769,,,0.0005199077048648312,0.011092714459861769,0.13881810195924738,,,,,,0.0005199077048648312,,,,0.1272054797945208,,0.1272054797945208
83,0,28,0.022765576086762815,22.697077707794953,,,0.008803827882164782,0.008803827882164782,0.008803827882164782,,,0.01396174820459803,0.01396174820459803,0.01396174820459803,,,,,,,,,
84,0,804,0.7643513864061111,1141.0699941890684,0.004395265844475476,0.013048150008251321,0.0043997977200364614,4.531875560985066e-06,4.531875560985066e-06,0.008652884163775845,0.008652884163775845,0.10304582349339579,0.10304582349339579,0.7512987045222989,0.6482528810289031,0.6482528810289031,,,,,,,
85,0,809,0.7783131346107092,1162.0389375744323,0.004395265844475476,0.013048150008251321,0.0043997977200364614,4.531875560985066e-06,4.531875560985066e-06,0.008652884163775845,0.008652884163775845,0.11700757169799382,0.11700757169799382,0.7652604527268969,0.6482528810289031,0.6482528810289031,,,,,,,
86,0,849,0.008803827882164782,1.7281343224312244,,,0.008803827882164782,0.008803827882164782,0.008803827882164782,,,,,,,,,,,,,,
87,0,29,0.008803827882164782,1.7281343224312244,,,0.008803827882164782,0.008803827882164782,0.008803827882164782,,,,,,,,,,,,,,
89,0,1133,0.01396174820459803,20.96894338536373,,,,,,,,0.01396174820459803,0.01396174820459803,0.01396174820459803,,,,,,,,,
90,0,30,0.008803827882164782,1.7281343224312244,,,0.008803827882164782,0.008803827882164782,0.008803827882164782,,,,,,,,,,,,,,
94,0,1575,5.171623781255507,924.1606604578575,0.009504962458394712,0.20534276609560995,4.936754183539025,1.5858865477929593,1.6123809670139804,0.19583780363721523,0.22219146832299538,0.012470458962378347,0.012470458962378347,0.012537374858243943,6.691589586559576e-05,6.691589586559576e-05,0.026353664685780147,0.0001407545352409202,0.0001407545352409202,3.3413626732876707,3.3413626732876707,,
95,0,1576,5.180427609137672,925.8887947802888,0.009504962458394712,0.20534276609560995,4.94555801142119,1.5946903756751243,1.621184794896145,0.19583780363721523,0.22219146832299538,0.012470458962378347,0.012470458962378347,0.012537374858243943,6.691589586559576e-05,6.691589586559576e-05,0.026353664685780147,0.0001407545352409202,0.0001407545352409202,3.3413626732876707,3.3413626732876707,,
96,0,1242,0.042603020568562626,58.82492451071907,0.002784634672253059,0.03601439739546044,0.002784634672253059,,,0.03322976272320738,0.03322976272320738,0.006588623173102184,0.006588623173102184,0.006588623173102184,,,,,,,,,
97,0,1243,0.042603020568562626,58.82492451071907,0.002784634672253059,0.03601439739546044,0.002784634672253059,,,0.03322976272320738,0.03322976272320738,0.006588623173102184,0.006588623173102184,0.006588623173102184,,,,,,,,,
98,0,33,0.03639751594009714,62.54630457631025,,,,,0.032170713392717785,,0.032170713392717785,0.004226802547379351,0.004226802547379351,0.004226802547379351,,,0.032170713392717785,,,,,,
99,0,1970,0.010567942575382875,7.765910766590694,,,1.8496575342491467e-05,,0.009213485383601575,,0.01052924017812256,,,,,,0.009213485383601575,,2.0205821917822858e-05,1.8496575342491467e-05,0.0013544571917813006,2.0205821917822858e-05,0.0013157547945209863
100,0,1971,0.04696545851548003,70.31221534290093,,,1.8496575342491467e-05,,0.04138419877631937,,0.04269995357084035,0.004226802547379351,0.004226802547379351,0.004226802547379351,,,0.04138419877631937,,2.0205821917822858e-05,1.8496575342491467e-05,0.0013544571917813006,2.0205821917822858e-05,0.0013157547945209863
101,0,401,4.896492578705214e-05,0.019731996011908687,,,,,4.896492578705214e-05,,4.896492578705214e-05,,,,,,4.896492578705214e-05,,,,,,
103,0,984,0.042723272085356784,70.79347871961569,,0.010601523618426045,,,0.032121748466930736,0.010601523618426045,0.042723272085356784,,,,,,0.032121748466930736,,,,,,
104,0,34,0.005266197746028653,9.758634299746312,,0.004713882499039224,,,0.0005523152469894292,0.004713882499039224,0.005261366518299515,,,,,,0.0005474840192602914,4.8312277291377815e-06,4.8312277291377815e-06,,,,
105,0,35,0.0059171030748555176,2.3844875162861108,,0.0059171030748555176,,,,0.0059171030748555176,0.0059171030748555176,,,,,,,,,,,,
106,0,1342,0.050757807613646094,90.21486796968183,,0.034965751380587246,3.561643835616438e-05,,0.0030190421154063342,0.034965751380587246,0.03974160644634667,0.010975753501214129,0.010975753501214129,0.010975753501214129,,,0.0030142108876771963,4.8312277291377815e-06,4.8312277291377815e-06,3.561643835616438e-05,0.001797260616438395,,0.0017616441780822307
107,0,1350,0.03396178437662422,57.73389021164119,,0.026079817028652894,3.561643835616438e-05,,0.001889063711473191,0.026079817028652894,0.029730524918208313,0.004195643020059743,0.004195643020059743,0.004195643020059743,,,0.001889063711473191,,,3.561643835616438e-05,0.001797260616438395,,0.0017616441780822307
108,0,781,0.009447758224329545,16.730804005500094,,0.008900274205069253,,,0.0005474840192602914,0.008900274205069253,0.009447758224329545,,,,,,0.0005474840192602914,,,,,,
110,0,817,0.004191222933759166,7.8549876919600115,,0.004186391706030028,,,4.8312277291377815e-06,0.004186391706030028,0.004186391706030028,,,,,,,4.8312277291377815e-06,4.8312277291377815e-06,,,,
111,0,863,0.09401774975552665,133.4899654803136,,0.05854247513854811,2.7400684931531183e-06,,0.005109264203047136,0.05854247513854811,0.07120927564296528,0.022805734044068247,0.022805734044068247,0.022805734044068247,,,0.005109264203047136,,,2.7400684931531183e-06,0.007560276369863192,,0.007557536301370038
112,0,864,0.05759542540522876,66.90319569061475,,0.03379561270475467,2.7400684931531183e-06,,0.0036340533049876523,0.03379561270475467,0.04237898279056438,0.015213702546171225,0.015213702546171225,0.015213702546171225,,,0.0036340533049876523,,,2.7400684931531183e-06,0.004952056849315208,,0.004949316780822055
113,0,36,0.04811956328544658,81.4745917342478,,0.0033131316045448725,,,0.03621747161869239,0.0033131316045448725,0.043251837127346836,0.0048677261580997435,0.0048677261580997435,0.0048677261580997435,,,0.03621747161869239,,,,0.0037212339041095732,,0.0037212339041095732
114,0,1697,0.030400178845854994,39.25215191852731,,0.0033131316045448725,1.8496575342491467e-05,,0.012916827439940154,0.0033131316045448725,0.021266947743115584,0.009094528705479095,0.009094528705479095,0.009094528705479095,,,0.012916827439940154,,2.0205821917822858e-05,1.8496575342491467e-05,0.005075691095890874,2.0205821917822858e-05,0.00503698869863056
115,0,37,0.04653093312712725,80.83440197710036,,0.0033131316045448725,,,0.03463500618640036,0.0033131316045448725,0.041663206969027505,0.0048677261580997435,0.0048677261580997435,0.0048677261580997435,,,0.03463500618640036,,,,0.00371506917808227,,0.00371506917808227
117,0,367,0.04070938123283786,70.14382224832461,,0.0033131316045448725,,,0.03252852347019325,0.0033131316045448725,0.035841655074738125,0.0048677261580997435,0.0048677261580997435,0.0048677261580997435,,,0.03252852347019325,,,,,,
118,0,38,0.015541843262122507,21.559766034329087,0.00425614044162124,0.010978929027782256,0.00425614044162124,,0.0008047712442070371,0.006722788586161016,0.0075275598303680535,0.003758142990133213,0.003758142990133213,0.003758142990133213,,,0.0008047712442070371,,,,,,
119,0,1343,0.13527232950903592,213.66237034946707,0.011479612640882715,0.08093140789328322,0.017537394966636935,0.002274904928493947,0.004183390621332378,0.06945179525240051,0.0713554497175098,0.04637465359716004,0.04637465359716004,0.04637465359716004,,,0.001903654465109294,4.8312277291377815e-06,4.8312277291377815e-06,0.0037828773972602737,0.0037828773972602737,,
120,0,1347,0.11973048624691343,192.10260431513802,0.007223472199261476,0.06995247886550096,0.013281254525015697,0.002274904928493947,0.0033786193771253416,0.06272900666623948,0.06382788988714175,0.042616510607026835,0.042616510607026835,0.042616510607026835,,,0.001098883220902257,4.8312277291377815e-06,4.8312277291377815e-06,0.0037828773972602737,0.0037828773972602737,,
122,0,1703,0.015541843262122507,21.559766034329087,0.00425614044162124,0.010978929027782256,0.00425614044162124,,0.0008047712442070371,0.006722788586161016,0.0075275598303680535,0.003758142990133213,0.003758142990133213,0.003758142990133213,,,0.0008047712442070371,,,,,,
123,0,1701,0.05080175881269634,86.24569161533607,,0.046778101046032,,,0.004023657766664346,0.046778101046032,0.05080175881269634,,,,,,0.004023657766664346,,,,,,
124,0,1705,0.05080175881269634,86.24569161533607,,0.046778101046032,,,0.004023657766664346,0.046778101046032,0.05080175881269634,,,,,,0.004023657766664346,,,,,,
125,0,40,0.023905238186430845,36.22033690446908,,0.019019631005470824,,,6.734525282533996e-06,0.019019631005470824,0.019026365530753358,0.004878872655677489,0.004878872655677489,0.004878872655677489,,,6.734525282533996e-06,,,,,,
126,0,1341,0.14723516868565492,236.25627011590032,,0.10539291761840328,0.005930479794520546,,0.0030190421154063342,0.10539291761840328,0.1101687726841627,0.030449444758007538,0.030449444758007538,0.03113108497924251,0.0006816402212349704,0.0006816402212349704,0.0030142108876771963,4.8312277291377815e-06,4.8312277291377815e-06,0.005930479794520546,0.007692123972602777,,0.0017616441780822307
127,0,1345,0.21166389716104397,320.6465039658661,0.007479135499985768,0.14520061665297176,0.014765811961028982,0.0011452377624130794,0.0041710144031019475,0.137721481152986,0.142504070744028,0.05300549989890443,0.05300549989890443,0.05438918322825786,0.0013836833293534262,0.0013836833293534262,0.0030209454129597304,4.8312277291377815e-06,4.8312277291377815e-06,0.0061414386986301354,0.007903082876712366,,0.0017616441780822307
128,0,41,0.00329872527682599,5.841631926232028,,0.003296817456307475,,,1.9078205185150725e-06,0.003296817456307475,0.00329872527682599,,,,,,1.9078205185150725e-06,,,,,,
130,0,753,0.00329872527682599,5.841631926232028,,0.003296817456307475,,,1.9078205185150725e-06,0.003296817456307475,0.00329872527682599,,,,,,1.9078205185150725e-06,,,,,,
131,0,42,0.010860907553801532,19.231753937527813,,0.01085797199355699,1.0277397260277404e-06,,1.9078205185150725e-06,0.01085797199355699,0.010859879814075504,,,,,,1.9078205185150725e-06,,,1.0277397260277404e-06,1.0277397260277404e-06,,
132,0,1201,0.007562182276975542,13.390122011295785,,0.0075611545372495145,1.0277397260277404e-06,,,0.0075611545372495145,0.0075611545372495145,,,,,,,,,1.0277397260277404e-06,1.0277397260277404e-06,,
133,0,1202,0.003296817456307475,5.838253413529327,,0.003296817456307475,,,,0.003296817456307475,0.003296817456307475,,,,,,,,,,,,
134,0,1517,0.007564090097494057,13.393500523998487,,0.0075611545372495145,1.0277397260277404e-06,,1.9078205185150725e-06,0.0075611545372495145,0.007563062357768029,,,,,,1.9078205185150725e-06,,,1.0277397260277404e-06,1.0277397260277404e-06,,
136,0,44,0.0031096590688243133,5.506819201876601,,0.0031069388976555394,,,2.72017116877392e-06,0.0031069388976555394,0.0031096590688243133,,,,,,2.72017116877392e-06,,,,,,
137,0,1183,0.006116447223133605,10.831466816827403,,0.006113727051964831,,,2.72017116877392e-06,0.006113727051964831,0.006116447223133605,,,,,,2.72017116877392e-06,,,,,,
139,0,835,0.008620386373342535,14.541056902083623,,0.004650891760011494,0.00033108829815185834,0.00025882768171350216,0.000494512281795326,0.004650891760011494,0.004886576360093318,0.0034027217150973594,0.0034027217150973594,0.0034027217150973594,,,0.00023568460008182391,,,7.22606164383562e-05,7.22606164383562e-05,,
140,0,1458,0.019555116995823282,33.92048714988195,,0.015574120346518075,0.0003440641239992035,0.00027180350756084723,0.000506014317769492,0.015574120346518075,0.01580833115672672,0.0034027217150973594,0.0034027217150973594,0.0034027217150973594,,,0.0002342108102086448,,,7.22606164383562e-05,7.22606164383562e-05,,
141,0,45,0.0001667863013700952,1.9966874700130617,,,5.82232876712589e-05,,,,8.835719178101348e-05,,,,,,,,2.0205821917822858e-05,5.82232876712589e-05,0.0001667863013700952,2.0205821917822858e-05,8.835719178101348e-05
142,0,46,0.00718027158301247,6.501946507235158,,,5.82232876712589e-05,,0.005786087678902401,,0.007101842473423388,,,,,,0.005786087678902401,,2.0205821917822858e-05,5.82232876712589e-05,0.001394183904110068,2.0205821917822858e-05,0.0013157547945209863
143,0,394,0.004301132224098648,3.412228896686409,,,,,0.0030737346213586744,,0.004301132224098648,,,,,,0.0030737346213586744,,,,0.0012273976027399728,,0.0012273976027399728
144,0,1690,0.00970177299343694,7.41685979874233,,,1.8496575342491467e-05,,0.008347315801655637,,0.009663070596176625,,,,,,0.008347315801655637,,2.0205821917822858e-05,1.8496575342491467e-05,0.0013544571917813006,2.0205821917822858e-05,0.0013157547945209863
145,0,1891,0.001783978455706559,0.8201186764227273,,,3.972671232876743e-05,,0.0017442517433777914,,0.0017442517433777914,,,,,,0.0017442517433777914,,,3.972671232876743e-05,3.972671232876743e-05,,
147,0,157,0.8211453909006662,1215.0205692108532,0.008714085470005302,0.06533886121529685,0.008718617345566287,4.531875560985066e-06,0.0045078251630706265,0.05662477574529154,0.06112806903280118,0.10304582349339579,0.10304582349339579,0.7512987045222989,0.6482528810289031,0.6482528810289031,0.004503293287509641,,,,,,
148,0,158,0.8211453909006662,1215.0205692108532,0.008714085470005302,0.06533886121529685,0.008718617345566287,4.531875560985066e-06,0.0045078251630706265,0.05662477574529154,0.06112806903280118,0.10304582349339579,0.10304582349339579,0.7512987045222989,0.6482528810289031,0.6482528810289031,0.004503293287509641,,,,,,
151,0,1130,0.01396174820459803,20.96894338536373,,,,,,,,0.01396174820459803,0.01396174820459803,0.01396174820459803,,,,,,,,,
152,0,1320,0.01396174820459803,20.96894338536373,,,,,,,,0.01396174820459803,0.01396174820459803,0.01396174820459803,,,,,,,,,
158,0,1521,0.008168856559092583,14.466028320588267,,0.008168856559092583,,,,0.008168856559092583,0.008168856559092583,,,,,,,,,,,,
159,0,1535,0.008168856559092583,14.466028320588267,,0.008168856559092583,,,,0.008168856559092583,0.008168856559092583,,,,,,,,,,,,
161,0,794,2.3360716514282185,4170.957215345761,,,1.8091688359589042,,,,8.219212328791792e-05,0.14533971650807184,0.14533971650807184,0.4908552120446563,0.3455154955365845,0.3455154955365845,,,0.035965411301369876,1.8091688359589042,1.845216439383562,0.035965411301369876,8.219212328791792e-05
162,0,795,1.2191526562287316,1971.5941478542493,,,0.3476243219178083,,,,0.24092945308219219,0.518485921395604,0.518485921395604,0.6305978534890055,0.11211193209340156,0.11211193209340156,,,1.0277397260420364e-06,0.3476243219178083,0.5885548027397266,1.0277397260420364e-06,0.24092945308219219
163,0,2188,3.55522430765695,6142.5513632000075,,,2.1567931578767126,,,,0.2410116452054801,0.6638256379036755,0.6638256379036755,1.1214530655336612,0.457627427629986,0.457627427629986,,,0.03596643904109592,2.1567931578767126,2.4337712421232887,0.03596643904109592,0.2410116452054801
171,0,796,1.2191526562287316,1971.5941478542493,,,0.3476243219178083,,,,0.24092945308219219,0.518485921395604,0.518485921395604,0.6305978534890055,0.11211193209340156,0.11211193209340156,,,1.0277397260420364e-06,0.3476243219178083,0.5885548027397266,1.0277397260420364e-06,0.24092945308219219
173,0,793,2.3216619225241435,4149.357859862369,,,1.8091397260273974,,,,8.219212328791792e-05,0.13112106426734343,0.13112106426734343,0.4764745930720886,0.3453535288047452,0.3453535288047452,,,0.035965411301369876,1.8091397260273974,1.845187329452055,0.035965411301369876,8.219212328791792e-05
174,0,1467,0.014409728904074546,21.599355483391857,,,2.910993150684776e-05,,,,,0.01421865224072839,0.01421865224072839,0.014380618972567698,0.0001619667318393065,0.0001619667318393065,,,,2.910993150684776e-05,2.910993150684776e-05,,
175,0,54,0.011073583022042522,16.63125076169642,,,,,,,,0.010914982356378729,0.010914982356378729,0.011073583022042522,0.0001586006656637924,0.0001586006656637924,,,,,,,
176,0,1070,0.011073583022042522,16.63125076169642,,,,,,,,0.010914982356378729,0.010914982356378729,0.011073583022042522,0.0001586006656637924,0.0001586006656637924,,,,,,,
178,0,55,0.029436177298369486,47.69250319266476,,0.01432382215243528,0.000260113708356078,0.00025840103712320285,0.00025840103712320285,0.01432382215243528,0.01432382215243528,0.014693640771914335,0.014693640771914335,0.014852241437578129,0.0001586006656637924,0.0001586006656637924,,,,1.712671232875155e-06,1.712671232875155e-06,,
179,0,62,0.018362594276326964,31.061252430968338,,0.01432382215243528,0.000260113708356078,0.00025840103712320285,0.00025840103712320285,0.01432382215243528,0.01432382215243528,0.0037786584155356053,0.0037786584155356053,0.0037786584155356053,,,,,,1.712671232875155e-06,1.712671232875155e-06,,
180,0,56,0.029436177298369486,47.69250319266476,,0.01432382215243528,0.000260113708356078,0.00025840103712320285,0.00025840103712320285,0.01432382215243528,0.01432382215243528,0.014693640771914335,0.014693640771914335,0.014852241437578129,0.0001586006656637924,0.0001586006656637924,,,,1.712671232875155e-06,1.712671232875155e-06,,
182,0,1026,0.016056287418077807,5.601511108424201,0.00659668860058691,0.01522596457690408,0.0074270114417606375,0.0008303228411737272,0.0008303228411737272,0.00862927597631717,0.00862927597631717,,,,,,,,,,,,
183,0,1038,0.0454924647164473,53.29401430108897,0.00659668860058691,0.02954978672933936,0.007687125150116715,0.0010887238782969302,0.0010887238782969302,0.02295309812875245,0.02295309812875245,0.014693640771914335,0.014693640771914335,0.014852241437578129,0.0001586006656637924,0.0001586006656637924,,,,1.712671232875155e-06,1.712671232875155e-06,,
185,0,1076,0.011073583022042522,16.63125076169642,,,,,,,,0.010914982356378729,0.010914982356378729,0.011073583022042522,0.0001586006656637924,0.0001586006656637924,,,,,,,
187,0,63,0.018362594276326964,31.061252430968338,,0.01432382215243528,0.000260113708356078,0.00025840103712320285,0.00025840103712320285,0.01432382215243528,0.01432382215243528,0.0037786584155356053,0.0037786584155356053,0.0037786584155356053,,,,,,1.712671232875155e-06,1.712671232875155e-06,,
188,0,266,0.016056287418077807,5.601511108424201,0.00659668860058691,0.01522596457690408,0.0074270114417606375,0.0008303228411737272,0.0008303228411737272,0.00862927597631717,0.00862927597631717,,,,,,,,,,,,
194,0,2132,0.0454924647164473,53.29401430108897,0.00659668860058691,0.02954978672933936,0.007687125150116715,0.0010887238782969302,0.0010887238782969302,0.02295309812875245,0.02295309812875245,0.014693640771914335,0.014693640771914335,0.014852241437578129,0.0001586006656637924,0.0001586006656637924,,,,1.712671232875155e-06,1.712671232875155e-06,,
195,0,64,0.003336145882032024,4.968104721695435,,,2.910993150684776e-05,,,,,0.003303669884349662,0.003303669884349662,0.003307035950525176,3.366066175514115e-06,3.366066175514115e-06,,,,2.910993150684776e-05,2.910993150684776e-05,,
196,0,1069,0.02427239447532432,41.526773086066065,,0.02023362235143264,0.000260113708356078,0.00025840103712320285,0.00025840103712320285,0.02023362235143264,0.02023362235143264,0.0037786584155356053,0.0037786584155356053,0.0037786584155356053,,,,,,1.712671232875155e-06,1.712671232875155e-06,,
197,0,1075,0.014409728904074546,21.599355483391857,,,2.910993150684776e-05,,,,,0.01421865224072839,0.01421865224072839,0.014380618972567698,0.0001619667318393065,0.0001619667318393065,,,,2.910993150684776e-05,2.910993150684776e-05,,
198,0,65,0.6120997609885342,1023.2741703133388,0.004000477140896948,0.08361799766412131,0.011396603697745672,0.004252632036300776,0.014456375581184958,0.07961752052322438,0.44582807804585933,0.15261499961157748,0.15261499961157748,0.15487024801720023,0.0022552484056227308,0.0022552484056227308,0.010198912317155046,4.8312277291377815e-06,4.8312277291377815e-06,0.0031434945205479486,0.35915513972602786,,0.3560116452054799
199,0,1715,0.6108725745044545,1021.1009757781032,0.004000477140896948,0.08239081118004152,0.011396603697745672,0.004252632036300776,0.014456375581184958,0.07839033403914455,0.4446008915617795,0.15261499961157748,0.15261499961157748,0.15487024801720023,0.0022552484056227308,0.0022552484056227308,0.010198912317155046,4.8312277291377815e-06,4.8312277291377815e-06,0.0031434945205479486,0.35915513972602786,,0.3560116452054799
200,0,873,0.625819066975096,1042.1197629644053,0.004000477140896948,0.08988684905008618,0.011476055752540194,0.004252632036300776,0.014466383124338174,0.08588637190918921,0.45209692943182417,0.15997599461422668,0.15997599461422668,0.16223124301984942,0.0022552484056227308,0.0022552484056227308,0.010198912317155046,1.4838770882351759e-05,1.4838770882351759e-05,0.0032229465753424694,0.3592345917808224,,0.3560116452054799
201,0,1963,0.010716596369311828,13.528167617658426,,0.0032661417687149014,7.945205479452055e-05,,1.0007543153213977e-05,0.0032661417687149014,0.0032661417687149014,0.007360995002649192,0.007360995002649192,0.007360995002649192,,,,1.0007543153213977e-05,1.0007543153213977e-05,7.945205479452055e-05,7.945205479452055e-05,,
203,0,1318,0.042603020568562626,58.82492451071907,0.002784634672253059,0.03601439739546044,0.002784634672253059,,,0.03322976272320738,0.03322976272320738,0.006588623173102184,0.006588623173102184,0.006588623173102184,,,,,,,,,
204,0,1319,0.042603020568562626,58.82492451071907,0.002784634672253059,0.03601439739546044,0.002784634672253059,,,0.03322976272320738,0.03322976272320738,0.006588623173102184,0.006588623173102184,0.006588623173102184,,,,,,,,,
205,0,67,0.003323554532585432,5.885601448085784,,0.003323554532585432,,,,0.003323554532585432,0.003323554532585432,,,,,,,,,,,,
206,0,1315,0.00721209818933831,12.82528598079984,,0.003323554532585432,,,0.0007543512014830352,0.003323554532585432,0.004067898190915254,0.0031341924552698427,0.0031341924552698427,0.0031341924552698427,,,0.0007443436583298213,1.0007543153213977e-05,1.0007543153213977e-05,,,,
207,0,1316,0.003888543656752878,6.939684532714055,,,,,0.0007543512014830352,,0.0007443436583298213,0.0031341924552698427,0.0031341924552698427,0.0031341924552698427,,,0.0007443436583298213,1.0007543153213977e-05,1.0007543153213977e-05,,,,
208,0,68,0.0031803525647238293,5.632008585037638,,0.0031803525647238293,,,,0.0031803525647238293,0.0031803525647238293,,,,,,,,,,,,
209,0,1146,0.00799665166103116,14.161074877682267,,0.00799665166103116,,,,0.00799665166103116,0.00799665166103116,,,,,,,,,,,,
210,0,1147,0.007853449693169558,13.90748201463412,,0.007853449693169558,,,,0.007853449693169558,0.007853449693169558,,,,,,,,,,,,
211,0,565,0.0031803525647238293,5.632008585037638,,0.0031803525647238293,,,,0.0031803525647238293,0.0031803525647238293,,,,,,,,,,,,
212,0,1510,5.16735174027123,916.5954075466078,0.009504962458394712,0.2010707251113336,4.936754183539025,1.5858865477929593,1.6123809670139804,0.19156576265293887,0.21791942733871902,0.012470458962378347,0.012470458962378347,0.012537374858243943,6.691589586559576e-05,6.691589586559576e-05,0.026353664685780147,0.0001407545352409202,0.0001407545352409202,3.3413626732876707,3.3413626732876707,,
213,0,1566,5.16735174027123,916.5954075466078,0.009504962458394712,0.2010707251113336,4.936754183539025,1.5858865477929593,1.6123809670139804,0.19156576265293887,0.21791942733871902,0.012470458962378347,0.012470458962378347,0.012537374858243943,6.691589586559576e-05,6.691589586559576e-05,0.026353664685780147,0.0001407545352409202,0.0001407545352409202,3.3413626732876707,3.3413626732876707,,
214,0,69,0.020392036892369198,12.266968425379083,0.002938310599943217,0.015140969029075226,0.002938310599943217,,0.0021127060332306754,0.01220265842913201,0.014315364462362685,0.0031383618300632977,0.0031383618300632977,0.0031383618300632977,,,0.0021127060332306754,,,,,,
215,0,71,0.01833718715830332,11.438900454154235,0.002938310599943217,0.015140969029075226,0.002938310599943217,,5.7856299164796414e-05,0.01220265842913201,0.012260514728296805,0.0031383618300632977,0.0031383618300632977,0.0031383618300632977,,,5.7856299164796414e-05,,,,,,
216,0,291,0.002170562332395472,0.8746980945645002,,,,,0.002170562332395472,,0.002170562332395472,,,,,,0.002170562332395472,,,,,,
217,0,939,0.028305635427806404,23.17898594905793,,0.02619292939457573,,,0.0021127060332306754,0.02619292939457573,0.028305635427806404,,,,,,0.0021127060332306754,,,,,,
218,0,1023,0.006076672430006515,6.498130630978627,0.002938310599943217,0.002938310599943217,0.002938310599943217,,,,,0.0031383618300632977,0.0031383618300632977,0.0031383618300632977,,,,,,,,,
219,0,1398,0.01399027096544372,17.410148154657477,,0.01399027096544372,,,,0.01399027096544372,0.01399027096544372,,,,,,,,,,,,
220,0,70,0.024615415204995245,22.556860975258743,0.002938310599943217,0.02141919707576715,0.002938310599943217,,5.7856299164796414e-05,0.018480886475823934,0.01853874277498873,0.0031383618300632977,0.0031383618300632977,0.0031383618300632977,,,5.7856299164796414e-05,,,,,,
221,0,935,0.5201067064981054,513.2633228336654,0.006787071516297155,0.08711829673323178,0.010125204470475439,0.0004172411733563631,0.042758329097034115,0.08033122521693462,0.4643442316337632,0.044972116837386285,0.044972116837386285,0.04563727039386678,0.0006651535564804956,0.0006651535564804956,0.04234108792367775,,,0.002920891780821921,0.34459281027397276,,0.3416719184931508
222,0,936,0.508047747386494,512.9423829006156,0.0038487609163539377,0.07825555575084846,0.0071868938705322225,0.0004172411733563631,0.042700472797869315,0.07440679483449453,0.45836194495215826,0.04183375500732299,0.04183375500732299,0.042498908563803485,0.0006651535564804956,0.0006651535564804956,0.04228323162451295,,,0.002920891780821921,0.34459281027397276,,0.3416719184931508
223,0,73,0.006278228046691926,11.117960521104509,,0.006278228046691926,,,,0.006278228046691926,0.006278228046691926,,,,,,,,,,,,
224,0,72,0.02185319056394685,36.95500012717859,,0.02057803214755548,,,0.001275158416391368,0.02057803214755548,0.02185319056394685,,,,,,0.001275158416391368,,,,,,
225,0,301,0.02185319056394685,36.95500012717859,,0.02057803214755548,,,0.001275158416391368,0.02057803214755548,0.02185319056394685,,,,,,0.001275158416391368,,,,,,
227,0,74,0.02185319056394685,36.95500012717859,,0.02057803214755548,,,0.001275158416391368,0.02057803214755548,0.02185319056394685,,,,,,0.001275158416391368,,,,,,
229,0,75,0.004735730740072728,1.908415433589779,,0.0034605723236813602,,,0.001275158416391368,0.0034605723236813602,0.004735730740072728,,,,,,0.001275158416391368,,,,,,
230,0,1902,0.0075617037514175275,6.912861933489282,,0.006286545335026159,,,0.001275158416391368,0.006286545335026159,0.0075617037514175275,,,,,,0.001275158416391368,,,,,,
231,0,938,0.031766207751487766,24.573535173675744,,0.02965350171825709,,,0.0021127060332306754,0.02965350171825709,0.031766207751487766,,,,,,0.0021127060332306754,,,,,,
232,0,1216,0.443967039877469,368.6449409681491,0.0176729337665279,0.10380107853786967,0.024690036869224823,0.004096211321875001,0.04717771368504925,0.08612814477134179,0.34367608583314607,0.07334566876947542,0.07334566876947542,0.07560091717509815,0.0022552484056227308,0.0022552484056227308,0.04308150236317425,,,0.002920891780821921,0.21738733047945197,,0.21446643869863005
233,0,77,0.0074120488809600055,2.9869241422979824,,0.0037770914183174785,,,0.003634957462642527,0.0037770914183174785,0.0074120488809600055,,,,,,0.003634957462642527,,,,,,
234,0,1726,0.4483842149574126,394.47858567704856,0.0176729337665279,0.09261831793560779,0.024690036869224823,0.004096211321875001,0.04775072537000939,0.07494538416907989,0.3330621909620877,0.08837190749274819,0.08837190749274819,0.09062715589837092,0.0022552484056227308,0.0022552484056227308,0.04364968282040526,4.8312277291377815e-06,4.8312277291377815e-06,0.002920891780821921,0.21738801575342448,,0.21446712397260256
235,0,1731,0.4557962638383726,397.4655098193466,0.0176729337665279,0.09639540935392527,0.024690036869224823,0.004096211321875001,0.05138568283265192,0.07872247558739737,0.3404742398430477,0.08837190749274819,0.08837190749274819,0.09062715589837092,0.0022552484056227308,0.0022552484056227308,0.04728464028304779,4.8312277291377815e-06,4.8312277291377815e-06,0.002920891780821921,0.21738801575342448,,0.21446712397260256
237,0,80,0.0031341924552698427,4.707197350238965,,,,,,,,0.0031341924552698427,0.0031341924552698427,0.0031341924552698427,,,,,,,,,
238,0,1313,0.004077905734068467,8.118088630560875,,0.003323554532585432,,,0.0007543512014830352,0.003323554532585432,0.004067898190915254,,,,,,0.0007443436583298213,1.0007543153213977e-05,1.0007543153213977e-05,,,,
239,0,1317,0.042603020568562626,58.82492451071907,0.002784634672253059,0.03601439739546044,0.002784634672253059,,,0.03322976272320738,0.03322976272320738,0.006588623173102184,0.006588623173102184,0.006588623173102184,,,,,,,,,
240,0,79,0.007807289583715572,12.982670779835448,,0.004673097128445729,,,,0.004673097128445729,0.004673097128445729,0.0031341924552698427,0.0031341924552698427,0.0031341924552698427,,,,,,,,,
241,0,568,0.04452773494602409,16.946947661251905,,,0.03824212363013698,,,,,0.006285611315887112,0.006285611315887112,0.006285611315887112,,,,,,0.03824212363013698,0.03824212363013698,,
242,0,1511,5.1306312949089214,912.6311306651912,0.009504962458394712,0.20574382223977933,4.898512059908889,1.5858865477929593,1.6123809670139804,0.1962388597813846,0.22259252446716477,0.00931904010176108,0.00931904010176108,0.009385955997626675,6.691589586559576e-05,6.691589586559576e-05,0.026353664685780147,0.0001407545352409202,0.0001407545352409202,3.303120549657534,3.303120549657534,,
245,0,1569,5.16735174027123,916.5954075466078,0.009504962458394712,0.2010707251113336,4.936754183539025,1.5858865477929593,1.6123809670139804,0.19156576265293887,0.21791942733871902,0.012470458962378347,0.012470458962378347,0.012537374858243943,6.691589586559576e-05,6.691589586559576e-05,0.026353664685780147,0.0001407545352409202,0.0001407545352409202,3.3413626732876707,3.3413626732876707,,
250,0,436,1.0277397260277404e-06,0.0002583405415855471,,,1.0277397260277404e-06,,,,,,,,,,,,,1.0277397260277404e-06,1.0277397260277404e-06,,
251,0,437,1.0277397260277404e-06,0.0002583405415855471,,,1.0277397260277404e-06,,,,,,,,,,,,,1.0277397260277404e-06,1.0277397260277404e-06,,
252,0,807,0.02737585572823032,37.88744268521799,0.004395265844475476,0.02636457350702729,0.0044513171807084185,5.50235965069198e-05,0.000632686753450634,0.021969307662551812,0.022546970819495527,,,0.00037756772802637674,0.00037756772802637674,0.00037756772802637674,0.0005776631569437142,,,1.0277397260225694e-06,1.0277397260225694e-06,,
253,0,808,0.03164381817544734,45.4454730149251,0.004395265844475476,0.030632535954244304,0.0044513171807084185,5.50235965069198e-05,0.000632686753450634,0.02623727010976883,0.026814933266712544,,,0.00037756772802637674,0.00037756772802637674,0.00037756772802637674,0.0005776631569437142,,,1.0277397260225694e-06,1.0277397260225694e-06,,
254,0,84,0.006619684787402871,11.675911811959823,,0.0065900095463399715,2.9675241062899446e-05,2.9675241062899446e-05,2.9675241062899446e-05,0.0065900095463399715,0.0065900095463399715,,,,,,,,,,,,
255,0,160,0.006619684787402871,11.675911811959823,,0.0065900095463399715,2.9675241062899446e-05,2.9675241062899446e-05,2.9675241062899446e-05,0.0065900095463399715,0.0065900095463399715,,,,,,,,,,,,
256,0,856,0.024717345168874274,38.430708961535146,,0.004862975687097665,,,,0.004862975687097665,0.004862975687097665,0.01985436948177661,0.01985436948177661,0.01985436948177661,,,,,,,,,
257,0,857,0.034340585411591074,54.544091524327044,,0.011035614941030877,,,,0.011035614941030877,0.011035614941030877,0.023304970470560196,0.023304970470560196,0.023304970470560196,,,,,,,,,
258,0,85,0.006619684787402871,11.675911811959823,,0.0065900095463399715,2.9675241062899446e-05,2.9675241062899446e-05,2.9675241062899446e-05,0.0065900095463399715,0.0065900095463399715,,,,,,,,,,,,
259,0,1175,0.019531442861606543,27.61218830259908,,0.013964020651012838,,,,0.013964020651012838,0.013964020651012838,0.0055674222105937055,0.0055674222105937055,0.0055674222105937055,,,,,,,,,
260,0,1177,0.019531442861606543,27.61218830259908,,0.013964020651012838,,,,0.013964020651012838,0.013964020651012838,0.0055674222105937055,0.0055674222105937055,0.0055674222105937055,,,,,,,,,
261,0,86,0.010635331308528704,13.300279624173355,,0.010635331308528704,,,,0.010635331308528704,0.010635331308528704,,,,,,,,,,,,
262,0,651,0.01919888175123511,31.538037768158976,,0.010060391413061986,2.05547945205031e-06,,,0.010060391413061986,0.010060391413061986,0.008758867130694698,0.008758867130694698,0.009136434858721076,0.00037756772802637674,0.00037756772802637674,,,,2.05547945205031e-06,2.05547945205031e-06,,
263,0,652,0.0032659114243372513,4.734101766246931,,,0.0001309589805961992,0.00012890350114414892,0.00012890350114414892,,,0.0031349524437410525,0.0031349524437410525,0.0031349524437410525,,,,,,2.05547945205031e-06,2.05547945205031e-06,,
265,0,1328,0.7830921303639202,1168.7239508653909,0.004395265844475476,0.03178889396606051,0.0043997977200364614,4.531875560985066e-06,4.531875560985066e-06,0.02739362812158503,0.02739362812158503,0.10304582349339579,0.10304582349339579,0.7512987045222989,0.6482528810289031,0.6482528810289031,,,,,,,
266,0,1329,0.7724567990553916,1155.4236712412176,0.004395265844475476,0.0211535626575318,0.0043997977200364614,4.531875560985066e-06,4.531875560985066e-06,0.016758296813056326,0.016758296813056326,0.10304582349339579,0.10304582349339579,0.7512987045222989,0.6482528810289031,0.6482528810289031,,,,,,,
270,0,1571,5.118427445661168,895.7050608228973,0.006120958090015798,0.19632131716964135,4.89512805554051,1.5858865477929593,1.6123809670139804,0.19020035907962554,0.2165540237654057,0.0065376959241456485,0.0065376959241456485,0.006604611820011244,6.691589586559576e-05,6.691589586559576e-05,0.026353664685780147,0.0001407545352409202,0.0001407545352409202,3.303120549657534,3.303120549657534,,
271,0,1573,5.118427445661168,895.7050608228973,0.006120958090015798,0.19632131716964135,4.89512805554051,1.5858865477929593,1.6123809670139804,0.19020035907962554,0.2165540237654057,0.0065376959241456485,0.0065376959241456485,0.006604611820011244,6.691589586559576e-05,6.691589586559576e-05,0.026353664685780147,0.0001407545352409202,0.0001407545352409202,3.303120549657534,3.303120549657534,,
272,0,1131,0.01396174820459803,20.96894338536373,,,,,,,,0.01396174820459803,0.01396174820459803,0.01396174820459803,,,,,,,,,
273,0,90,0.00810541264928048,14.353677052149214,,0.00810541264928048,,,,0.00810541264928048,0.00810541264928048,,,,,,,,,,,,
275,0,649,0.01919888175123511,31.538037768158976,,0.010060391413061986,2.05547945205031e-06,,,0.010060391413061986,0.010060391413061986,0.008758867130694698,0.008758867130694698,0.009136434858721076,0.00037756772802637674,0.00037756772802637674,,,,2.05547945205031e-06,2.05547945205031e-06,,
276,0,2051,0.00810541264928048,14.353677052149214,,0.00810541264928048,,,,0.00810541264928048,0.00810541264928048,,,,,,,,,,,,
278,0,1572,5.118427445661168,895.7050608228973,0.006120958090015798,0.19632131716964135,4.89512805554051,1.5858865477929593,1.6123809670139804,0.19020035907962554,0.2165540237654057,0.0065376959241456485,0.0065376959241456485,0.006604611820011244,6.691589586559576e-05,6.691589586559576e-05,0.026353664685780147,0.0001407545352409202,0.0001407545352409202,3.303120549657534,3.303120549657534,,
281,0,1132,0.01396174820459803,20.96894338536373,,,,,,,,0.01396174820459803,0.01396174820459803,0.01396174820459803,,,,,,,,,
283,0,648,0.0031372445220740402,4.708845287708496,,,2.2920783329878613e-06,2.3659888093755115e-07,2.3659888093755115e-07,,,0.0031349524437410525,0.0031349524437410525,0.0031349524437410525,,,,,,2.05547945205031e-06,2.05547945205031e-06,,
284,0,650,0.0031370079231931025,4.708798844882459,,,2.05547945205031e-06,,,,,0.0031349524437410525,0.0031349524437410525,0.0031349524437410525,,,,,,2.05547945205031e-06,2.05547945205031e-06,,
285,0,2008,2.3659888093755115e-07,4.6442826037673775e-05,,,2.3659888093755115e-07,2.3659888093755115e-07,2.3659888093755115e-07,,,,,,,,,,,,,,
286,0,802,0.8211453909006662,1215.0205692108532,0.008714085470005302,0.06533886121529685,0.008718617345566287,4.531875560985066e-06,0.0045078251630706265,0.05662477574529154,0.06112806903280118,0.10304582349339579,0.10304582349339579,0.7512987045222989,0.6482528810289031,0.6482528810289031,0.004503293287509641,,,,,,
287,0,803,0.8211453909006662,1215.0205692108532,0.008714085470005302,0.06533886121529685,0.008718617345566287,4.531875560985066e-06,0.0045078251630706265,0.05662477574529154,0.06112806903280118,0.10304582349339579,0.10304582349339579,0.7512987045222989,0.6482528810289031,0.6482528810289031,0.004503293287509641,,,,,,
288,0,95,0.05353784736558176,37.633028363990135,0.02067896590802278,0.039326933572869316,0.03488987970073521,0.01421091379271244,0.01421091379271244,0.018647967664846544,0.018647967664846544,,,,,,,,,,,,
289,0,1555,0.05353784736558176,37.633028363990135,0.02067896590802278,0.039326933572869316,0.03488987970073521,0.01421091379271244,0.01421091379271244,0.018647967664846544,0.018647967664846544,,,,,,,,,,,,
291,0,646,0.05353784736558176,37.633028363990135,0.02067896590802278,0.039326933572869316,0.03488987970073521,0.01421091379271244,0.01421091379271244,0.018647967664846544,0.018647967664846544,,,,,,,,,,,,
293,0,96,0.586795066477308,173.43774258686437,0.013446097022640276,0.0781280303560615,0.5145574126226022,0.49505857450407154,0.49906461762780785,0.06468193333342123,0.06868683936520606,0.0035496773975480914,0.0035496773975480914,0.0035496773975480914,,,0.004004906031784828,1.1370919514942992e-06,1.1370919514942992e-06,0.006052741095890396,0.006052741095890396,,
294,0,422,0.586795066477308,173.43774258686437,0.013446097022640276,0.0781280303560615,0.5145574126226022,0.49505857450407154,0.49906461762780785,0.06468193333342123,0.06868683936520606,0.0035496773975480914,0.0035496773975480914,0.0035496773975480914,,,0.004004906031784828,1.1370919514942992e-06,1.1370919514942992e-06,0.006052741095890396,0.006052741095890396,,
296,0,97,0.6133261830890273,208.5712013761979,0.013446097022640276,0.0781280303560615,0.519511334933046,0.49642242797889885,0.5004284711026352,0.06468193333342123,0.06868683936520606,0.013324649114250495,0.013324649114250495,0.025126871698823786,0.011802222584573288,0.011802222584573288,0.004004906031784828,1.1370919514942992e-06,1.1370919514942992e-06,0.009642809931506829,0.009642809931506829,,
297,0,182,0.08129746259282902,86.29005185698695,,,0.04435974457071775,0.0013638534748273248,0.0013638534748273248,,,0.01766871863766977,0.01766871863766977,0.03693771802211127,0.019268999384441498,0.019268999384441498,,,,0.04299589109589043,0.04299589109589043,,
298,0,183,0.054766345981109577,51.15659306765346,,,0.039405822260274,,,,,0.007893746920967368,0.007893746920967368,0.01536052372083558,0.007466776799868211,0.007466776799868211,,,,0.039405822260274,0.039405822260274,,
299,0,1092,0.017900799504664024,83.99772992220358,0.006165901867310617,0.006165901867310617,0.008199121387858561,,0.0011877298216886835,,0.000539441809382874,0.007705436224163106,0.007705436224163106,0.008513948295116779,0.0008085120709536728,0.0008085120709536728,0.000539441809382874,0.0006482880123058095,0.0006482880123058095,0.002033219520547945,0.002033219520547945,,
300,0,1838,0.5434587172713005,207.22557471963336,0.022160147091392822,0.11486246274562026,0.4432294621301906,0.4190275335319484,0.4230335766556847,0.09270231565422743,0.09670722168601226,0.0030925751250155207,0.0030925751250155207,0.0035208963631461637,0.000428321238130643,0.000428321238130643,0.004004906031784828,1.1370919514942992e-06,1.1370919514942992e-06,0.002041781506849315,0.002041781506849315,,
301,0,98,0.011391997326590034,22.764158344944903,,0.011391997326590034,,,,0.011391997326590034,0.011391997326590034,,,,,,,,,,,,
302,0,101,0.01652025700607072,30.83319663389628,,0.002949425613736665,,,0.009806861823921565,0.002949425613736665,0.01275628743765823,0.0037639695684124896,0.0037639695684124896,0.0037639695684124896,,,0.009806861823921565,,,,,,
303,0,1873,0.022013403105187422,37.97052587494487,,0.008442571712853368,,,0.009806861823921565,0.008442571712853368,0.018249433536774932,0.0037639695684124896,0.0037639695684124896,0.0037639695684124896,,,0.009806861823921565,,,,,,
304,0,99,0.01970066311994603,33.28251438156718,,0.013734246961967098,,,,0.013734246961967098,0.013734246961967098,0.005966416157978931,0.005966416157978931,0.005966416157978931,,,,,,,,,
305,0,689,0.02442528464370384,42.45611449991093,,0.02145854298159059,,,,0.02145854298159059,0.02145854298159059,0.00296674166211325,0.00296674166211325,0.00296674166211325,,,,,,,,,
306,0,556,0.07798429323151934,124.43659141206044,,0.07201749710876947,,,3.799647709339004e-07,0.07201749710876947,0.0720178770735404,0.005966416157978931,0.005966416157978931,0.005966416157978931,,,3.799647709339004e-07,,,,,,
307,0,1821,0.07513795792394273,121.00099400038778,,0.0751375779591718,,,3.799647709339004e-07,0.0751375779591718,0.07513795792394273,,,,,,3.799647709339004e-07,,,,,,
308,0,100,0.02011064222768362,34.59838552496536,,0.006530191002802848,,,0.009806861823921565,0.006530191002802848,0.016337052826724412,0.0037639695684124896,0.0037639695684124896,0.003773589400959212,9.619832546722239e-06,9.619832546722239e-06,0.009806861823921565,,,,,,
309,0,609,0.012784854168707421,22.640385608589604,,0.012784854168707421,,,,0.012784854168707421,0.012784854168707421,,,,,,,,,,,,
310,0,610,0.022331595962399364,39.546477196545226,,0.0125247341384778,,,0.009806861823921565,0.0125247341384778,0.022331595962399364,,,,,,0.009806861823921565,,,,,,
311,0,1685,0.05007022701882892,91.25590183388465,,0.050060607186282205,,,,0.050060607186282205,0.050060607186282205,,,9.619832546722239e-06,9.619832546722239e-06,9.619832546722239e-06,,,,,,,
312,0,1686,0.04058099056974269,71.86388383891926,,0.04058099056974269,,,,0.04058099056974269,0.04058099056974269,,,,,,,,,,,,
313,0,102,0.01950206230588727,31.964069758633926,,0.009941660667556479,,,,0.009941660667556479,0.009941660667556479,0.009560401638330794,0.009560401638330794,0.009560401638330794,,,,,,,,,
314,0,514,0.037673757588426574,64.14388056675935,,0.02811335595009578,,,,0.02811335595009578,0.02811335595009578,0.009560401638330794,0.009560401638330794,0.009560401638330794,,,,,,,,,
315,0,1537,0.021773949847513616,38.558955328282764,,0.021773949847513616,,,,0.021773949847513616,0.021773949847513616,,,,,,,,,,,,
317,0,1943,0.01950206230588727,31.964069758633926,,0.009941660667556479,,,,0.009941660667556479,0.009941660667556479,0.009560401638330794,0.009560401638330794,0.009560401638330794,,,,,,,,,
318,0,103,0.007271578406035703,12.877060381235955,,0.007271578406035703,,,,0.007271578406035703,0.007271578406035703,,,,,,,,,,,,
320,0,842,0.007271578406035703,12.877060381235955,,0.007271578406035703,,,,0.007271578406035703,0.007271578406035703,,,,,,,,,,,,
321,0,334,0.008301767796263472,13.699965403699897,,0.00457883760529632,,,,0.00457883760529632,0.00457883760529632,0.0037229301909671524,0.0037229301909671524,0.0037229301909671524,,,,,,,,,
322,0,335,0.015573346202299176,26.57702578493585,,0.011850416011332023,,,,0.011850416011332023,0.011850416011332023,0.0037229301909671524,0.0037229301909671524,0.0037229301909671524,,,,,,,,,
325,0,1386,0.012079720428224337,21.391681510795564,,0.012079720428224337,,,,0.012079720428224337,0.012079720428224337,,,,,,,,,,,,
327,0,425,0.04446099149563704,60.11170742539469,,0.02146324323564631,,,2.4379168718131245e-07,0.02146324323564631,0.021463487027333493,0.022997504468303554,0.022997504468303554,0.022997504468303554,,,2.4379168718131245e-07,,,,,,
328,0,1400,0.04446099149563704,60.11170742539469,,0.02146324323564631,,,2.4379168718131245e-07,0.02146324323564631,0.021463487027333493,0.022997504468303554,0.022997504468303554,0.022997504468303554,,,2.4379168718131245e-07,,,,,,
329,0,105,0.046974282625562254,65.5600493862724,,0.027685278105076087,,,2.4379168718131245e-07,0.027685278105076087,0.02768552189676327,0.01928876072879899,0.01928876072879899,0.01928876072879899,,,2.4379168718131245e-07,,,,,,
330,0,1384,0.023889345109165662,41.30744090909421,,0.020180601369661096,,,,0.020180601369661096,0.020180601369661096,0.0037087437395045665,0.0037087437395045665,0.0037087437395045665,,,,,,,,,
331,0,106,0.006659797847133286,11.79367314985938,,0.006659797847133286,,,,0.006659797847133286,0.006659797847133286,,,,,,,,,,,,
332,0,426,0.040314484778428965,53.76637623641301,,0.0210254802579428,,,2.4379168718131245e-07,0.0210254802579428,0.021025724049629983,0.01928876072879899,0.01928876072879899,0.01928876072879899,,,2.4379168718131245e-07,,,,,,
333,0,343,0.0376377808612234,65.65039356227663,,0.03335926094998792,,,0.0005555897202683199,0.03335926094998792,0.03391485067025624,0.0037229301909671524,0.0037229301909671524,0.0037229301909671524,,,0.0005555897202683199,,,,,,
334,0,349,0.04429757870835668,77.44406671213602,,0.04001905879712121,,,0.0005555897202683199,0.04001905879712121,0.04057464851738953,0.0037229301909671524,0.0037229301909671524,0.0037229301909671524,,,0.0005555897202683199,,,,,,
335,0,107,0.08983371830935812,152.05822161881235,0.006165901867310617,0.0807774919380799,0.01306986752873369,0.006695403675121672,0.008847664384976807,0.07461159007076927,0.0767638507806244,,,,,,0.002152260709855135,,,0.0002085619863014007,0.0002085619863014007,,
336,0,1844,0.3538204905327456,568.8501108870914,,0.10540748948442721,0.11866480986549181,0.017001109180560275,0.05012405822519238,0.10540748948442721,0.13847461695510963,0.09271227171079331,0.09271227171079331,0.09603277569983837,0.0033205039890450714,0.0033205039890450714,0.03247466103232629,0.0006482880123058095,0.0006482880123058095,0.10166370068493154,0.10225616712328765,,0.0005924664383561092
337,0,1848,0.467945801231337,745.44719808027,0.006165901867310617,0.20426115931883532,0.1329649618503113,0.02492679731176775,0.06195895940686479,0.19809525745152468,0.235071597972672,0.09594044940700279,0.09594044940700279,0.09926095339604785,0.0033205039890450714,0.0033205039890450714,0.036383874082791215,0.0006482880123058095,0.0006482880123058095,0.10187226267123294,0.10246472910958905,,0.0005924664383561092
338,0,108,0.06495822843160905,117.10488365939891,0.002895442515234309,0.05725735663773443,0.00992219759671769,0.007026755081483379,0.007670542039264891,0.05436191412250012,0.05500570108028163,,,3.0329754609718344e-05,3.0329754609718344e-05,3.0329754609718344e-05,0.0006437869577815109,,,,,,
340,0,459,0.0030602623068652066,5.419343684063717,,0.0030602623068652066,,,,0.0030602623068652066,0.0030602623068652066,,,,,,,,,,,,
341,0,109,0.042179006571363344,66.02464278391093,0.004210270065634818,0.025991017474914016,0.017894950198454888,0.006339473625970763,0.00814630437374468,0.021780747409279197,0.023587578157053115,,,0.0006964782158553478,0.0006964782158553478,0.0006964782158553478,0.0018068307477739178,,,0.007345206506849306,0.007345206506849306,,
342,0,664,0.05903559289492958,85.50788333689738,0.007105712580869127,0.04801797099398787,0.015138200543231051,0.0006872814555126164,0.002945607423627334,0.04091225841311874,0.04317058438123346,,,0.000726807970465066,0.000726807970465066,0.000726807970465066,0.0022583259681147176,,,0.007345206506849306,0.007345206506849306,,
344,0,921,0.042179006571363344,66.02464278391093,0.004210270065634818,0.025991017474914016,0.017894950198454888,0.006339473625970763,0.00814630437374468,0.021780747409279197,0.023587578157053115,,,0.0006964782158553478,0.0006964782158553478,0.0006964782158553478,0.0018068307477739178,,,0.007345206506849306,0.007345206506849306,,
345,0,110,0.07988268533207106,117.79790086834447,,0.07735158974440236,6.852739726060102e-07,,0.0025304103136961067,0.07735158974440236,0.07988200005809847,,,,,,0.0025304103136961067,,,6.852739726060102e-07,6.852739726060102e-07,,
347,0,399,0.26803149589986636,423.2325426276092,0.004000477140896948,0.22331723110846097,0.006077913229399661,0.0020404460200095383,0.026837358212289657,0.21931675396756403,0.24414991476722367,0.017731353839389594,0.017731353839389594,0.017731353839389594,,,0.024744803950344414,5.2108241935700365e-05,7.231406385352322e-05,3.699006849317404e-05,0.00014555273972621802,2.0205821917822858e-05,8.835684931522112e-05
348,0,1290,0.18814881056779523,305.43464175926465,0.004000477140896948,0.14596564136405854,0.0060772279554270545,0.0020404460200095383,0.024306947898593546,0.1419651642231616,0.16426791470912508,0.017731353839389594,0.017731353839389594,0.017731353839389594,,,0.02221439363664831,5.2108241935700365e-05,7.231406385352322e-05,3.6304794520568034e-05,0.00014486746575361202,2.0205821917822858e-05,8.835684931522112e-05
349,0,1062,0.07216577437784115,113.34546788610756,0.006006684846035556,0.05340595592091741,0.006006684846035556,,0.005180091123853941,0.04739927107488185,0.052579362198735796,0.013579727333069828,0.013579727333069828,0.013579727333069828,,,0.005180091123853941,,,,,,
350,0,1218,0.07110954138276869,89.57827140462129,0.0027853105744765987,0.022316391093608,0.018383256122421806,,0.01556777881048144,0.019531080519131404,0.03509885932961285,0.017627425930734034,0.017627425930734034,0.017627425930734034,,,0.01556777881048144,,,0.015597945547945207,0.015597945547945207,,
351,0,1549,0.029757939355704133,44.95879201545252,0.0032213742715589567,0.02675000139616158,0.005972744477038412,,0.0002565677540630954,0.023528627124602627,0.023785194878665723,,,,,,0.0002565677540630954,,,0.002751370205479455,0.002751370205479455,,
353,0,561,0.20455044774761763,300.29382381813946,0.0027853105744765987,0.12168096815032886,0.01998231946167474,3.50191611707222e-05,0.033974540265530255,0.11889565757585226,0.15287625851532038,0.03162438693449813,0.03162438693449813,0.03162438693449813,,,0.03389224409015297,4.7277014206562584e-05,6.748283612438544e-05,0.01716198972602742,0.017270552397260466,2.0205821917822858e-05,8.835684931522112e-05
354,0,562,0.20742309734975276,305.38092875124767,0.0027853105744765987,0.124553617752464,0.01998231946167474,3.50191611707222e-05,0.033974540265530255,0.1217683071779874,0.1557489081174555,0.03162438693449813,0.03162438693449813,0.03162438693449813,,,0.03389224409015297,4.7277014206562584e-05,6.748283612438544e-05,0.01716198972602742,0.017270552397260466,2.0205821917822858e-05,8.835684931522112e-05
355,0,563,0.002872649602135132,5.087104933108234,,0.002872649602135132,,,,0.002872649602135132,0.002872649602135132,,,,,,,,,,,,
357,0,113,0.04702407681603139,35.8196994967841,0.002784634672253059,0.02721583484248838,0.002784634672253059,,0.016905846001992214,0.02443120017023532,0.04133704617222753,0.002902395971550807,0.002902395971550807,0.002902395971550807,,,0.016905846001992214,,,,,,
358,0,136,0.042337610577786976,27.52210154273447,0.002784634672253059,0.0225305021028646,0.002784634672253059,,0.016904712503371572,0.01974586743061154,0.03665057993398311,0.002902395971550807,0.002902395971550807,0.002902395971550807,,,0.016904712503371572,,,,,,
360,0,487,0.5302149315822807,854.5313078736684,0.0061129835111242686,0.27477532928384096,0.00935262254687955,0.003239639035755282,0.23730754402282236,0.2686623457727167,0.5027291136678324,0.01813205827561744,0.01813205827561744,0.01813205827561744,,,0.23406676789511557,1.1370919514942992e-06,1.1370919514942992e-06,,,,
361,0,513,0.39018319005237656,687.0053015794574,,0.17383903190986738,0.001972166258719367,0.001972166258719367,0.20394722620013236,0.17383903190986738,0.37581409185128045,0.012396931942376739,0.012396931942376739,0.012396931942376739,,,0.201975059941413,,,,,,
362,0,866,0.02782661285596906,37.7575633185868,,0.02367857835340087,0.000906649071679465,0.000906649071679465,0.004148034502568197,0.02367857835340087,0.026918826692338103,,,,,,0.0032402483389372383,1.1370919514942992e-06,1.1370919514942992e-06,,,,
363,0,114,0.10341530799906702,173.9209509501563,,0.09802906367022045,0.0001579224635955514,1.7580800339075308e-06,0.0008556139741703237,0.09802906367022045,0.09895504087542924,0.0042840550122105,0.0042840550122105,0.0042840550122105,,,0.0008355662463046803,1.8289647831735885e-05,1.8289647831735885e-05,0.00015616438356164385,0.0002465753424657534,,9.04109589041096e-05
364,0,117,0.09764237488922357,3382.6178418819427,,0.049767281476153995,0.0001579224635955514,1.7580800339075308e-06,0.0008373243263385878,0.049767281476153995,0.050693258681362784,0.010825782442895365,0.010825782442895365,0.010825782442895365,,,0.0008355662463046803,,0.035965411301369876,0.00015616438356164385,0.036211986643835625,0.035965411301369876,9.04109589041096e-05
365,0,718,0.022990260232768497,40.71288964607145,,0.022990260232768497,,,,0.022990260232768497,0.022990260232768497,,,,,,,,,,,,
366,0,115,0.07018897018852029,112.01837794821033,,0.06890376721049334,0.0001579224635955514,1.7580800339075308e-06,0.0010386276355611862,0.06890376721049334,0.07001275807709299,,,,,,0.0010185799076955428,1.8289647831735885e-05,1.8289647831735885e-05,0.00015616438356164385,0.0002465753424657534,,9.04109589041096e-05
367,0,1331,0.05064675269672164,89.68909584305285,,0.05046373903533078,,,0.00018301366139086256,0.05046373903533078,0.05064675269672164,,,,,,0.00018301366139086256,,,,,,
368,0,118,0.15325138123128856,166.47278314049004,,0.08851110753792366,0.05323096898264117,0.05307480459907953,0.05395715271556513,0.08851110753792366,0.08946557696548163,0.0028147439678712595,0.0028147439678712595,0.01053654563533403,0.007721801667462771,0.007721801667462771,0.0008640584686538626,1.8289647831735885e-05,1.8289647831735885e-05,0.00015616438356164385,0.0002465753424657534,,9.04109589041096e-05
369,0,676,0.00552233917835916,9.779375408559227,,0.00552233917835916,,,,0.00552233917835916,0.00552233917835916,,,,,,,,,,,,
370,0,116,0.08261221944964928,132.6632854674435,,0.08154164212678473,0.0001579224635955514,1.7580800339075308e-06,0.0008240019803987872,0.08154164212678473,0.08245429698605372,,,,,,0.0008222439003648796,,,0.00015616438356164385,0.0002465753424657534,,9.04109589041096e-05
371,0,1860,0.13396664260109087,224.8737223814294,,0.11927027415867224,0.00017413953457130177,1.7975151009657913e-05,0.0008402190513745376,0.11927027415867224,0.12025964168917436,0.013532861377345216,0.013532861377345216,0.013532861377345216,,,0.0008222439003648796,,,0.00015616438356164385,0.00032328801369887686,,0.000167123630137233
372,0,1861,0.08103449211921143,138.54250544739466,,0.062439230183149536,1.6217070975750384e-05,1.6217070975750384e-05,1.6217070975750384e-05,0.062439230183149536,0.06252142230643745,0.018496852741798218,0.018496852741798218,0.018496852741798218,,,,,,,8.219212328791792e-05,,8.219212328791792e-05
373,0,503,2.1292664651559643,4020.95019044092,,0.02735066951999743,1.6979987674966084,4.260311304643526e-05,4.260311304643526e-05,0.02735066951999743,0.02735066951999743,0.04307310659429525,0.04307310659429525,0.36795161683798877,0.3248785102436935,0.3248785102436935,,,0.035965411301369876,1.697956164383562,1.7339215756849318,0.035965411301369876,
374,0,504,2.1017774606755237,748.8837241360171,,0.046695461896868524,1.697956164383562,,,0.046695461896868524,0.046695461896868524,0.032247324151399887,0.032247324151399887,0.35712583439509343,0.3248785102436935,0.3248785102436935,,,,1.697956164383562,1.697956164383562,,
375,0,119,0.14985408813295356,163.29082863240248,,0.0956503600749227,0.05323096898264117,0.05307480459907953,0.05395715271556513,0.0956503600749227,0.09660482950248067,,,,,,0.0008640584686538626,1.8289647831735885e-05,1.8289647831735885e-05,0.00015616438356164385,0.0002465753424657534,,9.04109589041096e-05
376,0,208,0.01922020420547339,31.202360856787195,,0.00868365857013936,,,,0.00868365857013936,0.00868365857013936,0.0028147439678712595,0.0028147439678712595,0.01053654563533403,0.007721801667462771,0.007721801667462771,,,,,,,
377,0,120,0.1711606357175793,222.3365598344292,,0.1295534259661572,0.0406344506760324,0.04047828629247076,0.041360634408956355,0.1295534259661572,0.13050789539371518,,,,,,0.0008640584686538626,1.8289647831735885e-05,1.8289647831735885e-05,0.00015616438356164385,0.0002465753424657534,,9.04109589041096e-05
378,0,207,0.016062368465487063,7.1299684176353875,,0.003465850158878291,0.012596518306608772,0.012596518306608772,0.012596518306608772,0.003465850158878291,0.003465850158878291,,,,,,,,,,,,
379,0,217,0.17122084344889982,247.037532383581,,0.04329621241108979,0.03161847906605333,0.03161847906605333,0.12771882955758487,0.04329621241108979,0.13934928588841478,,,0.00020580148022514977,0.00020580148022514977,0.00020580148022514977,0.09605307347732497,4.7277014206562584e-05,4.7277014206562584e-05,,,,
380,0,258,0.1449647851891028,193.7751378046083,,0.10415541356774449,0.0406344506760324,0.04047828629247076,0.040562796278892616,0.10415541356774449,0.10426476785103216,,,,,,1.894332438355445e-05,6.556666203829847e-05,6.556666203829847e-05,0.00015616438356164385,0.0002465753424657534,,9.04109589041096e-05
381,0,814,0.19741669397737632,275.59895441340205,,0.06869422480950252,0.03161847906605333,0.03161847906605333,0.12851666768764863,0.06869422480950252,0.16559241343109785,,,0.00020580148022514977,0.00020580148022514977,0.00020580148022514977,0.09689818862159529,,,,,,
382,0,121,0.023959411876197177,40.44212276760925,,0.017091789303380442,0.00015616438356164385,,,0.017091789303380442,0.017091789303380442,0.006711458189255087,0.006711458189255087,0.006711458189255087,,,,,,0.00015616438356164385,0.00015616438356164385,,
383,0,570,0.023959411876197177,40.44212276760925,,0.017091789303380442,0.00015616438356164385,,,0.017091789303380442,0.017091789303380442,0.006711458189255087,0.006711458189255087,0.006711458189255087,,,,,,0.00015616438356164385,0.00015616438356164385,,
385,0,122,0.0050419781469246685,8.928715804663545,,0.0050419781469246685,,,,0.0050419781469246685,0.0050419781469246685,,,,,,,,,,,,
386,0,1156,0.0050419781469246685,8.928715804663545,,0.0050419781469246685,,,,0.0050419781469246685,0.0050419781469246685,,,,,,,,,,,,
387,0,1157,0.023959411876197177,40.44212276760925,,0.017091789303380442,0.00015616438356164385,,,0.017091789303380442,0.017091789303380442,0.006711458189255087,0.006711458189255087,0.006711458189255087,,,,,,0.00015616438356164385,0.00015616438356164385,,
389,0,1159,0.002818543910227309,4.233129463203905,,,,,,,,0.002818543910227309,0.002818543910227309,0.002818543910227309,,,,,,,,,
390,0,1011,2.3751553136519936,4485.698591024956,,0.10210844113473543,1.7995561643835618,,0.0042139603045691434,0.10210844113473543,0.10521902807718846,0.08771508272265824,0.08771508272265824,0.4319760618702228,0.3442609791475646,0.3442609791475646,0.0030283948191651014,0.0011855654854040425,0.038404059321020506,1.7995561643835618,1.836856850342466,0.03721849383561646,8.219212328791792e-05
391,0,1779,2.3067895707935526,4250.703608512338,,0.03064386161002993,1.7995561643835618,,0.002402373003567499,0.03064386161002993,0.031942861251481304,0.09387858922417094,0.09387858922417094,0.43813956837173557,0.3442609791475646,0.3442609791475646,0.0012168075181634565,0.0011855654854040425,0.03715097678677392,1.7995561643835618,1.8356037678082195,0.035965411301369876,8.219212328791792e-05
392,0,124,2.334865063075819,4172.571913124918,,0.028396722734809067,1.80913698630137,,,0.028396722734809067,0.028478914858096983,0.117022771467418,0.117022771467418,0.4612837506149826,0.3442609791475646,0.3442609791475646,,,0.035965411301369876,1.80913698630137,1.8451845897260277,0.035965411301369876,8.219212328791792e-05
393,0,125,2.3458685028911592,4192.057635617551,,0.039400162550149526,1.80913698630137,,,0.039400162550149526,0.03948235467343744,0.117022771467418,0.117022771467418,0.4612837506149826,0.3442609791475646,0.3442609791475646,,,0.035965411301369876,1.80913698630137,1.8451845897260277,0.035965411301369876,8.219212328791792e-05
394,0,262,0.011003439815340453,19.48572249263307,,0.011003439815340453,,,,0.011003439815340453,0.011003439815340453,,,,,,,,,,,,
396,0,2039,2.334865063075819,4172.571913124918,,0.028396722734809067,1.80913698630137,,,0.028396722734809067,0.028478914858096983,0.117022771467418,0.117022771467418,0.4612837506149826,0.3442609791475646,0.3442609791475646,,,0.035965411301369876,1.80913698630137,1.8451845897260277,0.035965411301369876,8.219212328791792e-05
397,0,127,2.3458685028911592,4192.057635617551,,0.039400162550149526,1.80913698630137,,,0.039400162550149526,0.03948235467343744,0.117022771467418,0.117022771467418,0.4612837506149826,0.3442609791475646,0.3442609791475646,,,0.035965411301369876,1.80913698630137,1.8451845897260277,0.035965411301369876,8.219212328791792e-05
399,0,126,2.348810534375744,4166.52102408975,,0.028457524462943733,1.8118050716475063,0.002668085346136188,0.011117551548114519,0.028457524462943733,0.03698918278820998,0.11978988949109344,0.11978988949109344,0.464050868638658,0.3442609791475646,0.3442609791475646,0.00844946620197833,,0.035965411301369876,1.80913698630137,1.8451845897260277,0.035965411301369876,8.219212328791792e-05
401,0,1706,2.3346288420197987,4155.937730873077,,0.02405406395119944,1.8099673091425437,0.0008303228411737272,0.0008303228411737272,0.02405406395119944,0.024136256074487356,0.11978988949109344,0.11978988949109344,0.4645598655013978,0.34476997601030435,0.34476997601030435,,,0.035965411301369876,1.80913698630137,1.8451845897260277,0.035965411301369876,8.219212328791792e-05
402,0,1778,2.352253611828978,4179.434744418339,,0.031124118502367747,1.8118050716475063,0.002668085346136188,0.011894034961925218,0.031124118502367747,0.040432260241444695,0.11978988949109344,0.11978988949109344,0.464050868638658,0.3442609791475646,0.3442609791475646,0.00922594961578903,,0.035965411301369876,1.80913698630137,1.8451845897260277,0.035965411301369876,8.219212328791792e-05
403,0,2100,0.002916732772287806,5.152601142615137,,0.002907543752531788,,,9.189019756018473e-06,0.002907543752531788,0.002916732772287806,,,,,,9.189019756018473e-06,,,,,,
404,0,129,2.340918518413462,4183.291829152125,,0.0344501780724524,1.80913698630137,,,0.0344501780724524,0.03453237019574032,0.117022771467418,0.117022771467418,0.4612837506149826,0.3442609791475646,0.3442609791475646,,,0.035965411301369876,1.80913698630137,1.8451845897260277,0.035965411301369876,8.219212328791792e-05
406,0,1333,0.00494998447769712,8.765806465426918,,0.00494998447769712,,,,0.00494998447769712,0.00494998447769712,,,,,,,,,,,,
407,0,128,2.343685636437138,4187.447722835979,,0.0344501780724524,1.80913698630137,,,0.0344501780724524,0.03453237019574032,0.11978988949109344,0.11978988949109344,0.464050868638658,0.3442609791475646,0.3442609791475646,,,0.035965411301369876,1.80913698630137,1.8451845897260277,0.035965411301369876,8.219212328791792e-05
409,0,2084,2.340650298523413,4182.072517150231,,0.03141484015872767,1.80913698630137,,,0.03141484015872767,0.031497032282015586,0.11978988949109344,0.11978988949109344,0.464050868638658,0.3442609791475646,0.3442609791475646,,,0.035965411301369876,1.80913698630137,1.8451845897260277,0.035965411301369876,8.219212328791792e-05
410,0,260,0.0027671180236754356,4.155893683855497,,,,,,,,0.0027671180236754356,0.0027671180236754356,0.0027671180236754356,,,,,,,,,
411,0,130,0.019398881766619115,34.353005343360806,,0.019398881766619115,,,,0.019398881766619115,0.019398881766619115,,,,,,,,,,,,
412,0,131,0.012460934010308351,21.134700902038382,,0.008995893240571777,,,,0.008995893240571777,0.008995893240571777,0.0034650407697365752,0.0034650407697365752,0.0034650407697365752,,,,,,,,,
413,0,1538,0.028522569168383846,50.50992025395681,,0.028522569168383846,,,,0.028522569168383846,0.028522569168383846,,,,,,,,,,,,
414,0,460,0.09043561678082217,160.15022225908248,,,,,,,0.09043561678082217,,,,,,,,,,0.09043561678082217,,0.09043561678082217
415,0,1095,1.275446509169782,1941.915398405623,,0.0795827327890554,0.2871438256966421,0.011704092477463898,0.057885037826530636,0.0795827327890554,0.3666931312203142,0.5094369809983428,0.5094369809983428,0.6216085245130993,0.11217154351475665,0.11217154351475665,0.046180945349066735,,1.0277397260420364e-06,0.2754397332191782,0.5163702140410964,1.0277397260420364e-06,0.24092945308219219
416,0,1096,1.1758529898930752,1761.5868302634574,,0.07596489291880154,0.2871438256966421,0.011704092477463898,0.057885037826530636,0.07596489291880154,0.27263967456923827,0.5038969183727126,0.5038969183727126,0.6160684618874691,0.11217154351475665,0.11217154351475665,0.046180945349066735,,1.0277397260420364e-06,0.2754397332191782,0.4259345972602742,1.0277397260420364e-06,0.15049383630137003
417,0,133,0.0028730097506640224,4.314930904385718,,,,,,,,0.0028730097506640224,0.0028730097506640224,0.0028730097506640224,,,,,,,,,
418,0,1636,0.026915176326387336,45.95855335091282,,0.020577125805986737,,,,0.020577125805986737,0.020577125805986737,0.006338050520400597,0.006338050520400597,0.006338050520400597,,,,,,,,,
419,0,132,0.15341640771808493,271.6813648077156,,0.01283968783361645,,,0.1405767198844685,0.01283968783361645,0.15341640771808493,,,,,,0.1405767198844685,,,,,,
420,0,1658,0.15855581758364962,280.7826200603391,,0.017979097699181136,,,0.1405767198844685,0.017979097699181136,0.15855581758364962,,,,,,0.1405767198844685,,,,,,
421,0,1659,0.008012419616228707,13.416186157009236,,0.0051394098655646835,,,,0.0051394098655646835,0.0051394098655646835,0.0028730097506640224,0.0028730097506640224,0.0028730097506640224,,,,,,,,,
422,0,134,0.08875554582290676,134.16010107598277,,0.05314605690802961,1.8496575342491467e-05,,0.018533654915545667,0.05314605690802961,0.07671738545371254,0.011999457971933934,0.011999457971933934,0.011999457971933934,,,0.018533654915545667,,2.0205821917822858e-05,1.8496575342491467e-05,0.00507637602739759,2.0205821917822858e-05,0.005037673630137276
423,0,1211,0.06552973371878183,93.57499044884152,,0.04773157237635103,1.5756506849338348e-05,,0.017673842164348426,0.04773157237635103,0.06549377139001467,,,,,,0.017673842164348426,,2.0205821917822858e-05,1.5756506849338348e-05,0.00012431917808238232,2.0205821917822858e-05,8.835684931522112e-05
424,0,135,0.09693882471754388,148.65177779869362,,0.06132941493222211,1.8496575342491467e-05,,0.018533575785990294,0.06132941493222211,0.08490066434834968,0.011999457971933934,0.011999457971933934,0.011999457971933934,,,0.018533575785990294,,2.0205821917822858e-05,1.8496575342491467e-05,0.00507637602739759,2.0205821917822858e-05,0.005037673630137276
425,0,800,0.026561785994453878,41.62962647321966,,0.02260143969977718,,,0.003959661020704185,0.02260143969977718,0.026561785994453878,,,,,,0.003959661020704185,,,,6.852739725086756e-07,,6.852739725086756e-07
426,0,801,0.07504350035677407,116.52810490173233,,0.046636258590523505,1.8496575342491467e-05,,0.014237022307346416,0.046636258590523505,0.06591026925403469,0.009094528705479095,0.009094528705479095,0.009094528705479095,,,0.014237022307346416,,2.0205821917822858e-05,1.8496575342491467e-05,0.005075690753425081,2.0205821917822858e-05,0.005036988356164767
427,0,776,0.0033111666184116578,2.6237542071724267,0.002784634672253059,0.002784634672253059,0.002784634672253059,,0.0005265319461585987,,0.0005265319461585987,,,,,,0.0005265319461585987,,,,,,
428,0,1171,0.018094686007022083,10.481288871220835,,0.004004686322865845,,,0.01118760371260543,0.004004686322865845,0.015192290035471276,0.002902395971550807,0.002902395971550807,0.002902395971550807,,,0.01118760371260543,,,,,,
429,0,137,0.22289329291585389,355.6462744156431,0.025940227969024836,0.11515617734562883,0.08595902798207745,0.0060242791226416586,0.03331201213192489,0.08921594937660399,0.11644018625001853,0.020255212734687646,0.020255212734687646,0.02043058254788911,0.00017536981320146773,0.00017536981320146773,0.02722423687341455,6.349613586866798e-05,6.349613586866798e-05,0.05399452089041096,0.05399452089041096,,
430,0,147,0.18560645571945528,323.577782390298,0.011211739021648334,0.08564527607696659,0.07171480818388128,0.006508548271821979,0.029615638987395426,0.07443353705531827,0.09747713163502304,0.01625488675172886,0.01625488675172886,0.016351019764682274,9.613301295341462e-05,9.613301295341462e-05,0.02304359457970478,6.349613586866798e-05,6.349613586866798e-05,0.05399452089041096,0.05399452089041096,,
431,0,227,0.02815995034254513,20.528683789671355,0.010333223102901027,0.020810059801866843,0.010333223102901027,,0.0033495645577195036,0.010476836698965816,0.01382640125668532,0.004000325982958785,0.004000325982958785,0.004000325982958785,,,0.0033495645577195036,,,,,,
432,0,140,0.21028337820865928,337.7664685787671,0.025940227969024836,0.10254626263843425,0.08595902798207745,0.0060242791226416586,0.03331201213192489,0.0766060346694094,0.10383027154282394,0.020255212734687646,0.020255212734687646,0.02043058254788911,0.00017536981320146773,0.00017536981320146773,0.02722423687341455,6.349613586866798e-05,6.349613586866798e-05,0.05399452089041096,0.05399452089041096,,
433,0,1306,0.012609914707194584,17.879805836875992,,0.012609914707194584,,,,0.012609914707194584,0.012609914707194584,,,,,,,,,,,,
434,0,138,0.004070256315395389,7.143794219144183,,0.004009655100124885,6.060121527050382e-05,6.060121527050382e-05,6.060121527050382e-05,0.004009655100124885,0.004009655100124885,,,,,,,,,,,,
435,0,222,5.6604536672272205,1631.1867061794828,0.0029468170606165257,0.13939020359482088,4.837927526684564,1.5869557092814817,1.5967884655167035,0.13644338653420435,0.1462761427694262,0.030625337278129824,0.030625337278129824,0.6762499977732317,0.6456246604951018,0.6456246604951018,0.009832756235221826,,,3.2480250003424658,3.2480250003424658,,
436,0,2003,5.656383410911825,1624.0429119603386,0.0029468170606165257,0.135380548494696,4.837866925469293,1.5868951080662113,1.5967278643014329,0.13243373143407947,0.1422664876693013,0.030625337278129824,0.030625337278129824,0.6762499977732317,0.6456246604951018,0.6456246604951018,0.009832756235221826,,,3.2480250003424658,3.2480250003424658,,
437,0,139,0.21028337820865928,337.7664685787671,0.025940227969024836,0.10254626263843425,0.08595902798207745,0.0060242791226416586,0.03331201213192489,0.0766060346694094,0.10383027154282394,0.020255212734687646,0.020255212734687646,0.02043058254788911,0.00017536981320146773,0.00017536981320146773,0.02722423687341455,6.349613586866798e-05,6.349613586866798e-05,0.05399452089041096,0.05399452089041096,,
438,0,788,0.38943140799557546,555.6062915651398,0.04247580347772382,0.20641805007071126,0.11239528226156117,0.014823929468768857,0.04626449004071715,0.1639422465929875,0.19524205262969488,0.07895818213941164,0.07895818213941164,0.08165331856907851,0.002695136429666894,0.002695136429666894,0.03129980603670737,0.0001407545352409202,0.0001407545352409202,0.05509554931506849,0.05509554931506849,,
439,0,1123,0.18321828610231164,224.98361720551665,0.01653557550869898,0.10788144253240191,0.026496855494754216,0.008860251561397704,0.01301307912406277,0.09134586702370294,0.09542143618699576,0.05870296940472398,0.05870296940472398,0.0612227360211894,0.002519766616465426,0.002519766616465426,0.004075569163292816,7.725839937225223e-05,7.725839937225223e-05,0.001101028424657536,0.001101028424657536,,
441,0,141,0.2382211044162679,456.03370188244065,,0.1531988098435783,0.06079622185666945,0.006801700966258487,0.02498941856683894,0.1531988098435783,0.17132303130829013,0.006023415293319677,0.006023415293319677,0.0060383551154396895,1.4939822120012743e-05,1.4939822120012743e-05,0.018124221464711786,6.349613586866798e-05,6.349613586866798e-05,0.05399452089041096,0.05399452089041096,,
442,0,144,0.23989085422144407,460.4395833544101,,0.1607667619425934,0.06079622185666945,0.006801700966258487,0.025114631566319694,0.1607667619425934,0.17901619640678595,,,1.4939822120012743e-05,1.4939822120012743e-05,1.4939822120012743e-05,0.01824943446419254,6.349613586866798e-05,6.349613586866798e-05,0.05399452089041096,0.05399452089041096,,
443,0,1303,0.016141654494127453,27.62026029156424,,0.013067179567371277,,,0.00012521299948075427,0.013067179567371277,0.013192392566852031,0.002949261927275421,0.002949261927275421,0.002949261927275421,,,0.00012521299948075427,,,,,,
444,0,1152,0.07053699569101236,114.18931183188835,,0.06921480414977557,,,0.001322191541236794,0.06921480414977557,0.07053699569101236,,,,,,0.001322191541236794,,,,,,
445,0,1154,0.22537012731567896,434.3981590935969,,0.14148967191823497,0.06079622185666945,0.006801700966258487,0.02384757939159333,0.14148967191823497,0.15847205420770116,0.006023415293319677,0.006023415293319677,0.0060383551154396895,1.4939822120012743e-05,1.4939822120012743e-05,0.016982382289466177,6.349613586866798e-05,6.349613586866798e-05,0.05399452089041096,0.05399452089041096,,
447,0,142,0.16692332979099345,309.487673447142,0.006892919396118509,0.08155786675717985,0.06768914125278797,0.006801700966258487,0.027089933702890766,0.07466494736106134,0.09488968396182497,0.004266068618391864,0.004266068618391864,0.004281008440511877,1.4939822120012743e-05,1.4939822120012743e-05,0.020224736600763613,6.349613586866798e-05,6.349613586866798e-05,0.05399452089041096,0.05399452089041096,,
448,0,145,0.16692332979099345,309.487673447142,0.006892919396118509,0.08155786675717985,0.06768914125278797,0.006801700966258487,0.027089933702890766,0.07466494736106134,0.09488968396182497,0.004266068618391864,0.004266068618391864,0.004281008440511877,1.4939822120012743e-05,1.4939822120012743e-05,0.020224736600763613,6.349613586866798e-05,6.349613586866798e-05,0.05399452089041096,0.05399452089041096,,
450,0,143,0.17488064929945785,311.3258217531097,0.006892919396118509,0.08020614245593147,0.06768914125278797,0.006801700966258487,0.02910612814287287,0.07331322305981297,0.09555415410055869,0.011558917988122565,0.011558917988122565,0.011573857810242578,1.4939822120012743e-05,1.4939822120012743e-05,0.022240931040745714,6.349613586866798e-05,6.349613586866798e-05,0.05399452089041096,0.05399452089041096,,
452,0,146,0.1963505083478985,338.81316950392335,0.011211739021648334,0.09557270578348867,0.07171480818388128,0.006508548271821979,0.03043226190931655,0.08436096676184034,0.10822118426346625,0.01625488675172886,0.01625488675172886,0.016351019764682274,9.613301295341462e-05,9.613301295341462e-05,0.023860217501625907,6.349613586866798e-05,6.349613586866798e-05,0.05399452089041096,0.05399452089041096,,
454,0,2077,0.29675367552533805,536.4930596165796,,0.21330533081762607,0.06079622185666945,0.006801700966258487,0.029438198721208477,0.21330533081762607,0.2358790177106799,,,1.4939822120012743e-05,1.4939822120012743e-05,1.4939822120012743e-05,0.02257300161908132,6.349613586866798e-05,6.349613586866798e-05,0.05399452089041096,0.05399520616438347,,6.852739725086756e-07
455,0,2078,0.05584837186223807,84.92660432281328,,0.04932306032467985,,,0.0028277890101300997,0.04932306032467985,0.05215153460878246,0.0036968372534556104,0.0036968372534556104,0.0036968372534556104,,,0.0028277890101300997,,,,6.852739725086756e-07,,6.852739725086756e-07
456,0,462,0.24802063207566905,422.941788998479,,0.14934039291022336,,,0.09868023916544567,0.14934039291022336,0.24802063207566905,,,,,,0.09868023916544567,,,,,,
457,0,225,0.010744052628443208,15.235387113625308,,0.009927429706522082,,,0.0008166229219211258,0.009927429706522082,0.010744052628443208,,,,,,0.0008166229219211258,,,,,,
458,0,148,0.02354610685992672,29.76992685219541,,0.01378180862648826,,,0.0034229544296626186,0.01378180862648826,0.01720476305615088,0.006341343803775841,0.006341343803775841,0.006341343803775841,,,0.0034229544296626186,,,,,,
459,0,2079,0.023604911339157545,29.79362401360256,,0.01378180862648826,,,0.0034817589088934407,0.01378180862648826,0.0172635675353817,0.006341343803775841,0.006341343803775841,0.006341343803775841,,,0.0034817589088934407,,,,,,
460,0,2136,5.88044792308218e-05,0.023697161407150967,,,,,5.88044792308218e-05,,5.88044792308218e-05,,,,,,5.88044792308218e-05,,,,,,
461,0,149,0.02003606449086624,28.355442077335475,,0.00973229576517654,,,0.003962424921913859,0.00973229576517654,0.013694720687090399,0.006341343803775841,0.006341343803775841,0.006341343803775841,,,0.003962424921913859,,,,,,
463,0,150,0.014853630142922371,20.53923609402984,,0.005544997717577768,,,0.0029672886215687615,0.005544997717577768,0.00851228633914653,0.006341343803775841,0.006341343803775841,0.006341343803775841,,,0.0029672886215687615,,,,,,
464,0,1525,0.0009781399793432845,0.3941730506327824,,,,,0.0009781399793432845,,0.0009781399793432845,,,,,,0.0009781399793432845,,,,,,
465,0,151,0.014853630142922371,20.53923609402984,,0.005544997717577768,,,0.0029672886215687615,0.005544997717577768,0.00851228633914653,0.006341343803775841,0.006341343803775841,0.006341343803775841,,,0.0029672886215687615,,,,,,
467,0,152,0.028227215723028762,25.928553714549118,,0.021862768820381313,,,2.310309887160795e-05,0.021862768820381313,0.02188587191925292,0.006341343803775841,0.006341343803775841,0.006341343803775841,,,2.310309887160795e-05,,,,,,
468,0,1169,0.019308162823243918,7.780846916473379,,0.016317771102803545,,,0.0029903917204403695,0.016317771102803545,0.019308162823243918,,,,,,0.0029903917204403695,,,,,,
469,0,2040,0.028227215723028762,25.928553714549118,,0.021862768820381313,,,2.310309887160795e-05,0.021862768820381313,0.02188587191925292,0.006341343803775841,0.006341343803775841,0.006341343803775841,,,2.310309887160795e-05,,,,,,
471,0,153,0.03200971585325838,34.36425335998786,,0.03200971585325838,,,,0.03200971585325838,0.03200971585325838,,,,,,,,,,,,
472,0,916,0.03199521723078177,43.201131327120024,0.0027496014855327242,0.016619383810752418,0.0027496014855327242,,,0.013869782325219696,0.013869782325219696,0.01537583342002935,0.01537583342002935,0.01537583342002935,,,,,,,,,
473,0,917,0.07912262020017186,100.49807627296104,0.0027496014855327242,0.06374678678014249,0.0027496014855327242,,,0.06099718529460976,0.06099718529460976,0.01537583342002935,0.01537583342002935,0.01537583342002935,,,,,,,,,
474,0,1666,0.015117687116131696,22.93269158585317,,0.015117687116131696,,,,0.015117687116131696,0.015117687116131696,,,,,,,,,,,,
475,0,1430,0.03904519228063619,46.82320652081849,,0.03904519228063619,,,,0.03904519228063619,0.03904519228063619,,,,,,,,,,,,
476,0,1432,0.010718170736094096,14.05286451996461,,0.006383663540632354,,,0.0004015668569502393,0.006383663540632354,0.006785230397582593,0.003932940338511502,0.003932940338511502,0.003932940338511502,,,0.0004015668569502393,,,,,,
477,0,154,0.00662516917242814,6.904332689777205,,0.0027717742939032787,,,,0.0027717742939032787,0.0027717742939032787,0.0038533948785248605,0.0038533948785248605,0.0038533948785248605,,,,,,,,,
478,0,640,0.034020645128676856,57.044984766866094,,,3.869897260273969e-05,,0.03398194615607412,,0.03398194615607412,,,,,,0.03398194615607412,,,3.869897260273969e-05,3.869897260273969e-05,,
479,0,155,0.00662516917242814,6.904332689777205,,0.0027717742939032787,,,,0.0027717742939032787,0.0027717742939032787,0.0038533948785248605,0.0038533948785248605,0.0038533948785248605,,,,,,,,,
482,0,1000,0.006893180801084949,12.206965315903037,,0.006893180801084949,,,,0.006893180801084949,0.006893180801084949,,,,,,,,,,,,
483,0,1126,0.15825786372865716,182.04725854757444,0.01653557550869898,0.08975146022986276,0.02558117600429262,0.008386695701073083,0.012459929770666645,0.07321588472116379,0.07728911879075735,0.05307322813949106,0.05307322813949106,0.05538756893360723,0.0023143407941161737,0.0023143407941161737,0.00407323406959356,,,0.0006589047945205545,0.0006589047945205545,,
484,0,1557,0.8211453909006662,1215.0205692108532,0.008714085470005302,0.06533886121529685,0.008718617345566287,4.531875560985066e-06,0.0045078251630706265,0.05662477574529154,0.06112806903280118,0.10304582349339579,0.10304582349339579,0.7512987045222989,0.6482528810289031,0.6482528810289031,0.004503293287509641,,,,,,
485,0,1568,5.125886865488986,897.7624886817422,0.00904688421866753,0.20378073699745944,4.898053981669161,1.5858865477929593,1.6123809670139804,0.1947338527787919,0.22108751746457206,0.0065376959241456485,0.0065376959241456485,0.006604611820011244,6.691589586559576e-05,6.691589586559576e-05,0.026353664685780147,0.0001407545352409202,0.0001407545352409202,3.303120549657534,3.303120549657534,,
486,0,1668,5.947032256389651,2112.783057892594,0.017760969688672832,0.26911959821275633,4.906772599014728,1.5858910796685204,1.6168887921770507,0.25135862852408347,0.2822155864973732,0.10958351941754145,0.10958351941754145,0.7579033163423101,0.6483197969247687,0.6483197969247687,0.03085695797328979,0.0001407545352409202,0.0001407545352409202,3.303120549657534,3.303120549657534,,
488,0,2006,0.044009025282588314,20.758670353504744,0.02067896590802278,0.029798111489875878,0.03488987970073521,0.01421091379271244,0.01421091379271244,0.009119145581853103,0.009119145581853103,,,,,,,,,,,,
489,0,1556,0.8211453909006662,1215.0205692108532,0.008714085470005302,0.06533886121529685,0.008718617345566287,4.531875560985066e-06,0.0045078251630706265,0.05662477574529154,0.06112806903280118,0.10304582349339579,0.10304582349339579,0.7512987045222989,0.6482528810289031,0.6482528810289031,0.004503293287509641,,,,,,
490,0,161,0.011476316083519325,20.276401410969278,,0.011446640842456425,2.9675241062899446e-05,2.9675241062899446e-05,2.9675241062899446e-05,0.011446640842456425,0.011446640842456425,,,,,,,,,,,,
493,0,2036,0.6737223186826473,482.741957862964,,0.1521075035001336,0.37584149521475296,0.3289408075435201,0.3341249339678951,0.1521075035001336,0.15731099476931956,0.07101178063450629,0.07101178063450629,0.1405042620365363,0.06949248140203002,0.06949248140203002,0.0051185597623366625,6.556666203829847e-05,6.556666203829847e-05,0.046900687671232864,0.04698561917808218,,8.493150684931507e-05
494,0,2037,0.6725199295949129,479.66846440501723,,0.14725087220401714,0.37581181997369006,0.3289111323024572,0.3340952587268322,0.14725087220401714,0.1524543634732031,0.07469569808395132,0.07469569808395132,0.14418817948598134,0.06949248140203002,0.06949248140203002,0.0051185597623366625,6.556666203829847e-05,6.556666203829847e-05,0.046900687671232864,0.04698561917808218,,8.493150684931507e-05
495,0,162,0.004112656605215312,7.283003011930451,,0.0037377526295015876,,,0.00037490397571372444,0.0037377526295015876,0.004112656605215312,,,,,,0.00037490397571372444,,,,,,
496,0,846,0.012916484487380094,9.011137334361676,,0.0037377526295015876,0.008803827882164782,0.008803827882164782,0.009178731857878507,0.0037377526295015876,0.004112656605215312,,,,,,0.00037490397571372444,,,,,,
497,0,847,0.008803827882164782,1.7281343224312244,,,0.008803827882164782,0.008803827882164782,0.008803827882164782,,,,,,,,,,,,,,
499,0,163,0.004112656605215312,7.283003011930451,,0.0037377526295015876,,,0.00037490397571372444,0.0037377526295015876,0.004112656605215312,,,,,,0.00037490397571372444,,,,,,
501,0,1172,0.05387202827319761,82.15627982692612,,0.024999635592043715,,,,0.024999635592043715,0.024999635592043715,0.0288723926811539,0.0288723926811539,0.0288723926811539,,,,,,,,,
502,0,1176,0.061977440922478096,96.50995687907535,,0.033105048241324195,,,,0.033105048241324195,0.033105048241324195,0.0288723926811539,0.0288723926811539,0.0288723926811539,,,,,,,,,
503,0,164,0.028336337399763906,45.40827778946815,,0.013565667430180655,0.0005803177942153385,1.5591424352325e-05,1.5591424352325e-05,0.013565667430180655,0.013565667430180655,0.013456225553540828,0.013456225553540828,0.014190352175367911,0.000734126621827083,0.000734126621827083,,,,0.0005647263698630135,0.0005647263698630135,,
504,0,165,0.028336337399763906,45.40827778946815,,0.013565667430180655,0.0005803177942153385,1.5591424352325e-05,1.5591424352325e-05,0.013565667430180655,0.013565667430180655,0.013456225553540828,0.013456225553540828,0.014190352175367911,0.000734126621827083,0.000734126621827083,,,,0.0005647263698630135,0.0005647263698630135,,
505,0,1626,0.0033475725841571567,5.928134428280568,,0.0033475725841571567,,,,0.0033475725841571567,0.0033475725841571567,,,,,,,,,,,,
506,0,1628,0.0033475725841571567,5.928134428280568,,0.0033475725841571567,,,,0.0033475725841571567,0.0033475725841571567,,,,,,,,,,,,
507,0,250,0.13844341757928139,128.2245285398839,,0.006114633393533575,0.08313459041095891,,,0.006114633393533575,0.006114633393533575,0.03652791803289788,0.03652791803289788,0.0491941937747889,0.012666275741891019,0.012666275741891019,,,,0.08313459041095891,0.08313459041095891,,
508,0,251,0.16408329639952368,167.93825783885092,,0.013565667430180655,0.08371490820517426,1.5591424352325e-05,1.5591424352325e-05,0.013565667430180655,0.013565667430180655,0.05340231840045067,0.05340231840045067,0.06680272076416877,0.013400402363718103,0.013400402363718103,,,,0.08369931678082193,0.08369931678082193,,
509,0,166,0.017144322823405736,29.397838390591993,,0.013565667430180655,,,,0.013565667430180655,0.013565667430180655,0.0035786553932250806,0.0035786553932250806,0.0035786553932250806,,,,,,,,,
510,0,1799,0.0651929452375847,86.16580910388151,0.007171729837397594,0.05163122849914622,0.008942646079255935,6.748952952957481e-05,0.0045707828170392165,0.04445949866174863,0.04896279194925827,0.006553380587243417,0.006553380587243417,0.0072875072090705,0.000734126621827083,0.000734126621827083,0.004503293287509641,,,0.0017034267123287657,0.0017034267123287657,,
511,0,1800,0.051326951695471044,64.60725621217897,0.007171729837397594,0.04568472146661472,0.008310666778744286,2.3659888093755115e-07,0.004503529886390579,0.038512991629217126,0.043016284916726766,,,,,,0.004503293287509641,,,0.0011387003424657525,0.0011387003424657525,,
512,0,169,0.017144322823405736,29.397838390591993,,0.013565667430180655,,,,0.013565667430180655,0.013565667430180655,0.0035786553932250806,0.0035786553932250806,0.0035786553932250806,,,,,,,,,
515,0,1836,0.032080749795758604,15.614084766101318,0.01606023649152664,0.01972457545395994,0.028416410833325304,0.01235617434179867,0.01235617434179867,0.0036643389624332976,0.0036643389624332976,,,,,,,,,,,,
516,0,168,0.017144322823405736,29.397838390591993,,0.013565667430180655,,,,0.013565667430180655,0.013565667430180655,0.0035786553932250806,0.0035786553932250806,0.0035786553932250806,,,,,,,,,
517,0,666,0.017144322823405736,29.397838390591993,,0.013565667430180655,,,,0.013565667430180655,0.013565667430180655,0.0035786553932250806,0.0035786553932250806,0.0035786553932250806,,,,,,,,,
522,0,1603,0.005946507032531503,10.53052388898032,,0.005946507032531503,,,,0.005946507032531503,0.005946507032531503,,,,,,,,,,,,
524,0,892,0.7593511093733682,585.7524080465341,0.009915623040110072,0.21491818788559205,0.4126426390095764,0.36412495912015125,0.37033569180985754,0.205002564845482,0.21123814183205403,0.06685021391237148,0.06685021391237148,0.1354047618696994,0.06855454795732792,0.06855454795732792,0.006145166027667973,6.556666203829847e-05,6.556666203829847e-05,0.03860205684931506,0.038692467808219166,,9.04109589041096e-05
525,0,1233,0.7593511093733682,585.7524080465341,0.009915623040110072,0.21491818788559205,0.4126426390095764,0.36412495912015125,0.37033569180985754,0.205002564845482,0.21123814183205403,0.06685021391237148,0.06685021391237148,0.1354047618696994,0.06855454795732792,0.06855454795732792,0.006145166027667973,6.556666203829847e-05,6.556666203829847e-05,0.03860205684931506,0.038692467808219166,,9.04109589041096e-05
527,0,172,0.01748899586254991,9.291641468682842,0.01748899586254991,0.01748899586254991,0.01748899586254991,,,,,,,,,,,,,,,,
528,0,1602,0.023435502895081416,19.822165357663163,0.01748899586254991,0.023435502895081416,0.01748899586254991,,,0.005946507032531503,0.005946507032531503,,,,,,,,,,,,
529,0,674,0.054505415936458836,69.49403354338963,0.03314599128776938,0.04894941605117977,0.03870199117304844,0.005555999885279065,0.005555999885279065,0.015803424763410387,0.015803424763410387,,,,,,,,,,,,
530,0,1591,0.03701642007390892,60.20239207470679,0.01565699542521947,0.03146042018862986,0.021212995310498535,0.005555999885279065,0.005555999885279065,0.015803424763410387,0.015803424763410387,,,,,,,,,,,,
535,0,1673,0.09363389597661152,140.3395631406614,,0.05076229319740094,0.0025173225252355103,0.0025173225252355103,0.041942098013300316,0.05076229319740094,0.09018706868546575,,,0.0009295047659102531,0.0009295047659102531,0.0009295047659102531,0.039424775488064806,,,,,,
536,0,1674,0.09363389597661152,140.3395631406614,,0.05076229319740094,0.0025173225252355103,0.0025173225252355103,0.041942098013300316,0.05076229319740094,0.09018706868546575,,,0.0009295047659102531,0.0009295047659102531,0.0009295047659102531,0.039424775488064806,,,,,,
537,0,174,0.00012890350114414892,0.02530292136447141,,,0.00012890350114414892,0.00012890350114414892,0.00012890350114414892,,,,,,,,,,,,,,
538,0,175,0.00012890350114414892,0.02530292136447141,,,0.00012890350114414892,0.00012890350114414892,0.00012890350114414892,,,,,,,,,,,,,,
540,0,1829,0.04425946218285388,20.966502491716753,0.02067896590802278,0.029798111489875878,0.035018783201879365,0.01433981729385659,0.01433981729385659,0.009119145581853103,0.009119145581853103,,,0.0001215333991214166,0.0001215333991214166,0.0001215333991214166,,,,,,,
541,0,1831,0.04413055868170973,20.941199570352282,0.02067896590802278,0.029798111489875878,0.03488987970073521,0.01421091379271244,0.01421091379271244,0.009119145581853103,0.009119145581853103,,,0.0001215333991214166,0.0001215333991214166,0.0001215333991214166,,,,,,,
542,0,176,0.00012890350114414892,0.02530292136447141,,,0.00012890350114414892,0.00012890350114414892,0.00012890350114414892,,,,,,,,,,,,,,
544,0,1583,0.217714850768181,165.81872101414314,0.017419964181245914,0.07114864444921759,0.12456139501214451,0.1071414308308986,0.1465662063189634,0.05372868026797169,0.09315345575603648,,,,,,0.039424775488064806,,,,,,
545,0,1584,0.21784375426932517,165.8440239355076,0.017419964181245914,0.07114864444921759,0.12469029851328865,0.10727033433204275,0.14669510982010756,0.05372868026797169,0.09315345575603648,,,,,,0.039424775488064806,,,,,,
546,0,177,0.006141454204540414,1.3221051067903948,0.004165181354505226,0.004165181354505226,0.006019920805418998,0.0018547394509137716,0.0018547394509137716,,,,,0.0001215333991214166,0.0001215333991214166,0.0001215333991214166,,,,,,,
547,0,1832,0.037989104477169314,19.619094463561886,0.01651378455351755,0.02563293013537065,0.028869958895316215,0.01235617434179867,0.01235617434179867,0.009119145581853103,0.009119145581853103,,,,,,,,,,,,
548,0,1260,0.006141454204540414,1.3221051067903948,0.004165181354505226,0.004165181354505226,0.006019920805418998,0.0018547394509137716,0.0018547394509137716,,,,,0.0001215333991214166,0.0001215333991214166,0.0001215333991214166,,,,,,,
549,0,178,0.02672775487791745,40.14202022840922,,,,,,,,0.02672775487791745,0.02672775487791745,0.02672775487791745,,,,,,,,,
550,0,1585,0.22998787538606386,171.66900229049332,0.023855213607717623,0.08280372328208782,0.13161459022362884,0.10775937661591124,0.14718415210397606,0.058948509674370195,0.09837328516243499,,,,,,0.039424775488064806,,,,,,
551,0,1586,0.19231729976508086,110.47112424285277,0.006982684941644735,0.04513314766110481,0.11474206155755598,0.10775937661591124,0.14718415210397606,0.03815046271946007,0.07757523820752486,,,,,,0.039424775488064806,,,,,,
552,0,660,0.02672775487791745,40.14202022840922,,,,,,,,0.02672775487791745,0.02672775487791745,0.02672775487791745,,,,,,,,,
554,0,179,0.010035825603288535,1.973327789750667,0.002744471094874461,0.008408342341897293,0.0043719543562657035,0.001627483261391242,0.001627483261391242,0.005663871247022831,0.005663871247022831,,,,,,,,,,,,
555,0,431,0.025469263156024574,19.076115284057092,0.006037468659855359,0.006037468659855359,0.015105074878226443,0.009067606218371082,0.0119735308202093,,0.0029059246018382167,0.007458092378878901,0.007458092378878901,0.007458263675959916,1.7129708101555796e-07,1.7129708101555796e-07,0.0029059246018382167,,,,,,
556,0,432,0.5645297576337663,222.0542572558844,0.006982684941644735,0.04662228053404074,0.43911037353685145,0.42715919407465874,0.4278491526819998,0.03963959559239601,0.04032955419973707,0.0215433462821135,0.0215433462821135,0.08508982989717782,0.06354648361506432,0.06354648361506432,0.0006899586073410616,,,0.004968494520547941,0.004968494520547941,,
557,0,1593,0.06360818713899284,69.5886485685606,0.00917972052134617,0.06185180037645745,0.010936107283881561,0.001756386762535391,0.001756386762535391,0.052672079855111284,0.052672079855111284,,,,,,,,,,,,
558,0,1594,0.06490010402974997,70.87311358982991,0.006435249426471708,0.06477120052860581,0.006564152927615858,0.00012890350114414892,0.00012890350114414892,0.058335951102134104,0.058335951102134104,,,,,,,,,,,,
560,0,2011,0.03510051830183459,34.79598520766355,0.006435249426471708,0.03497161480069044,0.006564152927615858,0.00012890350114414892,0.00012890350114414892,0.02853636537421873,0.02853636537421873,,,,,,,,,,,,
566,0,1616,0.25172153323640284,287.8864723886496,0.012738676261612342,0.09491767420897462,0.0997180492299727,0.04277628974918225,0.044177799990227286,0.08217899794736229,0.08358598764046213,0.04914849698152653,0.04914849698152653,0.06841749636596803,0.019268999384441498,0.019268999384441498,0.001401510241045034,,,0.044203083219178096,0.04420856267123289,,5.479452054794521e-06
567,0,1622,0.17315177759322845,202.1318517173158,0.012738676261612342,0.09491767420897462,0.05808601160890958,0.04414014322400958,0.045541653465054614,0.08217899794736229,0.08358598764046213,0.03147977834385675,0.03147977834385675,0.03147977834385675,,,0.001401510241045034,,,0.0012071921232876697,0.0012126715753424642,,5.479452054794521e-06
569,0,1503,0.054766345981109577,51.15659306765346,,,0.039405822260274,,,,,0.007893746920967368,0.007893746920967368,0.01536052372083558,0.007466776799868211,0.007466776799868211,,,,0.039405822260274,0.039405822260274,,
571,0,185,0.19675266538768074,244.3697165460337,,0.07775305658063926,0.04370936845364241,0.04188573797419036,0.04328724821523539,0.07775305658063926,0.0791600462737391,0.04907055212293357,0.04907055212293357,0.07388325066029923,0.024812698537365657,0.024812698537365657,0.001401510241045034,,,0.0018236304794520535,0.001829109931506848,,5.479452054794521e-06
572,0,449,0.06632239393119695,96.87029639614668,,0.01939634042615277,0.0006200277022415844,3.5893460772008436e-06,3.5893460772008436e-06,0.01939634042615277,0.01939634042615277,0.02149332726543695,0.02149332726543695,0.0463060258028026,0.024812698537365657,0.024812698537365657,,,,0.0006164383561643835,0.0006164383561643835,,
573,0,1620,0.13043027145648378,147.49942014988696,,0.058356716154486496,0.04308934075140083,0.04188214862811316,0.04328365886915819,0.058356716154486496,0.05976370584758632,0.027577224857496627,0.027577224857496627,0.027577224857496627,,,0.001401510241045034,,,0.0012071921232876697,0.0012126715753424642,,5.479452054794521e-06
574,0,186,0.19675266538768074,244.3697165460337,,0.07775305658063926,0.04370936845364241,0.04188573797419036,0.04328724821523539,0.07775305658063926,0.0791600462737391,0.04907055212293357,0.04907055212293357,0.07388325066029923,0.024812698537365657,0.024812698537365657,0.001401510241045034,,,0.0018236304794520535,0.001829109931506848,,5.479452054794521e-06
575,0,200,0.010926980042199802,18.312425726190245,,0.010310541686035419,0.0006164383561643835,,,0.010310541686035419,0.010310541686035419,,,,,,,,,0.0006164383561643835,0.0006164383561643835,,
577,0,1090,0.017900799504664024,83.99772992220358,0.006165901867310617,0.006165901867310617,0.008199121387858561,,0.0011877298216886835,,0.000539441809382874,0.007705436224163106,0.007705436224163106,0.008513948295116779,0.0008085120709536728,0.0008085120709536728,0.000539441809382874,0.0006482880123058095,0.0006482880123058095,0.002033219520547945,0.002033219520547945,,
578,0,1273,0.2037264848501449,310.0550207420469,0.006165901867310617,0.07360841676191447,0.05129205148533659,0.04188573797419036,0.04447497803692407,0.06744251489460384,0.06938894639708656,0.05677598834709668,0.05677598834709668,0.082397198955416,0.02562121060831933,0.02562121060831933,0.001940952050427908,0.0006482880123058095,0.0006482880123058095,0.0032404116438356145,0.003245891095890409,,5.479452054794521e-06
580,0,1093,0.017900799504664024,83.99772992220358,0.006165901867310617,0.006165901867310617,0.008199121387858561,,0.0011877298216886835,,0.000539441809382874,0.007705436224163106,0.007705436224163106,0.008513948295116779,0.0008085120709536728,0.0008085120709536728,0.000539441809382874,0.0006482880123058095,0.0006482880123058095,0.002033219520547945,0.002033219520547945,,
583,0,1088,0.010627005270664371,16.836139543364627,,0.003255125744145236,,,,0.003255125744145236,0.003255125744145236,0.007362215257603921,0.007362215257603921,0.007371879526519136,9.664268915215497e-06,9.664268915215497e-06,,,,,,,
584,0,1089,0.010627005270664371,16.836139543364627,,0.003255125744145236,,,,0.003255125744145236,0.003255125744145236,0.007362215257603921,0.007362215257603921,0.007371879526519136,9.664268915215497e-06,9.664268915215497e-06,,,,,,,
586,0,1846,0.24307374368596954,340.24249931578476,,0.08748655911787676,0.1186767727729438,0.02004492174554648,0.03298355454759012,0.08748655911787676,0.10101217890622169,0.021364282640321332,0.021364282640321332,0.02338479200680404,0.0020205093664827072,0.0020205093664827072,0.012938632802043633,,,0.09863185102739731,0.09921883801369864,,0.0005869869863013147
587,0,1847,0.24307374368596954,340.24249931578476,,0.08748655911787676,0.1186767727729438,0.02004492174554648,0.03298355454759012,0.08748655911787676,0.10101217890622169,0.021364282640321332,0.021364282640321332,0.02338479200680404,0.0020205093664827072,0.0020205093664827072,0.012938632802043633,,,0.09863185102739731,0.09921883801369864,,0.0005869869863013147
588,0,447,1.674043378479913,374.3777031223875,0.02271121489991672,0.16538177596664388,1.5159092056412666,1.4865288112892951,1.4936068092765233,0.14267056106672715,0.14974742196200377,0.008385613784691307,0.008385613784691307,0.008385613784691307,,,0.007076860895276645,1.1370919514942992e-06,1.1370919514942992e-06,0.00666917945205478,0.00666917945205478,,
589,0,498,9.985547808369821,4377.330746005617,0.019554534500320554,0.4996476423070026,7.778428253607937,3.3924134386281635,3.431747645417732,0.48009310780668196,0.87590342000565,0.2204646680758838,0.2204646680758838,1.3293771682478268,1.108912500171943,1.108912500171943,0.039126748500337184,0.00020745828923071297,0.0018389665084088535,4.366460280479453,4.724775352397262,0.0016315082191781405,0.3566835636986305
590,0,1512,6.569677270324429,1828.987486649531,0.009504962458394712,0.20994154321541866,5.951212747922588,1.5858865477929593,1.6123809670139804,0.20043658075702395,0.5833888776345854,0.03168064619629789,0.03168064619629789,0.03332358783475422,0.00164294163845633,0.00164294163845633,0.026353664685780147,0.0001407545352409202,0.0017520569325012378,4.355821237671233,4.714031172260275,0.0016113023972603177,0.35659863219178123
591,0,1688,1.8108650799080208,2248.2108452812663,,0.1631272735650805,0.33743168523509115,0.32014264242687196,0.32590443200819064,0.1631272735650805,0.16890842799121017,0.1971696356642772,0.1971696356642772,1.304439194197764,1.1072695585334869,1.1072695585334869,0.0056962229192803766,6.556666203829847e-05,8.577248395612133e-05,0.017289042808219177,0.017394180136986317,2.0205821917822858e-05,8.493150684931507e-05
592,0,190,0.1985958316419152,108.39899350006736,,0.0417869371922045,0.13422834100719075,0.13422834100719075,0.13780753000113083,0.0417869371922045,0.04536612618614457,0.01898928874648577,0.01898928874648577,0.019001364448579892,1.2075702094120882e-05,1.2075702094120882e-05,0.0035791889939400775,,,,,,
593,0,193,0.1985958316419152,108.39899350006736,,0.0417869371922045,0.13422834100719075,0.13422834100719075,0.13780753000113083,0.0417869371922045,0.04536612618614457,0.01898928874648577,0.01898928874648577,0.019001364448579892,1.2075702094120882e-05,1.2075702094120882e-05,0.0035791889939400775,,,,,,
595,0,191,0.026800730866633468,43.02857491176892,,0.013565667430180653,0.0006164383561643835,,,0.013565667430180653,0.013565667430180653,0.012511643809032153,0.012511643809032153,0.012618625080288428,0.00010698127125627467,0.00010698127125627467,,,,0.0006164383561643835,0.0006164383561643835,,
596,0,195,0.17150759510417343,67.47876687555153,,0.02207058018098186,0.13422834100719075,0.13422834100719075,0.13780753000113083,0.02207058018098186,0.025649769174921934,0.01162707348888185,0.01162707348888185,0.011629484922060755,2.411433178905385e-06,2.411433178905385e-06,0.0035791889939400775,,,,,,
598,0,202,0.06569332602330938,69.46901879384372,,0.010310541686035419,0.040022260616438377,,,0.010310541686035419,0.010310541686035419,0.007893746920967368,0.007893746920967368,0.01536052372083558,0.007466776799868211,0.007466776799868211,,,,0.040022260616438377,0.040022260616438377,,
599,0,1087,0.049519600427340285,43.27658342543941,,,0.039405822260274,,,,,0.002744318369539137,0.002744318369539137,0.010113778167066288,0.007369459797527152,0.007369459797527152,,,,0.039405822260274,0.039405822260274,,
600,0,192,0.1985958316419152,108.39899350006736,,0.0417869371922045,0.13422834100719075,0.13422834100719075,0.13780753000113083,0.0417869371922045,0.04536612618614457,0.01898928874648577,0.01898928874648577,0.019001364448579892,1.2075702094120882e-05,1.2075702094120882e-05,0.0035791889939400775,,,,,,
601,0,510,0.27694890313550163,219.00801953601206,0.0027853105744765987,0.09130002887545102,0.13818482664232332,0.13539677531442204,0.16645465488362093,0.08851471830097443,0.11957259787017332,0.01898928874648577,0.01898928874648577,0.019191478623004965,0.00020218987651919438,0.00020218987651919438,0.0310578795691989,,,2.7407534246868125e-06,2.7407534246868125e-06,,
602,0,783,0.07835307149358639,110.60902603594472,0.0027853105744765987,0.049513091683246524,0.00395648563513257,0.0011684343072312841,0.028647124882490105,0.046727781108769934,0.07420647168402873,,,0.0001901141744250735,0.0001901141744250735,0.0001901141744250735,0.027478690575258823,,,2.7407534246868125e-06,2.7407534246868125e-06,,
604,0,196,0.22102719553151373,110.75535030099097,,0.02207058018098186,0.17363416326746475,0.13422834100719075,0.13780753000113083,0.02207058018098186,0.025649769174921934,0.014371391858420988,0.014371391858420988,0.021743263089127045,0.007371871230706057,0.007371871230706057,0.0035791889939400775,,,0.039405822260274,0.039405822260274,,
605,0,203,0.06352344226702043,47.1663215986555,0.008573387435908476,0.008573387435908476,0.05340966409995414,0.005430454403771667,0.005430454403771667,,,0.002744318369539137,0.002744318369539137,0.010113778167066288,0.007369459797527152,0.007369459797527152,,,,0.039405822260274,0.039405822260274,,
606,0,198,0.008846185386960194,7.372378791905038,,0.008846185386960194,,,,0.008846185386960194,0.008846185386960194,,,,,,,,,,,,
607,0,1679,0.5521896484486826,360.232484134948,,0.09634839582232847,0.32970718386786024,0.3247386893473123,0.36485342344271815,0.09634839582232847,0.13646312991773432,0.0215433462821135,0.0215433462821135,0.08601933466308809,0.06447598838097458,0.06447598838097458,0.04011473409540587,,,0.004968494520547941,0.004968494520547941,,
608,0,1680,0.5610358338356427,367.604862926853,,0.10519458120928868,0.32970718386786024,0.3247386893473123,0.36485342344271815,0.10519458120928868,0.14530931530469451,0.0215433462821135,0.0215433462821135,0.08601933466308809,0.06447598838097458,0.06447598838097458,0.04011473409540587,,,0.004968494520547941,0.004968494520547941,,
609,0,634,0.004932395651921831,8.710114193104676,,0.004909199107103626,2.3196544818204693e-05,2.3196544818204693e-05,2.3196544818204693e-05,0.004909199107103626,0.004909199107103626,,,,,,,,,,,,
610,0,874,0.004932395651921831,8.710114193104676,,0.004909199107103626,2.3196544818204693e-05,2.3196544818204693e-05,2.3196544818204693e-05,0.004909199107103626,0.004909199107103626,,,,,,,,,,,,
611,0,201,0.010926980042199802,18.312425726190245,,0.010310541686035419,0.0006164383561643835,,,0.010310541686035419,0.010310541686035419,,,,,,,,,0.0006164383561643835,0.0006164383561643835,,
613,0,1244,0.054766345981109577,51.15659306765346,,,0.039405822260274,,,,,0.007893746920967368,0.007893746920967368,0.01536052372083558,0.007466776799868211,0.007466776799868211,,,,0.039405822260274,0.039405822260274,,
615,0,204,0.0037131912112321167,0.29881048641119645,,,0.0037131912112321167,0.0037131912112321167,0.0037131912112321167,,,,,,,,,,,,,,
616,0,1498,0.004932395651921831,8.710114193104676,,0.004909199107103626,2.3196544818204693e-05,2.3196544818204693e-05,2.3196544818204693e-05,0.004909199107103626,0.004909199107103626,,,,,,,,,,,,
617,0,644,0.05116754551765086,61.26315735623651,0.0027853105744765987,0.033058931653674475,0.006962918096166142,0.004175209576484066,0.01777972334814305,0.030273621079197878,0.043878134850856856,,,0.0003264925706278647,0.0003264925706278647,0.0003264925706278647,0.013604513771658978,,,2.397945205477895e-06,2.397945205477895e-06,,
618,0,785,0.02992261711658359,49.04617062246974,,0.015995551195787425,,,0.013874176803599838,0.015995551195787425,0.029869727999387263,,,5.288911719632455e-05,5.288911719632455e-05,5.288911719632455e-05,0.013874176803599838,,,,,,
619,0,787,0.07342067584166455,101.89891184284004,0.0027853105744765987,0.0446038925761429,0.003933289090314365,0.0011452377624130794,0.0286239283376719,0.0418185820016663,0.06929727257692511,,,0.0001901141744250735,0.0001901141744250735,0.0001901141744250735,0.027478690575258823,,,2.7407534246868125e-06,2.7407534246868125e-06,,
620,0,205,0.0037650450965257183,6.1994354073160185,,0.003465850158878291,0.0002991949376474269,0.0002991949376474269,0.0002991949376474269,0.003465850158878291,0.003465850158878291,,,,,,,,,,,,
621,0,500,0.1293452704110672,174.32209697696518,,0.08039697750999285,0.0064434618254938375,0.0064434618254938375,0.04801878813516408,0.08039697750999285,0.12197230381966309,,,0.0009295047659102531,0.0009295047659102531,0.0009295047659102531,0.04157532630967023,,,,,,
622,0,501,0.12558022531454147,168.12266156964915,,0.07693112735111457,0.006144266887846411,0.006144266887846411,0.047719593197516647,0.07693112735111457,0.1185064536607848,,,0.0009295047659102531,0.0009295047659102531,0.0009295047659102531,0.04157532630967023,,,,,,
623,0,206,0.03999629195024759,18.906550879161784,,0.003465850158878291,0.03331050654738635,0.0003673555199890809,0.0003673555199890809,0.003465850158878291,0.003465850158878291,0.0032190578345549542,0.0032190578345549542,0.0032199352439829547,8.774094280002332e-07,8.774094280002332e-07,,,,0.03294315102739726,0.03294315102739726,,
624,0,636,0.03623124685372187,12.707115471845768,,,0.03301131160973892,6.816058234165398e-05,6.816058234165398e-05,,,0.0032190578345549542,0.0032190578345549542,0.0032199352439829547,8.774094280002332e-07,8.774094280002332e-07,,,,0.03294315102739726,0.03294315102739726,,
625,0,784,0.007313115481062544,9.007557065254108,,0.006771259879892077,,,0.0004889664839741424,0.006771259879892077,0.007260226363866219,,,5.288911719632455e-05,5.288911719632455e-05,5.288911719632455e-05,0.0004889664839741424,,,,,,
626,0,216,0.18723593490018034,249.84799851156444,,0.04676206256996808,0.0442149973726621,0.0442149973726621,0.14026807084998708,0.04676206256996808,0.14281513604729307,,,0.00020580148022514977,0.00020580148022514977,0.00020580148022514977,0.09605307347732497,,,,,,
627,0,627,0.2317867330769222,432.22854120181233,0.006435249426471708,0.10213714817128951,0.03862696304604989,0.032191713619578184,0.1294437834254075,0.09570189874481778,0.19176840306524312,,,0.00020580148022514977,0.00020580148022514977,0.00020580148022514977,0.09606650432042525,0.0011855654854040425,0.0011855654854040425,,,,
628,0,633,0.21652765162331628,411.13270027648707,0.006435249426471708,0.08492408659630822,0.03862696304604989,0.032191713619578184,0.1285164918569532,0.0784888371698365,0.17362804992180753,0.0030870731700548258,0.0030870731700548258,0.0030870731700548258,,,0.095139212751971,0.0011855654854040425,0.0011855654854040425,,,,
629,0,679,0.032175677245585406,46.55801238625415,,0.01743239623461742,,,0.0009138607253539768,0.01743239623461742,0.018346256959971396,0.005901817137926086,0.005901817137926086,0.013829420285614007,0.007927603147687921,0.007927603147687921,0.0009138607253539768,,,,,,
631,0,1520,0.008168856559092583,14.466028320588267,,0.008168856559092583,,,,0.008168856559092583,0.008168856559092583,,,,,,,,,,,,
632,0,1523,0.008168856559092583,14.466028320588267,,0.008168856559092583,,,,0.008168856559092583,0.008168856559092583,,,,,,,,,,,,
636,0,211,0.009772627964985663,17.306107884915455,,0.009772627964985663,,,,0.009772627964985663,0.009772627964985663,,,,,,,,,,,,
637,0,1825,0.7344330493720159,349.0276399433591,,0.12544421140615666,0.546787403382443,0.5454445948207992,0.5844265222454464,0.12544421140615666,0.1644261388308039,0.01700803532669792,0.01700803532669792,0.023219507158768943,0.006211471832071022,0.006211471832071022,0.03898192742464721,,,0.0013428085616438664,0.0013428085616438664,,
638,0,1826,0.6942672613204818,278.7722829452383,,0.08852484077414106,0.546787403382443,0.5454445948207992,0.5844265222454464,0.08852484077414106,0.12750676819878826,0.013761617907179408,0.013761617907179408,0.01997308973925043,0.006211471832071022,0.006211471832071022,0.03898192742464721,,,0.0013428085616438664,0.0013428085616438664,,
639,0,218,0.004680801031780056,8.289116083621225,,0.004680801031780056,,,,0.004680801031780056,0.004680801031780056,,,,,,,,,,,,
640,0,220,0.009772627964985663,17.306107884915455,,0.009772627964985663,,,,0.009772627964985663,0.009772627964985663,,,,,,,,,,,,
642,0,810,0.7783131346107092,1162.0389375744323,0.004395265844475476,0.013048150008251321,0.0043997977200364614,4.531875560985066e-06,4.531875560985066e-06,0.008652884163775845,0.008652884163775845,0.11700757169799382,0.11700757169799382,0.7652604527268969,0.6482528810289031,0.6482528810289031,,,,,,,
643,0,811,0.7783131346107092,1162.0389375744323,0.004395265844475476,0.013048150008251321,0.0043997977200364614,4.531875560985066e-06,4.531875560985066e-06,0.008652884163775845,0.008652884163775845,0.11700757169799382,0.11700757169799382,0.7652604527268969,0.6482528810289031,0.6482528810289031,,,,,,,
646,0,645,0.027984796431697767,45.870476392630216,,0.015136810539598939,0.0002960909249360757,0.0002940354454840254,0.0008716986024277396,0.015136810539598939,0.015714473696542653,0.01159666408219266,0.01159666408219266,0.011974231810219036,0.00037756772802637674,0.00037756772802637674,0.0005776631569437142,,,2.05547945205031e-06,2.05547945205031e-06,,
647,0,647,0.027984796431697767,45.870476392630216,,0.015136810539598939,0.0002960909249360757,0.0002940354454840254,0.0008716986024277396,0.015136810539598939,0.015714473696542653,0.01159666408219266,0.01159666408219266,0.011974231810219036,0.00037756772802637674,0.00037756772802637674,0.0005776631569437142,,,2.05547945205031e-06,2.05547945205031e-06,,
648,0,215,0.05387202827319761,82.15627982692612,,0.024999635592043715,,,,0.024999635592043715,0.024999635592043715,0.0288723926811539,0.0288723926811539,0.0288723926811539,,,,,,,,,
649,0,1435,0.05387202827319761,82.15627982692612,,0.024999635592043715,,,,0.024999635592043715,0.024999635592043715,0.0288723926811539,0.0288723926811539,0.0288723926811539,,,,,,,,,
650,0,214,0.05387202827319761,82.15627982692612,,0.024999635592043715,,,,0.024999635592043715,0.024999635592043715,0.0288723926811539,0.0288723926811539,0.0288723926811539,,,,,,,,,
651,0,1633,0.6428674758294671,440.98564742456404,,0.1252630257462799,0.3681270068440637,0.320087618830365,0.32527174525474,0.1252630257462799,0.13046651701546585,0.07469569808395132,0.07469569808395132,0.14418817948598134,0.06949248140203002,0.06949248140203002,0.0051185597623366625,6.556666203829847e-05,8.577248395612133e-05,0.048039388013698614,0.04814452534246575,2.0205821917822858e-05,8.493150684931507e-05
652,0,1749,0.6932623246741771,516.9842752319697,,0.14678548190983598,0.3681270068440637,0.320087618830365,0.32527174525474,0.14678548190983598,0.15198897317902194,0.10356809076510523,0.10356809076510523,0.17306057216713525,0.06949248140203002,0.06949248140203002,0.0051185597623366625,6.556666203829847e-05,8.577248395612133e-05,0.048039388013698614,0.04814452534246575,2.0205821917822858e-05,8.493150684931507e-05
653,0,1580,0.019221438065344612,34.00777805578561,,0.019201752475417225,1.968558992738648e-05,1.968558992738648e-05,1.968558992738648e-05,0.019201752475417225,0.019201752475417225,,,,,,,,,,,,
654,0,1581,0.010299864833409871,18.20878218607401,,0.010280179243482485,1.968558992738648e-05,1.968558992738648e-05,1.968558992738648e-05,0.010280179243482485,0.010280179243482485,,,,,,,,,,,,
655,0,628,0.08039833310133328,203.23309145571017,0.006435249426471708,0.06602958391269532,0.019605002286605333,0.013169752860133626,0.014368749188637953,0.05959433448622361,0.05960776532932389,,,,,,1.343084310028367e-05,0.0011855654854040425,0.0011855654854040425,,,,
656,0,872,0.7391138504037961,357.31675602698033,,0.13012501243793675,0.546787403382443,0.5454445948207992,0.5844265222454464,0.13012501243793675,0.16910693986258396,0.01700803532669792,0.01700803532669792,0.023219507158768943,0.006211471832071022,0.006211471832071022,0.03898192742464721,,,0.0013428085616438664,0.0013428085616438664,,
657,0,219,0.20111773977334377,282.1530459087002,,0.07239527060546996,0.03161847906605333,0.03161847906605333,0.12851666768764863,0.07239527060546996,0.1692934592270653,,,0.00020580148022514977,0.00020580148022514977,0.00020580148022514977,0.09689818862159529,,,,,,
658,0,815,0.19741669397737632,275.59895441340205,,0.06869422480950252,0.03161847906605333,0.03161847906605333,0.12851666768764863,0.06869422480950252,0.16559241343109785,,,0.00020580148022514977,0.00020580148022514977,0.00020580148022514977,0.09689818862159529,,,,,,
660,0,269,0.1996823105278802,272.2133236854661,0.002744471094874461,0.06933235809861517,0.03599043342231903,0.03324596232744457,0.1301441509490399,0.06658788700374071,0.163486075625336,,,0.00020580148022514977,0.00020580148022514977,0.00020580148022514977,0.09689818862159529,,,,,,
661,0,270,0.0043719543562657035,0.34443138424068287,0.002744471094874461,0.002744471094874461,0.0043719543562657035,0.001627483261391242,0.001627483261391242,,,,,,,,,,,,,,
662,0,221,0.8007998382163726,367.7735623692121,,0.12332699750156996,0.6032554562472714,0.55884689426097,0.5978288216856172,0.12332699750156996,0.16230892492621715,0.020808231012238082,0.020808231012238082,0.035235457042883944,0.014427226030645862,0.014427226030645862,0.03898192742464721,,,0.044408561986301394,0.044408561986301394,,
663,0,223,0.8089686947754652,382.23959068980037,,0.13149585406066255,0.6032554562472714,0.55884689426097,0.5978288216856172,0.13149585406066255,0.17047778148530976,0.020808231012238082,0.020808231012238082,0.035235457042883944,0.014427226030645862,0.014427226030645862,0.03898192742464721,,,0.044408561986301394,0.044408561986301394,,
664,0,230,0.14707258461291264,81.23800697395956,,0.011781080881323083,0.10614233254216418,0.10614233254216418,0.13529150373158957,0.011781080881323083,0.04093025207074847,,,,,,0.02914917118942539,,,,,,
665,0,224,0.002877462880482984,1.1595664686398734,,0.002877462880482984,,,,0.002877462880482984,0.002877462880482984,,,,,,,,,,,,
666,0,1439,0.0071560198560208016,12.672420570864823,,0.0071560198560208016,,,,0.0071560198560208016,0.0071560198560208016,,,,,,,,,,,,
667,0,1124,0.14719296065730125,181.63494447513273,0.01653557550869898,0.09934619490638807,0.020990894949197654,0.003947099577484967,0.006747037424237367,0.08281061939768909,0.08561055724444148,0.03898582850765298,0.03898582850765298,0.040591508463662135,0.0016056799560091517,0.0016056799560091517,0.0027999378467524006,,,0.0005082198630137052,0.0005082198630137052,,
668,0,1125,0.16072070588151338,183.44646463207357,0.01653557550869898,0.10160542699444762,0.0260146727860542,0.008820192482834667,0.01289342655242823,0.08506985148574864,0.0891430855553422,0.043319536099982535,0.043319536099982535,0.045562947540117034,0.0022434114401344964,0.0022434114401344964,0.00407323406959356,,,0.0006589047945205545,0.0006589047945205545,,
669,0,226,0.0035880327724224057,2.562966542760484,,0.00277140985050128,,,0.0008166229219211258,0.00277140985050128,0.0035880327724224057,,,,,,0.0008166229219211258,,,,,,
670,0,670,0.321717177808956,520.6445672135553,0.0029259261286517318,0.1961473055443467,0.004178975045105915,0.001253048916454183,0.10111696549843177,0.19322137941569498,0.29308529599767247,0.02384489161370265,0.02384489161370265,0.024452906766177535,0.0006080151524748844,0.0006080151524748844,0.09986391658197759,,,,,,
671,0,1204,0.2551002877906341,413.923181627238,0.002744471094874461,0.1558010827554998,0.0052112655663827155,0.0024667944715082543,0.09929920503513423,0.15305661166062534,0.24988902222425136,,,,,,0.09683241056362597,,,,,,
674,0,229,0.003563281877518306,6.310128740973346,,0.003563281877518306,,,,0.003563281877518306,0.003563281877518306,,,,,,,,,,,,
675,0,725,0.02165796788454039,16.79141761219418,,0.007567968200384151,,,0.01118760371260543,0.007567968200384151,0.018755571912989582,0.002902395971550807,0.002902395971550807,0.002902395971550807,,,0.01118760371260543,,,,,,
676,0,1438,0.006874448495929964,8.933882948145772,0.002784634672253059,0.006347916549771365,0.002784634672253059,,0.0005265319461585987,0.003563281877518306,0.004089813823676905,,,,,,0.0005265319461585987,,,,,,
679,0,1436,0.14707258461291264,81.23800697395956,,0.011781080881323083,0.10614233254216418,0.10614233254216418,0.13529150373158957,0.011781080881323083,0.04093025207074847,,,,,,0.02914917118942539,,,,,,
680,0,231,0.4759005297364357,827.2981574540815,,0.029466523912231056,0.004035962961783243,0.0025455499480845803,0.009264907123080299,0.029466523912231056,0.39204676421431256,0.07965505383811017,0.07965505383811017,0.07965505383811017,,,0.006568595096601585,0.00015076207839413418,0.00016274872222976527,0.0014904130136986625,0.3575140448630142,1.1986643835631078e-05,0.3560116452054799
681,0,1544,0.7836208047527763,1342.8568885458856,,0.11255206665152155,0.005256340966100943,0.003764214938703649,0.23389483148804924,0.11255206665152155,0.6985463063964462,0.07965505383811017,0.07965505383811017,0.07965540866799918,3.548298890184432e-07,3.548298890184432e-07,0.22997985447095143,0.00015076207839413418,0.00016274872222976527,0.0014921260273972933,0.3575184979452062,1.1986643835631078e-05,0.3560143852739733
682,0,1545,0.3077202750163405,515.5587310918042,,0.08308554273929045,0.0012203780043176997,0.001218664990619069,0.22462992436496892,0.08308554273929045,0.30649954218213377,,,3.548298890184432e-07,3.548298890184432e-07,3.548298890184432e-07,0.22341125937434986,,,1.713013698630709e-06,4.453082192028079e-06,,2.7400684933973696e-06
683,0,232,0.4840099563794992,841.6589427896635,,0.03788371806115959,0.004035962961783243,0.0025455499480845803,0.008957139617215231,0.03788371806115959,0.400156190857376,0.07965505383811017,0.07965505383811017,0.07965505383811017,,,0.006260827590736517,0.00015076207839413418,0.00016274872222976527,0.0014904130136986625,0.3575140448630142,1.1986643835631078e-05,0.3560116452054799
684,0,1761,0.01685620503878329,29.85024130424544,,0.016548437532918223,,,0.0003077675058650679,0.016548437532918223,0.01685620503878329,,,,,,0.0003077675058650679,,,,,,
685,0,1107,0.5469753911824958,961.6185761214127,0.008898294085600868,0.3805318786742357,0.038461824963140705,0.002055993206306935,0.04002693717455659,0.3716335845886349,0.40964104595757583,0.09720835204603215,0.09720835204603215,0.09720835204603215,,,0.037922529862091596,4.841410615805688e-05,0.0016641682157471271,0.027507537671232905,0.02920822328767129,0.00161575410958907,8.493150684931507e-05
686,0,1108,1.0478268734201173,1832.4792629664244,0.008898294085600868,0.43032767771649194,0.04264299340437601,0.004601543154391516,0.047876378901545225,0.4214293836308911,0.8205833302579902,0.18275534317194267,0.18275534317194267,0.18275534317194267,,,0.04305736991476977,0.00021746583238392694,0.0018452065858086282,0.02914315616438362,0.3868674736301375,0.0016277407534247012,0.3560965767123292
688,0,497,9.762586100611884,4067.123200821186,0.015261793892381265,0.4332043234114154,7.655335109747601,3.3723685168826174,3.3976563530293493,0.41794252951903405,0.7991094765457115,0.19941834373271128,0.19941834373271128,1.3062925402670094,1.1068741965342979,1.1068741965342979,0.025070370314348178,0.00021746583238392694,0.0018489740515620675,4.267704798972603,4.625432883904111,0.0016315082191781405,0.3560965767123292
690,0,1247,2.5192467542112373,2129.0095541030837,0.0061129835111242686,0.3758844019122381,1.3871029550836091,1.351849556161526,1.3737695986084462,0.3697714184011138,0.7475705717279797,0.1865081662427774,0.1865081662427774,0.3827242533480862,0.19621608710530877,0.19621608710530877,0.021702576614536433,0.00021746583238392694,0.0018489740515620675,0.029140415410958936,0.3868685003424663,0.0016315082191781405,0.3560965767123292
691,0,1755,7.21486743085621,1909.200882380786,0.009148810381256995,0.03591669550303521,6.268232154663992,2.020518960721091,2.0217362035992976,0.02676788512177821,0.027985127999984528,0.007992038763243857,0.007992038763243857,0.918650148192233,0.9106581094289892,0.9106581094289892,0.0012172428782063166,,,4.238564383561644,4.238564383561644,,
694,0,786,0.07342067584166455,101.89891184284004,0.0027853105744765987,0.0446038925761429,0.003933289090314365,0.0011452377624130794,0.0286239283376719,0.0418185820016663,0.06929727257692511,,,0.0001901141744250735,0.0001901141744250735,0.0001901141744250735,0.027478690575258823,,,2.7407534246868125e-06,2.7407534246868125e-06,,
695,0,1091,0.017900799504664024,83.99772992220358,0.006165901867310617,0.006165901867310617,0.008199121387858561,,0.0011877298216886835,,0.000539441809382874,0.007705436224163106,0.007705436224163106,0.008513948295116779,0.0008085120709536728,0.0008085120709536728,0.000539441809382874,0.0006482880123058095,0.0006482880123058095,0.002033219520547945,0.002033219520547945,,
696,0,236,0.005606628944252382,9.92864209377111,,0.005606628944252382,,,,0.005606628944252382,0.005606628944252382,,,,,,,,,,,,
697,0,238,0.010280179243482485,18.204918032427873,,0.010280179243482485,,,,0.010280179243482485,0.010280179243482485,,,,,,,,,,,,
699,0,239,0.009878669928528748,17.493895005020725,,0.009878669928528748,,,,0.009878669928528748,0.009878669928528748,,,,,,,,,,,,
700,0,1570,5.171623781255507,924.1606604578575,0.009504962458394712,0.20534276609560995,4.936754183539025,1.5858865477929593,1.6123809670139804,0.19583780363721523,0.22219146832299538,0.012470458962378347,0.012470458962378347,0.012537374858243943,6.691589586559576e-05,6.691589586559576e-05,0.026353664685780147,0.0001407545352409202,0.0001407545352409202,3.3413626732876707,3.3413626732876707,,
701,0,237,0.010281206983208512,18.205176372969458,,0.010280179243482485,1.0277397260277404e-06,,,0.010280179243482485,0.010280179243482485,,,,,,,,,1.0277397260277404e-06,1.0277397260277404e-06,,
702,0,812,0.037657062711438836,56.092619058187445,0.004395265844475476,0.036644752750509775,0.004452344920434446,5.50235965069198e-05,0.000632686753450634,0.0322494869060343,0.03282715006297801,,,0.00037756772802637674,0.00037756772802637674,0.00037756772802637674,0.0005776631569437142,,,2.05547945205031e-06,2.05547945205031e-06,,
704,0,240,0.010290244328632202,19.11936713214167,,0.009878669928528748,,,0.0004115744001034533,0.009878669928528748,0.010280236785478987,,,,,,0.0004015668569502393,1.0007543153213977e-05,1.0007543153213977e-05,,,,
705,0,1141,0.005084671528549182,9.900945556717424,,0.004673097128445729,,,0.0004115744001034533,0.004673097128445729,0.005074663985395968,,,,,,0.0004015668569502393,1.0007543153213977e-05,1.0007543153213977e-05,,,,
706,0,1145,0.004673097128445729,8.275473429596483,,0.004673097128445729,,,,0.004673097128445729,0.004673097128445729,,,,,,,,,,,,
708,0,1314,0.008160584641029246,14.504937443963673,,0.0042720409842763665,,,0.0007543512014830352,0.0042720409842763665,0.0050163846426061875,0.0031341924552698427,0.0031341924552698427,0.0031341924552698427,,,0.0007443436583298213,1.0007543153213977e-05,1.0007543153213977e-05,,,,
710,0,1238,0.042603020568562626,58.82492451071907,0.002784634672253059,0.03601439739546044,0.002784634672253059,,,0.03322976272320738,0.03322976272320738,0.006588623173102184,0.006588623173102184,0.006588623173102184,,,,,,,,,
711,0,1240,0.042603020568562626,58.82492451071907,0.002784634672253059,0.03601439739546044,0.002784634672253059,,,0.03322976272320738,0.03322976272320738,0.006588623173102184,0.006588623173102184,0.006588623173102184,,,,,,,,,
714,0,1567,5.171623781255507,924.1606604578575,0.009504962458394712,0.20534276609560995,4.936754183539025,1.5858865477929593,1.6123809670139804,0.19583780363721523,0.22219146832299538,0.012470458962378347,0.012470458962378347,0.012537374858243943,6.691589586559576e-05,6.691589586559576e-05,0.026353664685780147,0.0001407545352409202,0.0001407545352409202,3.3413626732876707,3.3413626732876707,,
715,0,1574,5.171623781255507,924.1606604578575,0.009504962458394712,0.20534276609560995,4.936754183539025,1.5858865477929593,1.6123809670139804,0.19583780363721523,0.22219146832299538,0.012470458962378347,0.012470458962378347,0.012537374858243943,6.691589586559576e-05,6.691589586559576e-05,0.026353664685780147,0.0001407545352409202,0.0001407545352409202,3.3413626732876707,3.3413626732876707,,
723,0,246,0.006165348545994344,6.232636614077123,0.0033840043683789132,0.0033840043683789132,0.0033840043683789132,,,,,0.0027813441776154304,0.0027813441776154304,0.0027813441776154304,,,,,,,,,
724,0,1241,0.04876836911455697,65.0575611247962,0.006168639040631972,0.03939840176383935,0.006168639040631972,,,0.03322976272320738,0.03322976272320738,0.009369967350717615,0.009369967350717615,0.009369967350717615,,,,,,,,,
725,0,249,0.6427288612856777,291.6142550709604,0.012092974738760916,0.08729901091471559,0.5143225882111978,0.41909502306147794,0.42310106618521426,0.0752060361759547,0.07921094220773953,0.03652791803289788,0.03652791803289788,0.0491941937747889,0.012666275741891019,0.012666275741891019,0.004004906031784828,1.1370919514942992e-06,1.1370919514942992e-06,0.08313459041095891,0.08313459041095891,,
726,0,1840,0.06121951321914166,82.66445927608862,0.010067172352631904,0.0555893458196166,0.012176443389010793,6.748952952957481e-05,6.748952952957481e-05,0.04552217346698469,0.04552217346698469,0.0030925751250155207,0.0030925751250155207,0.0035208963631461637,0.000428321238130643,0.000428321238130643,,,,0.002041781506849315,0.002041781506849315,,
727,0,254,0.24601516872759738,243.06214293468133,0.002823053221502271,0.007467702158278333,0.13039681079493143,0.000878549696716771,0.0012534536724304955,0.004644648936776062,0.005019552912489786,0.07792940327201657,0.07792940327201657,0.11059880502017616,0.0326694017481596,0.0326694017481596,0.00037490397571372444,,,0.12669520787671237,0.12669520787671237,,
728,0,1615,0.13546983241281302,153.96078952064838,0.009915623040110072,0.07388430462051564,0.0530049637915109,0.04188214862811316,0.042908754893444465,0.06396868158040557,0.06500076729779168,0.017464101323510468,0.017464101323510468,0.017464101323510468,,,0.0010266062653313097,,,0.0012071921232876697,0.0012126715753424642,,5.479452054794521e-06
729,0,252,0.6337630155246826,153.90054303992684,0.0037341994311092053,0.07417630690981292,0.5519187488068361,0.5481845493757269,0.5521284449389098,0.0704421074787037,0.07438600304188658,0.007458092378878901,0.007458092378878901,0.007458263675959916,1.7129708101555796e-07,1.7129708101555796e-07,0.003943895563182877,,,,,,
730,0,1263,0.6049954083867942,132.20178863584704,0.0037341994311092053,0.051473322914977575,0.5480046764853884,0.5442704770542792,0.5460638217958567,0.04773912348386838,0.049532468225445825,0.007458092378878901,0.007458092378878901,0.007458263675959916,1.7129708101555796e-07,1.7129708101555796e-07,0.0017933447415774536,,,,,,
731,0,255,0.2342468658343225,235.65843866211026,,,0.12669520787671237,,,,,0.07488225620945053,0.07488225620945053,0.10755165795761013,0.0326694017481596,0.0326694017481596,,,,0.12669520787671237,0.12669520787671237,,
732,0,867,0.016598650283897724,15.95764834608438,0.002823053221502271,0.0122980495489012,0.0037016029182190416,0.000878549696716771,0.0012534536724304955,0.00947499632739893,0.009849900303112655,0.0030471470625660292,0.0030471470625660292,0.0030471470625660292,,,0.00037490397571372444,,,,,,
733,0,256,0.5853912307406881,763.0369732059564,,,0.12669520787671237,,,,,0.11249889890994873,0.11249889890994873,0.45869602286397587,0.3461971239540272,0.3461971239540272,,,,0.12669520787671237,0.12669520787671237,,
734,0,1559,0.36044614842638867,543.8508355151317,,0.009301783520022987,,,,0.009301783520022987,0.009301783520022987,0.03761664270049819,0.03761664270049819,0.3511443649063657,0.31352772220586744,0.31352772220586744,,,,,,,
735,0,1577,0.009301783520022987,16.47230097128563,,0.009301783520022987,,,,0.009301783520022987,0.009301783520022987,,,,,,,,,,,,
736,0,257,1.4624909991192978,2045.6406746047928,,0.004605574681574277,0.13866472910958907,,,0.004605574681574277,0.004605574681574277,0.21232870452267438,0.21232870452267438,1.3192206953281347,1.1068919908054604,1.1068919908054604,,,,0.13866472910958907,0.13866472910958907,,
737,0,1531,0.9637309486245565,1421.6873152260587,,0.004605574681574277,0.018511301712328766,,,0.004605574681574277,0.004605574681574277,0.2223303206511346,0.2223303206511346,0.9406140722306535,0.7182837515795188,0.7182837515795188,,,,0.018511301712328766,0.018511301712328766,,
738,0,2191,2.8183859332144565,4100.37485255616,,,0.11760205787671237,,,,,0.5294110089987375,0.5294110089987375,2.700783875337744,2.1713728663390066,2.1713728663390066,,,,0.11760205787671237,0.11760205787671237,,
739,0,569,0.14014829214440883,79.21167759286729,,,0.1213767140410959,,,,,0.01877157810331292,0.01877157810331292,0.01877157810331292,,,,,,0.1213767140410959,0.1213767140410959,,
740,0,805,0.49287026530032146,280.0511832619438,0.004395265844475476,0.16648210049561127,0.3245389360110735,0.32014264242687196,0.32590443200819064,0.16208683465113582,0.16786798907726547,,,0.00037756772802637674,0.00037756772802637674,0.00037756772802637674,0.0056962229192803766,6.556666203829847e-05,8.577248395612133e-05,1.0277397260225694e-06,0.0001061650684931605,2.0205821917822858e-05,8.493150684931507e-05
741,0,1358,1.8224379907650414,2257.3313288156833,0.004395265844475476,0.17108767517718554,0.3418269510795666,0.32014264242687196,0.32590443200819064,0.16669240933271007,0.17247356375883974,0.20078214490919283,0.20078214490919283,1.3080517034426795,1.1072695585334869,1.1072695585334869,0.0056962229192803766,6.556666203829847e-05,8.577248395612133e-05,0.017289042808219177,0.017394180136986317,2.0205821917822858e-05,8.493150684931507e-05
742,0,1809,0.1449647851891028,193.7751378046083,,0.10415541356774449,0.0406344506760324,0.04047828629247076,0.040562796278892616,0.10415541356774449,0.10426476785103216,,,,,,1.894332438355445e-05,6.556666203829847e-05,6.556666203829847e-05,0.00015616438356164385,0.0002465753424657534,,9.04109589041096e-05
743,0,2023,0.0043719543562657035,0.34443138424068287,0.002744471094874461,0.002744471094874461,0.0043719543562657035,0.001627483261391242,0.001627483261391242,,,,,,,,,,,,,,
744,0,2024,0.0043719543562657035,0.34443138424068287,0.002744471094874461,0.002744471094874461,0.0043719543562657035,0.001627483261391242,0.001627483261391242,,,,,,,,,,,,,,
745,0,259,0.0027874534946731653,4.936233229775792,,0.0027874534946731653,,,,0.0027874534946731653,0.0027874534946731653,,,,,,,,,,,,
749,0,1310,0.0027874534946731653,4.936233229775792,,0.0027874534946731653,,,,0.0027874534946731653,0.0027874534946731653,,,,,,,,,,,,
752,0,469,0.011003439815340453,19.48572249263307,,0.011003439815340453,,,,0.011003439815340453,0.011003439815340453,,,,,,,,,,,,
754,0,502,2.3477639701211914,4181.4526161132235,,0.028420470478188707,1.8100916714119857,0.0009519453845882452,0.0038314038278904213,0.028420470478188707,0.0313821210447788,0.12497123755831248,0.12497123755831248,0.47032476636305764,0.3453535288047452,0.3453535288047452,0.002879458443302176,,0.035965411301369876,1.8091397260273974,1.845187329452055,0.035965411301369876,8.219212328791792e-05
755,0,2133,2.3346288420197987,4155.937730873077,,0.02405406395119944,1.8099673091425437,0.0008303228411737272,0.0008303228411737272,0.02405406395119944,0.024136256074487356,0.11978988949109344,0.11978988949109344,0.4645598655013978,0.34476997601030435,0.34476997601030435,,,0.035965411301369876,1.80913698630137,1.8451845897260277,0.035965411301369876,8.219212328791792e-05
756,0,267,0.03300182310717386,34.38378917364808,,0.026637376204526407,,,2.310309887160795e-05,0.026637376204526407,0.026660479303398016,0.006341343803775841,0.006341343803775841,0.006341343803775841,,,2.310309887160795e-05,,,,,,
757,0,268,0.03555899230479919,39.78417770729158,,0.03243614956135259,,,2.310309887160795e-05,0.03243614956135259,0.032459252660224196,0.0030997396445749917,0.0030997396445749917,0.0030997396445749917,,,2.310309887160795e-05,,,,,,
759,0,590,0.009040377516027029,15.13742333701527,,0.005798773356826179,,,,0.005798773356826179,0.005798773356826179,0.0032416041592008495,0.0032416041592008495,0.0032416041592008495,,,,,,,,,
760,0,409,0.0047746073841450935,8.455235459098967,,0.0047746073841450935,,,,0.0047746073841450935,0.0047746073841450935,,,,,,,,,,,,
762,0,2142,0.028227215723028762,25.928553714549118,,0.021862768820381313,,,2.310309887160795e-05,0.021862768820381313,0.02188587191925292,0.006341343803775841,0.006341343803775841,0.006341343803775841,,,2.310309887160795e-05,,,,,,
763,0,613,0.03555899230479919,39.78417770729158,,0.03243614956135259,,,2.310309887160795e-05,0.03243614956135259,0.032459252660224196,0.0030997396445749917,0.0030997396445749917,0.0030997396445749917,,,2.310309887160795e-05,,,,,,
765,0,1284,0.2469314312315415,399.45715330664973,0.002744471094874461,0.14763222619640726,0.0052112655663827155,0.0024667944715082543,0.09929920503513423,0.1448877551015328,0.24172016566515875,,,,,,0.09683241056362597,,,,,,
766,0,1824,0.8245693921915855,433.77391566544463,,0.185276561872777,0.5792451936586134,0.5779023850969696,0.6177711305376891,0.185276561872777,0.22514530731349652,0.013761617907179408,0.013761617907179408,0.02017889121947558,0.006417273312296172,0.006417273312296172,0.03986874544071946,,,0.0013428085616438664,0.0013428085616438664,,
767,0,2022,0.0043719543562657035,0.34443138424068287,0.002744471094874461,0.002744471094874461,0.0043719543562657035,0.001627483261391242,0.001627483261391242,,,,,,,,,,,,,,
774,0,1810,0.1449647851891028,193.7751378046083,,0.10415541356774449,0.0406344506760324,0.04047828629247076,0.040562796278892616,0.10415541356774449,0.10426476785103216,,,,,,1.894332438355445e-05,6.556666203829847e-05,6.556666203829847e-05,0.00015616438356164385,0.0002465753424657534,,9.04109589041096e-05
775,0,274,0.012401928119027017,5.875584197714639,0.006435249426471708,0.011655078832870222,0.007182098712628504,0.0007468492861567958,0.0007468492861567958,0.005219829406398513,0.005219829406398513,,,,,,,,,,,,
776,0,1112,0.012401928119027017,5.875584197714639,0.006435249426471708,0.011655078832870222,0.007182098712628504,0.0007468492861567958,0.0007468492861567958,0.005219829406398513,0.005219829406398513,,,,,,,,,,,,
778,0,275,0.008176560462426909,14.479670974613008,,0.008176560462426909,,,,0.008176560462426909,0.008176560462426909,,,,,,,,,,,,
779,0,1015,0.4939978868607972,471.00437689605826,,0.07439390817775814,0.002920891780821921,,0.0422650757933532,0.07439390817775814,0.45833090246426217,0.03208093905923267,0.03208093905923267,0.032746092615713165,0.0006651535564804956,0.0006651535564804956,0.0422650757933532,,,0.002920891780821921,0.34459281027397276,,0.3416719184931508
780,0,1017,0.488789595036008,461.78114026627236,,0.06918561635296888,0.002920891780821921,,0.0422650757933532,0.06918561635296888,0.4531226106394729,0.03208093905923267,0.03208093905923267,0.032746092615713165,0.0006651535564804956,0.0006651535564804956,0.0422650757933532,,,0.002920891780821921,0.34459281027397276,,0.3416719184931508
781,0,276,0.0029682686376376576,5.256434344827091,,0.0029682686376376576,,,,0.0029682686376376576,0.0029682686376376576,,,,,,,,,,,,
782,0,1957,0.020389357550874492,29.873957247754724,0.0038487609163539377,0.01642899869371994,0.0042660020897103005,0.0004172411733563631,0.001048843023949227,0.012580237777366,0.013211839627958865,0.0029115158332053267,0.0029115158332053267,0.0029115158332053267,,,0.0006316018505928639,,,,,,
783,0,1958,0.007516092425329345,4.343689204982753,,0.006554879028353741,,,0.0009612133969756035,0.006554879028353741,0.007516092425329345,,,,,,0.0009612133969756035,,,,,,
784,0,277,0.01702200100258713,30.14384532219774,,0.01702200100258713,,,,0.01702200100258713,0.01702200100258713,,,,,,,,,,,,
785,0,526,0.025078471207155416,44.41085139583683,,0.025078471207155416,,,,0.025078471207155416,0.025078471207155416,,,,,,,,,,,,
786,0,278,0.0064835144120125145,11.481497125410868,,0.0064835144120125145,,,,0.0064835144120125145,0.0064835144120125145,,,,,,,,,,,,
787,0,285,0.010538486590574617,18.662348196786873,,0.010538486590574617,,,,0.010538486590574617,0.010538486590574617,,,,,,,,,,,,
788,0,279,0.01245947754552821,22.064184103309323,,0.01245947754552821,,,,0.01245947754552821,0.01245947754552821,,,,,,,,,,,,
789,0,282,0.005975963133515694,10.582686977898453,,0.005975963133515694,,,,0.005975963133515694,0.005975963133515694,,,,,,,,,,,,
791,0,392,0.006966928606494583,11.438959383443068,,0.003626272616546036,,,,0.003626272616546036,0.003626272616546036,0.0033406559899485464,0.0033406559899485464,0.0033406559899485464,,,,,,,,,
792,0,1423,0.006216503301112063,10.152707191742888,,0.0030344315721559934,,,,0.0030344315721559934,0.0030344315721559934,0.00318207172895607,0.00318207172895607,0.00318207172895607,,,,,,,,,
793,0,1425,0.015259706818238194,25.294862452277073,,0.008835017612119661,,,,0.008835017612119661,0.008835017612119661,0.006424689206118533,0.006424689206118533,0.006424689206118533,,,,,,,,,
794,0,393,0.013516605953025434,23.037622831654666,,0.010175949963076886,,,,0.010175949963076886,0.010175949963076886,0.0033406559899485464,0.0033406559899485464,0.0033406559899485464,,,,,,,,,
795,0,1776,0.023602511097609604,41.38038512241291,,0.020218667715548356,3.8356164383561644e-05,,4.8312277291377815e-06,0.020218667715548356,0.020218667715548356,0.0033406559899485464,0.0033406559899485464,0.0033406559899485464,,,,4.8312277291377815e-06,4.8312277291377815e-06,3.8356164383561644e-05,3.8356164383561644e-05,,
796,0,284,0.009491208907890552,16.80774975848223,,0.009491208907890552,,,,0.009491208907890552,0.009491208907890552,,,,,,,,,,,,
797,0,283,0.026595037859315444,42.77175943984606,0.002938310599943217,0.022671179234644616,0.002938310599943217,,0.0005555897202683199,0.0197328686347014,0.020288458354969723,0.003368268904402508,0.003368268904402508,0.003368268904402508,,,0.0005555897202683199,,,,,,
798,0,1016,0.5136372467635358,499.55018164905135,0.0038487609163539377,0.09007290922334216,0.0071868938705322225,0.0004172411733563631,0.043313918817302434,0.08622414830698821,0.4707927444440851,0.034992454892438,0.034992454892438,0.03565760844891849,0.0006651535564804956,0.0006651535564804956,0.04289667764394607,,,0.002920891780821921,0.34459281027397276,,0.3416719184931508
799,0,1903,0.5169355733737242,500.13423426954625,0.006787071516297155,0.08709326255016932,0.010125204470475439,0.0004172411733563631,0.042758329097034115,0.08030619103387215,0.46431919745070066,0.041826017896067484,0.041826017896067484,0.04249117145254798,0.0006651535564804956,0.0006651535564804956,0.04234108792367775,,,0.002920891780821921,0.34459281027397276,,0.3416719184931508
800,0,1977,0.003515245774374857,6.225062780583778,,0.003515245774374857,,,,0.003515245774374857,0.003515245774374857,,,,,,,,,,,,
801,0,1978,0.013277857554806503,20.09472221907107,0.002938310599943217,0.012722267834538184,0.002938310599943217,,0.0005555897202683199,0.009783957234594968,0.010339546954863287,,,,,,0.0005555897202683199,,,,,,
803,0,287,0.00334124025082382,1.5234666606667728,,0.0032118397018170534,,,0.00012940054900676662,0.0032118397018170534,0.00334124025082382,,,,,,0.00012940054900676662,,,,,,
804,0,528,0.006665235896545751,11.803303258582726,,0.006665235896545751,,,,0.006665235896545751,0.006665235896545751,,,,,,,,,,,,
805,0,529,0.00334124025082382,1.5234666606667728,,0.0032118397018170534,,,0.00012940054900676662,0.0032118397018170534,0.00334124025082382,,,,,,0.00012940054900676662,,,,,,
807,0,1959,0.00334124025082382,1.5234666606667728,,0.0032118397018170534,,,0.00012940054900676662,0.0032118397018170534,0.00334124025082382,,,,,,0.00012940054900676662,,,,,,
809,0,1901,0.0061113514081209755,2.4627661468712607,,0.0061113514081209755,,,,0.0061113514081209755,0.0061113514081209755,,,,,,,,,,,,
811,0,290,0.004386185515367434,6.7731608281141815,,0.0036593540838052037,,,0.0007268314315622304,0.0036593540838052037,0.004386185515367434,,,,,,0.0007268314315622304,,,,,,
813,0,1399,0.01399027096544372,17.410148154657477,,0.01399027096544372,,,,0.01399027096544372,0.01399027096544372,,,,,,,,,,,,
814,0,950,0.5103470339408058,510.6581525341202,0.0038487609163539377,0.08055484230516029,0.0071868938705322225,0.0004172411733563631,0.042700472797869315,0.07670608138880634,0.4606612315064701,0.04183375500732299,0.04183375500732299,0.042498908563803485,0.0006651535564804956,0.0006651535564804956,0.04228323162451295,,,0.002920891780821921,0.34459281027397276,,0.3416719184931508
815,0,951,0.5147332194561733,517.4313133622343,0.0038487609163539377,0.08421419638896548,0.0071868938705322225,0.0004172411733563631,0.04342730422943155,0.08036543547261156,0.4650474170218375,0.04183375500732299,0.04183375500732299,0.042498908563803485,0.0006651535564804956,0.0006651535564804956,0.04301006305607519,,,0.002920891780821921,0.34459281027397276,,0.3416719184931508
816,0,292,0.010938182318938193,16.033061826484058,,0.004633671270205351,,,0.001492845422510931,0.004633671270205351,0.00612720196668879,0.0048109803522494,0.0048109803522494,0.0048109803522494,,,0.001492845422510931,,,,6.852739725086756e-07,,6.852739725086756e-07
817,0,1214,0.4441992886236367,365.7191268317974,0.0176729337665279,0.09653811037673704,0.024690036869224823,0.004096211321875001,0.04986126496612771,0.07886517661020916,0.33909735422706444,0.07815664912172482,0.07815664912172482,0.08041189752734755,0.0022552484056227308,0.0022552484056227308,0.04576505364425271,,,0.002920891780821921,0.21738801575342448,,0.21446712397260256
818,0,1215,0.43326110630469855,349.68606500531325,0.0176729337665279,0.09190443910653169,0.024690036869224823,0.004096211321875001,0.04836841954361677,0.0742315053400038,0.33297015226037563,0.07334566876947542,0.07334566876947542,0.07560091717509815,0.0022552484056227308,0.0022552484056227308,0.04427220822174178,,,0.002920891780821921,0.21738733047945197,,0.21446643869863005
819,0,293,0.010938182318938193,16.033061826484058,,0.004633671270205351,,,0.001492845422510931,0.004633671270205351,0.00612720196668879,0.0048109803522494,0.0048109803522494,0.0048109803522494,,,0.001492845422510931,,,,6.852739725086756e-07,,6.852739725086756e-07
820,0,300,0.025826671028483475,16.74605788860412,,0.02222043429876936,,,0.003605551455741606,0.02222043429876936,0.025826671028483475,,,,,,0.003605551455741606,,,,6.852739725086756e-07,,6.852739725086756e-07
822,0,952,0.49976880912830324,491.88135173675255,0.0038487609163539377,0.07278205701160896,0.0071868938705322225,0.0004172411733563631,0.04342730422943155,0.06893329609525503,0.453615277644481,0.03830148405680949,0.03830148405680949,0.03896663761328999,0.0006651535564804956,0.0006651535564804956,0.04301006305607519,,,0.002920891780821921,0.34459281027397276,,0.3416719184931508
826,0,298,0.006076672430006515,6.498130630978627,0.002938310599943217,0.002938310599943217,0.002938310599943217,,,,,0.0031383618300632977,0.0031383618300632977,0.0031383618300632977,,,,,,,,,
827,0,299,0.006076672430006515,6.498130630978627,0.002938310599943217,0.002938310599943217,0.002938310599943217,,,,,0.0031383618300632977,0.0031383618300632977,0.0031383618300632977,,,,,,,,,
829,0,1733,0.006076672430006515,6.498130630978627,0.002938310599943217,0.002938310599943217,0.002938310599943217,,,,,0.0031383618300632977,0.0031383618300632977,0.0031383618300632977,,,,,,,,,
830,0,309,0.011533768316069866,17.361702683718885,,0.009294532787473032,3.4280821917804445e-07,,0.002238892720377657,0.009294532787473032,0.01153342550785069,,,,,,0.002238892720377657,,,3.4280821917804445e-07,3.4280821917804445e-07,,
831,0,310,0.011533768316069866,17.361702683718885,,0.009294532787473032,3.4280821917804445e-07,,0.002238892720377657,0.009294532787473032,0.01153342550785069,,,,,,0.002238892720377657,,,3.4280821917804445e-07,3.4280821917804445e-07,,
834,0,312,0.03226989313321839,42.022765863108845,0.010365346184654178,0.02807072873007452,0.010365688992873354,,0.004198821594924685,0.017705382545420346,0.021904204140345034,,,,,,0.004198821594924685,,,3.4280821917804445e-07,3.4280821917804445e-07,,
836,0,1729,0.4195602324685601,358.5580987083008,0.007307587581873722,0.06799349984989919,0.014324347876351465,0.004096211321875001,0.04355190377508471,0.06068591226802547,0.3146038974661086,0.08837190749274819,0.08837190749274819,0.09062715589837092,0.0022552484056227308,0.0022552484056227308,0.03945086122548057,4.8312277291377815e-06,4.8312277291377815e-06,0.002920548972602743,0.2173876729452053,,0.21446712397260256
838,0,1752,0.036339819947664775,49.23009973347405,0.010365346184654178,0.03214065554452091,0.010365688992873354,,0.004198821594924685,0.02177530935986673,0.025974130954791418,,,,,,0.004198821594924685,,,3.4280821917804445e-07,3.4280821917804445e-07,,
840,0,314,0.036339819947664775,49.23009973347405,0.010365346184654178,0.03214065554452091,0.010365688992873354,,0.004198821594924685,0.02177530935986673,0.025974130954791418,,,,,,0.004198821594924685,,,3.4280821917804445e-07,3.4280821917804445e-07,,
841,0,1727,0.45773222189744156,411.0327425724826,0.0176729337665279,0.10196632487563673,0.024690036869224823,0.004096211321875001,0.04775072537000939,0.08429339110910883,0.3424101979021167,0.08837190749274819,0.08837190749274819,0.09062715589837092,0.0022552484056227308,0.0022552484056227308,0.04364968282040526,4.8312277291377815e-06,4.8312277291377815e-06,0.002920891780821921,0.21738801575342448,,0.21446712397260256
842,0,1751,0.036339819947664775,49.23009973347405,0.010365346184654178,0.03214065554452091,0.010365688992873354,,0.004198821594924685,0.02177530935986673,0.025974130954791418,,,,,,0.004198821594924685,,,3.4280821917804445e-07,3.4280821917804445e-07,,
844,0,315,0.264006250685388,465.84306019776636,,0.0038356375189259745,3.8356164383561644e-05,,0.031606197590480264,0.0038356375189259745,0.25754320531488595,0.006424689206118533,0.006424689206118533,0.006424689206118533,,,0.031606197590480264,,,3.8356164383561644e-05,0.22213972636986326,,0.2221013702054797
845,0,963,0.0354801912737898,62.88002911910668,,0.0038356375189259745,3.8356164383561644e-05,,0.031606197590480264,0.0038356375189259745,0.03544183510940624,,,,,,0.031606197590480264,,,3.8356164383561644e-05,3.8356164383561644e-05,,
846,0,1225,0.006424689206118533,9.649145813078757,,,,,,,,0.006424689206118533,0.006424689206118533,0.006424689206118533,,,,,,,,,
848,0,317,0.015800433055362172,27.514849888900592,,0.012454945837684485,,,4.8312277291377815e-06,0.012454945837684485,0.012454945837684485,0.0033406559899485464,0.0033406559899485464,0.0033406559899485464,,,,4.8312277291377815e-06,4.8312277291377815e-06,,,,
849,0,1212,0.43787245388139384,367.08194092699097,0.0176729337665279,0.08513139633757083,0.024690036869224823,0.004096211321875001,0.051380851604922784,0.06745846257104293,0.3292102268266933,0.08171694177985304,0.08171694177985304,0.08397219018547578,0.0022552484056227308,0.0022552484056227308,0.04728464028304779,,,0.002920891780821921,0.21738801575342448,,0.21446712397260256
850,0,1730,0.45925667594783837,403.59346900363664,0.0176729337665279,0.09985582146339109,0.024690036869224823,0.004096211321875001,0.05138568283265192,0.08218288769686319,0.34393465195251355,0.08837190749274819,0.08837190749274819,0.09062715589837092,0.0022552484056227308,0.0022552484056227308,0.04728464028304779,4.8312277291377815e-06,4.8312277291377815e-06,0.002920891780821921,0.21738801575342448,,0.21446712397260256
851,0,318,0.1659952667410827,293.4912080225571,,0.035444299728884236,,,4.8312277291377815e-06,0.035444299728884236,0.16264977952340504,0.0033406559899485464,0.0033406559899485464,0.0033406559899485464,,,,4.8312277291377815e-06,4.8312277291377815e-06,,0.1272054797945208,,0.1272054797945208
852,0,1441,0.15019483368572054,265.9763581336565,,0.022989353891199753,,,,0.022989353891199753,0.15019483368572054,,,,,,,,,,0.1272054797945208,,0.1272054797945208
854,0,1745,0.006634420283208444,11.748732642483757,,0.006634420283208444,,,,0.006634420283208444,0.006634420283208444,,,,,,,,,,,,
855,0,319,0.008873373776503221,15.762666652011747,,0.008835017612119661,3.8356164383561644e-05,,,0.008835017612119661,0.008835017612119661,,,,,,,,,3.8356164383561644e-05,3.8356164383561644e-05,,
856,0,1774,0.008835017612119661,15.645716639198316,,0.008835017612119661,,,,0.008835017612119661,0.008835017612119661,,,,,,,,,,,,
857,0,1775,3.8356164383561644e-05,0.11695001281343136,,,3.8356164383561644e-05,,,,,,,,,,,,,3.8356164383561644e-05,3.8356164383561644e-05,,
859,0,1742,0.15019483368572054,265.9763581336565,,0.022989353891199753,,,,0.022989353891199753,0.15019483368572054,,,,,,,,,,0.1272054797945208,,0.1272054797945208
860,0,321,0.0011907058585675276,2.1085918876070453,,,,,0.0011907058585675276,,0.0011907058585675276,,,,,,0.0011907058585675276,,,,,,
861,0,322,0.013087345289905511,23.176059738049915,,0.011896639431337983,,,0.0011907058585675276,0.011896639431337983,0.013087345289905511,,,,,,0.0011907058585675276,,,,,,
862,0,1734,0.011896639431337983,21.06746785044287,,0.011896639431337983,,,,0.011896639431337983,0.011896639431337983,,,,,,,,,,,,
863,0,325,0.13948890011295006,247.0174821708207,,0.011092714459861769,,,0.0011907058585675276,0.011092714459861769,0.13948890011295006,,,,,,0.0011907058585675276,,,,0.1272054797945208,,0.1272054797945208
864,0,1739,0.13829819425438256,244.90889028321365,,0.011092714459861769,,,,0.011092714459861769,0.13829819425438256,,,,,,,,,,0.1272054797945208,,0.1272054797945208
866,0,1738,0.013087345289905511,23.176059738049915,,0.011896639431337983,,,0.0011907058585675276,0.011896639431337983,0.013087345289905511,,,,,,0.0011907058585675276,,,,,,
867,0,323,0.13829819425438256,244.90889028321365,,0.011092714459861769,,,,0.011092714459861769,0.13829819425438256,,,,,,,,,,0.1272054797945208,,0.1272054797945208
868,0,1736,0.0011907058585675276,2.1085918876070453,,,,,0.0011907058585675276,,0.0011907058585675276,,,,,,0.0011907058585675276,,,,,,
869,0,324,0.13881810195924738,245.8295821240191,,0.011092714459861769,,,0.0005199077048648312,0.011092714459861769,0.13881810195924738,,,,,,0.0005199077048648312,,,,0.1272054797945208,,0.1272054797945208
870,0,1737,0.0005199077048648312,0.9206918408054586,,,,,0.0005199077048648312,,0.0005199077048648312,,,,,,0.0005199077048648312,,,,,,
874,0,329,0.009840135827072868,16.47655769286876,,0.006311762684735465,,,,0.006311762684735465,0.006311762684735465,0.0035283731423374045,0.0035283731423374045,0.0035283731423374045,,,,,,,,,
876,0,889,0.009840135827072868,16.47655769286876,,0.006311762684735465,,,,0.006311762684735465,0.006311762684735465,0.0035283731423374045,0.0035283731423374045,0.0035283731423374045,,,,,,,,,
877,0,330,0.006743203545298301,7.027340654995116,,0.0028211563748741417,,,,0.0028211563748741417,0.0028211563748741417,0.00392204717042416,0.00392204717042416,0.00392204717042416,,,,,,,,,
879,0,1944,0.006743203545298301,7.027340654995116,,0.0028211563748741417,,,,0.0028211563748741417,0.0028211563748741417,0.00392204717042416,0.00392204717042416,0.00392204717042416,,,,,,,,,
881,0,490,0.006743203545298301,7.027340654995116,,0.0028211563748741417,,,,0.0028211563748741417,0.0028211563748741417,0.00392204717042416,0.00392204717042416,0.00392204717042416,,,,,,,,,
883,0,1396,0.8770835256212495,1417.0543671682894,0.004210270065634818,0.1932497751167704,0.11817184113629611,0.004352321070661271,0.28368202838846496,0.1890395050511356,0.47019802043470627,0.2813894877758066,0.2813894877758066,0.28742089643108254,0.006031408655276033,0.006031408655276033,0.2792900222328858,3.9685084917917496e-05,0.0012927676191645076,0.10960925000000002,0.11273082568493155,0.00125308253424659,0.0018684931506849315
884,0,1397,0.8770835256212495,1417.0543671682894,0.004210270065634818,0.1932497751167704,0.11817184113629611,0.004352321070661271,0.28368202838846496,0.1890395050511356,0.47019802043470627,0.2813894877758066,0.2813894877758066,0.28742089643108254,0.006031408655276033,0.006031408655276033,0.2792900222328858,3.9685084917917496e-05,0.0012927676191645076,0.10960925000000002,0.11273082568493155,0.00125308253424659,0.0018684931506849315
886,0,336,0.0035283731423374045,5.299211501303613,,,,,,,,0.0035283731423374045,0.0035283731423374045,0.0035283731423374045,,,,,,,,,
887,0,891,0.0035283731423374045,5.299211501303613,,,,,,,,0.0035283731423374045,0.0035283731423374045,0.0035283731423374045,,,,,,,,,
888,0,539,0.0030045223003874306,5.3206350696494065,,0.0030045223003874306,,,,0.0030045223003874306,0.0030045223003874306,,,,,,,,,,,,
889,0,695,0.0030045223003874306,5.3206350696494065,,0.0030045223003874306,,,,0.0030045223003874306,0.0030045223003874306,,,,,,,,,,,,
890,0,333,0.020374085407865755,30.17113176847551,,0.012886941856798933,,,2.4379168718131245e-07,0.012886941856798933,0.012887185648486114,0.007486899759379642,0.007486899759379642,0.007486899759379642,,,2.4379168718131245e-07,,,,,,
891,0,337,0.020374085407865755,30.17113176847551,,0.012886941856798933,,,2.4379168718131245e-07,0.012886941856798933,0.012887185648486114,0.007486899759379642,0.007486899759379642,0.007486899759379642,,,2.4379168718131245e-07,,,,,,
893,0,2062,0.020374085407865755,30.17113176847551,,0.012886941856798933,,,2.4379168718131245e-07,0.012886941856798933,0.012887185648486114,0.007486899759379642,0.007486899759379642,0.007486899759379642,,,2.4379168718131245e-07,,,,,,
895,0,352,0.03995345773719432,66.75347636966693,,0.039328133591804704,,,0.0006253241453896104,0.039328133591804704,0.03995345773719432,,,,,,0.0006253241453896104,,,,,,
896,0,908,0.018377793592780977,28.557387074901378,,0.0035542184618308627,,,,0.0035542184618308627,0.0035542184618308627,0.014823575130950116,0.014823575130950116,0.014823575130950116,,,,,,,,,
897,0,1389,0.044928503364970826,77.67011110382514,,0.03726695262362907,,,0.0006253241453896104,0.03726695262362907,0.037892276769018685,0.00703622659595214,0.00703622659595214,0.00703622659595214,,,0.0006253241453896104,,,,,,
898,0,341,0.02220776648550762,38.32575842741961,,0.018484836294540466,,,,0.018484836294540466,0.018484836294540466,0.0037229301909671524,0.0037229301909671524,0.0037229301909671524,,,,,,,,,
899,0,1030,0.006634420283208444,11.748732642483757,,0.006634420283208444,,,,0.006634420283208444,0.006634420283208444,,,,,,,,,,,,
900,0,340,0.0035283731423374045,5.299211501303613,,,,,,,,0.0035283731423374045,0.0035283731423374045,0.0035283731423374045,,,,,,,,,
901,0,694,0.0030045223003874306,5.3206350696494065,,0.0030045223003874306,,,,0.0030045223003874306,0.0030045223003874306,,,,,,,,,,,,
902,0,338,0.020374085407865755,30.17113176847551,,0.012886941856798933,,,2.4379168718131245e-07,0.012886941856798933,0.012887185648486114,0.007486899759379642,0.007486899759379642,0.007486899759379642,,,2.4379168718131245e-07,,,,,,
904,0,345,0.01572636584334487,21.94059884625465,,0.008239222292278046,,,2.4379168718131245e-07,0.008239222292278046,0.008239466083965226,0.007486899759379642,0.007486899759379642,0.007486899759379642,,,2.4379168718131245e-07,,,,,,
905,0,532,0.004647719564520888,8.230532922220862,,0.004647719564520888,,,,0.004647719564520888,0.004647719564520888,,,,,,,,,,,,
906,0,339,0.0035283731423374045,5.299211501303613,,,,,,,,0.0035283731423374045,0.0035283731423374045,0.0035283731423374045,,,,,,,,,
908,0,1181,0.01684571226552835,24.8719202671719,,0.012886941856798933,,,2.4379168718131245e-07,0.012886941856798933,0.012887185648486114,0.003958526617042237,0.003958526617042237,0.003958526617042237,,,2.4379168718131245e-07,,,,,,
909,0,2064,0.0035283731423374045,5.299211501303613,,,,,,,,0.0035283731423374045,0.0035283731423374045,0.0035283731423374045,,,,,,,,,
911,0,342,0.015573346202299176,26.57702578493585,,0.011850416011332023,,,,0.011850416011332023,0.011850416011332023,0.0037229301909671524,0.0037229301909671524,0.0037229301909671524,,,,,,,,,
912,0,1406,0.006634420283208444,11.748732642483757,,0.006634420283208444,,,,0.006634420283208444,0.006634420283208444,,,,,,,,,,,,
913,0,1372,0.02664327226422054,47.181919322399246,,0.02608768254395222,,,0.0005555897202683199,0.02608768254395222,0.02664327226422054,,,,,,0.0005555897202683199,,,,,,
914,0,344,0.04069353785906811,65.31503367483074,,0.029530545254435308,,,0.0005558335119555013,0.029530545254435308,0.03008637876639081,0.010607159092677301,0.010607159092677301,0.010607159092677301,,,0.0005558335119555013,,,,,,
915,0,348,0.0445379377927797,66.43576013627754,,0.028835787379100267,,,0.0005558335119555013,0.028835787379100267,0.029391620891055768,0.015146316901723942,0.015146316901723942,0.015146316901723942,,,0.0005558335119555013,,,,,,
917,0,604,0.012079720428224337,21.391681510795564,,0.012079720428224337,,,,0.012079720428224337,0.012079720428224337,,,,,,,,,,,,
918,0,1032,0.016265208131313668,28.803659332951128,,0.01570961841104535,,,0.0005555897202683199,0.01570961841104535,0.016265208131313668,,,,,,0.0005555897202683199,,,,,,
919,0,346,0.07046892427996503,107.16613575785351,,0.05062433003921053,,,0.0005558335119555013,0.05062433003921053,0.05118016355116603,0.01928876072879899,0.01928876072879899,0.01928876072879899,,,0.0005558335119555013,,,,,,
920,0,350,0.030154439501536047,53.39975952144052,,0.029598849781267728,,,0.0005555897202683199,0.029598849781267728,0.030154439501536047,,,,,,0.0005555897202683199,,,,,,
921,0,347,0.04866496412605698,73.7442101482379,,0.03296281371237754,,,0.0005558335119555013,0.03296281371237754,0.033518647224333044,0.015146316901723942,0.015146316901723942,0.015146316901723942,,,0.0005558335119555013,,,,,,
922,0,1227,0.021803960153908033,33.421925609615634,,0.017661516326832986,,,,0.017661516326832986,0.017661516326832986,0.004142443827075046,0.004142443827075046,0.004142443827075046,,,,,,,,,
923,0,427,0.004127026333277275,7.308450011960356,,0.004127026333277275,,,,0.004127026333277275,0.004127026333277275,,,,,,,,,,,,
925,0,1158,0.10718868681466641,180.19847015061623,,0.10217848485529181,1.7975151009657913e-05,1.7975151009657913e-05,0.0008402190513745376,0.10217848485529181,0.1031678523857939,0.004002859277862818,0.004002859277862818,0.004002859277862818,,,0.0008222439003648796,,,,0.000167123630137233,,0.000167123630137233
926,0,1161,0.005484345034649588,9.712092508566645,,0.0054548167314877076,,,2.9528303161879836e-05,0.0054548167314877076,0.005484345034649588,,,,,,2.9528303161879836e-05,,,,,,
927,0,1368,0.014014781951334005,19.90440103623107,,0.010092734780909845,,,,0.010092734780909845,0.010092734780909845,0.00392204717042416,0.00392204717042416,0.00392204717042416,,,,,,,,,
928,0,1369,0.014014781951334005,19.90440103623107,,0.010092734780909845,,,,0.010092734780909845,0.010092734780909845,0.00392204717042416,0.00392204717042416,0.00392204717042416,,,,,,,,,
929,0,1515,0.03995345773719432,66.75347636966693,,0.039328133591804704,,,0.0006253241453896104,0.039328133591804704,0.03995345773719432,,,,,,0.0006253241453896104,,,,,,
930,0,353,0.037154959707510246,59.70884542186879,,0.02977496499308081,,,,0.02977496499308081,0.02977496499308081,0.007379994714429442,0.007379994714429442,0.007379994714429442,,,,,,,,,
931,0,387,0.728224225251608,1207.874797227594,0.011800234418485107,0.14354921203712623,0.12410645218754654,0.002696967769061401,0.27077119025719915,0.13174897761864113,0.40032598077528564,0.19646761601433527,0.19646761601433527,0.2024990246696113,0.006031408655276033,0.006031408655276033,0.2680345374032198,3.9685084917917496e-05,0.0012927676191645076,0.10960925000000002,0.11140479828767128,0.00125308253424659,0.0005424657534246575
932,0,389,0.7614572137775769,1259.7403971054855,0.011800234418485107,0.1660317527680902,0.12410645218754654,0.002696967769061401,0.2708035206427302,0.1542315183496051,0.4228408518917807,0.20718573342380925,0.20718573342380925,0.21321714207908524,0.006031408655276033,0.006031408655276033,0.2680668677887509,3.9685084917917496e-05,0.0012927676191645076,0.10960925000000002,0.11140479828767128,0.00125308253424659,0.0005424657534246575
933,0,354,0.05865173957313549,87.45910066328342,0.002996176917944537,0.05159607374428256,0.002996176917944537,,0.00385549792435178,0.04859989682633802,0.0524553947506898,0.0032001679045011587,0.0032001679045011587,0.0032001679045011587,,,0.00385549792435178,,,,,,
934,0,1955,0.046926304775950216,70.89774835284084,,0.039546310061520776,,,,0.039546310061520776,0.039546310061520776,0.007379994714429442,0.007379994714429442,0.007379994714429442,,,,,,,,,
935,0,1956,0.06842308464157547,98.64800359425547,0.002996176917944537,0.06136741881272253,0.002996176917944537,,0.00385549792435178,0.05837124189477799,0.06222673981912977,0.0032001679045011587,0.0032001679045011587,0.0032001679045011587,,,0.00385549792435178,,,,,,
936,0,685,0.06357205101026898,99.73724719103726,,0.03436866695710229,,,0.01372064558818715,0.03436866695710229,0.04808931254528944,0.015482738464979547,0.015482738464979547,0.015482738464979547,,,0.01372064558818715,,,,,,
937,0,1820,0.0764387990249009,113.23195445667682,,0.03905486842936828,,,0.012167513120786419,0.03905486842936828,0.0512223815501547,0.02521641747474621,0.02521641747474621,0.02521641747474621,,,0.012167513120786419,,,,,,
938,0,1468,0.0407457379488541,57.30099031834156,,0.017382271776163,0.009580821917808218,,,0.017382271776163,0.017382271776163,0.013782644254882886,0.013782644254882886,0.013782644254882886,,,,,,0.009580821917808218,0.009580821917808218,,
939,0,1784,0.026247263975508785,158.7504746424603,,0.024994181441262198,,,,0.024994181441262198,0.024994181441262198,,,,,,,,0.00125308253424659,,0.00125308253424659,0.00125308253424659,
940,0,356,0.03478562089875456,45.2364109300287,,0.0063783787900381726,1.8496575342491467e-05,,0.014237022307346416,0.0063783787900381726,0.025652389796015147,0.009094528705479095,0.009094528705479095,0.009094528705479095,,,0.014237022307346416,,2.0205821917822858e-05,1.8496575342491467e-05,0.005075691095890874,2.0205821917822858e-05,0.00503698869863056
941,0,617,0.03553541306494742,45.53856386491561,,0.0063783787900381726,1.8496575342491467e-05,,0.014986814473539275,0.0063783787900381726,0.02640218196220801,0.009094528705479095,0.009094528705479095,0.009094528705479095,,,0.014986814473539275,,2.0205821917822858e-05,1.8496575342491467e-05,0.005075691095890874,2.0205821917822858e-05,0.00503698869863056
942,0,1700,0.0007497921661928585,0.30215293488691647,,,,,0.0007497921661928585,,0.0007497921661928585,,,,,,0.0007497921661928585,,,,,,
943,0,799,0.03880162004739488,52.34824531498399,,0.010394378281144269,1.8496575342491467e-05,,0.014237022307346416,0.010394378281144269,0.029668388944655455,0.009094528705479095,0.009094528705479095,0.009094528705479095,,,0.014237022307346416,,2.0205821917822858e-05,1.8496575342491467e-05,0.005075690753425081,2.0205821917822858e-05,0.005036988356164767
944,0,836,3.4246579235850603e-10,9.072367152085474e-07,,,,,,,3.4246579235850603e-10,,,,,,,,,,3.4246579235850603e-10,,3.4246579235850603e-10
946,0,357,0.04622554435588534,64.97128533827572,,0.020284261479189356,,,0.00042466995582184726,0.020284261479189356,0.020708931435011204,0.025516612920874145,0.025516612920874145,0.025516612920874145,,,0.00042466995582184726,,,,,,
947,0,1185,0.9081295951874424,1487.6490831846866,0.004210270065634818,0.060586021108391626,0.12057389730067966,0.004352321070661271,0.32572904195589397,0.056375751042756814,0.3797303030351381,0.40031810109194743,0.40031810109194743,0.4060953485615127,0.0057772474695652895,0.0057772474695652895,0.32089975712936764,0.00047696375586507513,0.0017300462901116652,0.11201130616438358,0.1157191835616439,0.00125308253424659,0.0024547948630137375
948,0,1191,0.9543551395433276,1552.6203685229623,0.004210270065634818,0.08087028258758099,0.12057389730067966,0.004352321070661271,0.3261537119117158,0.07666001252194618,0.40043923447014934,0.4258347140128216,0.4258347140128216,0.43161196148238684,0.0057772474695652895,0.0057772474695652895,0.3213244270851895,0.00047696375586507513,0.0017300462901116652,0.11201130616438358,0.1157191835616439,0.00125308253424659,0.0024547948630137375
949,0,358,0.002884459692977078,4.306739339478509,,,,,2.310309887160795e-05,,2.310309887160795e-05,0.00286135659410547,0.00286135659410547,0.00286135659410547,,,2.310309887160795e-05,,,,,,
950,0,1643,0.043341084662908265,60.664545998797216,,0.020284261479189356,,,0.0004015668569502393,0.020284261479189356,0.020685828336139595,0.022655256326768677,0.022655256326768677,0.022655256326768677,,,0.0004015668569502393,,,,,,
951,0,1046,0.026914254942646425,25.30922366292468,,0.026891151843774816,,,2.310309887160795e-05,0.026891151843774816,0.026914254942646425,,,,,,2.310309887160795e-05,,,,,,
952,0,359,0.008699870145447909,14.651497144797974,,0.00589348605075996,,,,0.00589348605075996,0.00589348605075996,0.0028063840946879496,0.0028063840946879496,0.0028063840946879496,,,,,,,,,
953,0,1186,0.924665942040152,1535.7751353932902,0.004210270065634818,0.06730598443392066,0.12057389730067966,0.004352321070661271,0.30722242846751247,0.06309571436828583,0.3679436528722856,0.42864109810750955,0.42864109810750955,0.4344183455770748,0.0057772474695652895,0.0057772474695652895,0.30239314364098613,0.00047696375586507513,0.0017300462901116652,0.11201130616438358,0.1157191835616439,0.00125308253424659,0.0024547948630137375
954,0,1187,0.915966071894704,1521.1236382484922,0.004210270065634818,0.06141249838316069,0.12057389730067966,0.004352321070661271,0.30722242846751247,0.05720222831752587,0.36205016682152563,0.4258347140128216,0.4258347140128216,0.43161196148238684,0.0057772474695652895,0.0057772474695652895,0.30239314364098613,0.00047696375586507513,0.0017300462901116652,0.11201130616438358,0.1157191835616439,0.00125308253424659,0.0024547948630137375
956,0,572,0.00786024725493514,13.919519650538305,,0.00786024725493514,,,,0.00786024725493514,0.00786024725493514,,,,,,,,,,,,
963,0,1936,0.002965096442147053,5.250816781405139,,0.002965096442147053,,,,0.002965096442147053,0.002965096442147053,,,,,,,,,,,,
964,0,1937,0.002965096442147053,5.250816781405139,,0.002965096442147053,,,,0.002965096442147053,0.002965096442147053,,,,,,,,,,,,
966,0,495,0.04540790576428258,54.810209742211164,,0.022575608965067974,,,0.017708454526317113,0.022575608965067974,0.04028406349138508,0.005123842272897497,0.005123842272897497,0.005123842272897497,,,0.017708454526317113,,,,,,
967,0,1192,1.0784142136942418,1663.5168497773982,0.004210270065634818,0.08870401469820234,0.11979181980239259,0.0035692158326481507,0.28155095298862115,0.08449374463256752,0.513084135498429,0.4380588752427433,0.4380588752427433,0.4438071843635819,0.005748309120838673,0.005748309120838673,0.277504773400108,0.00047696375586507513,0.0017310740298377072,0.1120123339041096,0.26435206164383585,0.001254110273972632,0.1510856174657536
969,0,1301,1.1238221194585243,1718.3270595196093,0.004210270065634818,0.11127962366327031,0.11979181980239259,0.0035692158326481507,0.2992594075149383,0.10706935359763549,0.5533681989898142,0.44318271751564076,0.44318271751564076,0.4489310266364794,0.005748309120838673,0.005748309120838673,0.295213227926425,0.00047696375586507513,0.0017310740298377072,0.1120123339041096,0.26435206164383585,0.001254110273972632,0.1510856174657536
970,0,364,0.02268695118049164,39.704834943986114,,0.02084449656876631,0.000832531177507973,0.000832531177507973,0.001842454611725329,0.02084449656876631,0.021854420002983665,,,,,,0.001009923434217356,,,,,,
971,0,1184,1.0875938055462762,1671.4877193762572,0.004210270065634818,0.09551243069772662,0.11979181980239259,0.0035692158326481507,0.28392212884113127,0.0913021606320918,0.5222637273504633,0.4380588752427433,0.4380588752427433,0.4438071843635819,0.005748309120838673,0.005748309120838673,0.279875949252618,0.00047696375586507513,0.0017310740298377072,0.1120123339041096,0.26435206164383585,0.001254110273972632,0.1510856174657536
972,0,1188,1.0878882561215901,1685.5639986661165,0.004210270065634818,0.10041173649557782,0.12057492504040568,0.004352321070661271,0.2826665572329806,0.096201466429943,0.5251243563021508,0.43471061936808264,0.43471061936808264,0.44045892848892126,0.005748309120838673,0.005748309120838673,0.2778372724064543,0.00047696375586507513,0.0017300462901116652,0.1120123339041096,0.2643510339041098,0.00125308253424659,0.1510856174657536
973,0,365,0.002965096442147053,5.250816781405139,,0.002965096442147053,,,,0.002965096442147053,0.002965096442147053,,,,,,,,,,,,
974,0,1444,0.03309561727689282,58.194066065433304,,0.031162742158136053,0.0009014120620390182,0.0009014120620390182,0.0019328751187567736,0.031162742158136053,0.032194205214853805,,,,,,0.001031463056717755,,,,,,
976,0,1935,0.002965096442147053,5.250816781405139,,0.002965096442147053,,,,0.002965096442147053,0.002965096442147053,,,,,,,,,,,,
979,0,932,0.04070938123283786,70.14382224832461,,0.0033131316045448725,,,0.03252852347019325,0.0033131316045448725,0.035841655074738125,0.0048677261580997435,0.0048677261580997435,0.0048677261580997435,,,0.03252852347019325,,,,,,
980,0,368,0.029537877851845633,50.43717084655369,,0.022415639678184596,,,0.00016758367361876598,0.022415639678184596,0.022583223351803364,0.006954654500042272,0.006954654500042272,0.006954654500042272,,,0.00016758367361876598,,,,,,
981,0,1352,0.7741804681637429,1304.190276594616,,0.10707142055807764,0.004177601021534679,0.002687188007836016,0.15416284160943122,0.10707142055807764,0.6145487118219995,0.15309425978807026,0.15309425978807026,0.15544414777705523,0.002349887988984968,0.002349887988984968,0.15146564605844198,1.0007543153213977e-05,1.0007543153213977e-05,0.0014904130136986625,0.3575020582191786,,0.3560116452054799
982,0,1711,0.8153698579826428,1369.4034785917893,,0.13311386999346364,0.004177601021534679,0.002687188007836016,0.1553728600784067,0.13311386999346364,0.6418011797263611,0.16703118170260878,0.16703118170260878,0.16938106969159375,0.002349887988984968,0.002349887988984968,0.15267566452741746,1.0007543153213977e-05,1.0007543153213977e-05,0.0014904130136986625,0.3575020582191786,,0.3560116452054799
983,0,1364,0.025526761494891196,41.26616292414749,,0.025521510167863658,,,5.251327027537749e-06,0.025521510167863658,0.025526761494891196,,,,,,5.251327027537749e-06,,,,,,
984,0,1708,0.012992797497299431,22.214623028184707,,0.009878669928528748,,,0.00016233234659122821,0.009878669928528748,0.010041002275119976,0.0029517952221794538,0.0029517952221794538,0.0029517952221794538,,,0.00016233234659122821,,,,,,
985,0,369,0.04213809389191666,73.01782516945572,,0.03509218602942707,0.00012843214797225093,0.0001274044082462232,0.0006056193211817578,0.03509218602942707,0.035592319093047574,0.006417342650896836,0.006417342650896836,0.006417342650896836,,,0.0004782149129355346,,,1.0277397260277404e-06,2.2945890410998183e-05,,2.191815068497044e-05
986,0,1644,0.5836209237785983,980.2875857260674,0.004000477140896948,0.06956069451601754,0.011022195804804628,0.004101169691304935,0.014071722664010671,0.0655602173751206,0.4315156661748921,0.13882298216554967,0.13882298216554967,0.1410782305711724,0.0022552484056227308,0.0022552484056227308,0.009965721744976598,4.8312277291377815e-06,4.8312277291377815e-06,0.002920548972602743,0.35891027602739767,,0.3559897270547949
987,0,1713,0.024943410874254026,43.34598544024464,,0.021760807894766823,,,0.00011300954427020607,0.021760807894766823,0.02187381743903703,0.0030695934352169964,0.0030695934352169964,0.0030695934352169964,,,0.00011300954427020607,,,,,,
988,0,1719,0.017194683017662634,29.671839729211065,,0.013331378134660246,0.00012843214797225093,0.0001274044082462232,0.0004926097769115517,0.013331378134660246,0.013718501654010545,0.0033477492156798396,0.0033477492156798396,0.0033477492156798396,,,0.00036520536866532853,,,1.0277397260277404e-06,2.2945890410998183e-05,,2.191815068497044e-05
989,0,370,0.6013707808169737,805.3631870689379,,,0.1122143876712329,,,,0.34207465856164404,0.14013218333301225,0.14013218333301225,0.14582865204985015,0.005696468716837856,0.005696468716837856,,,0.00125308253424659,0.1122143876712329,0.4555421287671236,0.00125308253424659,0.34207465856164404
991,0,2075,0.6013707808169737,805.3631870689379,,,0.1122143876712329,,,,0.34207465856164404,0.14013218333301225,0.14013218333301225,0.14582865204985015,0.005696468716837856,0.005696468716837856,,,0.00125308253424659,0.1122143876712329,0.4555421287671236,0.00125308253424659,0.34207465856164404
992,0,373,0.6013707808169737,805.3631870689379,,,0.1122143876712329,,,,0.34207465856164404,0.14013218333301225,0.14013218333301225,0.14582865204985015,0.005696468716837856,0.005696468716837856,,,0.00125308253424659,0.1122143876712329,0.4555421287671236,0.00125308253424659,0.34207465856164404
994,0,371,0.7280554214739078,976.4861822833781,0.021823195561038636,0.10248919156693981,0.1367345510013329,0.002696967769061401,0.0027218099096507583,0.08066599600590119,0.42236823609169616,0.1603501874009242,0.1603501874009242,0.16769955184663204,0.007349364445707796,0.007349364445707796,2.4842140589357288e-05,,0.00125308253424659,0.1122143876712329,0.45514486815068517,0.00125308253424659,0.34167739794520563
995,0,378,0.7153427037124667,953.9735412744042,0.021823195561038636,0.08980131594608803,0.1367345510013329,0.002696967769061401,0.002696967769061401,0.06797812038504941,0.40965551833025504,0.1603501874009242,0.1603501874009242,0.16769955184663204,0.007349364445707796,0.007349364445707796,,,0.00125308253424659,0.1122143876712329,0.45514486815068517,0.00125308253424659,0.34167739794520563
996,0,1768,2.4842140589357288e-05,0.043992339283969166,,,,,2.4842140589357288e-05,,2.4842140589357288e-05,,,,,,2.4842140589357288e-05,,,,,,
997,0,372,0.6775960030038543,884.5410708257452,0.021823195561038636,0.0520642350700224,0.1367345510013329,0.002696967769061401,0.002696967769061401,0.03024103950898377,0.37191843745418945,0.1603501874009242,0.1603501874009242,0.16768993201408533,0.0073397446131610745,0.0073397446131610745,,,0.00125308253424659,0.1122143876712329,0.45514486815068517,0.00125308253424659,0.34167739794520563
998,0,605,0.05618568450138013,102.08561594331763,,0.056151222528244046,,,2.4842140589357288e-05,0.056151222528244046,0.05617606466883341,,,9.619832546722239e-06,9.619832546722239e-06,9.619832546722239e-06,2.4842140589357288e-05,,,,,,
999,0,375,0.7191256687718686,952.2840827213811,0.021823195561038636,0.08896405107142574,0.1367345510013329,0.002696967769061401,0.002696967769061401,0.06714085551038709,0.40881825345559275,0.1649800371675352,0.1649800371675352,0.17231978178069635,0.0073397446131610745,0.0073397446131610745,,,0.00125308253424659,0.1122143876712329,0.45514486815068517,0.00125308253424659,0.34167739794520563
1000,0,1208,0.004829441049054125,8.55233905539272,,0.004829441049054125,,,,0.004829441049054125,0.004829441049054125,,,,,,,,,,,,
1001,0,374,0.7157403389489779,955.0264992879929,0.021823195561038636,0.08980131594608803,0.1367345510013329,0.002696967769061401,0.002696967769061401,0.06797812038504941,0.41005277894669345,0.1603501874009242,0.1603501874009242,0.16769992646670492,0.0073497390657806735,0.0073497390657806735,,,0.00125308253424659,0.1122143876712329,0.4555421287671236,0.00125308253424659,0.34207465856164404
1003,0,377,0.7153427037124667,953.9735412744042,0.021823195561038636,0.08980131594608803,0.1367345510013329,0.002696967769061401,0.002696967769061401,0.06797812038504941,0.40965551833025504,0.1603501874009242,0.1603501874009242,0.16769955184663204,0.007349364445707796,0.007349364445707796,,,0.00125308253424659,0.1122143876712329,0.45514486815068517,0.00125308253424659,0.34167739794520563
1004,0,2043,0.0003976352365112736,1.0529580135887946,,,,,,,0.00039726061643839504,,,3.7462007287856666e-07,3.7462007287856666e-07,3.7462007287856666e-07,,,,,0.00039726061643839504,,0.00039726061643839504
1005,0,376,0.7227279233368429,958.6632272415384,0.021823195561038636,0.09256630563640003,0.1367345510013329,0.002696967769061401,0.002696967769061401,0.07074311007536141,0.41242050802056707,0.1649800371675352,0.1649800371675352,0.17231978178069635,0.0073397446131610745,0.0073397446131610745,,,0.00125308253424659,0.1122143876712329,0.45514486815068517,0.00125308253424659,0.34167739794520563
1006,0,1854,0.003373856489650742,5.9746799537767465,,0.003373856489650742,,,,0.003373856489650742,0.003373856489650742,,,,,,,,,,,,
1007,0,1804,0.003834981978612374,5.759702783275362,,,,,,,,0.0031917995772078314,0.0031917995772078314,0.003834981978612374,0.0006431824014045429,0.0006431824014045429,,,,,,,
1008,0,2055,0.7284963995932536,968.9837835564224,0.021823195561038636,0.09872625610837082,0.1367345510013329,0.002696967769061401,0.002696967769061401,0.07690306054733219,0.41858045849253783,0.16523174535337964,0.16523174535337964,0.17192830756513625,0.006696562211756529,0.006696562211756529,,,0.00125308253424659,0.1122143876712329,0.45514486815068517,0.00125308253424659,0.34167739794520563
1010,0,379,0.8113970423963179,1329.5295271070077,0.014796411336429643,0.2240208439635259,0.12710262910549106,0.002696967769061401,0.27462668818155095,0.20922443262709625,0.4816569337080924,0.19531330330829383,0.19531330330829383,0.20134471196356982,0.006031408655276033,0.006031408655276033,0.2718900353275716,3.9685084917917496e-05,0.0012927676191645076,0.10960925000000002,0.11140479828767128,0.00125308253424659,0.0005424657534246575
1011,0,700,0.2719676227528669,382.18926850089684,,0.14953174471873745,3.4280821917804445e-07,,0.07417557953389237,0.14953174471873745,0.22424431055399965,0.04772296939064814,0.04772296939064814,0.04772296939064814,,,0.07417557953389237,,,3.4280821917804445e-07,0.0005373291095890411,,0.000536986301369863
1012,0,1819,0.3549108223655468,609.1576257113833,0.024819372478983172,0.09759631303460684,0.1368101789466747,0.002696967769061401,0.002696967769061401,0.07277694055562367,0.07278242000767847,0.13803373222167092,0.13803373222167092,0.14406514087694697,0.006031408655276033,0.006031408655276033,,,0.00125308253424659,0.10929383869863016,0.11055240068493155,0.00125308253424659,5.479452054794521e-06
1013,0,1849,0.01147881596814685,20.327554496865684,,0.01147881596814685,,,,0.01147881596814685,0.01147881596814685,,,,,,,,,,,,
1014,0,380,0.555174728346775,577.5139626698569,,0.09953129158688193,0.002920891780821921,,0.07151251690300377,0.09953129158688193,0.5127157269830366,0.03887295602643601,0.03887295602643601,0.03953810958291651,0.0006651535564804956,0.0006651535564804956,0.07151251690300377,,,0.002920891780821921,0.34459281027397276,,0.3416719184931508
1015,0,386,0.5318171219610802,536.9752856148701,,0.09481197103843024,0.002920891780821921,,0.05594027788811213,0.09481197103843024,0.49242416741969314,0.035806909204084664,0.035806909204084664,0.03647206276056516,0.0006651535564804956,0.0006651535564804956,0.05594027788811213,,,0.002920891780821921,0.34459281027397276,,0.3416719184931508
1016,0,573,0.024219990388354887,42.065851796697615,,0.005581704551111913,,,0.015572239014891624,0.005581704551111913,0.021153943566003537,0.00306604682235135,0.00306604682235135,0.00306604682235135,,,0.015572239014891624,,,,,,
1017,0,383,0.5672122818796499,597.1359783918742,,0.10526752737546476,0.002920891780821921,,0.07151251690300377,0.10526752737546476,0.5184519627716193,0.04517427377072813,0.04517427377072813,0.04583942732720862,0.0006651535564804956,0.0006651535564804956,0.07151251690300377,,,0.002920891780821921,0.34459281027397276,,0.3416719184931508
1018,0,577,0.0055359343018903245,9.803450680367595,,0.0055359343018903245,,,,0.0055359343018903245,0.0055359343018903245,,,,,,,,,,,,
1019,0,381,0.48618341853478,535.1448623003309,,0.07717648945277912,0.002920548972602743,,0.0026000766242054727,0.07717648945277912,0.4214484845701354,0.06114923143556133,0.06114923143556133,0.06181438499204182,0.0006651535564804956,0.0006651535564804956,0.0026000766242054727,,,0.002920548972602743,0.34459246746575356,,0.3416719184931508
1020,0,384,0.591345443457158,637.5803550706748,,0.12323937434209595,0.002920891780821921,,0.07157550290968688,0.12323937434209595,0.5370237820463035,0.050735616073552155,0.050735616073552155,0.05140076963003265,0.0006651535564804956,0.0006651535564804956,0.07157550290968688,,,0.002920891780821921,0.3451297965753426,,0.3422089047945207
1021,0,382,0.4099310002777953,411.10847487778227,0.0029883420199559637,0.03146085893915546,0.005908890992558707,,0.0011315812571730357,0.028472516919199505,0.37127601666952337,0.03208093905923267,0.03208093905923267,0.032746092615713165,0.0006651535564804956,0.0006651535564804956,0.0011315812571730357,,,0.002920548972602743,0.34459246746575356,,0.3416719184931508
1022,0,1006,0.10869067835514742,174.5266642704586,0.0029883420199559637,0.07589072809744025,0.0029883420199559637,,0.0037316578813785086,0.0729023860774843,0.07663404395886281,0.02906829237632865,0.02906829237632865,0.02906829237632865,,,0.0037316578813785086,,,,,,
1023,0,1815,0.03904474623727417,66.85093730727938,,0.032883431626397154,,,6.29860066831253e-05,0.032883431626397154,0.033483403934450144,0.005561342302824027,0.005561342302824027,0.005561342302824027,,,6.29860066831253e-05,,,,0.000536986301369863,,0.000536986301369863
1024,0,385,0.5253472027168549,526.5201137344063,,0.0920680219390568,0.002920891780821921,,0.05594027788811213,0.0920680219390568,0.48968021832031966,0.03208093905923267,0.03208093905923267,0.032746092615713165,0.0006651535564804956,0.0006651535564804956,0.05594027788811213,,,0.002920891780821921,0.34459281027397276,,0.3416719184931508
1025,0,527,0.006665235896545751,11.803303258582726,,0.006665235896545751,,,,0.006665235896545751,0.006665235896545751,,,,,,,,,,,,
1026,0,1019,0.49685920719332305,476.0714191026595,,0.07725522851028396,0.002920891780821921,,0.0422650757933532,0.07725522851028396,0.46119222279678795,0.03208093905923267,0.03208093905923267,0.032746092615713165,0.0006651535564804956,0.0006651535564804956,0.0422650757933532,,,0.002920891780821921,0.34459281027397276,,0.3416719184931508
1028,0,1541,0.02848799552353177,50.44869463174663,,0.014812793428772843,,,0.013675202094758924,0.014812793428772843,0.02848799552353177,,,,,,0.013675202094758924,,,,,,
1029,0,388,0.8307253060501704,1352.3019554096752,0.004210270065634818,0.18020875283173984,0.11817184113629611,0.004352321070661271,0.2842376181087333,0.17599848276610502,0.4563865604726838,0.24884272816675,0.24884272816675,0.2548741368220259,0.006031408655276033,0.006031408655276033,0.2798456119531541,3.9685084917917496e-05,0.0012927676191645076,0.10960925000000002,0.11140479828767128,0.00125308253424659,0.0005424657534246575
1030,0,391,0.7618695942218437,1254.7174894043387,0.004210270065634818,0.15677649402281746,0.11734901901220422,0.003529498946569374,0.270256914779208,0.15256622395718264,0.41979642045832805,0.217399978476871,0.217399978476871,0.223431387132147,0.006031408655276033,0.006031408655276033,0.26668773074772073,3.9685084917917496e-05,0.0012927676191645076,0.10960925000000002,0.11140479828767128,0.00125308253424659,0.0005424657534246575
1032,0,1917,0.06885571182832657,97.58446600533674,,0.023432258808922378,0.0008228221240918972,0.0008228221240918972,0.013980703329525267,0.023432258808922378,0.03659014001435575,0.031442749689878945,0.031442749689878945,0.031442749689878945,,,0.01315788120543337,,,,,,
1033,0,1042,0.012184402879414306,21.57706110372,,0.012184402879414306,,,,0.012184402879414306,0.012184402879414306,,,,,,,,,,,,
1034,0,1395,0.8484764415063264,1386.64338619368,0.004210270065634818,0.1938947099553938,0.11817184113629611,0.004352321070661271,0.2842376181087333,0.18968443988975897,0.4700725175963378,0.252907906499252,0.252907906499252,0.25893931515452795,0.006031408655276033,0.006031408655276033,0.2798456119531541,3.9685084917917496e-05,0.0012927676191645076,0.10960925000000002,0.11140479828767128,0.00125308253424659,0.0005424657534246575
1035,0,390,0.7326353552268678,1203.0431100563108,0.004210270065634818,0.13154349157819117,0.11651648783469624,0.002696967769061401,0.26916314079021725,0.12733322151255635,0.394302175202219,0.21449251591551213,0.21449251591551213,0.22052392457078812,0.006031408655276033,0.006031408655276033,0.2664264879362379,3.9685084917917496e-05,0.0012927676191645076,0.10960925000000002,0.11140479828767128,0.00125308253424659,0.0005424657534246575
1036,0,1823,0.04683445589256522,90.41665699284778,0.007589964352850289,0.04519407604005225,0.007589964352850289,,0.0016403798525129684,0.037604111687201965,0.03924449153971493,,,,,,0.0016403798525129684,,,,,,
1037,0,1790,0.02923423899497596,51.6743793480278,,0.025233002444626323,0.000832531177507973,0.000832531177507973,0.001093773988990761,0.025233002444626323,0.025494245256109112,0.0029074625613588734,0.0029074625613588734,0.0029074625613588734,,,0.00026124281148278783,,,,,,
1044,0,398,0.2048282691157189,329.86607649655093,0.004000477140896948,0.18424559227936713,0.006437499188303747,0.0020404460200095383,0.009287549984723142,0.1802451151384702,0.1874873878754547,0.010898550824231317,0.010898550824231317,0.010898550824231317,,,0.007242272736984466,4.8312277291377815e-06,4.8312277291377815e-06,0.0003965760273972604,0.0003965760273972604,,
1045,0,400,0.21173950087291213,344.02307591638333,0.004000477140896948,0.18465208647294895,0.0060621567225503225,0.0020404460200095383,0.009334826998929704,0.18065160933205202,0.1878938820690365,0.017731353839389594,0.017731353839389594,0.017731353839389594,,,0.007242272736984466,5.2108241935700365e-05,5.2108241935700365e-05,2.1233561643835696e-05,2.1233561643835696e-05,,
1047,0,773,0.10659184699267489,174.4884992560978,0.006282799089852832,0.10393955802045184,0.006411441195571323,0.00011494347558150496,0.0026385903420860584,0.09765675893059901,0.10018040579710356,,,,,,0.0025236468665045535,,,1.3698630136986302e-05,1.3698630136986302e-05,,
1048,0,1346,0.17077992353898064,272.44168002700053,0.004000477140896948,0.12500343555263485,0.009708857082585256,0.0019255025444280334,0.006776854396739563,0.1210029584117379,0.1258494790363203,0.035216756192345926,0.035216756192345926,0.035216756192345926,,,0.004846520624582391,4.8312277291377815e-06,4.8312277291377815e-06,0.0037828773972602737,0.0037828773972602737,,
1049,0,402,4.896492578705214e-05,0.019731996011908687,,,,,4.896492578705214e-05,,4.896492578705214e-05,,,,,,4.896492578705214e-05,,,,,,
1053,0,1121,4.896492578705214e-05,0.019731996011908687,,,,,4.896492578705214e-05,,4.896492578705214e-05,,,,,,4.896492578705214e-05,,,,,,
1057,0,1892,0.001783978455706559,0.8201186764227273,,,3.972671232876743e-05,,0.0017442517433777914,,0.0017442517433777914,,,,,,0.0017442517433777914,,,3.972671232876743e-05,3.972671232876743e-05,,
1058,0,1893,0.001783978455706559,0.8201186764227273,,,3.972671232876743e-05,,0.0017442517433777914,,0.0017442517433777914,,,,,,0.0017442517433777914,,,3.972671232876743e-05,3.972671232876743e-05,,
1060,0,407,0.02820179863956771,164.24261514497928,,0.026926048495040718,,,0.0012757501445269893,0.026926048495040718,0.026926048495040718,,,,,,,0.0012757501445269893,0.0012757501445269893,,,,
1061,0,1884,0.024362082583582384,157.44295587723576,,0.023086332439055397,,,0.0012757501445269893,0.023086332439055397,0.023086332439055397,,,,,,,0.0012757501445269893,0.0012757501445269893,,,,
1062,0,1885,0.0038397160559853244,6.799659267743503,,0.0038397160559853244,,,,0.0038397160559853244,0.0038397160559853244,,,,,,,,,,,,
1063,0,406,0.0034817111363313166,6.165677110123136,,0.0034817111363313166,,,,0.0034817111363313166,0.0034817111363313166,,,,,,,,,,,,
1064,0,1653,0.006269164631004482,11.101910339898929,,0.006269164631004482,,,,0.006269164631004482,0.006269164631004482,,,,,,,,,,,,
1065,0,1654,0.0027874534946731653,4.936233229775792,,0.0027874534946731653,,,,0.0027874534946731653,0.0027874534946731653,,,,,,,,,,,,
1066,0,1356,0.03132097314840129,169.76628500687926,,0.030045223003874306,,,0.0012757501445269893,0.030045223003874306,0.030045223003874306,,,,,,,0.0012757501445269893,0.0012757501445269893,,,,
1068,0,408,0.023604911339157545,29.79362401360256,,0.01378180862648826,,,0.0034817589088934407,0.01378180862648826,0.0172635675353817,0.006341343803775841,0.006341343803775841,0.006341343803775841,,,0.0034817589088934407,,,,,,
1070,0,1050,0.029916710466184323,40.10725178738296,,0.01688240313316259,,,0.0034817589088934407,0.01688240313316259,0.02036416204205603,0.009552548424128292,0.009552548424128292,0.009552548424128292,,,0.0034817589088934407,,,,,,
1077,0,1669,0.011003439815340453,19.48572249263307,,0.011003439815340453,,,,0.011003439815340453,0.011003439815340453,,,,,,,,,,,,
1078,0,1671,0.011003439815340453,19.48572249263307,,0.011003439815340453,,,,0.011003439815340453,0.011003439815340453,,,,,,,,,,,,
1085,0,594,0.000586301712328806,1.5531899870965935,,,,,,,0.000586301712328806,,,,,,,,,,0.000586301712328806,,0.000586301712328806
1086,0,595,0.000586301712328806,1.5531899870965935,,,,,,,0.000586301712328806,,,,,,,,,,0.000586301712328806,,0.000586301712328806
1089,0,1388,0.016206746761501613,28.70013152275592,,0.016206746761501613,,,,0.016206746761501613,0.016206746761501613,,,,,,,,,,,,
1090,0,421,0.6435411490497631,249.3156884762792,0.02662674590881707,0.13366599522589057,0.5289461792114052,0.4962666922066976,0.5002727353304339,0.10703924931707354,0.11104415534885836,0.0035496773975480914,0.0035496773975480914,0.0035496773975480914,,,0.004004906031784828,1.1370919514942992e-06,1.1370919514942992e-06,0.006052741095890396,0.006052741095890396,,
1091,0,448,1.9947799062353853,849.3990228330136,0.023183163512458648,0.14022727260241177,1.5163811542538086,1.4865288112892951,1.4936068092765233,0.11704410908995314,0.12412096998522978,0.04074877279056554,0.04074877279056554,0.35427664490439537,0.3135278721138298,0.3135278721138298,0.007076860895276645,1.1370919514942992e-06,1.1370919514942992e-06,0.00666917945205478,0.00666917945205478,,
1093,0,1621,0.187176354028939,223.37736603930176,0.013180648886176795,0.1138946810243156,0.057478107340203755,0.04309026633073929,0.044491776571784325,0.10071403213813881,0.10212102183123864,0.027577224857496627,0.027577224857496627,0.027577224857496627,,,0.001401510241045034,,,0.0012071921232876697,0.0012126715753424642,,5.479452054794521e-06
1094,0,913,0.04446099149563704,60.11170742539469,,0.02146324323564631,,,2.4379168718131245e-07,0.02146324323564631,0.021463487027333493,0.022997504468303554,0.022997504468303554,0.022997504468303554,,,2.4379168718131245e-07,,,,,,
1096,0,428,0.004127026333277275,7.308450011960356,,0.004127026333277275,,,,0.004127026333277275,0.004127026333277275,,,,,,,,,,,,
1097,0,429,0.015035027514176832,18.41160603266033,,0.0037940380365104314,,,,0.0037940380365104314,0.0037940380365104314,0.011240989477666401,0.011240989477666401,0.011240989477666401,,,,,,,,,
1098,0,554,0.011502834019718574,20.370087477060466,,0.011502834019718574,,,,0.011502834019718574,0.011502834019718574,,,,,,,,,,,,
1099,0,1033,0.03088371920914995,38.19860094059154,,0.013278738758572502,,,,0.013278738758572502,0.014604766155832775,0.016278953053317176,0.016278953053317176,0.016278953053317176,,,,,,,0.001326027397260274,,0.001326027397260274
1100,0,2009,0.6095580625150585,121.5446075839046,0.0037341994311092053,0.051473322914977575,0.5611683958561168,0.5574341964250076,0.558084739600081,0.04773912348386838,0.048389666658941746,,,,,,0.0006505431750733716,,,,,,
1101,0,2010,0.6308740633470061,138.86303498518018,0.0037341994311092053,0.051473322914977575,0.5709684264362728,0.5672342270051635,0.5707906947820751,0.04773912348386838,0.05129559126077996,0.007458092378878901,0.007458092378878901,0.008610045649953447,0.0011519532710745459,0.0011519532710745459,0.0035564677769115882,,,,,,
1102,0,1607,0.579322450053258,239.95715993676976,0.006982684941644735,0.06141497295353243,0.43911037353685145,0.42715919407465874,0.4278491526819998,0.0544322880118877,0.055122246619228765,0.0215433462821135,0.0215433462821135,0.08508982989717782,0.06354648361506432,0.06354648361506432,0.0006899586073410616,,,0.004968494520547941,0.004968494520547941,,
1103,0,1608,0.014792692419491698,17.902902680885358,,0.014792692419491698,,,,0.014792692419491698,0.014792692419491698,,,,,,,,,,,,
1104,0,433,0.15285549174895668,107.26336125663381,,0.004197720975639332,0.11266370445205479,,,0.004197720975639332,0.004197720975639332,0.034417869281590796,0.034417869281590796,0.03599406632126254,0.00157619703967175,0.00157619703967175,,,,0.11266370445205479,0.11266370445205479,,
1105,0,2193,7.995318718932549,1518.241472269116,,,7.574766449315068,,,,0.35659863219178123,0.062342163731358466,0.062342163731358466,0.06234233502843948,1.7129708101555796e-07,1.7129708101555796e-07,,,0.0016113023972603177,7.574766449315068,7.93297638390411,0.0016113023972603177,0.35659863219178123
1106,0,434,0.05146118783234188,35.19798011792984,,,0.02952911404109588,,,,,0.02193190249416499,0.02193190249416499,0.021932073791246006,1.7129708101555796e-07,1.7129708101555796e-07,,,,0.02952911404109588,0.02952911404109588,,
1107,0,566,0.0031803525647238293,5.632008585037638,,0.0031803525647238293,,,,0.0031803525647238293,0.0031803525647238293,,,,,,,,,,,,
1108,0,567,0.05754579055594961,45.97461594787421,,0.006085630463333757,0.029528086301369848,,,0.006085630463333757,0.006085630463333757,0.02193190249416499,0.02193190249416499,0.021932073791246006,1.7129708101555796e-07,1.7129708101555796e-07,,,,0.029528086301369848,0.029528086301369848,,
1110,0,440,0.024949736463353463,43.9868711140377,,0.024569107245521107,,,0.00038062921783235345,0.024569107245521107,0.024949736463353463,,,,,,0.00038062921783235345,,,,,,
1111,0,445,0.19751877959886183,393.83560502306364,,0.10555933665772943,0.061300331445710544,0.006801700966258487,0.022251169805169307,0.10555933665772943,0.12100880549664027,0.015194702834390977,0.015194702834390977,0.01520964265651099,1.4939822120012743e-05,1.4939822120012743e-05,0.015449468838910822,,,0.054498630479452054,0.054498630479452054,,
1112,0,446,0.21042251092101122,417.2573154107072,,0.120933155517555,0.061300331445710544,0.006801700966258487,0.02263179902300166,0.120933155517555,0.13676325357429822,0.012343986078882447,0.012343986078882447,0.01235892590100246,1.4939822120012743e-05,1.4939822120012743e-05,0.015830098056743177,,,0.054498630479452054,0.054498630479452054,,
1113,0,442,0.06563442617187856,115.51853140019598,,0.045613905300979925,0.0010602739726027397,,0.012429919294679194,0.045613905300979925,0.058043824595659106,0.006530327603616716,0.006530327603616716,0.006530327603616716,,,0.012429919294679194,,,0.0010602739726027397,0.0010602739726027397,,
1114,0,443,0.08073812100317806,142.06928816155303,,0.060336970914447084,0.0010602739726027397,,0.012810548512511547,0.060336970914447084,0.07314751942695863,0.006530327603616716,0.006530327603616716,0.006530327603616716,,,0.012810548512511547,,,0.0010602739726027397,0.0010602739726027397,,
1115,0,441,0.04830763427420014,84.67566978012285,,0.04453309298025232,0.00011494347558150496,0.00011494347558150496,0.00011494347558150496,0.04453309298025232,0.04453309298025232,0.003659597818366323,0.003659597818366323,0.003659597818366323,,,,,,,,,
1116,0,759,0.04160141607179319,73.66416955859796,,0.029158367778857986,,,0.012443048292935216,0.029158367778857986,0.04160141607179319,,,,,,0.012443048292935216,,,,,,
1117,0,1376,0.11026973238332244,183.679905173413,,0.10517299954813783,0.00011494347558150496,0.00011494347558150496,0.001437135016818299,0.10517299954813783,0.10649519108937464,0.003659597818366323,0.003659597818366323,0.003659597818366323,,,0.001322191541236794,,,,,,
1118,0,444,0.1855074677489721,368.50243832888276,,0.07853495010247998,0.061300331445710544,0.006801700966258487,0.022160993622173716,0.07853495010247998,0.0938942427583952,0.03029795372274635,0.03029795372274635,0.030312893544866368,1.4939822120012743e-05,1.4939822120012743e-05,0.01535929265591523,,,0.054498630479452054,0.054498630479452054,,
1119,0,1034,0.20474029774778313,400.9407907741198,,0.07525036825735054,0.06236060541831328,0.006801700966258487,0.03370951505243693,0.07525036825735054,0.102158182343529,0.04020795005783373,0.04020795005783373,0.04022150998594089,1.3559928107163241e-05,1.3559928107163241e-05,0.026907814086178445,,,0.055558904452054796,0.055558904452054796,,
1121,0,1473,0.023858150699575913,39.774037626508125,,0.014654183654242585,,,,0.014654183654242585,0.014654183654242585,0.009203967045333326,0.009203967045333326,0.009203967045333326,,,,,,,,,
1122,0,1153,0.20656680243681022,415.4739251591094,,0.1175180604865264,0.06079622185666945,0.006801700966258487,0.02269529515887033,0.1175180604865264,0.1333481585432696,0.012343986078882447,0.012343986078882447,0.01235892590100246,1.4939822120012743e-05,1.4939822120012743e-05,0.015830098056743177,6.349613586866798e-05,6.349613586866798e-05,0.05399452089041096,0.05399452089041096,,
1123,0,1560,0.3872726884380709,579.8312932248017,0.007128646290284349,0.04138165731836681,0.007128646290284349,,,0.03425301102808247,0.03425301102808247,0.032363159005874234,0.032363159005874234,0.3458910311197041,0.3135278721138298,0.3135278721138298,,,,,,,
1124,0,450,0.030175665965463373,42.66024669547478,,0.021574116448309134,,,,0.021574116448309134,0.021574116448309134,0.008601549517154238,0.008601549517154238,0.008601549517154238,,,,,,,,,
1125,0,452,0.007015990083649805,12.424445271238632,,0.007015990083649805,,,,0.007015990083649805,0.007015990083649805,,,,,,,,,,,,
1126,0,1393,0.8597647841432736,1389.1723586378398,0.004210270065634818,0.18453258315594878,0.11817184113629611,0.004352321070661271,0.28368202838846496,0.18032231309031396,0.4614808284738846,0.27278793825865233,0.27278793825865233,0.2788193469139283,0.006031408655276033,0.006031408655276033,0.2792900222328858,3.9685084917917496e-05,0.0012927676191645076,0.10960925000000002,0.11273082568493155,0.00125308253424659,0.0018684931506849315
1127,0,453,0.020439707042957753,32.8272622807248,0.002895442515234309,0.019892065953896598,0.002895442515234309,,0.0005476410890611553,0.01699662343866229,0.017544264527723445,,,,,,0.0005476410890611553,,,,,,
1128,0,1276,0.0037363931171484717,6.616687201999904,,0.0037363931171484717,,,,0.0037363931171484717,0.0037363931171484717,,,,,,,,,,,,
1129,0,1277,0.007606363600322513,10.101008202685355,0.002895442515234309,0.007058722511261357,0.002895442515234309,,0.0005476410890611553,0.004163279996027048,0.004710921085088204,,,,,,0.0005476410890611553,,,,,,
1130,0,665,0.018153820941080766,17.67088355822316,,0.003819323370688577,0.012819359649629328,0.005474153142780021,0.005474153142780021,0.003819323370688577,0.003819323370688577,,,0.001515137920762861,0.001515137920762861,0.001515137920762861,,,,0.007345206506849306,0.007345206506849306,,
1131,0,455,0.7014546733563637,930.7172556788086,,0.0518749128578657,0.011013099078532027,0.007960698393600522,0.026598912417354865,0.0518749128578657,0.22100696318299007,0.4634196790665801,0.4634196790665801,0.4694335833551155,0.00601390428853536,0.00601390428853536,0.018638214023754342,,1.0277397260420364e-06,0.003052400684931504,0.15354726472602756,1.0277397260420364e-06,0.15049383630137003
1132,0,1103,0.1969166082924481,506.85385222865824,,0.05039077853904687,0.0011227810701689104,0.0009474386044154855,0.14509740475340122,0.05039077853904687,0.19404169531969148,,,,,,0.14365091678064462,0.0004990493683411335,0.0017521319025877236,0.00017534246575342467,0.0014284250000000148,0.00125308253424659,
1133,0,1104,0.8999378287129298,1445.676822358864,,0.09786404356830578,0.018603818632934806,0.01537607548224988,0.1776645120634809,0.09786404356830578,0.41014726708256566,0.4634196790665801,0.4634196790665801,0.4694335833551155,0.00601390428853536,0.00601390428853536,0.1617893872128899,0.0004990493683411335,0.0017531596423137656,0.003227743150684929,0.15497568972602757,0.001254110273972632,0.15049383630137003
1134,0,457,0.9441347258483035,1552.7635244311364,,0.06509163878407978,0.20916578695880314,0.008373660246474358,0.05832251295568365,0.06509163878407978,0.26553432779465913,0.4634196790665801,0.4634196790665801,0.4694335833551155,0.00601390428853536,0.00601390428853536,0.04994885270920929,,1.0277397260420364e-06,0.20079212671232877,0.35128699075342484,1.0277397260420364e-06,0.15049383630137003
1135,0,1462,0.2568031199868986,647.0564636159202,,0.027339793421172504,0.1981526878802711,0.0004129618528738361,0.031723600538328775,0.027339793421172504,0.05865043210662744,,,,,,0.03131063868545494,,,0.19773972602739726,0.19773972602739726,,
1136,0,456,0.9025365001521112,1477.7732846014649,,0.04982295554622855,0.20870481872660676,0.007912692014278007,0.028663207675480997,0.04982295554622855,0.22106730750880157,0.46674944188844136,0.46674944188844136,0.47276334617697674,0.00601390428853536,0.00601390428853536,0.020750515661202982,,1.0277397260420364e-06,0.20079212671232877,0.35128699075342484,1.0277397260420364e-06,0.15049383630137003
1137,0,458,0.8896981274464718,1455.9259343147792,,0.0403285744428474,0.20869503435463096,0.007902907642302207,0.02864897889508407,0.0403285744428474,0.21156848199699926,0.4634196790665801,0.4634196790665801,0.4694335833551155,0.00601390428853536,0.00601390428853536,0.02074607125278186,,1.0277397260420364e-06,0.20079212671232877,0.35128699075342484,1.0277397260420364e-06,0.15049383630137003
1138,0,1505,0.009300468392045815,15.582162053087956,,0.005956476789787691,9.784371975800981e-06,9.784371975800981e-06,1.4228780396921262e-05,0.005956476789787691,0.005960921198208811,0.0033297628218612037,0.0033297628218612037,0.0033297628218612037,,,4.444408421120281e-06,,,,,,
1139,0,1451,0.02116147650165224,36.52111187186558,,0.017428042025384585,9.65985550898516e-05,2.4337938651495405e-05,0.00025845214473193607,0.017428042025384585,0.017662156231465026,0.0034027217150973594,0.0034027217150973594,0.0034027217150973594,,,0.00023411420608044058,,,7.22606164383562e-05,7.22606164383562e-05,,
1140,0,1453,0.9276257378537215,1521.231093621366,,0.07120491266526024,0.20878184853774504,0.007917461208977902,0.028895505926523842,0.07120491266526024,0.24267679368417625,0.47015216360353873,0.47015216360353873,0.4761660678920741,0.00601390428853536,0.00601390428853536,0.020978044717545944,,1.0277397260420364e-06,0.20086438732876713,0.3513592513698632,1.0277397260420364e-06,0.15049383630137003
1141,0,680,0.054436598401831966,96.83759011635672,,0.024763064341232394,0.0004707526041721516,0.0004707526041721516,0.029673534060599572,0.024763064341232394,0.05396584579765982,,,,,,0.02920278145642742,,,,,,
1142,0,1859,0.9556541981854689,1526.6701616722257,,0.24150780964435187,0.12002682592956096,0.018361412230930782,0.4158123117506547,0.24150780964435187,0.6395318300584498,0.19040270977706297,0.19040270977706297,0.19607345658498201,0.005670746807919058,0.005670746807919058,0.3974288139072478,2.2085612476058432e-05,2.2085612476058432e-05,0.10166541369863018,0.10226062020547969,,0.0005952065068495065
1143,0,2070,0.9549862244493043,1525.4872633173748,,0.2408398359081873,0.12002682592956096,0.018361412230930782,0.4158123117506547,0.2408398359081873,0.6388638563222852,0.19040270977706297,0.19040270977706297,0.19607345658498201,0.005670746807919058,0.005670746807919058,0.3974288139072478,2.2085612476058432e-05,2.2085612476058432e-05,0.10166541369863018,0.10226062020547969,,0.0005952065068495065
1145,0,1888,0.09043561678082217,160.15022225908248,,,,,,,0.09043561678082217,,,,,,,,,,0.09043561678082217,,0.09043561678082217
1147,0,682,0.24802063207566905,422.941788998479,,0.14934039291022336,,,0.09868023916544567,0.14934039291022336,0.24802063207566905,,,,,,0.09868023916544567,,,,,,
1153,0,1783,2.337754479996976,4177.688710893257,,0.031286139655965974,1.80913698630137,,,0.031286139655965974,0.03136833177925389,0.117022771467418,0.117022771467418,0.4612837506149826,0.3442609791475646,0.3442609791475646,,,0.035965411301369876,1.80913698630137,1.8451845897260277,0.035965411301369876,8.219212328791792e-05
1161,0,473,0.025719511798627928,34.71294462323645,,0.021182107601247526,0.000906649071679465,0.000906649071679465,0.004537404197380401,0.021182107601247526,0.024811725634996968,,,,,,0.003629618033749441,1.1370919514942992e-06,1.1370919514942992e-06,,,,
1162,0,774,0.09640823464622049,167.77132002450514,,0.08328689894740646,0.00012042292763629949,0.00011494347558150496,0.0013958255171446247,0.08328689894740646,0.08456778098896957,0.011163217324112584,0.011163217324112584,0.011719002989888578,0.000555785665775995,0.000555785665775995,0.0012808820415631198,,1.0277397260420364e-06,5.479452054794521e-06,6.507191780836557e-06,1.0277397260420364e-06,
1164,0,1349,0.043555860700731835,66.29889872675547,,0.03901845650335144,0.000906649071679465,0.000906649071679465,0.004537404197380401,0.03901845650335144,0.04264807453710088,,,,,,0.003629618033749441,1.1370919514942992e-06,1.1370919514942992e-06,,,,
1165,0,474,0.04409623634411755,78.08894661950305,,0.04409623634411755,,,,0.04409623634411755,0.04409623634411755,,,,,,,,,,,,
1166,0,1235,0.06850277634433857,110.70022046797162,,0.06587493546895275,0.00011494347558150496,0.00011494347558150496,0.0026278408753858265,0.06587493546895275,0.06838783286875706,,,,,,0.0025128973998043216,,,,,,
1167,0,1236,0.1164573087466007,195.62172922668955,,0.11382946787121487,0.00011494347558150496,0.00011494347558150496,0.0026278408753858265,0.11382946787121487,0.11634236527101918,,,,,,0.0025128973998043216,,,,,,
1168,0,475,0.04688368983879072,83.02517984927883,,0.04688368983879072,,,,0.04688368983879072,0.04688368983879072,,,,,,,,,,,,
1170,0,1379,0.09771251532293883,171.33923889058397,,0.08624202563229731,0.001972166258719367,0.001972166258719367,0.007486883454049357,0.08624202563229731,0.09175674282762729,0.003983606236592166,0.003983606236592166,0.003983606236592166,,,0.00551471719532999,,,,,,
1171,0,1434,0.15347789936463951,270.09279381226986,,0.142007409673998,0.001972166258719367,0.001972166258719367,0.007486883454049357,0.142007409673998,0.14752212686932797,0.003983606236592166,0.003983606236592166,0.003983606236592166,,,0.00551471719532999,,,,,,
1172,0,1166,0.0027593569060420913,4.886477668038498,,0.0027593569060420913,,,,0.0027593569060420913,0.0027593569060420913,,,,,,,,,,,,
1173,0,1167,0.021998722556562208,38.95699982218112,,0.021998722556562208,,,,0.021998722556562208,0.021998722556562208,,,,,,,,,,,,
1174,0,477,0.01401525022690968,20.899652868400995,,0.01401525022690968,,,,0.01401525022690968,0.01401525022690968,,,,,,,,,,,,
1175,0,478,0.027633128812179983,45.01522104563627,,0.027631672784940015,,,1.4560272399659313e-06,0.027631672784940015,0.027633128812179983,,,,,,1.4560272399659313e-06,,,,,,
1176,0,1984,0.018328945544716445,32.45828145204222,,0.018328945544716445,,,,0.018328945544716445,0.018328945544716445,,,,,,,,,,,,
1177,0,826,0.047601353671453954,69.54335226901968,,0.04306394947407356,0.000906649071679465,0.000906649071679465,0.004537404197380401,0.04306394947407356,0.046693567507823004,,,,,,0.003629618033749441,1.1370919514942992e-06,1.1370919514942992e-06,,,,
1178,0,512,0.1461380685868523,258.16641848398865,,0.1387169366086717,0.001972166258719367,0.001972166258719367,0.007421131978180583,0.1387169366086717,0.14416590232813292,,,,,,0.0054489657194612155,,,,,,
1179,0,479,4.896492578705214e-05,0.019731996011908687,,,,,4.896492578705214e-05,,4.896492578705214e-05,,,,,,4.896492578705214e-05,,,,,,
1180,0,1894,0.002151531639014864,0.9682360855809706,,,3.972671232876743e-05,,0.0021118049266860965,,0.0021118049266860965,,,,,,0.0021118049266860965,,,3.972671232876743e-05,3.972671232876743e-05,,
1185,0,723,0.00033757939423450926,0.13603850416739105,,,,,0.00033757939423450926,,0.00033757939423450926,,,,,,0.00033757939423450926,,,,,,
1186,0,1691,0.00033757939423450926,0.13603850416739105,,,,,0.00033757939423450926,,0.00033757939423450926,,,,,,0.00033757939423450926,,,,,,
1192,0,1120,0.00033757939423450926,0.13603850416739105,,,,,0.00033757939423450926,,0.00033757939423450926,,,,,,0.00033757939423450926,,,,,,
1196,0,486,0.011572910857020734,9.12048353441662,0.004395265844475476,0.007960401612105065,0.004395265844475476,,,0.0035651357676295885,0.0035651357676295885,0.0036125092449156688,0.0036125092449156688,0.0036125092449156688,,,,,,,,,
1197,0,1561,0.3872726884380709,579.8312932248017,0.007128646290284349,0.04138165731836681,0.007128646290284349,,,0.03425301102808247,0.03425301102808247,0.032363159005874234,0.032363159005874234,0.3458910311197041,0.3135278721138298,0.3135278721138298,,,,,,,
1198,0,488,0.026385518572476205,38.29755662996563,,0.010884709069834946,0.010311644520547945,,0.001546286910093609,0.010884709069834946,0.012430995979928555,0.0036428780719997035,0.0036428780719997035,0.0036428780719997035,,,0.001546286910093609,,,0.010311644520547945,0.010311644520547945,,
1199,0,1106,0.5512199810104107,1024.6160258569769,0.0027853105744765987,0.22352702600381652,0.021164849554609903,0.001183645829448347,0.2333629605410557,0.2207417154293399,0.45295868463359,0.07543341569841501,0.07543341569841501,0.07543341569841501,,,0.2321320376974008,4.7277014206562584e-05,0.0016630311237956327,0.017195893150684958,0.018896578767123345,0.00161575410958907,8.493150684931507e-05
1200,0,489,0.0035068055484333235,6.21011619085985,,0.0033937960041631175,,,0.00011300954427020607,0.0033937960041631175,0.0035068055484333235,,,,,,0.00011300954427020607,,,,,,
1201,0,962,0.0059886519154781145,10.605157231586261,,0.0059886519154781145,,,,0.0059886519154781145,0.0059886519154781145,,,,,,,,,,,,
1202,0,521,0.0035068055484333235,6.21011619085985,,0.0033937960041631175,,,0.00011300954427020607,0.0033937960041631175,0.0035068055484333235,,,,,,0.00011300954427020607,,,,,,
1204,0,1536,0.876738716648384,1446.418386078999,0.004210270065634818,0.1849467813516212,0.12057389730067966,0.004352321070661271,0.28411930705941213,0.1807365112859864,0.4618950266695571,0.2867603263018473,0.2867603263018473,0.2925397463880355,0.005779420086188297,0.005779420086188297,0.2792900222328858,0.00047696375586507513,0.0017300462901116652,0.11201130616438358,0.11513288184931511,0.00125308253424659,0.0018684931506849315
1206,0,1193,1.0784142136942418,1663.5168497773982,0.004210270065634818,0.08870401469820234,0.11979181980239259,0.0035692158326481507,0.28155095298862115,0.08449374463256752,0.513084135498429,0.4380588752427433,0.4380588752427433,0.4438071843635819,0.005748309120838673,0.005748309120838673,0.277504773400108,0.00047696375586507513,0.0017310740298377072,0.1120123339041096,0.26435206164383585,0.001254110273972632,0.1510856174657536
1207,0,494,0.04540790576428258,54.810209742211164,,0.022575608965067974,,,0.017708454526317113,0.022575608965067974,0.04028406349138508,0.005123842272897497,0.005123842272897497,0.005123842272897497,,,0.017708454526317113,,,,,,
1208,0,1198,0.051811826562037484,57.86571134686182,,0.026608353910312778,,,0.02007963037882722,0.026608353910312778,0.04668798428913999,0.005123842272897497,0.005123842272897497,0.005123842272897497,,,0.02007963037882722,,,,,,
1209,0,1648,0.009179591852034406,7.970869598859189,,0.0068084159995242975,,,0.0023711758525101078,0.0068084159995242975,0.009179591852034406,,,,,,0.0023711758525101078,,,,,,
1210,0,496,0.6808636929158987,1204.7453820739036,,0.2052946077373319,0.0013620160640691356,0.0013603030503705048,0.3692479664159788,0.2052946077373319,0.5725146375466521,0.10396642286152145,0.10396642286152145,0.10631666568039544,0.002350242818873986,0.002350242818873986,0.36721728974082646,0.0006703736247818679,0.0006703736247818679,1.713013698630709e-06,4.453082192028079e-06,,2.7400684933973696e-06
1211,0,1543,0.6617129108524824,1171.6758200014162,,0.1892818180715416,0.0013620160640691356,0.0013603030503705048,0.3692479664159788,0.1892818180715416,0.5565018478808618,0.10082843046389556,0.10082843046389556,0.10317867328276954,0.002350242818873986,0.002350242818873986,0.36721728974082646,0.0006703736247818679,0.0006703736247818679,1.713013698630709e-06,4.453082192028079e-06,,2.7400684933973696e-06
1213,0,499,9.789154990986482,4104.031259831113,0.022339169172573614,0.4514990351171719,7.662536115507246,3.3723685168826174,3.3995184420716247,0.42915986594459815,0.8121889020135508,0.2056890086086646,0.2056890086086646,1.3125809994141249,1.1068919908054604,1.1068919908054604,0.02693245935662336,0.00021746583238392694,0.0018489740515620675,4.267828429452055,4.625556514383563,0.0016315082191781405,0.3560965767123292
1214,0,1474,0.026568890374599533,36.9080590099269,0.007077375280192348,0.018294711705756462,0.007201005759644403,,0.0018620890422751844,0.011217336425564113,0.013079425467839297,0.0062706648759533155,0.0062706648759533155,0.006288459147115833,1.7794271162517915e-05,1.7794271162517915e-05,0.0018620890422751844,,,0.00012363047945205475,0.00012363047945205475,,
1215,0,1843,0.0466809263026311,66.94301314127993,0.002784634672253059,0.03933795192804587,0.002784634672253059,,0.0007543512014830352,0.03655331725579281,0.037297660914122635,0.006588623173102184,0.006588623173102184,0.006588623173102184,,,0.0007443436583298213,1.0007543153213977e-05,1.0007543153213977e-05,,,,
1216,0,1270,0.132893340795604,177.13021863490326,,0.08370238723100665,0.006144266887846411,0.006144266887846411,0.04820855968149079,0.08370238723100665,0.12576668002465102,,,0.0009823938831065777,0.0009823938831065777,0.0009823938831065777,0.042064292793644376,,,,,,
1217,0,792,0.04406122813320222,66.04171990499961,,0.03322930485473907,0.0012120590929443232,0.001210346421711448,0.004089804865013624,0.03322930485473907,0.03610876329804126,0.006680794320861547,0.006680794320861547,0.0067404057422166454,5.9611421355098465e-05,5.9611421355098465e-05,0.002879458443302176,,,1.712671232875155e-06,1.712671232875155e-06,,
1218,0,1980,2.3459343169994678,4190.884632948435,,0.02023362235143264,1.8093998397357534,0.00025840103712320285,0.00025840103712320285,0.02023362235143264,0.020315814474720556,0.13489972268287906,0.13489972268287906,0.4802532514876242,0.3453535288047452,0.3453535288047452,,,0.035965411301369876,1.8091414386986302,1.845189042123288,0.035965411301369876,8.219212328791792e-05
1221,0,626,2.38487479848789,4492.665556384525,,0.1361539131396253,1.7995723814545375,1.6217070975750384e-05,0.0054913381105653435,0.1361539131396253,0.14044346869381086,0.06219390987095683,0.06219390987095683,0.40645488901852145,0.3442609791475646,0.3442609791475646,0.004289555554185551,0.0011855654854040425,0.038404059321020506,1.7995561643835618,1.8367746582191782,0.03721849383561646,
1222,0,629,0.2415038929303594,573.9417918290839,,0.10192592379599598,0.031677299250075515,0.031677299250075515,0.13218113979885562,0.10192592379599598,0.201244198859372,0.006143746801261253,0.006143746801261253,0.006143746801261253,,,0.09931827506337608,0.0011855654854040425,0.0024386480196506325,,0.00125308253424659,0.00125308253424659,
1223,0,715,2.119253971676121,780.6627066070523,,0.06725853940853974,1.697956164383562,,,0.06725853940853974,0.06725853940853974,0.029160757640325864,0.029160757640325864,0.3540392678840194,0.3248785102436935,0.3248785102436935,,,,1.697956164383562,1.697956164383562,,
1224,0,1383,0.038014704716558365,66.48905446918201,,0.03492813820548435,,,,0.03492813820548435,0.03492813820548435,0.003086566511074019,0.003086566511074019,0.003086566511074019,,,,,,,,,
1225,0,505,1.1959082876236349,1856.7288260749617,0.004210270065634818,0.15593225854389905,0.13711064240111534,0.020888038431370957,0.32075552547374664,0.15172198847826424,0.6022015545729946,0.4491167074988481,0.4491167074988481,0.4548650166196867,0.005748309120838673,0.005748309120838673,0.2993905232865106,0.00047696375586507513,0.0017310740298377072,0.1120123339041096,0.2643554869863018,0.001254110273972632,0.15108904280821953
1226,0,508,1.2240746255779655,1900.5929430374974,0.004210270065634818,0.20681925909183346,0.14375326435112162,0.027304630929322463,0.29587578921458735,0.20260898902619864,0.6217922263638183,0.4491167074988481,0.4491167074988481,0.45679806083318786,0.00768135333433983,0.00768135333433983,0.2680941945293998,0.00047696375586507513,0.0017310740298377072,0.1122383633561644,0.2645815164383566,0.001254110273972632,0.15108904280821953
1227,0,1461,0.04733165770863271,66.48341584138258,,0.009165832284711338,0.006869496666810568,0.006869496666810568,0.03816582542392137,0.009165832284711338,0.04046216104182214,,,,,,0.0312963287571108,,,,,,
1228,0,506,1.1619214457186307,1797.3413616527548,0.004210270065634818,0.1309204034420464,0.13537844288462622,0.01915583891488183,0.3177145286538026,0.12671013337641154,0.575880902167687,0.44318271751564076,0.44318271751564076,0.4489310266364794,0.005748309120838673,0.005748309120838673,0.2980817259830557,0.00047696375586507513,0.0017310740298377072,0.1120123339041096,0.2643554869863018,0.001254110273972632,0.15108904280821953
1229,0,1407,0.012770032783049412,21.582588865618927,,0.009586374772608704,,,0.00015941055400590435,0.009586374772608704,0.009745785326614608,0.0030242474564348026,0.0030242474564348026,0.0030242474564348026,,,0.00015941055400590435,,,,,,
1230,0,1408,0.009863203375782522,18.879001350229352,,0.007272031576820076,0.0017321995164891204,0.0017321995164891204,0.0025911717989624446,0.007272031576820076,0.0081310038592934,,,,,,0.0008589722824733242,,,,,,
1231,0,1298,1.16310321196717,1788.8307444476347,0.004210270065634818,0.14093593094745552,0.1267205396999559,0.010497935730211488,0.30888419273939854,0.1367256608818207,0.5857205716008965,0.44318271751564076,0.44318271751564076,0.4489310266364794,0.005748309120838673,0.005748309120838673,0.297909293253322,0.00047696375586507513,0.0017310740298377072,0.1120123339041096,0.26435206164383585,0.001254110273972632,0.1510856174657536
1233,0,507,1.2644176089891903,1960.3249604231778,0.004210270065634818,0.23505995603233784,0.14416275919293922,0.027714125771140054,0.3049292552683041,0.23084968596670302,0.6586768945162217,0.452165527915852,0.452165527915852,0.4598468812501918,0.00768135333433983,0.00768135333433983,0.27673816574129906,0.00047696375586507513,0.0017310740298377072,0.1122383633561644,0.2645815164383566,0.001254110273972632,0.15108904280821953
1234,0,1100,0.9044955525168796,1432.8874277283671,0.004210270065634818,0.09866601616467757,0.024135933263378324,0.009352713540209272,0.1733785785483543,0.09445574609904275,0.4084763980402166,0.4634196790665801,0.4634196790665801,0.47013006157097076,0.006710382504390709,0.006710382504390709,0.16352681563980392,0.0004990493683411335,0.0017531596423137656,0.010572949657534235,0.16232089623287688,0.001254110273972632,0.15049383630137003
1235,0,642,0.04034298341122512,59.732017385680294,,0.02824069694050436,0.00040949484181759317,0.00040949484181759317,0.009053466053716845,0.02824069694050436,0.036884668152403606,0.0030488204170039247,0.0030488204170039247,0.0030488204170039247,,,0.00864397121189925,,,,,,
1236,0,509,0.1250263799059014,151.43840415391665,0.0027853105744765987,0.09940851107763117,0.004656708666826294,0.001868657338925008,0.022092375114807595,0.09662320050315457,0.11684691827903716,0.00295916007845333,0.00295916007845333,0.0035227529600379455,0.0005635928815846153,0.0005635928815846153,0.020223717775882593,,,2.7407534246868125e-06,2.7407534246868125e-06,,
1237,0,1845,0.4509417563344916,657.6316503597214,0.006165901867310617,0.16523650367816844,0.1699688242582804,0.06193065971973683,0.0774585325845142,0.15907060181085783,0.17454265310168549,0.07814027098741802,0.07814027098741802,0.10578199096222005,0.027641719974802036,0.027641719974802036,0.014879584852471543,0.0006482880123058095,0.0006482880123058095,0.10187226267123294,0.10246472910958905,,0.0005924664383561092
1238,0,865,0.08874865721751396,117.09751640427018,0.0027853105744765987,0.07035442249084124,0.0039373954625287555,0.00114934413462747,0.018391493973248036,0.06756911191636465,0.0848112617549852,,,,,,0.017242149838620564,,,2.7407534246868125e-06,2.7407534246868125e-06,,
1239,0,1067,0.012963583435930605,8.871887131989288,,0.007656773654297671,0.00022385422728363622,0.00022385422728363622,0.0019212818788237383,0.007656773654297671,0.009354201305837773,0.00295916007845333,0.00295916007845333,0.0033855279028091965,0.00042636782435586637,0.00042636782435586637,0.001697427651540102,,,,,,
1240,0,1765,0.04098233751316623,55.999616283522435,,0.03861780473863439,0.0009431674315811742,0.0009431674315811742,0.002227307717303099,0.03861780473863439,0.03990194502435631,,,0.00013722505722874894,0.00013722505722874894,0.00013722505722874894,0.0012841402857219247,,,,,,
1241,0,511,0.16298554819639055,285.4934028202698,,0.1462413843123871,0.001972166258719367,0.001972166258719367,0.007421131978180583,0.1462413843123871,0.1516903500318483,0.009323031905822886,0.009323031905822886,0.009323031905822886,,,0.0054489657194612155,,,,,,
1242,0,888,0.05459076536860806,96.67345143744286,,0.05459076536860806,,,,0.05459076536860806,0.05459076536860806,,,,,,,,,,,,
1243,0,1041,0.009693890270194344,16.231680650764808,,0.006217956332370427,,,,0.006217956332370427,0.006217956332370427,0.0034759339378239175,0.0034759339378239175,0.0034759339378239175,,,,,,,,,
1244,0,1371,0.015017031502891177,25.83792671158151,,0.012208874101770403,,,,0.012208874101770403,0.012208874101770403,0.0028081574011207732,0.0028081574011207732,0.0028081574011207732,,,,,,,,,
1245,0,515,0.01581471043507177,24.1919591207713,,0.014772275639715046,,,0.0010424347953567226,0.014772275639715046,0.01581471043507177,,,,,,0.0010424347953567226,,,,,,
1246,0,1712,0.8112299455832478,1360.2779990250992,,0.12334622690710609,0.004177601021534679,0.002687188007836016,0.15433042528305,0.12334622690710609,0.6309911018446467,0.1737013471849281,0.1737013471849281,0.17605123517391308,0.002349887988984968,0.002349887988984968,0.15163322973206073,1.0007543153213977e-05,1.0007543153213977e-05,0.0014904130136986625,0.3575020582191786,,0.3560116452054799
1247,0,516,0.07438539293752906,114.91428750434156,,0.046096107582748146,,,0.0010837247213878632,0.046096107582748146,0.047179832304136006,0.027205560633393057,0.027205560633393057,0.027205560633393057,,,0.0010837247213878632,,,,,,
1248,0,1547,0.061339319711385926,96.48895512241853,,0.03730342044282377,,,4.128992603114049e-05,0.03730342044282377,0.03734471036885491,0.02399460934253101,0.02399460934253101,0.02399460934253101,,,4.128992603114049e-05,,,,,,
1249,0,564,0.053359079393761215,89.58983757962092,,0.048937274244316674,,,0.0012057872687744255,0.048937274244316674,0.0501430615130911,0.0032160178806701144,0.0032160178806701144,0.0032160178806701144,,,0.0012057872687744255,,,,,,
1250,0,1163,0.056135966710421176,226.45932520899288,,0.01685816733508933,,,0.00012995407772485026,0.01685816733508933,0.016988121412814184,0.037552297009935745,0.037552297009935745,0.037552297009935745,,,0.00012995407772485026,,0.0015955482876712473,,0.0015955482876712473,0.0015955482876712473,
1251,0,1542,0.024293966492449522,44.65561814064984,,0.02401986425486205,,,0.0002741022375874711,0.02401986425486205,0.02427188087997346,,,,,,0.0002520166251114127,2.2085612476058432e-05,2.2085612476058432e-05,,,,
1252,0,517,0.04519344237879743,72.70184296728122,0.004000477140896948,0.023316881824760334,0.008925425232612479,0.0020054268588388163,0.004617790956511123,0.019316404683863385,0.021923937553806547,0.014339248364649258,0.014339248364649258,0.014339248364649258,,,0.002607532869943169,4.8312277291377815e-06,4.8312277291377815e-06,0.0029195212328767153,0.0029195212328767153,,
1253,0,1060,0.0817385163338461,127.37551771383359,0.004000477140896948,0.05410648234047375,0.008925425232612479,0.0020054268588388163,0.00416084170444591,0.0501060051995768,0.05225658881745476,0.020551671056049728,0.020551671056049728,0.020551671056049728,,,0.002150583617877956,4.8312277291377815e-06,4.8312277291377815e-06,0.0029195212328767153,0.0029195212328767153,,
1254,0,1061,0.03043858448232262,43.340926950313026,,0.026535686362811933,,,0.0004622005790927509,0.026535686362811933,0.02699788694190468,0.0034406975404179404,0.0034406975404179404,0.0034406975404179404,,,0.0004622005790927509,,,,,,
1255,0,518,0.8190304969717532,1376.2839768671713,0.004000477140896948,0.13311684367554277,0.013103026254147158,0.004692614866674832,0.15570867770245053,0.12911636653464584,0.636129235805019,0.16743350815271954,0.16743350815271954,0.1697833961417045,0.002349887988984968,0.002349887988984968,0.15100122406489336,1.4838770882351759e-05,1.4838770882351759e-05,0.004409934246575377,0.3604215794520553,,0.3560116452054799
1256,0,522,0.7843863273985884,1322.2635831411583,,0.11727727979292313,0.004177601021534679,0.002687188007836016,0.15416284160943122,0.11727727979292313,0.6247545710568451,0.15309425978807026,0.15309425978807026,0.15544414777705523,0.002349887988984968,0.002349887988984968,0.15146564605844198,1.0007543153213977e-05,1.0007543153213977e-05,0.0014904130136986625,0.3575020582191786,,0.3560116452054799
1257,0,1295,0.8067372192108273,1354.8175016554735,0.004000477140896948,0.12230192290650113,0.011800281273931068,0.0038806236535820597,0.15481571406105185,0.1183014457656042,0.6252333426076715,0.16743350815271954,0.16743350815271954,0.16968875655834229,0.0022552484056227308,0.0022552484056227308,0.15092025163658743,1.4838770882351759e-05,1.4838770882351759e-05,0.003919180479452059,0.35993082568493195,,0.3560116452054799
1258,0,1297,0.011666542566139188,20.356605181332036,,0.010188185574254934,0.0013027449802160908,0.0008119912130927726,0.0008929636413986997,0.010188185574254934,0.010269158002560862,,,9.463958336223708e-05,9.463958336223708e-05,9.463958336223708e-05,8.097242830592706e-05,,,0.0004907537671233184,0.0004907537671233184,,
1260,0,1210,0.05508002667229396,91.82398893997535,0.004000477140896948,0.0371476541637987,0.008925425232612479,0.0020054268588388163,0.004114300451387231,0.03314717702290175,0.035251219387721036,0.010898550824231317,0.010898550824231317,0.010898550824231317,,,0.0021040423648192776,4.8312277291377815e-06,4.8312277291377815e-06,0.0029195212328767153,0.0029195212328767153,,
1261,0,1707,0.05819285679014634,97.33642367503143,0.004000477140896948,0.04026048428165108,0.008925425232612479,0.0020054268588388163,0.004114300451387231,0.03626000714075413,0.038364049505573414,0.010898550824231317,0.010898550824231317,0.010898550824231317,,,0.0021040423648192776,4.8312277291377815e-06,4.8312277291377815e-06,0.0029195212328767153,0.0029195212328767153,,
1262,0,1529,0.0532083086985844,90.1879191154263,,0.052002521429809975,,,0.0012057872687744255,0.052002521429809975,0.0532083086985844,,,,,,0.0012057872687744255,,,,,,
1263,0,520,0.003411734821096196,6.041757764662857,,0.003296817456307475,,,0.00011491736478872115,0.003296817456307475,0.003411734821096196,,,,,,0.00011491736478872115,,,,,,
1265,0,1296,0.01083789835901974,19.670316805190943,,0.010188185574254934,0.0005795762270216451,0.0005795762270216451,0.000649712784764805,0.010188185574254934,0.010258322131998093,,,,,,7.013655774315985e-05,,,,,,
1266,0,1351,0.015730011096342096,27.855891991342467,,0.015730011096342096,,,,0.015730011096342096,0.015730011096342096,,,,,,,,,,,,
1267,0,523,0.02784825104123807,49.31578677226174,,0.02784825104123807,,,,0.02784825104123807,0.02784825104123807,,,,,,,,,,,,
1268,0,1013,0.00976084397481524,12.71231882453643,,0.00976084397481524,,,,0.00976084397481524,0.00976084397481524,,,,,,,,,,,,
1269,0,2025,0.024160798819025046,38.21284672396019,,0.024160798819025046,,,,0.024160798819025046,0.024160798819025046,,,,,,,,,,,,
1272,0,1960,0.007516092425329345,4.343689204982753,,0.006554879028353741,,,0.0009612133969756035,0.006554879028353741,0.007516092425329345,,,,,,0.0009612133969756035,,,,,,
1273,0,1018,0.4939960741776597,471.00116685981715,,0.07439209549462064,0.002920891780821921,,0.0422650757933532,0.07439209549462064,0.4583290897811247,0.03208093905923267,0.03208093905923267,0.032746092615713165,0.0006651535564804956,0.0006651535564804956,0.0422650757933532,,,0.002920891780821921,0.34459281027397276,,0.3416719184931508
1275,0,578,0.021153943566003537,37.46100136589078,,0.005581704551111913,,,0.015572239014891624,0.005581704551111913,0.021153943566003537,,,,,,0.015572239014891624,,,,,,
1276,0,1969,0.010820370876101972,14.768076191510483,,0.010690970327095206,,,0.00012940054900676662,0.010690970327095206,0.010820370876101972,,,,,,0.00012940054900676662,,,,,,
1277,0,530,0.028718877023069335,27.579825179334424,,0.026718030980940756,,,0.0020008460421285833,0.026718030980940756,0.028718877023069335,,,,,,0.0020008460421285833,,,,,,
1279,0,1287,0.028718877023069335,27.579825179334424,,0.026718030980940756,,,0.0020008460421285833,0.026718030980940756,0.028718877023069335,,,,,,0.0020008460421285833,,,,,,
1280,0,1083,0.0028160032540886113,4.9867913005733655,,0.0028160032540886113,,,,0.0028160032540886113,0.0028160032540886113,,,,,,,,,,,,
1281,0,1084,0.0028160032540886113,4.9867913005733655,,0.0028160032540886113,,,,0.0028160032540886113,0.0028160032540886113,,,,,,,,,,,,
1286,0,2033,0.009168098138633198,16.235560798503343,,0.009168098138633198,,,,0.009168098138633198,0.009168098138633198,,,,,,,,,,,,
1291,0,550,0.023432554918315727,41.4961384889037,,0.023432554918315727,,,,0.023432554918315727,0.023432554918315727,,,,,,,,,,,,
1292,0,696,0.023432554918315727,41.4961384889037,,0.023432554918315727,,,,0.023432554918315727,0.023432554918315727,,,,,,,,,,,,
1295,0,684,0.01684571226552835,24.8719202671719,,0.012886941856798933,,,2.4379168718131245e-07,0.012886941856798933,0.012887185648486114,0.003958526617042237,0.003958526617042237,0.003958526617042237,,,2.4379168718131245e-07,,,,,,
1296,0,697,0.026437077218703156,46.81677355855311,,0.026437077218703156,,,,0.026437077218703156,0.026437077218703156,,,,,,,,,,,,
1297,0,540,0.06340901566170595,112.28947524141086,,0.06340901566170595,,,,0.06340901566170595,0.06340901566170595,,,,,,,,,,,,
1298,0,608,0.021058678886603052,36.49427469109865,,0.018091937224489804,,,,0.018091937224489804,0.018091937224489804,0.00296674166211325,0.00296674166211325,0.00296674166211325,,,,,,,,,
1299,0,688,0.06194510656501258,108.89904963664593,,0.05897836490289933,,,,0.05897836490289933,0.05897836490289933,0.00296674166211325,0.00296674166211325,0.00296674166211325,,,,,,,,,
1300,0,541,0.02856788624682106,50.590171159984706,,0.02856788624682106,,,,0.02856788624682106,0.02856788624682106,,,,,,,,,,,,
1302,0,546,0.011502834019718574,20.370087477060466,,0.011502834019718574,,,,0.011502834019718574,0.011502834019718574,,,,,,,,,,,,
1303,0,542,0.014754334397588833,26.128089984561896,,0.014754334397588833,,,,0.014754334397588833,0.014754334397588833,,,,,,,,,,,,
1304,0,890,0.009840135827072868,16.47655769286876,,0.006311762684735465,,,,0.006311762684735465,0.006311762684735465,0.0035283731423374045,0.0035283731423374045,0.0035283731423374045,,,,,,,,,
1308,0,549,0.01684571226552835,24.8719202671719,,0.012886941856798933,,,2.4379168718131245e-07,0.012886941856798933,0.012887185648486114,0.003958526617042237,0.003958526617042237,0.003958526617042237,,,2.4379168718131245e-07,,,,,,
1310,0,559,0.16344197813986952,250.06326494802414,,0.11598038615885985,0.008419110396791048,0.007076301835147182,0.04591298193914067,0.11598038615885985,0.15481706626285333,,,0.00020580148022514977,0.00020580148022514977,0.00020580148022514977,0.03883668010399348,,,0.0013428085616438664,0.0013428085616438664,,
1312,0,558,0.7780996536274745,426.2220232935593,,0.19079618202642992,0.5365528599660326,0.5352100514043888,0.5750787968451083,0.19079618202642992,0.23066492746714945,0.010676064714067004,0.010676064714067004,0.010881866194292154,0.00020580148022514977,0.00020580148022514977,0.03986874544071946,,,0.0013428085616438664,0.0013428085616438664,,
1314,0,713,0.5835246318763321,135.90680826207804,,0.055390882307090446,0.5281337495692416,0.5281337495692416,0.5281337495692416,0.055390882307090446,0.055390882307090446,,,,,,,,,,,,
1315,0,560,0.034020645128676856,57.044984766866094,,,3.869897260273969e-05,,0.03398194615607412,,0.03398194615607412,,,,,,0.03398194615607412,,,3.869897260273969e-05,3.869897260273969e-05,,
1316,0,976,0.03869792784812475,65.43289045842126,,0.00453488003921222,0.00016610338084896287,0.0001274044082462232,0.0341243488363098,0.00453488003921222,0.038531824467275794,,,,,,0.03399694442806357,,,3.869897260273969e-05,3.869897260273969e-05,,
1317,0,1716,0.004901149086927748,8.784345167332967,,0.004758746406692068,0.0001274044082462232,0.0001274044082462232,0.0001424026802356785,0.004758746406692068,0.004773744678681524,,,,,,1.4998271989455302e-05,,,,,,
1318,0,982,0.04158473522617091,70.43848529086458,,0.0075611545372495145,3.972671232876743e-05,,0.033983853976592635,0.0075611545372495145,0.04154500851384215,,,,,,0.033983853976592635,,,3.972671232876743e-05,3.972671232876743e-05,,
1319,0,1518,0.007564090097494057,13.393500523998487,,0.0075611545372495145,1.0277397260277404e-06,,1.9078205185150725e-06,0.0075611545372495145,0.007563062357768029,,,,,,1.9078205185150725e-06,,,1.0277397260277404e-06,1.0277397260277404e-06,,
1320,0,1052,0.2305143427652853,476.7972108525439,0.0027853105744765987,0.10679566739605646,0.01998231946167474,3.50191611707222e-05,0.035675890739863374,0.10401035682157987,0.13969230823538112,0.06917668394443388,0.06917668394443388,0.06917668394443388,,,0.03559359456448609,4.7277014206562584e-05,0.0016630311237956327,0.01716198972602742,0.018866100684931712,0.00161575410958907,8.835684931522112e-05
1321,0,1289,0.09642368912171367,162.0927574048069,0.004000477140896948,0.07083255931850153,0.007576110506585079,0.0020054268588388163,0.0059582144835256924,0.06683208217760458,0.07078003857456233,0.01806270881283713,0.01806270881283713,0.01806270881283713,,,0.003947956396957738,4.8312277291377815e-06,4.8312277291377815e-06,0.0015702065068493151,0.0015702065068493151,,
1323,0,806,0.5504160558562713,326.025799209818,0.004395265844475476,0.172567730958945,0.3540670223124433,0.32014264242687196,0.32590443200819064,0.16817246511446957,0.1739536195405992,0.02193190249416499,0.02193190249416499,0.022309641519272384,0.0003777390251073923,0.0003777390251073923,0.0056962229192803766,6.556666203829847e-05,8.577248395612133e-05,0.029529114041095872,0.02963425136986301,2.0205821917822858e-05,8.493150684931507e-05
1324,0,1629,0.0033475725841571567,5.928134428280568,,0.0033475725841571567,,,,0.0033475725841571567,0.0033475725841571567,,,,,,,,,,,,
1328,0,1190,0.9464948922883927,1538.7008488724239,0.004210270065634818,0.07301003533264586,0.12057389730067966,0.004352321070661271,0.3261537119117158,0.06879976526701104,0.39257898721521417,0.4258347140128216,0.4258347140128216,0.43161196148238684,0.0057772474695652895,0.0057772474695652895,0.3213244270851895,0.00047696375586507513,0.0017300462901116652,0.11201130616438358,0.1157191835616439,0.00125308253424659,0.0024547948630137375
1329,0,574,0.026638669569259806,47.17376852244685,,0.011066430554368182,,,0.015572239014891624,0.011066430554368182,0.026638669569259806,,,,,,0.015572239014891624,,,,,,
1331,0,701,0.00548472600325627,9.712767156556072,,0.00548472600325627,,,,0.00548472600325627,0.00548472600325627,,,,,,,,,,,,
1342,0,592,0.019738306684113867,34.95408462950974,,0.019738306684113867,,,,0.019738306684113867,0.019738306684113867,,,,,,,,,,,,
1343,0,2047,0.9341137667295748,1520.2087009525649,0.004210270065634818,0.15808356925472697,0.12057389730067966,0.004352321070661271,0.29817491388667183,0.15387329918909215,0.44908742139992247,0.3569429816526726,0.3569429816526726,0.3627224017388609,0.005779420086188297,0.005779420086188297,0.29334562906014544,0.00047696375586507513,0.0017300462901116652,0.11201130616438358,0.11513288184931511,0.00125308253424659,0.0018684931506849315
1344,0,2050,0.9283114085644816,1509.1226792096068,0.004210270065634818,0.14755641193376165,0.12057389730067966,0.004352321070661271,0.2998855987657254,0.1433461418681268,0.4402709489580107,0.3599570959294912,0.3599570959294912,0.3657365160156795,0.005779420086188297,0.005779420086188297,0.295056313939199,0.00047696375586507513,0.0017300462901116652,0.11201130616438358,0.11513288184931511,0.00125308253424659,0.0018684931506849315
1345,0,593,0.004342282455854052,7.689641815592854,,0.004342282455854052,,,,0.004342282455854052,0.004342282455854052,,,,,,,,,,,,
1346,0,897,0.0117303257534734,20.772947025320498,,0.0117303257534734,,,,0.0117303257534734,0.0117303257534734,,,,,,,,,,,,
1347,0,919,0.004608192423631739,8.675457897072231,,0.0040218907113029325,,,,0.0040218907113029325,0.004608192423631739,,,,,,,,,,0.000586301712328806,,0.000586301712328806
1348,0,599,0.009168098138633198,16.235560798503343,,0.009168098138633198,,,,0.009168098138633198,0.009168098138633198,,,,,,,,,,,,
1349,0,598,0.009168098138633198,16.235560798503343,,0.009168098138633198,,,,0.009168098138633198,0.009168098138633198,,,,,,,,,,,,
1355,0,1684,0.05985274248851966,108.57951925909487,,0.059818280515383584,,,2.4842140589357288e-05,0.059818280515383584,0.05984312265597294,,,9.619832546722239e-06,9.619832546722239e-06,9.619832546722239e-06,2.4842140589357288e-05,,,,,,
1357,0,687,0.022465406211914424,39.78343849523706,,0.022440564071325067,,,2.4842140589357288e-05,0.022440564071325067,0.022465406211914424,,,,,,2.4842140589357288e-05,,,,,,
1359,0,1664,0.017545413258536976,31.070743286819923,,0.017545413258536976,,,,0.017545413258536976,0.017545413258536976,,,,,,,,,,,,
1360,0,1665,0.017545413258536976,31.070743286819923,,0.017545413258536976,,,,0.017545413258536976,0.017545413258536976,,,,,,,,,,,,
1362,0,2097,0.026914254942646425,25.30922366292468,,0.026891151843774816,,,2.310309887160795e-05,0.026891151843774816,0.026914254942646425,,,,,,2.310309887160795e-05,,,,,,
1363,0,615,0.0034817111363313166,6.165677110123136,,0.0034817111363313166,,,,0.0034817111363313166,0.0034817111363313166,,,,,,,,,,,,
1364,0,616,0.0034817111363313166,6.165677110123136,,0.0034817111363313166,,,,0.0034817111363313166,0.0034817111363313166,,,,,,,,,,,,
1365,0,1180,0.0046930366429581045,8.310783828248757,,0.0046930366429581045,,,,0.0046930366429581045,0.0046930366429581045,,,,,,,,,,,,
1366,0,1651,0.030533287938643124,54.07065295441449,,0.030533287938643124,,,,0.030533287938643124,0.030533287938643124,,,,,,,,,,,,
1367,0,1652,0.01640614190662536,29.05323550927865,,0.01640614190662536,,,,0.01640614190662536,0.01640614190662536,,,,,,,,,,,,
1368,0,724,0.03207055197491712,39.94935527042234,,0.0033131316045448725,1.8496575342491467e-05,,0.014587200569002277,0.0033131316045448725,0.022937320872177702,0.009094528705479095,0.009094528705479095,0.009094528705479095,,,0.014587200569002277,,2.0205821917822858e-05,1.8496575342491467e-05,0.005075691095890874,2.0205821917822858e-05,0.00503698869863056
1370,0,618,0.06093316941387307,108.31874528218378,,0.060066427956176886,0.0005732345535248535,0.0005732345535248535,0.0008667414576961783,0.060066427956176886,0.06035993486034821,,,,,,0.00029350690417132485,,,,,,
1371,0,630,0.24927782034142373,589.7747438029215,,0.1151598702120162,0.03225053380360037,0.03225053380360037,0.13286486759516095,0.1151598702120162,0.21458863851817273,,,,,,0.09942876830615655,0.0011855654854040425,0.0024386480196506325,,0.00125308253424659,0.00125308253424659,
1372,0,837,0.20806680978353423,417.92134110579246,,0.06676519849076619,0.00017534246575342467,,0.14112626882701462,0.06676519849076619,0.20734191837523466,,,,,,0.1405767198844685,0.000549548942546163,0.000549548942546163,0.00017534246575342467,0.00017534246575342467,,
1373,0,841,0.23017570619864958,458.5631065678702,,0.08736226381126529,0.0016871735603696978,0.001511831094616273,0.1426380999216309,0.08736226381126529,0.22793898369573373,,,,,,0.1405767198844685,0.000549548942546163,0.000549548942546163,0.00017534246575342467,0.00017534246575342467,,
1376,0,622,2.4842140589357288e-05,0.043992339283969166,,,,,2.4842140589357288e-05,,2.4842140589357288e-05,,,,,,2.4842140589357288e-05,,,,,,
1378,0,973,2.4842140589357288e-05,0.043992339283969166,,,,,2.4842140589357288e-05,,2.4842140589357288e-05,,,,,,2.4842140589357288e-05,,,,,,
1379,0,744,2.4842140589357288e-05,0.043992339283969166,,,,,2.4842140589357288e-05,,2.4842140589357288e-05,,,,,,2.4842140589357288e-05,,,,,,
1381,0,1274,0.2037264848501449,310.0550207420469,0.006165901867310617,0.07360841676191447,0.05129205148533659,0.04188573797419036,0.04447497803692407,0.06744251489460384,0.06938894639708656,0.05677598834709668,0.05677598834709668,0.082397198955416,0.02562121060831933,0.02562121060831933,0.001940952050427908,0.0006482880123058095,0.0006482880123058095,0.0032404116438356145,0.003245891095890409,,5.479452054794521e-06
1382,0,2067,0.2037264848501449,310.0550207420469,0.006165901867310617,0.07360841676191447,0.05129205148533659,0.04188573797419036,0.04447497803692407,0.06744251489460384,0.06938894639708656,0.05677598834709668,0.05677598834709668,0.082397198955416,0.02562121060831933,0.02562121060831933,0.001940952050427908,0.0006482880123058095,0.0006482880123058095,0.0032404116438356145,0.003245891095890409,,5.479452054794521e-06
1384,0,1513,0.033424970713721885,59.19146326805444,,0.033424970713721885,,,,0.033424970713721885,0.033424970713721885,,,,,,,,,,,,
1385,0,2014,0.0011855654854040425,108.32014065778664,,,,,0.0011855654854040425,,,,,,,,,0.0011855654854040425,0.0011855654854040425,,,,
1386,0,2030,0.07921276761592923,94.91295079792351,0.006435249426471708,0.06602958391269532,0.019605002286605333,0.013169752860133626,0.01318318370323391,0.05959433448622361,0.05960776532932389,,,,,,1.343084310028367e-05,,,,,,
1387,0,631,0.21142242862418942,410.4097619671402,,0.08168912924907272,0.032191713619578184,0.032191713619578184,0.12973329937511668,0.08168912924907272,0.1780451495192072,,,,,,0.09635602027013446,0.0011855654854040425,0.0011855654854040425,,,,
1388,0,675,0.04425597587570676,190.69961980316123,,0.03987132512141588,5.882018402218564e-05,5.882018402218564e-05,0.0031315682200442805,0.03987132512141588,0.04294407315743798,,,,,,0.0030727480360220947,,0.00125308253424659,,0.00125308253424659,0.00125308253424659,
1389,0,632,0.20700532902678975,402.58762830515053,,0.0784888371698365,0.032191713619578184,0.032191713619578184,0.1285164918569532,0.0784888371698365,0.17362804992180753,,,,,,0.095139212751971,0.0011855654854040425,0.0011855654854040425,,,,
1390,0,677,0.004417099597399661,7.822133661989588,,0.0032002920792362044,,,0.0012168075181634565,0.0032002920792362044,0.004417099597399661,,,,,,0.0012168075181634565,,,,,,
1391,0,678,0.011957588604830868,13.688017788074523,0.006435249426471708,0.011957588604830868,0.006435249426471708,,,0.00552233917835916,0.00552233917835916,,,,,,,,,,,,
1392,0,1275,0.2037264848501449,310.0550207420469,0.006165901867310617,0.07360841676191447,0.05129205148533659,0.04188573797419036,0.04447497803692407,0.06744251489460384,0.06938894639708656,0.05677598834709668,0.05677598834709668,0.082397198955416,0.02562121060831933,0.02562121060831933,0.001940952050427908,0.0006482880123058095,0.0006482880123058095,0.0032404116438356145,0.003245891095890409,,5.479452054794521e-06
1393,0,638,0.0037363931171484717,6.616687201999904,,0.0037363931171484717,,,,0.0037363931171484717,0.0037363931171484717,,,,,,,,,,,,
1395,0,920,0.04591539968851181,72.64132998591083,0.004210270065634818,0.02972741059206249,0.017894950198454888,0.006339473625970763,0.00814630437374468,0.02551714052642767,0.027323971274201588,,,0.0006964782158553478,0.0006964782158553478,0.0006964782158553478,0.0018068307477739178,,,0.007345206506849306,0.007345206506849306,,
1396,0,641,0.03855552516788907,65.07569293307749,,0.00453488003921222,3.869897260273969e-05,,0.03398194615607412,0.00453488003921222,0.03851682619528634,,,,,,0.03398194615607412,,,3.869897260273969e-05,3.869897260273969e-05,,
1398,0,975,0.0031387679065044104,5.6633874319081485,,0.002996365226268732,0.0001274044082462232,0.0001274044082462232,0.0001424026802356785,0.002996365226268732,0.0030113634982581873,,,,,,1.4998271989455302e-05,,,,,,
1399,0,1460,0.0723109712817806,99.82851844349604,,0.025091613159902208,0.007279100538623899,0.007279100538623899,0.047219358121878385,0.025091613159902208,0.0650318707431567,,,,,,0.03994025758325449,,,,,,
1400,0,653,0.061055592310014575,64.46397294557116,0.0027853105744765987,0.028718915051742285,0.01967584356969919,0.009542928543167802,0.023147442314826783,0.025933604477265688,0.03953811824892466,,,0.0018416304913907258,0.0018416304913907258,0.0018416304913907258,0.013604513771658978,,,0.007347604452054784,0.007347604452054784,,
1401,0,654,0.026313160913701533,32.12005918854557,,0.011978663343309343,0.012819359649629328,0.005474153142780021,0.005474153142780021,0.011978663343309343,0.011978663343309343,,,0.001515137920762861,0.001515137920762861,0.001515137920762861,,,,0.007345206506849306,0.007345206506849306,,
1402,0,1579,0.7970361983059582,1205.0055388328658,,0.030504738179227678,0.0003157765148634622,0.00031372103541141185,0.000891384192355126,0.030504738179227678,0.031082401336171392,0.11700757169799382,0.11700757169799382,0.7656380204549234,0.6486304487569295,0.6486304487569295,0.0005776631569437142,,,2.05547945205031e-06,2.05547945205031e-06,,
1403,0,1582,0.7922447300386457,1193.968779398187,,0.015367927639628739,1.968558992738648e-05,1.968558992738648e-05,1.968558992738648e-05,0.015367927639628739,0.015367927639628739,0.12860423578018648,0.12860423578018648,0.7768571168090896,0.6482528810289031,0.6482528810289031,,,,,,,
1404,0,848,0.008803827882164782,1.7281343224312244,,,0.008803827882164782,0.008803827882164782,0.008803827882164782,,,,,,,,,,,,,,
1405,0,1325,0.03805326053674597,46.296618345462555,0.004318819625529826,0.03354996724923633,0.004318819625529826,,0.004503293287509641,0.02923114762370651,0.03373444091121615,,,,,,0.004503293287509641,,,,,,
1406,0,1327,0.03818216403789012,46.321921266827026,0.004318819625529826,0.03354996724923633,0.004447723126673975,0.00012890350114414892,0.004632196788653791,0.02923114762370651,0.03373444091121615,,,,,,0.004503293287509641,,,,,,
1407,0,1465,0.3029709191007484,384.682542780472,,0.08433185943069635,0.07604689475326165,0.018055454342302744,0.06148723373373982,0.08433185943069635,0.12767345416301043,0.0071623846821729925,0.0071623846821729925,0.09916038552535336,0.09199800084318037,0.09199800084318037,0.04334159473231412,9.018465912294695e-05,9.018465912294695e-05,0.05799144041095891,0.05799144041095891,,
1408,0,1466,0.3587642717638331,445.4484561659675,,0.11411922825826287,0.08279325014821338,0.008217904257802413,0.06525419742089847,0.11411922825826287,0.17106533676223598,0.0071623846821729925,0.0071623846821729925,0.10481550019426068,0.09765311551208769,0.09765311551208769,0.05694610850397311,9.018465912294695e-05,9.018465912294695e-05,0.07457534589041097,0.07457534589041097,,
1409,0,673,0.008159339972620767,14.449175630322408,,0.008159339972620767,,,,0.008159339972620767,0.008159339972620767,,,,,,,,,,,,
1410,0,655,0.0001215333991214166,0.18252921684753803,,,,,,,,,,0.0001215333991214166,0.0001215333991214166,0.0001215333991214166,,,,,,,
1411,0,1231,0.6252084401482126,445.41761900660816,0.007508681749868866,0.16134685460356896,0.3767582997741297,0.36412495912015125,0.3693112016110549,0.15383817285370008,0.15904925964146951,0.025667297056389104,0.025667297056389104,0.08933531407057485,0.06366801701418574,0.06366801701418574,0.005120675828865329,6.556666203829847e-05,6.556666203829847e-05,0.005124658904109585,0.0052150698630136945,,9.04109589041096e-05
1412,0,1232,0.6250869067490912,445.2350897897606,0.007508681749868866,0.16134685460356896,0.3767582997741297,0.36412495912015125,0.3693112016110549,0.15383817285370008,0.15904925964146951,0.025667297056389104,0.025667297056389104,0.08921378067145343,0.06354648361506432,0.06354648361506432,0.005120675828865329,6.556666203829847e-05,6.556666203829847e-05,0.005124658904109585,0.0052150698630136945,,9.04109589041096e-05
1413,0,656,0.006019920805418998,1.1395758899428567,0.004165181354505226,0.004165181354505226,0.006019920805418998,0.0018547394509137716,0.0018547394509137716,,,,,,,,,,,,,,
1414,0,1230,0.7653710301787873,586.891983936477,0.014080804394615298,0.21908336924009728,0.4186625598149954,0.36597969857106505,0.37219043126077134,0.205002564845482,0.21123814183205403,0.06685021391237148,0.06685021391237148,0.1354047618696994,0.06855454795732792,0.06855454795732792,0.006145166027667973,6.556666203829847e-05,6.556666203829847e-05,0.03860205684931506,0.038692467808219166,,9.04109589041096e-05
1416,0,1554,0.07018953714697311,88.08393236900478,0.009094565169283704,0.04685782159165745,0.009094565169283704,,,0.03776325642237375,0.03776325642237375,0.023331715555315647,0.023331715555315647,0.023331715555315647,,,,,,,,,
1417,0,1565,0.027869371775139887,37.41657215178818,0.002784634672253059,0.018592564315814436,0.002784634672253059,,,0.015807929643561376,0.015807929643561376,0.00927680745932545,0.00927680745932545,0.00927680745932545,,,,,,,,,
1419,0,1588,0.19231729976508086,110.47112424285277,0.006982684941644735,0.04513314766110481,0.11474206155755598,0.10775937661591124,0.14718415210397606,0.03815046271946007,0.07757523820752486,,,,,,0.039424775488064806,,,,,,
1421,0,661,0.07098721706077135,61.10852272012599,0.02067896590802278,0.029798111489875878,0.035018783201879365,0.01433981729385659,0.01433981729385659,0.009119145581853103,0.009119145581853103,0.02672775487791745,0.02672775487791745,0.026849288277038866,0.0001215333991214166,0.0001215333991214166,,,,,,,
1423,0,855,0.03264175830474114,48.80126983180524,,0.004862975687097665,0.0010510277397260258,,,0.004862975687097665,0.004862975687097665,0.02672775487791745,0.02672775487791745,0.02672775487791745,,,,,,0.0010510277397260258,0.0010510277397260258,,
1425,0,1614,0.05004456210853342,29.600449173748295,0.02067896590802278,0.03466108717697354,0.03594090744046124,0.01421091379271244,0.01421091379271244,0.013982121268950768,0.013982121268950768,,,0.0001215333991214166,0.0001215333991214166,0.0001215333991214166,,,,0.0010510277397260258,0.0010510277397260258,,
1426,0,2007,0.00012890350114414892,0.02530292136447141,,,0.00012890350114414892,0.00012890350114414892,0.00012890350114414892,,,,,,,,,,,,,,
1428,0,1833,0.019531442861606543,27.61218830259908,,0.013964020651012838,,,,0.013964020651012838,0.013964020651012838,0.0055674222105937055,0.0055674222105937055,0.0055674222105937055,,,,,,,,,
1429,0,1835,0.06862874813095385,39.128829196154356,0.01651378455351755,0.02563293013537065,0.048234412813643206,0.023265833054646207,0.023265833054646207,0.009119145581853103,0.009119145581853103,0.01033725629075542,0.01033725629075542,0.011275189735457507,0.0009379334447020886,0.0009379334447020886,,,,0.008454795205479445,0.008454795205479445,,
1430,0,671,0.0868885636901491,126.63547072538225,,0.0639022674619894,,,0.0019216957716334715,0.0639022674619894,0.06582396323362287,0.021064600456526243,0.021064600456526243,0.021064600456526243,,,0.0019216957716334715,,,,,,
1431,0,672,0.06132244619960514,88.63450625957117,,0.046646386825769943,,,0.0014228737538952512,0.046646386825769943,0.0480692605796652,0.01325318561993995,0.01325318561993995,0.01325318561993995,,,0.0014228737538952512,,,,,,
1433,0,1099,0.2127956634408512,534.9740807970755,,0.06626942965266304,0.0011231851049558527,0.0009478426392024278,0.14509780878818815,0.06626942965266304,0.20992034643330765,,,,,,0.14365091678064462,0.0004990493683411335,0.0017521319025877236,0.00017534246575342467,0.0014284250000000148,0.00125308253424659,
1434,0,1101,0.20439115807388514,520.0907477651422,,0.05786492428569693,0.0011231851049558527,0.0009478426392024278,0.14509780878818815,0.05786492428569693,0.20151584106634157,,,,,,0.14365091678064462,0.0004990493683411335,0.0017521319025877236,0.00017534246575342467,0.0014284250000000148,0.00125308253424659,
1435,0,839,0.22715595179477943,567.6291511836988,,0.07744734021998677,0.0011431026029925446,0.0009677601372391196,0.14540515018820543,0.07744734021998677,0.221295496243489,0.002875036386587249,0.002875036386587249,0.002875036386587249,,,0.1438481560235023,0.0005892340274640805,0.0018423165617106705,0.00017534246575342467,0.0014284250000000148,0.00125308253424659,
1436,0,840,0.17990368370638057,368.8412454845418,,0.037494444357383895,0.0010842824189703586,0.000908939953216934,0.14223389688324325,0.037494444357383895,0.17826985234486406,,,,,,0.1407754079874802,0.000549548942546163,0.000549548942546163,0.00017534246575342467,0.00017534246575342467,,
1437,0,838,0.2245655066607779,563.8151521946127,,0.07773193147257249,0.0011431026029925446,0.0009677601372391196,0.14540515018820543,0.07773193147257249,0.22158008749607472,,,,,,0.1438481560235023,0.0005892340274640805,0.0018423165617106705,0.00017534246575342467,0.0014284250000000148,0.00125308253424659,
1438,0,1139,0.02907152212888145,39.46502671769717,,0.008395264452667774,,,0.0009138607253539768,0.008395264452667774,0.009309125178021752,0.011834793803171779,0.011834793803171779,0.019762396950859698,0.007927603147687921,0.007927603147687921,0.0009138607253539768,,,,,,
1439,0,681,0.06295590425632284,111.81930106962969,,0.03346620925509976,0.00033737842448794593,0.00033737842448794593,0.0294896950012231,0.03346620925509976,0.0626185258318349,,,,,,0.029152316576735154,,,,,,
1440,0,1098,0.2681691141330591,633.3658002701179,,0.09215318534364778,0.0014605635294437987,0.001285221063690374,0.17458750378941124,0.09215318534364778,0.2649564187010276,,,,,,0.17280323335737977,0.0004990493683411335,0.0017521319025877236,0.00017534246575342467,0.0014284250000000148,0.00125308253424659,
1441,0,686,0.020773025388677695,36.00613512380629,,0.017872149394069305,,,,0.017872149394069305,0.017872149394069305,0.002900875994608387,0.002900875994608387,0.002900875994608387,,,,,,,,,
1444,0,1961,0.006555580624375562,7.2156634252253316,,0.006426180075368795,,,0.00012940054900676662,0.006426180075368795,0.006555580624375562,,,,,,0.00012940054900676662,,,,,,
1445,0,702,0.006539189619639001,7.1866369957603595,,0.006426180075368795,,,0.00011300954427020607,0.006426180075368795,0.006539189619639001,,,,,,0.00011300954427020607,,,,,,
1446,0,704,0.01445772206165697,20.45196101059283,,0.011449578220134204,,,0.00019238655568989193,0.011449578220134204,0.011641964775824097,0.0028157572858328725,0.0028157572858328725,0.0028157572858328725,,,0.00019238655568989193,,,,,,
1447,0,1814,0.025763393654414636,44.06985058565196,,0.022347664060528773,,,6.29860066831253e-05,0.022347664060528773,0.022947636368581763,0.0028157572858328725,0.0028157572858328725,0.0028157572858328725,,,6.29860066831253e-05,,,,0.000536986301369863,,0.000536986301369863
1448,0,1008,0.042847350304538345,69.87759042587541,,0.01739496055812542,,,0.0031477414343624496,0.01739496055812542,0.020542701992487866,0.02230464831205048,0.02230464831205048,0.02230464831205048,,,0.0031477414343624496,,,,,,
1449,0,1010,0.039789289052743704,60.06869054304827,,0.014223889762060578,,,0.0032607509786326556,0.014223889762060578,0.01748464074069323,0.02230464831205048,0.02230464831205048,0.02230464831205048,,,0.0032607509786326556,,,,,,
1451,0,1007,0.046070300922993156,75.58503486257926,,0.020617911176580232,,,0.0031477414343624496,0.020617911176580232,0.023765652610942684,0.02230464831205048,0.02230464831205048,0.02230464831205048,,,0.0031477414343624496,,,,,,
1452,0,2042,0.0003976352365112736,1.0529580135887946,,,,,,,0.00039726061643839504,,,3.7462007287856666e-07,3.7462007287856666e-07,3.7462007287856666e-07,,,,,0.00039726061643839504,,0.00039726061643839504
1455,0,711,0.0003976352365112736,1.0529580135887946,,,,,,,0.00039726061643839504,,,3.7462007287856666e-07,3.7462007287856666e-07,3.7462007287856666e-07,,,,,0.00039726061643839504,,0.00039726061643839504
1456,0,741,0.0004224773771006309,1.0969503528727638,,,,,2.4842140589357288e-05,,0.0004221027570277523,,,3.7462007287856666e-07,3.7462007287856666e-07,3.7462007287856666e-07,2.4842140589357288e-05,,,,0.00039726061643839504,,0.00039726061643839504
1457,0,1863,2.4842140589357288e-05,0.043992339283969166,,,,,2.4842140589357288e-05,,2.4842140589357288e-05,,,,,,2.4842140589357288e-05,,,,,,
1458,0,1111,0.010075252530041018,16.986071840018106,,0.006893180801084949,,,,0.006893180801084949,0.006893180801084949,0.00318207172895607,0.00318207172895607,0.00318207172895607,,,,,,,,,
1459,0,1962,0.009450423537297057,16.735523943057125,,0.009450423537297057,,,,0.009450423537297057,0.009450423537297057,,,,,,,,,,,,
1461,0,965,0.010075252530041018,16.986071840018106,,0.006893180801084949,,,,0.006893180801084949,0.006893180801084949,0.00318207172895607,0.00318207172895607,0.00318207172895607,,,,,,,,,
1462,0,986,0.009450423537297057,16.735523943057125,,0.009450423537297057,,,,0.009450423537297057,0.009450423537297057,,,,,,,,,,,,
1464,0,719,2.0459910564499095,695.0147352030596,,0.04291074157219997,1.678986854469839,0.0030306900862770835,0.0030306900862770835,0.04291074157219997,0.04291074157219997,0.0038528882195440536,0.0038528882195440536,0.32409346040787085,0.3202405721883268,0.3202405721883268,,,,1.6759561643835619,1.6759561643835619,,
1465,0,716,0.025878654960211904,6.661246349333161,,,0.022963749950884238,0.022963749950884238,0.024726872986218375,,0.0017631230353341346,,,0.0011517819739935303,0.0011517819739935303,0.0011517819739935303,0.0017631230353341346,,,,,,
1466,0,1330,0.13952699324064521,181.84951984739968,,0.07413368611898845,0.014310913954145568,0.012591392721268857,0.056020026725396174,0.07413368611898845,0.11747213546399282,0.003169405254435904,0.003169405254435904,0.007653759163383853,0.004484353908947949,0.004484353908947949,0.04333844934500436,9.018465912294695e-05,9.018465912294695e-05,0.0017195212328767109,0.0017195212328767109,,
1467,0,717,0.1549497923043551,185.2990784857632,,0.005927473859587872,0.06150552612322505,0.005420936054731879,0.005424081442041643,0.005927473859587872,0.005930619246897636,,,0.08751364693423241,0.08751364693423241,0.08751364693423241,3.145387309763584e-06,,,0.05608459006849317,0.05608459006849317,,
1468,0,833,0.5618662171752081,55.08862292650122,0.0037341994311092053,0.016835757777217006,0.5481275464971272,0.544393347066018,0.5450304593979912,0.013101558346107801,0.01373867067808089,,,,,,0.0006371123319730879,,,,,,
1469,0,1720,0.008054765624620163,14.367445917292137,,0.0075611545372495145,0.00012843214797225093,0.0001274044082462232,0.0004925833476446201,0.0075611545372495145,0.007926333476647911,,,,,,0.000365178939398397,,,1.0277397260277404e-06,1.0277397260277404e-06,,
1470,0,1721,0.008054765624620163,14.367445917292137,,0.0075611545372495145,0.00012843214797225093,0.0001274044082462232,0.0004925833476446201,0.0075611545372495145,0.007926333476647911,,,,,,0.000365178939398397,,,1.0277397260277404e-06,1.0277397260277404e-06,,
1472,0,1972,0.0008286442071194502,0.6862883761410926,,,0.0007231687531944459,0.00023241498607112738,0.0002432508566338946,,1.0835870562767208e-05,,,9.463958336223708e-05,9.463958336223708e-05,9.463958336223708e-05,1.0835870562767208e-05,,,0.0004907537671233184,0.0004907537671233184,,
1473,0,1973,0.0008286442071194502,0.6862883761410926,,,0.0007231687531944459,0.00023241498607112738,0.0002432508566338946,,1.0835870562767208e-05,,,9.463958336223708e-05,9.463958336223708e-05,9.463958336223708e-05,1.0835870562767208e-05,,,0.0004907537671233184,0.0004907537671233184,,
1475,0,1696,0.03207055197491712,39.94935527042234,,0.0033131316045448725,1.8496575342491467e-05,,0.014587200569002277,0.0033131316045448725,0.022937320872177702,0.009094528705479095,0.009094528705479095,0.009094528705479095,,,0.014587200569002277,,2.0205821917822858e-05,1.8496575342491467e-05,0.005075691095890874,2.0205821917822858e-05,0.00503698869863056
1476,0,1272,0.018094686007022083,10.481288871220835,,0.004004686322865845,,,0.01118760371260543,0.004004686322865845,0.015192290035471276,0.002902395971550807,0.002902395971550807,0.002902395971550807,,,0.01118760371260543,,,,,,
1477,0,2071,0.003563281877518306,6.310128740973346,,0.003563281877518306,,,,0.003563281877518306,0.003563281877518306,,,,,,,,,,,,
1478,0,726,0.0004224773771006309,1.0969503528727638,,,,,2.4842140589357288e-05,,0.0004221027570277523,,,3.7462007287856666e-07,3.7462007287856666e-07,3.7462007287856666e-07,2.4842140589357288e-05,,,,0.00039726061643839504,,0.00039726061643839504
1479,0,742,0.0004224773771006309,1.0969503528727638,,,,,2.4842140589357288e-05,,0.0004221027570277523,,,3.7462007287856666e-07,3.7462007287856666e-07,3.7462007287856666e-07,2.4842140589357288e-05,,,,0.00039726061643839504,,0.00039726061643839504
1480,0,990,0.004184125852108167,7.409566153555502,,0.004184125852108167,,,,0.004184125852108167,0.004184125852108167,,,,,,,,,,,,
1481,0,991,0.004184125852108167,7.409566153555502,,0.004184125852108167,,,,0.004184125852108167,0.004184125852108167,,,,,,,,,,,,
1482,0,727,0.0004224773771006309,1.0969503528727638,,,,,2.4842140589357288e-05,,0.0004221027570277523,,,3.7462007287856666e-07,3.7462007287856666e-07,3.7462007287856666e-07,2.4842140589357288e-05,,,,0.00039726061643839504,,0.00039726061643839504
1484,0,728,0.0004224773771006309,1.0969503528727638,,,,,2.4842140589357288e-05,,0.0004221027570277523,,,3.7462007287856666e-07,3.7462007287856666e-07,3.7462007287856666e-07,2.4842140589357288e-05,,,,0.00039726061643839504,,0.00039726061643839504
1487,0,731,0.0004224773771006309,1.0969503528727638,,,,,2.4842140589357288e-05,,0.0004221027570277523,,,3.7462007287856666e-07,3.7462007287856666e-07,3.7462007287856666e-07,2.4842140589357288e-05,,,,0.00039726061643839504,,0.00039726061643839504
1491,0,1907,0.02321942369127795,35.52416392278874,,0.018754238093429076,,,,0.018754238093429076,0.018754238093429076,0.004465185597848872,0.004465185597848872,0.004465185597848872,,,,,,,,,
1492,0,1908,0.0048340949629636235,8.909376054688297,,0.004411617585862992,,,2.4842140589357288e-05,0.004411617585862992,0.004833720342890745,,,3.7462007287856666e-07,3.7462007287856666e-07,3.7462007287856666e-07,2.4842140589357288e-05,,,,0.00039726061643839504,,0.00039726061643839504
1493,0,994,0.013385341222930409,22.850961548168062,,0.010214922650532893,,,,0.010214922650532893,0.010214922650532893,0.003170418572397517,0.003170418572397517,0.003170418572397517,,,,,,,,,
1494,0,733,0.042744203580213164,57.30856646318359,0.0027496014855327242,0.023033862964722082,0.0027496014855327242,,0.0004015668569502393,0.020284261479189356,0.020685828336139595,0.019308773758540853,0.019308773758540853,0.019308773758540853,,,0.0004015668569502393,,,,,,
1496,0,1433,0.03984753592650631,52.17892854988058,0.0027496014855327242,0.020137195311015224,0.0027496014855327242,,0.0004015668569502393,0.017387593825482498,0.017789160682432737,0.019308773758540853,0.019308773758540853,0.019308773758540853,,,0.0004015668569502393,,,,,,
1497,0,734,0.0027496014855327242,1.6700531993246848,0.0027496014855327242,0.0027496014855327242,0.0027496014855327242,,,,,,,,,,,,,,,,
1498,0,910,0.03999460209468044,55.638513263858904,,0.020284261479189356,,,0.0004015668569502393,0.020284261479189356,0.020685828336139595,0.019308773758540853,0.019308773758540853,0.019308773758540853,,,0.0004015668569502393,,,,,,
1499,0,1182,0.006215096614705927,6.755154399715345,,0.005997428246291861,,,0.00021766836841406587,0.005997428246291861,0.006215096614705927,,,,,,0.00021766836841406587,,,,,,
1500,0,1637,0.9081295951874424,1487.6490831846866,0.004210270065634818,0.060586021108391626,0.12057389730067966,0.004352321070661271,0.32572904195589397,0.056375751042756814,0.3797303030351381,0.40031810109194743,0.40031810109194743,0.4060953485615127,0.0057772474695652895,0.0057772474695652895,0.32089975712936764,0.00047696375586507513,0.0017300462901116652,0.11201130616438358,0.1157191835616439,0.00125308253424659,0.0024547948630137375
1501,0,1638,0.9129511528259301,1496.970465437744,0.004210270065634818,0.06868780839139713,0.12057389730067966,0.004352321070661271,0.3264666180291729,0.0644775383257623,0.38856966639142254,0.3963002953741508,0.3963002953741508,0.40207754284371605,0.0057772474695652895,0.0057772474695652895,0.32163733320264654,0.00047696375586507513,0.0017300462901116652,0.11201130616438358,0.1157191835616439,0.00125308253424659,0.0024547948630137375
1502,0,735,0.009332868629784075,15.627177421223173,,0.005986386061556253,,,,0.005986386061556253,0.005986386061556253,0.0033464825682278224,0.0033464825682278224,0.0033464825682278224,,,,,,,,,
1503,0,736,0.049327470724464514,71.26569068508209,,0.02627064754074561,,,0.0004015668569502393,0.02627064754074561,0.026672214397695848,0.022655256326768677,0.022655256326768677,0.022655256326768677,,,0.0004015668569502393,,,,,,
1505,0,737,0.005986386061556253,10.601144686284867,,0.005986386061556253,,,,0.005986386061556253,0.005986386061556253,,,,,,,,,,,,
1506,0,1224,0.005986386061556253,10.601144686284867,,0.005986386061556253,,,,0.005986386061556253,0.005986386061556253,,,,,,,,,,,,
1511,0,825,0.00016724482082503578,0.4011898646277314,,,0.0001274044082462232,0.0001274044082462232,0.00016724482082503578,,3.984041257881259e-05,,,,,,3.984041257881259e-05,,,,,,
1512,0,740,0.0004224773771006309,1.0969503528727638,,,,,2.4842140589357288e-05,,0.0004221027570277523,,,3.7462007287856666e-07,3.7462007287856666e-07,3.7462007287856666e-07,2.4842140589357288e-05,,,,0.00039726061643839504,,0.00039726061643839504
1513,0,743,0.0004224773771006309,1.0969503528727638,,,,,2.4842140589357288e-05,,0.0004221027570277523,,,3.7462007287856666e-07,3.7462007287856666e-07,3.7462007287856666e-07,2.4842140589357288e-05,,,,0.00039726061643839504,,0.00039726061643839504
1519,0,1865,2.4842140589357288e-05,0.043992339283969166,,,,,2.4842140589357288e-05,,2.4842140589357288e-05,,,,,,2.4842140589357288e-05,,,,,,
1524,0,824,0.00016724482082503578,0.4011898646277314,,,0.0001274044082462232,0.0001274044082462232,0.00016724482082503578,,3.984041257881259e-05,,,,,,3.984041257881259e-05,,,,,,
1529,0,1862,1.9078205185150725e-06,0.003378512702701215,,,,,1.9078205185150725e-06,,1.9078205185150725e-06,,,,,,1.9078205185150725e-06,,,,,,
1530,0,980,0.041582827405652396,70.43510677816188,,0.0075611545372495145,3.972671232876743e-05,,0.03398194615607412,0.0075611545372495145,0.041543100693323634,,,,,,0.03398194615607412,,,3.972671232876743e-05,3.972671232876743e-05,,
1531,0,981,0.041582827405652396,70.43510677816188,,0.0075611545372495145,3.972671232876743e-05,,0.03398194615607412,0.0075611545372495145,0.041543100693323634,,,,,,0.03398194615607412,,,3.972671232876743e-05,3.972671232876743e-05,,
1532,0,752,0.002043884657644283,0.8477218684437444,,,,,0.002043884657644283,,0.002043884657644283,,,,,,0.002043884657644283,,,,,,
1533,0,1698,0.0008858744254033798,0.38106429841697276,,,,,0.0008858744254033798,,0.0008858744254033798,,,,,,0.0008858744254033798,,,,,,
1534,0,754,0.14981939689036738,240.77937714072164,0.004000477140896948,0.053627827292383384,0.009676577989907688,0.0018904833832573112,0.00542558033864919,0.049627350151486435,0.06071998340824835,0.07942283549221137,0.07942283549221137,0.07942283549221137,,,0.003535096955391878,,,0.003785617465753427,0.011343153767123467,,0.007557536301370038
1535,0,758,0.13153854864355977,201.7520181750232,,0.09241245956252343,2.7400684931531183e-06,,0.001694719179756343,0.09241245956252343,0.10166471504364981,0.02987109353141677,0.02987109353141677,0.02987109353141677,,,0.001694719179756343,,,2.7400684931531183e-06,0.007560276369863192,,0.007557536301370038
1536,0,1344,0.12002787680471982,182.38102175541505,0.007479135499985768,0.11507540280409012,0.00782853788405168,0.00034940238406591347,0.0004065595198287425,0.10759626730410435,0.10764859321213803,0.004545914480800967,0.004545914480800967,0.004545914480800967,,,5.232590803369127e-05,4.8312277291377815e-06,4.8312277291377815e-06,,,,
1537,0,830,0.13731020081452525,213.97417645267706,,0.03744374241490543,0.006298448494705598,0.0025128310289521715,0.006356657429726655,0.03744374241490543,0.04884510511704995,0.0821666472027697,0.0821666472027697,0.0821666472027697,,,0.003843826400774484,,,0.003785617465753427,0.011343153767123467,,0.007557536301370038
1538,0,831,0.09046747125079548,153.36092512089354,0.004000477140896948,0.08233217113067165,0.005668605020028247,0.0016681278791312983,0.008135300120123827,0.07833169398977471,0.08479886623076723,,,,,,0.006467172240992529,,,,,,
1540,0,1699,0.003291976318719248,1.3266080270347878,,0.003040369081176531,,,0.0002516072375427169,0.003040369081176531,0.003291976318719248,,,,,,0.0002516072375427169,,,,,,
1541,0,756,0.056215334659024785,76.5288057454147,,0.03680642574524539,0.005894863356164382,,,0.03680642574524539,0.03680642574524539,0.012832405336380042,0.012832405336380042,0.013514045557615012,0.0006816402212349704,0.0006816402212349704,,,,0.005894863356164382,0.005894863356164382,,
1542,0,757,0.10986794146471386,164.66079239472887,,0.039616243155185554,0.007324554901369739,0.0011831162027396039,0.004571067045927171,0.039616243155185554,0.044765838176455366,0.05639386505753536,0.05639386505753536,0.05777754838688879,0.0013836833293534262,0.0013836833293534262,0.0033879508431875673,,,0.0061414386986301354,0.007903082876712366,,0.0017616441780822307
1543,0,761,0.18192754485083476,273.8449013993761,,0.02087576535288799,0.01133252787124918,0.0014054717068656168,0.0018613472644525334,0.02087576535288799,0.030650821389927183,0.13856051226030502,0.13856051226030502,0.13994419558965843,0.0013836833293534262,0.0013836833293534262,0.00045587555758691675,,,0.009927056164383562,0.019246236643835832,,0.00931918047945227
1544,0,1923,0.02055345877533456,36.397617534253904,,0.008123539480655367,,,0.012429919294679194,0.008123539480655367,0.02055345877533456,,,,,,0.012429919294679194,,,,,,
1545,0,2028,0.04977756873172609,84.73180262044295,,0.03708251211438961,,,1.3128998256021848e-05,0.03708251211438961,0.03709564111264563,0.012681927619080472,0.012681927619080472,0.012681927619080472,,,1.3128998256021848e-05,,,,,,
1546,0,760,0.0512285695746597,80.46575368260177,,0.012793011242826117,5.479452054794521e-06,,,0.012793011242826117,0.012793011242826117,0.03787326547427675,0.03787326547427675,0.038429051140052746,0.000555785665775995,0.000555785665775995,,,1.0277397260420364e-06,5.479452054794521e-06,6.507191780836557e-06,1.0277397260420364e-06,
1547,0,1294,0.060072241258766146,99.531350502979,,0.034305481547757,5.479452054794521e-06,,1.3128998256021848e-05,0.034305481547757,0.03431861054601302,0.025191337855196283,0.025191337855196283,0.02574712352097228,0.000555785665775995,0.000555785665775995,1.3128998256021848e-05,,1.0277397260420364e-06,5.479452054794521e-06,6.507191780836557e-06,1.0277397260420364e-06,
1548,0,1035,0.13509047884595246,218.20067138626516,,0.045429011620956083,0.002745815722561163,0.0009704729143419827,0.009234535551057587,0.045429011620956083,0.05369307425767169,0.07808121553211048,0.07808121553211048,0.07865056112599363,0.0005693455938831583,0.0005693455938831583,0.008264062636715605,,1.0277397260420364e-06,0.0017753428082191804,0.0017763705479452226,1.0277397260420364e-06,
1549,0,1036,0.0838619092712928,137.73491770366334,,0.032636000378129956,0.0027403362705063685,0.0009704729143419827,0.009234535551057587,0.032636000378129956,0.04090006301484557,0.04020795005783373,0.04020795005783373,0.04022150998594089,1.3559928107163241e-05,1.3559928107163241e-05,0.008264062636715605,,,0.001769863356164386,0.001769863356164386,,
1550,0,762,0.19933186447493315,303.8863150564245,,0.03555895193733039,0.011294649430922654,0.0013675932665390923,0.0018234688241260092,0.03555895193733039,0.04533400797436958,0.14131952374028756,0.14131952374028756,0.14270320706964096,0.0013836833293534262,0.0013836833293534262,0.00045587555758691675,,,0.009927056164383562,0.019246236643835832,,0.00931918047945227
1551,0,771,0.00470028737550806,8.323623973213222,,0.00470028737550806,,,,0.00470028737550806,0.00470028737550806,,,,,,,,,,,,
1552,0,772,0.034051064832163476,60.33752101897937,,0.03401318639183695,3.7878440326524495e-05,3.7878440326524495e-05,3.7878440326524495e-05,0.03401318639183695,0.03401318639183695,,,,,,,,,,,,
1553,0,763,0.19637401876533606,298.6483384199838,,0.032601106227733295,0.011294649430922654,0.0013675932665390923,0.0018234688241260092,0.032601106227733295,0.042376162264772484,0.14131952374028756,0.14131952374028756,0.14270320706964096,0.0013836833293534262,0.0013836833293534262,0.00045587555758691675,,,0.009927056164383562,0.019246236643835832,,0.00931918047945227
1554,0,769,0.0035963633447774735,6.368711902373709,,0.0035963633447774735,,,,0.0035963633447774735,0.0035963633447774735,,,,,,,,,,,,
1555,0,765,0.18491685635849198,275.5539899567791,,0.01729027810693545,0.013705608335032244,0.0013675932665390923,0.0032661756339701807,0.01729027810693545,0.028508040953818807,0.14131952374028756,0.14131952374028756,0.14270320706964096,0.0013836833293534262,0.0013836833293534262,0.0018985823674310886,,,0.012338015068493151,0.021657195547945422,,0.00931918047945227
1556,0,768,0.019879492749749712,35.20410758060284,,0.017980910382318624,,,0.0018985823674310886,0.017980910382318624,0.019879492749749712,,,,,,0.0018985823674310886,,,,,,
1557,0,764,0.02203279896451228,37.30879094190942,,0.015681068651629902,,,,0.015681068651629902,0.015681068651629902,0.006351730312882376,0.006351730312882376,0.006351730312882376,,,,,,,,,
1558,0,1115,0.010950554036772383,19.392068360627228,,0.006447260749262742,,,0.004503293287509641,0.006447260749262742,0.010950554036772383,,,,,,0.004503293287509641,,,,,,
1559,0,1681,0.029783967263617202,51.0351453369673,,0.018928943663225187,,,0.004503293287509641,0.018928943663225187,0.023432236950734826,0.006351730312882376,0.006351730312882376,0.006351730312882376,,,0.004503293287509641,,,,,,
1560,0,966,0.14033643718725694,227.49061072905687,,0.033819682466910035,0.002745815722561163,0.0009704729143419827,0.02608982304640808,0.033819682466910035,0.05893903259897614,0.07808121553211048,0.07808121553211048,0.07865056112599363,0.0005693455938831583,0.0005693455938831583,0.0251193501320661,,1.0277397260420364e-06,0.0017753428082191804,0.0017763705479452226,1.0277397260420364e-06,
1561,0,968,0.29635629382679624,450.1667040577059,,0.04103053598783987,0.01645142405759341,0.002338066180881075,0.004200253162655949,0.04103053598783987,0.05221190344906703,0.22575246958528042,0.22575246958528042,0.22769193858040981,0.0019394689951294213,0.0019394689951294213,0.0018621869817748741,,1.0277397260420364e-06,0.014113357876712331,0.02343356609589065,1.0277397260420364e-06,0.00931918047945227
1562,0,766,0.019879492749749712,35.20410758060284,,0.017980910382318624,,,0.0018985823674310886,0.017980910382318624,0.019879492749749712,,,,,,0.0018985823674310886,,,,,,
1565,0,1291,0.0447450321022651,73.2773980690517,,0.022250685512673132,9.585824269185056e-06,4.106372214390534e-06,4.106372214390534e-06,0.022250685512673132,0.022250685512673132,0.021927947359820746,0.021927947359820746,0.022483733025596742,0.000555785665775995,0.000555785665775995,,,1.0277397260420364e-06,5.479452054794521e-06,6.507191780836557e-06,1.0277397260420364e-06,
1566,0,816,0.08388589358456834,145.59581245774632,,0.06926715439128489,0.00012042292763629949,0.00011494347558150496,0.002893229011614048,0.06926715439128489,0.07204543992731743,0.011163217324112584,0.011163217324112584,0.011719002989888578,0.000555785665775995,0.000555785665775995,0.002778285536032543,,1.0277397260420364e-06,5.479452054794521e-06,6.507191780836557e-06,1.0277397260420364e-06,
1567,0,1985,0.0033108657506230117,5.863131194397973,,0.0033108657506230117,,,,0.0033108657506230117,0.0033108657506230117,,,,,,,,,,,,
1568,0,1286,0.04876836911455697,65.0575611247962,0.006168639040631972,0.03939840176383935,0.006168639040631972,,,0.03322976272320738,0.03322976272320738,0.009369967350717615,0.009369967350717615,0.009369967350717615,,,,,,,,,
1569,0,777,0.017047790216609345,34.646550945602456,0.004000477140896948,0.015482465304534402,0.004523367257615167,0.0005228901167182189,0.0015653249120749415,0.011481988163637455,0.012524422958994178,,,,,,0.0010424347953567226,,,,,,
1570,0,832,0.07341968103418615,118.71437417529106,,0.06684970582613727,0.0011452377624130794,0.0011452377624130794,0.006569975208048885,0.06684970582613727,0.07227444327177307,,,,,,0.005424737445635806,,,,,,
1571,0,1292,0.06198500825213524,103.80725024924361,,0.03949066166254327,9.585824269185056e-06,4.106372214390534e-06,4.106372214390534e-06,0.03949066166254327,0.03949066166254327,0.021927947359820746,0.021927947359820746,0.022483733025596742,0.000555785665775995,0.000555785665775995,,,1.0277397260420364e-06,5.479452054794521e-06,6.507191780836557e-06,1.0277397260420364e-06,
1572,0,1293,0.056736610016173354,94.46284509925083,,0.03279007844481649,0.0008324079483610822,0.0008269284963062877,0.0014562913539792866,0.03279007844481649,0.033419441302489486,0.021927947359820746,0.021927947359820746,0.022483733025596742,0.000555785665775995,0.000555785665775995,0.000629362857672999,,1.0277397260420364e-06,5.479452054794521e-06,6.507191780836557e-06,1.0277397260420364e-06,
1574,0,780,9.793949968982583e-08,0.0001734386650038873,,,,,9.793949968982583e-08,,9.793949968982583e-08,,,,,,9.793949968982583e-08,,,,,,
1575,0,1921,9.793949968982583e-08,0.0001734386650038873,,,,,9.793949968982583e-08,,9.793949968982583e-08,,,,,,9.793949968982583e-08,,,,,,
1576,0,779,0.007800892171472361,13.814409184693764,,0.005938803129197177,,,0.0018620890422751844,0.005938803129197177,0.007800892171472361,,,,,,0.0018620890422751844,,,,,,
1578,0,924,0.07606228410761794,35.927416469882964,,0.006302699269048023,0.05875758844115509,0.002338066180881075,0.0023381641203807646,0.006302699269048023,0.006302797208547713,0.003427041346176078,0.003427041346176078,0.011001898457915132,0.007574857111739055,0.007574857111739055,9.793949968982583e-08,,,0.05641952226027402,0.05641952226027402,,
1579,0,925,0.09320361843484963,58.76807695508282,,0.016687560963720476,0.06311923364663456,0.002338066180881075,0.004200253162655949,0.016687560963720476,0.01854974794549535,0.003427041346176078,0.003427041346176078,0.011534636842719718,0.00810759549654364,0.00810759549654364,0.0018621869817748741,,,0.06078116746575348,0.06078116746575348,,
1580,0,789,3.4246579235850603e-10,9.072367152085474e-07,,,,,,,3.4246579235850603e-10,,,,,,,,,,3.4246579235850603e-10,,3.4246579235850603e-10
1581,0,1692,0.09878256251774996,66.86614563288337,0.02766165084966751,0.07267900035265104,0.04348960871612701,0.015827957866459495,0.026103562165098904,0.04501734950298353,0.055292953801622954,,,,,,0.010275604298639412,,,,,,
1582,0,798,0.03624188030937925,64.17985958674836,,0.03624188030937925,,,,0.03624188030937925,0.03624188030937925,,,,,,,,,,,,
1585,0,1072,0.014409728904074546,21.599355483391857,,,2.910993150684776e-05,,,,,0.01421865224072839,0.01421865224072839,0.014380618972567698,0.0001619667318393065,0.0001619667318393065,,,,2.910993150684776e-05,2.910993150684776e-05,,
1586,0,1073,0.014409728904074546,21.599355483391857,,,2.910993150684776e-05,,,,,0.01421865224072839,0.01421865224072839,0.014380618972567698,0.0001619667318393065,0.0001619667318393065,,,,2.910993150684776e-05,2.910993150684776e-05,,
1587,0,2115,1.2632138843619343,2037.6358677592489,,0.03322930485473907,0.34883638101075265,0.001210346421711448,0.004089804865013624,0.03322930485473907,0.2770382163802334,0.5251667157164654,0.5251667157164654,0.637338259231222,0.11217154351475665,0.11217154351475665,0.002879458443302176,,1.0277397260420364e-06,0.3476260345890412,0.5885565154109594,1.0277397260420364e-06,0.24092945308219219
1589,0,1979,2.3216619225241435,4149.357859862369,,,1.8091397260273974,,,,8.219212328791792e-05,0.13112106426734343,0.13112106426734343,0.4764745930720886,0.3453535288047452,0.3453535288047452,,,0.035965411301369876,1.8091397260273974,1.845187329452055,0.035965411301369876,8.219212328791792e-05
1590,0,1207,0.03624188030937925,64.17985958674836,,0.03624188030937925,,,,0.03624188030937925,0.03624188030937925,,,,,,,,,,,,
1591,0,1748,0.5273081625752578,295.6963868543071,,0.15047111989913475,0.3496157051317349,0.320087618830365,0.32527174525474,0.15047111989913475,0.15567461116832074,0.02193190249416499,0.02193190249416499,0.021932073791246006,1.7129708101555796e-07,1.7129708101555796e-07,0.0051185597623366625,6.556666203829847e-05,8.577248395612133e-05,0.029528086301369848,0.029633223630136988,2.0205821917822858e-05,8.493150684931507e-05
1592,0,828,0.12905164456512708,213.04508447498685,,0.10612103282904439,0.001977645710774162,0.001972166258719367,0.007221495317821135,0.10612103282904439,0.11137036188814617,0.01514682356070475,0.01514682356070475,0.015702609226480747,0.000555785665775995,0.000555785665775995,0.005249329059101768,,1.0277397260420364e-06,5.479452054794521e-06,6.507191780836557e-06,1.0277397260420364e-06,
1593,0,818,4.8312277291377815e-06,0.44140899310311454,,,,,4.8312277291377815e-06,,,,,,,,,4.8312277291377815e-06,4.8312277291377815e-06,,,,
1594,0,885,0.004186391706030028,7.413578698856897,,0.004186391706030028,,,,0.004186391706030028,0.004186391706030028,,,,,,,,,,,,
1600,0,974,0.003021207366858089,5.350182245848355,,0.002996365226268732,,,2.4842140589357288e-05,0.002996365226268732,0.003021207366858089,,,,,,2.4842140589357288e-05,,,,,,
1601,0,827,0.037756671551753114,52.10964544351987,,0.03321926735437272,0.000906649071679465,0.000906649071679465,0.004537404197380401,0.03321926735437272,0.03684888538812216,,,,,,0.003629618033749441,1.1370919514942992e-06,1.1370919514942992e-06,,,,
1602,0,1082,0.007028678865612225,12.44691552492644,,0.007028678865612225,,,,0.007028678865612225,0.007028678865612225,,,,,,,,,,,,
1603,0,829,0.12508456617259578,205.16475359129367,,0.09817015141723483,0.001977645710774162,0.001972166258719367,0.008026266562028173,0.09817015141723483,0.10422425172054363,0.01832585533577598,0.01832585533577598,0.018881641001551975,0.000555785665775995,0.000555785665775995,0.006054100303308806,,1.0277397260420364e-06,5.479452054794521e-06,6.507191780836557e-06,1.0277397260420364e-06,
1604,0,1924,0.01878343376041482,33.2631235192405,,0.007158285709942662,,,0.011625148050472156,0.007158285709942662,0.01878343376041482,,,,,,0.011625148050472156,,,,,,
1605,0,2031,0.6410789847911373,150.00157372442476,0.010169448857580914,0.08286534168991232,0.5677325487837326,0.5575630999261517,0.5582136431012251,0.07269589283233141,0.07334643600740479,,,,,,0.0006505431750733716,,,,,,
1607,0,1989,0.021522553029124772,38.80168401054358,,0.014961886616831285,0.0020632878146409784,0.0019910271982026225,0.0030856840807577703,0.014961886616831285,0.01605654349938643,0.0034027217150973594,0.0034027217150973594,0.0034027217150973594,,,0.001094656882555148,,,7.22606164383562e-05,7.22606164383562e-05,,
1608,0,1657,0.2045434739741539,406.61222034648364,,0.06021837521342226,0.00017534246575342467,,0.14112626882701462,0.06021837521342226,0.20079509509789076,0.003023487467963593,0.003023487467963593,0.003023487467963593,,,0.1405767198844685,0.000549548942546163,0.000549548942546163,0.00017534246575342467,0.00017534246575342467,,
1609,0,1777,0.297289607112112,338.0718516317211,,0.08275486416266734,0.0784537776582586,0.003878431767847636,0.030170189662887373,0.08275486416266734,0.10904662205770707,0.011559171317612967,0.011559171317612967,0.10978920739614635,0.09823003607853338,0.09823003607853338,0.02629175789503974,,,0.07457534589041097,0.07457534589041097,,
1610,0,1662,0.05054285075273,89.59555275863721,,0.05045105025336836,9.180049936164056e-05,9.180049936164056e-05,9.180049936164056e-05,0.05045105025336836,0.05045105025336836,,,,,,,,,,,,
1613,0,1239,0.042603020568562626,58.82492451071907,0.002784634672253059,0.03601439739546044,0.002784634672253059,,,0.03322976272320738,0.03322976272320738,0.006588623173102184,0.006588623173102184,0.006588623173102184,,,,,,,,,
1616,0,1140,0.005084671528549182,9.900945556717424,,0.004673097128445729,,,0.0004115744001034533,0.004673097128445729,0.005074663985395968,,,,,,0.0004015668569502393,1.0007543153213977e-05,1.0007543153213977e-05,,,,
1617,0,869,0.020493874118700205,36.29210052289377,,0.02011897014298648,,,0.00037490397571372444,0.02011897014298648,0.020493874118700205,,,,,,0.00037490397571372444,,,,,,
1618,0,1632,0.6473348841992632,448.9312325716227,,0.13086965469053224,0.3670079920915253,0.32010730442029245,0.32529143084466744,0.13086965469053224,0.13607314595971823,0.07469569808395132,0.07469569808395132,0.14418817948598134,0.06949248140203002,0.06949248140203002,0.0051185597623366625,6.556666203829847e-05,6.556666203829847e-05,0.046900687671232864,0.04698561917808218,,8.493150684931507e-05
1619,0,2038,0.6725199295949129,479.66846440501723,,0.14725087220401714,0.37581181997369006,0.3289111323024572,0.3340952587268322,0.14725087220401714,0.1524543634732031,0.07469569808395132,0.07469569808395132,0.14418817948598134,0.06949248140203002,0.06949248140203002,0.0051185597623366625,6.556666203829847e-05,6.556666203829847e-05,0.046900687671232864,0.04698561917808218,,8.493150684931507e-05
1624,0,1322,0.04597791027149378,56.66722565855868,0.004318819625529826,0.03354996724923633,0.005370083964136789,2.3659888093755115e-07,0.004503529886390579,0.02923114762370651,0.03373444091121615,0.006873385396140839,0.006873385396140839,0.006873385396140839,,,0.004503293287509641,,,0.0010510277397260258,0.0010510277397260258,,
1625,0,1326,0.03805349713562691,46.296664788288595,0.004318819625529826,0.03354996724923633,0.004319056224410763,2.3659888093755115e-07,0.004503529886390579,0.02923114762370651,0.03373444091121615,,,,,,0.004503293287509641,,,,,,
1626,0,2052,0.034340585411591074,54.544091524327044,,0.011035614941030877,,,,0.011035614941030877,0.011035614941030877,0.023304970470560196,0.023304970470560196,0.023304970470560196,,,,,,,,,
1628,0,926,0.026568890374599533,36.9080590099269,0.007077375280192348,0.018294711705756462,0.007201005759644403,,0.0018620890422751844,0.011217336425564113,0.013079425467839297,0.0062706648759533155,0.0062706648759533155,0.006288459147115833,1.7794271162517915e-05,1.7794271162517915e-05,0.0018620890422751844,,,0.00012363047945205475,0.00012363047945205475,,
1629,0,1338,0.9590782162026036,1715.3817465621541,0.0061129835111242686,0.3599732552256507,0.03870559794184725,0.0034521990197640454,0.029484884928297185,0.35386027171452644,0.7357720685030049,0.18275534317194267,0.18275534317194267,0.18275534317194267,,,0.02581522007614921,0.00021746583238392694,0.0018452065858086282,0.029140415410958936,0.3868647328767128,0.0016277407534247012,0.3560965767123292
1630,0,868,0.023594326110454623,26.464350529777903,0.002823053221502271,0.0122980495489012,0.0037016029182190416,0.000878549696716771,0.0012534536724304955,0.00947499632739893,0.009849900303112655,0.009504262443456186,0.009504262443456186,0.010042822889122926,0.0005385604456667404,0.0005385604456667404,0.00037490397571372444,,,,,,
1631,0,1627,0.0033475725841571567,5.928134428280568,,0.0033475725841571567,,,,0.0033475725841571567,0.0033475725841571567,,,,,,,,,,,,
1632,0,1631,0.018120403435442523,29.457090136033486,,0.008336076578525909,,,,0.008336076578525909,0.008336076578525909,0.009245766411249873,0.009245766411249873,0.009784326856916613,0.0005385604456667404,0.0005385604456667404,,,,,,,
1633,0,870,0.020493874118700205,36.29210052289377,,0.02011897014298648,,,0.00037490397571372444,0.02011897014298648,0.020493874118700205,,,,,,0.00037490397571372444,,,,,,
1634,0,1801,0.010440750169894188,18.42391167299194,,0.009281844005510612,0.0011387003424657525,,,0.009281844005510612,0.009281844005510612,,,,,,,,2.0205821917822858e-05,0.0011387003424657525,0.0011589061643835752,2.0205821917822858e-05,
1635,0,1802,0.013273454559844133,18.310591423890394,0.0028529102118677687,0.01213475421737838,0.003991610554333521,,,0.009281844005510612,0.009281844005510612,,,,,,,,,0.0011387003424657525,0.0011387003424657525,,
1637,0,1976,0.007893199603143912,14.388996864048346,,0.007475958429787549,0.0004172411733563631,0.0004172411733563631,0.0004172411733563631,0.007475958429787549,0.007475958429787549,,,,,,,,,,,,
1638,0,2056,0.6222926210501623,1035.463743405205,0.004000477140896948,0.08677764429850876,0.01105881457918383,0.003835390862944413,0.014049141950981808,0.08277716715761183,0.4489877246802467,0.15997599461422668,0.15997599461422668,0.16223124301984942,0.0022552484056227308,0.0022552484056227308,0.010198912317155046,1.4838770882351759e-05,1.4838770882351759e-05,0.0032229465753424694,0.3592345917808224,,0.3560116452054799
1639,0,875,0.00011973512364250931,0.048251129644806615,,,,,0.00011973512364250931,,0.00011973512364250931,,,,,,0.00011973512364250931,,,,,,
1640,0,1447,1.595094726289235e-05,0.006427948632994474,,,,,1.595094726289235e-05,,1.595094726289235e-05,,,,,,1.595094726289235e-05,,,,,,
1642,0,1300,1.1239418545821669,1718.375310649254,0.004210270065634818,0.11127962366327031,0.11979181980239259,0.0035692158326481507,0.2993791426385808,0.10706935359763549,0.5534879341134568,0.44318271751564076,0.44318271751564076,0.4489310266364794,0.005748309120838673,0.005748309120838673,0.2953329630500675,0.00047696375586507513,0.0017310740298377072,0.1120123339041096,0.26435206164383585,0.001254110273972632,0.1510856174657536
1647,0,878,0.030348047510886603,60.55863970215907,,0.021900384496353446,0.006928719897563336,0.006928719897563336,0.008447663014533159,0.021900384496353446,0.023419327613323267,,,,,,0.0015189431169698223,,,,,,
1650,0,1450,0.030348047510886603,60.55863970215907,,0.021900384496353446,0.006928719897563336,0.006928719897563336,0.008447663014533159,0.021900384496353446,0.023419327613323267,,,,,,0.0015189431169698223,,,,,,
1651,0,1445,0.030348047510886603,60.55863970215907,,0.021900384496353446,0.006928719897563336,0.006928719897563336,0.008447663014533159,0.021900384496353446,0.023419327613323267,,,,,,0.0015189431169698223,,,,,,
1653,0,1299,1.1290287585920322,1726.7704293222973,0.004210270065634818,0.11591827981210374,0.11979181980239259,0.0035692158326481507,0.29982739049961266,0.11170800974646893,0.5585748381233221,0.44318271751564076,0.44318271751564076,0.4489310266364794,0.005748309120838673,0.005748309120838673,0.29578121091109943,0.00047696375586507513,0.0017310740298377072,0.1120123339041096,0.26435206164383585,0.001254110273972632,0.1510856174657536
1656,0,883,0.007751168299104922,13.726354395057871,,0.0032478750115952815,,,0.004503293287509641,0.0032478750115952815,0.007751168299104922,,,,,,0.004503293287509641,,,,,,
1657,0,1682,0.02203279896451228,37.30879094190942,,0.015681068651629902,,,,0.015681068651629902,0.015681068651629902,0.006351730312882376,0.006351730312882376,0.006351730312882376,,,,,,,,,
1658,0,922,0.00830888633146358,14.714003620214461,,0.00830888633146358,,,,0.00830888633146358,0.00830888633146358,,,,,,,,,,,,
1659,0,923,0.007693933577070558,13.624998825415933,,0.007693933577070558,,,,0.007693933577070558,0.007693933577070558,,,,,,,,,,,,
1661,0,884,0.010950554036772383,19.392068360627228,,0.006447260749262742,,,0.004503293287509641,0.006447260749262742,0.010950554036772383,,,,,,0.004503293287509641,,,,,,
1662,0,1119,0.04019462443528903,71.17967749955079,,0.018836043652428892,,,0.021358580782860136,0.018836043652428892,0.04019462443528903,,,,,,0.021358580782860136,,,,,,
1664,0,886,0.019882414993544213,35.20928251067844,,0.019882414993544213,,,,0.019882414993544213,0.019882414993544213,,,,,,,,,,,,
1665,0,1271,0.030664151202077158,38.948000364657034,,0.017107650280833466,,,0.010654104949692884,0.017107650280833466,0.02776175523052635,0.002902395971550807,0.002902395971550807,0.002902395971550807,,,0.010654104949692884,,,,,,
1666,0,887,0.035762878790297874,63.33160751003352,,0.035762878790297874,,,,0.035762878790297874,0.035762878790297874,,,,,,,,,,,,
1668,0,1623,0.018827886578310193,33.341843927409336,,0.018827886578310193,,,,0.018827886578310193,0.018827886578310193,,,,,,,,,,,,
1669,0,1828,0.037989104477169314,19.619094463561886,0.01651378455351755,0.02563293013537065,0.028869958895316215,0.01235617434179867,0.01235617434179867,0.009119145581853103,0.009119145581853103,,,,,,,,,,,,
1670,0,2035,0.7857790913657872,604.4354209066763,0.009915623040110072,0.21491818788559205,0.42779543126653785,0.37082295617163324,0.3770336888613396,0.205002564845482,0.21123814183205403,0.0771874702031269,0.0771874702031269,0.14667995160515693,0.06949248140203002,0.06949248140203002,0.006145166027667973,6.556666203829847e-05,6.556666203829847e-05,0.047056852054794505,0.04714726301369861,,9.04109589041096e-05
1671,0,893,0.020241058976768242,35.309573301024415,,0.01575221646477633,,,,0.01575221646477633,0.01633851817710514,0.003902540799663104,0.003902540799663104,0.003902540799663104,,,,,,,0.000586301712328806,,0.000586301712328806
1672,0,904,0.020241058976768242,35.309573301024415,,0.01575221646477633,,,,0.01575221646477633,0.01633851817710514,0.003902540799663104,0.003902540799663104,0.003902540799663104,,,,,,,0.000586301712328806,,0.000586301712328806
1676,0,1938,0.020241058976768242,35.309573301024415,,0.01575221646477633,,,,0.01575221646477633,0.01633851817710514,0.003902540799663104,0.003902540799663104,0.003902540799663104,,,,,,,0.000586301712328806,,0.000586301712328806
1678,0,911,0.8806363280010616,1446.802513384947,0.004210270065634818,0.09583413943165812,0.12057389730067966,0.004352321070661271,0.2998855987657254,0.0916238693660233,0.3885486764559072,0.3640042878681746,0.3640042878681746,0.36978370795436294,0.005779420086188297,0.005779420086188297,0.295056313939199,0.00047696375586507513,0.0017300462901116652,0.11201130616438358,0.11513288184931511,0.00125308253424659,0.0018684931506849315
1679,0,2048,0.8806363280010616,1446.802513384947,0.004210270065634818,0.09583413943165812,0.12057389730067966,0.004352321070661271,0.2998855987657254,0.0916238693660233,0.3885486764559072,0.3640042878681746,0.3640042878681746,0.36978370795436294,0.005779420086188297,0.005779420086188297,0.295056313939199,0.00047696375586507513,0.0017300462901116652,0.11201130616438358,0.11513288184931511,0.00125308253424659,0.0018684931506849315
1680,0,1947,0.03159896089313044,24.940680041771266,,0.03159896089313044,,,,0.03159896089313044,0.03159896089313044,,,,,,,,,,,,
1681,0,1954,0.03159896089313044,24.940680041771266,,0.03159896089313044,,,,0.03159896089313044,0.03159896089313044,,,,,,,,,,,,
1682,0,896,0.04426896961246602,50.11665158911392,,0.04132999230601614,,,,0.04132999230601614,0.04132999230601614,0.0029368046898268696,0.0029368046898268696,0.002938977306449878,2.172616623008295e-06,2.172616623008295e-06,,,,,,,
1683,0,1641,0.8732716696230473,1454.971164688945,0.004210270065634818,0.0774436522305608,0.12057389730067966,0.004352321070661271,0.3035109178024017,0.07323338216492598,0.374369810003815,0.3708206685588755,0.3708206685588755,0.3765979160284408,0.0057772474695652895,0.0057772474695652895,0.29868163297587536,0.00047696375586507513,0.0017300462901116652,0.11201130616438358,0.1157191835616439,0.00125308253424659,0.0024547948630137375
1684,0,1642,0.9175406392355132,1505.087816278059,0.004210270065634818,0.11877364453657693,0.12057389730067966,0.004352321070661271,0.3035109178024017,0.11456337447094211,0.41569980230983117,0.37375747324870234,0.37375747324870234,0.37953689333489066,0.005779420086188297,0.005779420086188297,0.29868163297587536,0.00047696375586507513,0.0017300462901116652,0.11201130616438358,0.1157191835616439,0.00125308253424659,0.0024547948630137375
1686,0,918,0.043997610261145036,44.747783988366834,,0.03715710547299366,,,,0.03715710547299366,0.03715710547299366,0.00683833217152836,0.00683833217152836,0.006840504788151369,2.172616623008295e-06,2.172616623008295e-06,,,,,,,
1687,0,898,0.004608192423631739,8.675457897072231,,0.0040218907113029325,,,,0.0040218907113029325,0.004608192423631739,,,,,,,,,,0.000586301712328806,,0.000586301712328806
1688,0,900,0.006981095933253147,12.36265207359715,,0.006981095933253147,,,,0.006981095933253147,0.006981095933253147,,,,,,,,,,,,
1689,0,1948,0.023048184280665424,36.44079497472445,,0.018559341768673514,,,,0.018559341768673514,0.019145643481002318,0.003902540799663104,0.003902540799663104,0.003902540799663104,,,,,,,0.000586301712328806,,0.000586301712328806
1691,0,899,0.006981095933253147,12.36265207359715,,0.006981095933253147,,,,0.006981095933253147,0.006981095933253147,,,,,,,,,,,,
1692,0,2046,0.8806363280010616,1446.802513384947,0.004210270065634818,0.09583413943165812,0.12057389730067966,0.004352321070661271,0.2998855987657254,0.0916238693660233,0.3885486764559072,0.3640042878681746,0.3640042878681746,0.36978370795436294,0.005779420086188297,0.005779420086188297,0.295056313939199,0.00047696375586507513,0.0017300462901116652,0.11201130616438358,0.11513288184931511,0.00125308253424659,0.0018684931506849315
1693,0,2049,0.8876174239343148,1459.165165458544,0.004210270065634818,0.10281523536491127,0.12057389730067966,0.004352321070661271,0.2998855987657254,0.09860496529927645,0.3955297723891604,0.3640042878681746,0.3640042878681746,0.36978370795436294,0.005779420086188297,0.005779420086188297,0.295056313939199,0.00047696375586507513,0.0017300462901116652,0.11201130616438358,0.11513288184931511,0.00125308253424659,0.0018684931506849315
1696,0,902,0.003017660889684317,4.532180313291833,,,,,,,,0.003017660889684317,0.003017660889684317,0.003017660889684317,,,,,,,,,
1697,0,2073,0.003017660889684317,4.532180313291833,,,,,,,,0.003017660889684317,0.003017660889684317,0.003017660889684317,,,,,,,,,
1698,0,1412,0.003017660889684317,4.532180313291833,,,,,,,,0.003017660889684317,0.003017660889684317,0.003017660889684317,,,,,,,,,
1700,0,1951,0.00280712530389718,1.131221673700035,,0.00280712530389718,,,,0.00280712530389718,0.00280712530389718,,,,,,,,,,,,
1701,0,906,0.003017660889684317,4.532180313291833,,,,,,,,0.003017660889684317,0.003017660889684317,0.003017660889684317,,,,,,,,,
1702,0,1534,0.003017660889684317,4.532180313291833,,,,,,,,0.003017660889684317,0.003017660889684317,0.003017660889684317,,,,,,,,,
1704,0,1390,0.8789521080266761,1430.6123392595655,0.004210270065634818,0.14429870322317925,0.12057389730067966,0.004352321070661271,0.28349398291402256,0.14008843315754443,0.4206216243957255,0.3302471199539711,0.3302471199539711,0.3360265400401593,0.005779420086188297,0.005779420086188297,0.27866469808749617,0.00047696375586507513,0.0017300462901116652,0.11201130616438358,0.11513288184931511,0.00125308253424659,0.0018684931506849315
1705,0,1392,0.8670169635790367,1419.5989750886574,0.004210270065634818,0.15449695635207766,0.12057389730067966,0.004352321070661271,0.28349398291402256,0.15028668628644284,0.43081987752462386,0.30811372237743323,0.30811372237743323,0.31389314246362143,0.005779420086188297,0.005779420086188297,0.27866469808749617,0.00047696375586507513,0.0017300462901116652,0.11201130616438358,0.11513288184931511,0.00125308253424659,0.0018684931506849315
1706,0,1414,0.02325871986645256,39.841753614316254,,0.01575221646477633,,,,0.01575221646477633,0.01633851817710514,0.00692020168934742,0.00692020168934742,0.00692020168934742,,,,,,,0.000586301712328806,,0.000586301712328806
1707,0,1415,0.013645591367999092,18.443549278795935,,0.007187288640142482,,,0.0036253190366763123,0.007187288640142482,0.010812607676818794,0.002832983691180298,0.002832983691180298,0.002832983691180298,,,0.0036253190366763123,,,,,,
1709,0,1264,0.8797574229696423,1431.0436295108998,0.004210270065634818,0.14140566093574738,0.12057389730067966,0.004352321070661271,0.28349398291402256,0.13719539087011257,0.4177285821082936,0.3339454771843691,0.3339454771843691,0.3397248972705573,0.005779420086188297,0.005779420086188297,0.27866469808749617,0.00047696375586507513,0.0017300462901116652,0.11201130616438358,0.11513288184931511,0.00125308253424659,0.0018684931506849315
1710,0,1950,0.00280712530389718,1.131221673700035,,0.00280712530389718,,,,0.00280712530389718,0.00280712530389718,,,,,,,,,,,,
1712,0,2061,0.008521423429334124,15.090380369485286,,0.008521423429334124,,,,0.008521423429334124,0.008521423429334124,,,,,,,,,,,,
1713,0,1302,0.030951564572618627,54.811368817051964,,0.030951564572618627,,,,0.030951564572618627,0.030951564572618627,,,,,,,,,,,,
1714,0,1455,0.019623654475667707,34.75104983725917,,0.019623654475667707,,,,0.019623654475667707,0.019623654475667707,,,,,,,,,,,,
1715,0,1920,0.08219268053910485,46.78358559867153,,0.012433193640034625,0.05875758844115509,0.002338066180881075,0.002338066180881075,0.012433193640034625,0.012433193640034625,0.003427041346176078,0.003427041346176078,0.011001898457915132,0.007574857111739055,0.007574857111739055,,,,0.05641952226027402,0.05641952226027402,,
1716,0,969,0.32302486925874613,399.03483449699746,,,0.07447808561643841,,,,0.00931918047945227,0.2291795109314565,0.2291795109314565,0.2392265754231295,0.010047064491673061,0.010047064491673061,,,1.0277397260420364e-06,0.07447808561643841,0.08379829383561672,1.0277397260420364e-06,0.00931918047945227
1717,0,970,0.2749747898785489,412.30272157562473,,0.01964903203959255,0.01645142405759341,0.002338066180881075,0.004200253162655949,0.01964903203959255,0.03083039950081969,0.22575246958528042,0.22575246958528042,0.22769193858040981,0.0019394689951294213,0.0019394689951294213,0.0018621869817748741,,1.0277397260420364e-06,0.014113357876712331,0.02343356609589065,1.0277397260420364e-06,0.00931918047945227
1718,0,1624,0.03405199631779937,43.19018630333146,0.007077375280192348,0.022805245470596897,0.007201005759644403,,0.0018620890422751844,0.015727870190404548,0.017589959232679732,0.009229824954406645,0.009229824954406645,0.00926103132547524,3.120637106859485e-05,3.120637106859485e-05,0.0018620890422751844,,,0.00012363047945205475,0.00012363047945205475,,
1719,0,1625,0.007483105943199842,6.28212729340455,,0.0045105337648404355,,,,0.0045105337648404355,0.0045105337648404355,0.00295916007845333,0.00295916007845333,0.002972572178359407,1.3412099906076936e-05,1.3412099906076936e-05,,,,,,,
1721,0,928,6.424195117273423,1691.200316453721,,0.026600212013106143,5.575202111703085,1.336637728141441,1.3412822991795301,0.026600212013106143,0.031244783051195248,0.006577211860393509,0.006577211860393509,0.8177482225191433,0.8111710106587497,0.8111710106587497,0.004644571038089105,,,4.238564383561644,4.238564383561644,,
1722,0,1530,7.22404796445095,1916.1670428900552,0.009148810381256995,0.04042722926787564,6.268232154663992,2.020518960721091,2.0234336312508376,0.03127841888661864,0.03419308941636506,0.010951198841697186,0.010951198841697186,0.9216227203705925,0.9106715215288952,0.9106715215288952,0.002914670529746419,,,4.238564383561644,4.238564383561644,,
1723,0,1514,0.00419027294258846,4.43614961148568,,,0.00022385422728363622,0.00022385422728363622,0.003777317218138671,,0.0035534629908550346,,,0.00041295572444978944,0.00041295572444978944,0.00041295572444978944,0.0035534629908550346,,,,,,
1724,0,929,0.03206207314806718,56.77794129711512,,,,,0.03206207314806718,,0.03206207314806718,,,,,,0.03206207314806718,,,,,,
1725,0,930,0.035375204752612056,62.645085036814486,,0.0033131316045448725,,,0.03206207314806718,0.0033131316045448725,0.035375204752612056,,,,,,0.03206207314806718,,,,,,
1727,0,931,0.035375204752612056,62.645085036814486,,0.0033131316045448725,,,0.03206207314806718,0.0033131316045448725,0.035375204752612056,,,,,,0.03206207314806718,,,,,,
1729,0,933,0.035375204752612056,62.645085036814486,,0.0033131316045448725,,,0.03206207314806718,0.0033131316045448725,0.035375204752612056,,,,,,0.03206207314806718,,,,,,
1731,0,1206,0.003967840306831313,1.598969218309103,,0.0035013899847052467,,,0.00046645032212606636,0.0035013899847052467,0.003967840306831313,,,,,,0.00046645032212606636,,,,,,
1732,0,1253,0.04691470370288468,76.98120245079954,,0.009984904396717762,,,0.03206207314806718,0.009984904396717762,0.042046977544784946,0.0048677261580997435,0.0048677261580997435,0.0048677261580997435,,,0.03206207314806718,,,,,,
1733,0,934,0.035375204752612056,62.645085036814486,,0.0033131316045448725,,,0.03206207314806718,0.0033131316045448725,0.035375204752612056,,,,,,0.03206207314806718,,,,,,
1735,0,1222,0.008707676621711083,15.420211593259932,,0.008707676621711083,,,,0.008707676621711083,0.008707676621711083,,,,,,,,,,,,
1736,0,937,0.004143793652299044,7.3381428471906744,,0.004143793652299044,,,,0.004143793652299044,0.004143793652299044,,,,,,,,,,,,
1737,0,1904,0.5184447418756055,511.1664604803257,0.006787071516297155,0.08860243105205061,0.010125204470475439,0.0004172411733563631,0.042758329097034115,0.08181535953575345,0.465828365952582,0.041826017896067484,0.041826017896067484,0.04249117145254798,0.0006651535564804956,0.0006651535564804956,0.04234108792367775,,,0.002920891780821921,0.34459281027397276,,0.3416719184931508
1738,0,955,0.4939953745338977,488.0573794504258,0.0038487609163539377,0.06420318289825211,0.0071868938705322225,0.0004172411733563631,0.042700472797869315,0.06035442198189818,0.44430957209956196,0.04183375500732299,0.04183375500732299,0.042498908563803485,0.0006651535564804956,0.0006651535564804956,0.04228323162451295,,,0.002920891780821921,0.34459281027397276,,0.3416719184931508
1741,0,1771,0.013331378134660246,23.60821153528601,,0.013331378134660246,,,,0.013331378134660246,0.013331378134660246,,,,,,,,,,,,
1742,0,941,0.3144577274879637,370.6029354942912,,0.09231819134226625,0.07854557815762024,0.003970232267209276,0.03026199016224902,0.09231819134226625,0.11860994923730597,0.01907216401450415,0.01907216401450415,0.11730220009303753,0.09823003607853338,0.09823003607853338,0.02629175789503974,,,0.07457534589041097,0.07457534589041097,,
1743,0,942,0.3107865909637648,364.10180959697146,,0.08864705481806737,0.07854557815762024,0.003970232267209276,0.03026199016224902,0.08864705481806737,0.11493881271310709,0.01907216401450415,0.01907216401450415,0.11730220009303753,0.09823003607853338,0.09823003607853338,0.02629175789503974,,,0.07457534589041097,0.07457534589041097,,
1744,0,945,0.0036711365241988802,6.501125897319735,,0.0036711365241988802,,,,0.0036711365241988802,0.0036711365241988802,,,,,,,,,,,,
1745,0,1135,0.0044102580735098755,7.810018174634695,,0.0044102580735098755,,,,0.0044102580735098755,0.0044102580735098755,,,,,,,,,,,,
1746,0,1136,0.2694535300618303,290.8156484703833,,0.047405794415494425,0.0784537776582586,0.003878431767847636,0.030170189662887373,0.047405794415494425,0.07369755231053418,0.01907216401450415,0.01907216401450415,0.11730220009303753,0.09823003607853338,0.09823003607853338,0.02629175789503974,,,0.07457534589041097,0.07457534589041097,,
1747,0,1661,0.04059393935262357,71.97726884927323,,0.040502138853261926,9.180049936164056e-05,9.180049936164056e-05,9.180049936164056e-05,0.040502138853261926,0.040502138853261926,,,,,,,,,,,,
1748,0,1055,0.29764748252296325,337.79432569620474,,0.07972496429835506,0.0784537776582586,0.003878431767847636,0.030170189662887373,0.07972496429835506,0.10601672219339481,0.014946946592776532,0.014946946592776532,0.11317698267130992,0.09823003607853338,0.09823003607853338,0.02629175789503974,,,0.07457534589041097,0.07457534589041097,,
1749,0,1056,0.0596117044895857,105.65536407293943,,0.05951990399022406,9.180049936164056e-05,9.180049936164056e-05,9.180049936164056e-05,0.05951990399022406,0.05951990399022406,,,,,,,,,,,,
1750,0,943,0.30406370551730827,340.0889409228096,,0.061339712194758755,0.0784537776582586,0.003878431767847636,0.03108405038824135,0.061339712194758755,0.08854533081515249,0.03090695781767593,0.03090695781767593,0.13706459704389726,0.10615763922622129,0.10615763922622129,0.027205618620393716,,,0.07457534589041097,0.07457534589041097,,
1751,0,1094,0.9117528797486195,1493.0317830279707,,0.05565526354109827,0.2086900480383834,0.007825660709616261,0.028572296945583973,0.05565526354109827,0.22689573607843602,0.47015216360353873,0.47015216360353873,0.4761660678920741,0.00601390428853536,0.00601390428853536,0.020746636235967713,,1.0277397260420364e-06,0.20086438732876713,0.3513592513698632,1.0277397260420364e-06,0.15049383630137003
1752,0,1097,1.2188541890335742,1838.4999421818304,,0.12003257950350363,0.2871438256966421,0.011704092477463898,0.05965634733382533,0.12003257950350363,0.31847867066123503,0.5010591214212147,0.5010591214212147,0.6132306649359712,0.11217154351475665,0.11217154351475665,0.047952254856361426,,1.0277397260420364e-06,0.2754397332191782,0.4259345972602742,1.0277397260420364e-06,0.15049383630137003
1753,0,1138,0.03461017545547801,49.273292452426446,,0.013933917779264334,,,0.0009138607253539768,0.013933917779264334,0.014847778504618311,0.011834793803171779,0.011834793803171779,0.019762396950859698,0.007927603147687921,0.007927603147687921,0.0009138607253539768,,,,,,
1755,0,1993,0.0036711365241988802,6.501125897319735,,0.0036711365241988802,,,,0.0036711365241988802,0.0036711365241988802,,,,,,,,,,,,
1757,0,946,2.6429266931555993e-08,4.6802942512035706e-05,,,,,2.6429266931555993e-08,,2.6429266931555993e-08,,,,,,2.6429266931555993e-08,,,,,,
1758,0,2080,0.0059886519154781145,10.605157231586261,,0.0059886519154781145,,,,0.0059886519154781145,0.0059886519154781145,,,,,,,,,,,,
1759,0,2027,0.004758746406692068,8.427147641989205,,0.004758746406692068,,,,0.004758746406692068,0.004758746406692068,,,,,,,,,,,,
1760,0,2072,0.024192975494492213,42.84274869205177,,0.024192975494492213,,,,0.024192975494492213,0.024192975494492213,,,,,,,,,,,,
1761,0,947,0.02606955571257733,46.16593871066688,,0.02606955571257733,,,,0.02606955571257733,0.02606955571257733,,,,,,,,,,,,
1763,0,1722,0.5664085240256472,952.2498674317042,0.004000477140896948,0.05948897383334626,0.011019186107495804,0.004098159993996113,0.013589049260510896,0.05548849669244931,0.42096428178602985,0.13216497649876968,0.13216497649876968,0.13442022490439243,0.0022552484056227308,0.0022552484056227308,0.009486058038785643,4.8312277291377815e-06,4.8312277291377815e-06,0.002920548972602743,0.35891027602739767,,0.3559897270547949
1764,0,1724,0.5751052456189768,971.0710945112089,0.004000477140896948,0.07511566199085151,0.011019186107495804,0.004098159993996113,0.012172799054963379,0.07111518484995455,0.4351747197379876,0.12665126014014147,0.12665126014014147,0.12890650854576421,0.0022552484056227308,0.0022552484056227308,0.00806980783323813,4.8312277291377815e-06,4.8312277291377815e-06,0.002920548972602743,0.35891027602739767,,0.3559897270547949
1766,0,956,0.4939953745338977,488.0573794504258,0.0038487609163539377,0.06420318289825211,0.0071868938705322225,0.0004172411733563631,0.042700472797869315,0.06035442198189818,0.44430957209956196,0.04183375500732299,0.04183375500732299,0.042498908563803485,0.0006651535564804956,0.0006651535564804956,0.04228323162451295,,,0.002920891780821921,0.34459281027397276,,0.3416719184931508
1767,0,1816,0.016351659406908164,22.600773083694346,,0.016351659406908164,,,,0.016351659406908164,0.016351659406908164,,,,,,,,,,,,
1779,0,964,0.00318207172895607,4.779106524115069,,,,,,,,0.00318207172895607,0.00318207172895607,0.00318207172895607,,,,,,,,,
1780,0,967,0.2824856424587331,425.603506740688,,0.027159884619776753,0.01645142405759341,0.002338066180881075,0.004200253162655949,0.027159884619776753,0.0383412520810039,0.22575246958528042,0.22575246958528042,0.22769193858040981,0.0019394689951294213,0.0019394689951294213,0.0018621869817748741,,1.0277397260420364e-06,0.014113357876712331,0.02343356609589065,1.0277397260420364e-06,0.00931918047945227
1781,0,2076,0.0036480248141959,6.4601979352455094,,0.0036480248141959,,,,0.0036480248141959,0.0036480248141959,,,,,,,,,,,,
1782,0,2187,0.32302486925874613,399.03483449699746,,,0.07447808561643841,,,,0.00931918047945227,0.2291795109314565,0.2291795109314565,0.2392265754231295,0.010047064491673061,0.010047064491673061,,,1.0277397260420364e-06,0.07447808561643841,0.08379829383561672,1.0277397260420364e-06,0.00931918047945227
1783,0,971,0.002996365226268732,5.306189906564386,,0.002996365226268732,,,,0.002996365226268732,0.002996365226268732,,,,,,,,,,,,
1784,0,978,0.005808289943297994,10.285758625595241,,0.005808289943297994,,,,0.005808289943297994,0.005808289943297994,,,,,,,,,,,,
1786,0,1714,0.582548460831337,979.2400407850664,0.004000477140896948,0.07165434353981692,0.011022195804804628,0.004101169691304935,0.014071722664010671,0.06765386639891999,0.4336093151986915,0.13565687019448902,0.13565687019448902,0.13791211860011177,0.0022552484056227308,0.0022552484056227308,0.009965721744976598,4.8312277291377815e-06,4.8312277291377815e-06,0.002920548972602743,0.35891027602739767,,0.3559897270547949
1789,0,985,0.03968290300418025,69.56826394352449,,0.0075611545372495145,,,0.032121748466930736,0.0075611545372495145,0.03968290300418025,,,,,,0.032121748466930736,,,,,,
1790,0,1895,0.0002516072375427169,0.101393250943578,,,,,0.0002516072375427169,,0.0002516072375427169,,,,,,0.0002516072375427169,,,,,,
1791,0,1896,0.003040369081176531,1.2252147760912098,,0.003040369081176531,,,,0.003040369081176531,0.003040369081176531,,,,,,,,,,,,
1792,0,987,0.009450423537297057,16.735523943057125,,0.009450423537297057,,,,0.009450423537297057,0.009450423537297057,,,,,,,,,,,,
1793,0,988,0.012920352233234698,22.88033581761301,,0.012920352233234698,,,,0.012920352233234698,0.012920352233234698,,,,,,,,,,,,
1794,0,989,0.008992148164492333,15.036342226323285,,0.005692278222498721,,,,0.005692278222498721,0.005692278222498721,0.0032998699419936124,0.0032998699419936124,0.0032998699419936124,,,,,,,,,
1795,0,993,0.0131762740166005,22.445908379878787,,0.009876404074606888,,,,0.009876404074606888,0.009876404074606888,0.0032998699419936124,0.0032998699419936124,0.0032998699419936124,,,,,,,,,
1797,0,998,0.0131762740166005,22.445908379878787,,0.009876404074606888,,,,0.009876404074606888,0.009876404074606888,0.0032998699419936124,0.0032998699419936124,0.0032998699419936124,,,,,,,,,
1798,0,1001,0.019207560345469575,30.99211701733878,,0.004824909341210403,,,0.0031477414343624496,0.004824909341210403,0.007972650775572854,0.011234909569896723,0.011234909569896723,0.011234909569896723,,,0.0031477414343624496,,,,,,
1799,0,1002,0.028525700146594966,45.716822075177575,,0.007538495998030907,,,0.0031477414343624496,0.007538495998030907,0.010686237432393357,0.017839462714201608,0.017839462714201608,0.017839462714201608,,,0.0031477414343624496,,,,,,
1800,0,1004,0.03201852532642897,54.56303567463117,,0.024071072553496102,,,,0.024071072553496102,0.024071072553496102,0.007947452772932873,0.007947452772932873,0.007947452772932873,,,,,,,,,
1801,0,997,0.00976084397481524,12.71231882453643,,0.00976084397481524,,,,0.00976084397481524,0.00976084397481524,,,,,,,,,,,,
1802,0,1012,0.00976084397481524,12.71231882453643,,0.00976084397481524,,,,0.00976084397481524,0.00976084397481524,,,,,,,,,,,,
1803,0,1003,0.019379258689309488,33.068100531182935,,0.014731675858370229,,,,0.014731675858370229,0.014731675858370229,0.004647582830939261,0.004647582830939261,0.004647582830939261,,,,,,,,,
1804,0,999,0.0131762740166005,22.445908379878787,,0.009876404074606888,,,,0.009876404074606888,0.009876404074606888,0.0032998699419936124,0.0032998699419936124,0.0032998699419936124,,,,,,,,,
1805,0,1009,0.029470561232010924,47.390053465859175,,0.008483357083446864,,,0.0031477414343624496,0.008483357083446864,0.011631098517809314,0.017839462714201608,0.017839462714201608,0.017839462714201608,,,0.0031477414343624496,,,,,,
1807,0,1005,0.1125256603337598,180.28636705373398,0.0029883420199559637,0.07589072809744025,0.0029883420199559637,,0.0037316578813785086,0.0729023860774843,0.07663404395886281,0.032260091953536484,0.032260091953536484,0.032903274354941024,0.0006431824014045429,0.0006431824014045429,0.0037316578813785086,,,,,,
1808,0,1967,0.04357068797075684,64.17542715612821,0.0029883420199559637,0.032388145480850235,0.0029883420199559637,,0.000583916447016059,0.029399803460894273,0.029983719907910333,0.009955443641486001,0.009955443641486001,0.010598626042890545,0.0006431824014045429,0.0006431824014045429,0.000583916447016059,,,,,,
1809,0,1968,0.03168524807251716,56.11063098564357,,0.03168524807251716,,,,0.03168524807251716,0.03168524807251716,,,,,,,,,,,,
1810,0,1014,0.004758746406692068,8.427147641989205,,0.004758746406692068,,,,0.004758746406692068,0.004758746406692068,,,,,,,,,,,,
1811,0,1717,0.004901149086927748,8.784345167332967,,0.004758746406692068,0.0001274044082462232,0.0001274044082462232,0.0001424026802356785,0.004758746406692068,0.004773744678681524,,,,,,1.4998271989455302e-05,,,,,,
1812,0,1718,0.0001424026802356785,0.3571975253437622,,,0.0001274044082462232,0.0001274044082462232,0.0001424026802356785,,1.4998271989455302e-05,,,,,,1.4998271989455302e-05,,,,,,
1813,0,1421,0.002769779834082651,4.9049353764249135,,0.002769779834082651,,,,0.002769779834082651,0.002769779834082651,,,,,,,,,,,,
1818,0,1385,0.006634420283208444,11.748732642483757,,0.006634420283208444,,,,0.006634420283208444,0.006634420283208444,,,,,,,,,,,,
1819,0,1031,0.016462788254671883,29.153549141813524,,0.016462788254671883,,,,0.016462788254671883,0.016462788254671883,,,,,,,,,,,,
1820,0,1404,0.006541520272412151,11.584218285126575,,0.006541520272412151,,,,0.006541520272412151,0.006541520272412151,,,,,,,,,,,,
1821,0,2081,0.009921267982259733,17.56933085668695,,0.009921267982259733,,,,0.009921267982259733,0.009921267982259733,,,,,,,,,,,,
1822,0,1373,0.0840929528482973,131.45687631517248,,0.06233130397136837,,,0.0005555897202683199,0.06233130397136837,0.06421292108889697,0.019880031759400334,0.019880031759400334,0.019880031759400334,,,0.0005555897202683199,,,,0.001326027397260274,,0.001326027397260274
1823,0,1983,0.03203283006413061,56.726155434877526,,0.03203283006413061,,,,0.03203283006413061,0.03203283006413061,,,,,,,,,,,,
1824,0,1118,0.008814624926822914,15.609603731485763,,0.008814624926822914,,,,0.008814624926822914,0.008814624926822914,,,,,,,,,,,,
1826,0,2066,0.031379999508466115,55.57007376806503,,0.010021418725605979,,,0.021358580782860136,0.010021418725605979,0.031379999508466115,,,,,,0.021358580782860136,,,,,,
1832,0,1051,0.036211252661113656,51.25410263465751,,0.023176945328091912,,,0.0034817589088934407,0.023176945328091912,0.026658704236985357,0.009552548424128292,0.009552548424128292,0.009552548424128292,,,0.0034817589088934407,,,,,,
1834,0,1047,0.026914254942646425,25.30922366292468,,0.026891151843774816,,,2.310309887160795e-05,0.026891151843774816,0.026914254942646425,,,,,,2.310309887160795e-05,,,,,,
1837,0,2099,0.026914254942646425,25.30922366292468,,0.026891151843774816,,,2.310309887160795e-05,0.026891151843774816,0.026914254942646425,,,,,,2.310309887160795e-05,,,,,,
1839,0,1796,1.2614862649420366,1924.9259764030844,,0.05955169904607502,0.2871438256966421,0.011704092477463898,0.05440327891763719,0.05955169904607502,0.3431803385684405,0.518989529422471,0.518989529422471,0.6311610729372276,0.11217154351475665,0.11217154351475665,0.04269918644017329,,1.0277397260420364e-06,0.2754397332191782,0.5163702140410964,1.0277397260420364e-06,0.24092945308219219
1840,0,1452,0.9677528130867593,1592.291149890487,,0.11156339637987618,0.20878184853774504,0.007917461208977902,0.02866409744494561,0.11156339637987618,0.28280386891721393,0.47015216360353873,0.47015216360353873,0.4761660678920741,0.00601390428853536,0.00601390428853536,0.020746636235967713,,1.0277397260420364e-06,0.20086438732876713,0.3513592513698632,1.0277397260420364e-06,0.15049383630137003
1841,0,1995,0.003611771151446127,6.395997210423194,,0.003611771151446127,,,,0.003611771151446127,0.003611771151446127,,,,,,,,,,,,
1844,0,1148,0.042603020568562626,58.82492451071907,0.002784634672253059,0.03601439739546044,0.002784634672253059,,,0.03322976272320738,0.03322976272320738,0.006588623173102184,0.006588623173102184,0.006588623173102184,,,,,,,,,
1845,0,1354,0.09518020842044242,147.9554370888996,0.004000477140896948,0.06183704580314674,0.008925425232612479,0.0020054268588388163,0.0041555903774183715,0.05783656866224979,0.059981900953100215,0.026268051007000585,0.026268051007000585,0.026268051007000585,,,0.002145332290850418,4.8312277291377815e-06,4.8312277291377815e-06,0.0029195212328767153,0.0029195212328767153,,
1846,0,1355,0.045574583824731243,76.76836124182775,,0.04556933249770371,,,5.251327027537749e-06,0.04556933249770371,0.045574583824731243,,,,,,5.251327027537749e-06,,,,,,
1855,0,2135,2.3346288420197987,4155.937730873077,,0.02405406395119944,1.8099673091425437,0.0008303228411737272,0.0008303228411737272,0.02405406395119944,0.024136256074487356,0.11978988949109344,0.11978988949109344,0.4645598655013978,0.34476997601030435,0.34476997601030435,,,0.035965411301369876,1.80913698630137,1.8451845897260277,0.035965411301369876,8.219212328791792e-05
1858,0,1524,0.008168856559092583,14.466028320588267,,0.008168856559092583,,,,0.008168856559092583,0.008168856559092583,,,,,,,,,,,,
1859,0,1504,0.054766345981109577,51.15659306765346,,,0.039405822260274,,,,,0.007893746920967368,0.007893746920967368,0.01536052372083558,0.007466776799868211,0.007466776799868211,,,,0.039405822260274,0.039405822260274,,
1860,0,1509,0.0338698199373174,59.97923587984814,,0.03210669690198327,,,0.0017631230353341346,0.03210669690198327,0.0338698199373174,,,,,,0.0017631230353341346,,,,,,
1861,0,1102,0.19996191596342902,512.2467131137328,,0.053436086210027794,0.0011227810701689104,0.0009474386044154855,0.14509740475340122,0.053436086210027794,0.19708700299067242,,,,,,0.14365091678064462,0.0004990493683411335,0.0017521319025877236,0.00017534246575342467,0.0014284250000000148,0.00125308253424659,
1863,0,1811,0.19695444021596217,251.72959089597882,0.006435249426471708,0.1490342480563791,0.05337254927393997,0.04678113546390662,0.04686564545032847,0.1425989986299074,0.14270835291319506,,,0.0008079713667888365,0.0008079713667888365,0.0008079713667888365,1.894332438355445e-05,6.556666203829847e-05,6.556666203829847e-05,0.00015616438356164385,0.0002465753424657534,,9.04109589041096e-05
1864,0,1812,0.18455251209693516,245.85400669826416,,0.1373791692235089,0.046190450561311464,0.04603428617774982,0.04611879616417168,0.1373791692235089,0.13748852350679655,,,0.0008079713667888365,0.0008079713667888365,0.0008079713667888365,1.894332438355445e-05,6.556666203829847e-05,6.556666203829847e-05,0.00015616438356164385,0.0002465753424657534,,9.04109589041096e-05
1865,0,1595,0.04826784861255211,58.11368846312858,0.006435249426471708,0.04813894511140797,0.006564152927615858,0.00012890350114414892,0.00012890350114414892,0.04170369568493626,0.04170369568493626,,,,,,,,,,,,
1866,0,1114,0.051907741549363166,68.68374140388715,,0.017131288262565728,0.007811107142940567,0.007811107142940567,0.034776453286797446,0.017131288262565728,0.0440966344064226,,,,,,0.02696534614385688,,,,,,
1867,0,1797,1.2095785233926732,1856.2422349991973,,0.04242041078350929,0.2793327185537015,0.0038929853345233308,0.01962682563083974,0.04242041078350929,0.29908370416201785,0.518989529422471,0.518989529422471,0.6311610729372276,0.11217154351475665,0.11217154351475665,0.015733840296316408,,1.0277397260420364e-06,0.2754397332191782,0.5163702140410964,1.0277397260420364e-06,0.24092945308219219
1868,0,1881,0.07908245179992243,205.05395743583495,,0.0037269804505426184,0.07205205479452055,,,0.0037269804505426184,0.0037269804505426184,0.003303416554859259,0.003303416554859259,0.003303416554859259,,,,,,0.07205205479452055,0.07205205479452055,,
1869,0,2121,0.1309901933492856,273.73769883972204,,0.020858268713108346,0.07986316193746112,0.007811107142940567,0.034776453286797446,0.020858268713108346,0.04782361485696522,0.003303416554859259,0.003303416554859259,0.003303416554859259,,,0.02696534614385688,,,0.07205205479452055,0.07205205479452055,,
1870,0,1116,0.016822337581765386,29.029447645576294,,0.013993913821412345,,,,0.013993913821412345,0.013993913821412345,0.0028284237603530384,0.0028284237603530384,0.0028284237603530384,,,,,,,,,
1871,0,1683,0.030847423891335192,52.918394673395184,,0.024495693578452816,,,,0.024495693578452816,0.024495693578452816,0.006351730312882376,0.006351730312882376,0.006351730312882376,,,,,,,,,
1872,0,1443,0.012503620006698685,21.381536301117947,,0.009675196246345646,,,,0.009675196246345646,0.009675196246345646,0.0028284237603530384,0.0028284237603530384,0.0028284237603530384,,,,,,,,,
1873,0,1507,0.018675168023976774,33.07139837409534,,0.018675168023976774,,,,0.018675168023976774,0.018675168023976774,,,,,,,,,,,,
1876,0,1134,0.7819448652052359,1175.7599972121131,,0.005087748396146257,,,,0.005087748396146257,0.005087748396146257,0.12860423578018648,0.12860423578018648,0.7768571168090896,0.6482528810289031,0.6482528810289031,,,,,,,
1877,0,1251,0.7856305031945346,1182.2868033993618,,0.008773386385445047,,,,0.008773386385445047,0.008773386385445047,0.12860423578018648,0.12860423578018648,0.7768571168090896,0.6482528810289031,0.6482528810289031,,,,,,,
1879,0,1137,0.024661264055371574,31.655008543062486,,0.0039850063791579,,,0.0009138607253539768,0.0039850063791579,0.004898867104511876,0.011834793803171779,0.011834793803171779,0.019762396950859698,0.007927603147687921,0.007927603147687921,0.0009138607253539768,,,,,,
1880,0,1142,0.09493350917206049,157.5057588996808,,0.09230566829667468,0.00011494347558150496,0.00011494347558150496,0.0026278408753858265,0.09230566829667468,0.09481856569647899,,,,,,0.0025128973998043216,,,,,,
1881,0,1374,0.02174337796873743,37.520419954210176,,0.018083780150371105,,,,0.018083780150371105,0.018083780150371105,0.003659597818366323,0.003659597818366323,0.003659597818366323,,,,,,,,,
1882,0,1143,0.09493350917206049,157.5057588996808,,0.09230566829667468,0.00011494347558150496,0.00011494347558150496,0.0026278408753858265,0.09230566829667468,0.09481856569647899,,,,,,0.0025128973998043216,,,,,,
1884,0,1476,0.021523799574540182,38.115970327008775,,0.021523799574540182,,,,0.021523799574540182,0.021523799574540182,,,,,,,,,,,,
1886,0,1149,0.18087188960896677,313.9136258526376,,0.035345729318949734,0.000700344863013701,,0.1405767198844685,0.035345729318949734,0.1759224492034182,0.004249095542534842,0.004249095542534842,0.004249095542534842,,,0.1405767198844685,,,0.000700344863013701,0.000700344863013701,,
1887,0,1305,0.6490060749568851,1081.8770092375437,0.004000477140896948,0.11009282798367209,0.011104047369821478,0.0038806236535820597,0.014238994176583367,0.10609235084277516,0.472447527800374,0.16318441261018468,0.16318441261018468,0.16543966101580743,0.0022552484056227308,0.0022552484056227308,0.010343531752118957,1.4838770882351759e-05,1.4838770882351759e-05,0.0032229465753424694,0.3592345917808224,,0.3560116452054799
1888,0,1480,0.04893907415303534,70.59072304268355,,0.047328486829034115,,,0.0016105873240012298,0.047328486829034115,0.04893907415303534,,,,,,0.0016105873240012298,,,,,,
1889,0,1155,0.026777955786424487,44.67525223081316,,0.017091789303380442,0.00015616438356164385,,,0.017091789303380442,0.017091789303380442,0.009530002099482397,0.009530002099482397,0.009530002099482397,,,,,,0.00015616438356164385,0.00015616438356164385,,
1890,0,1164,0.041037522119777174,72.54636707539545,,0.04095259061292786,,,,0.04095259061292786,0.041037522119777174,,,,,,,,,,8.493150684931507e-05,,8.493150684931507e-05
1891,0,1367,0.006711459316551711,11.88515918273118,,0.006711459316551711,,,,0.006711459316551711,0.006711459316551711,,,,,,,,,,,,
1892,0,1168,0.011062352017308834,19.590048670469333,,0.011062352017308834,,,,0.011062352017308834,0.011062352017308834,,,,,,,,,,,,
1894,0,1478,0.025421974661709514,45.01915326352827,,0.025421974661709514,,,,0.025421974661709514,0.025421974661709514,,,,,,,,,,,,
1895,0,1479,0.021523799574540182,38.115970327008775,,0.021523799574540182,,,,0.021523799574540182,0.021523799574540182,,,,,,,,,,,,
1896,0,1477,0.02463028530141135,43.61716993522096,,0.02463028530141135,,,,0.02463028530141135,0.02463028530141135,,,,,,,,,,,,
1897,0,1173,0.019531442861606543,27.61218830259908,,0.013964020651012838,,,,0.013964020651012838,0.013964020651012838,0.0055674222105937055,0.0055674222105937055,0.0055674222105937055,,,,,,,,,
1898,0,1174,0.019531442861606543,27.61218830259908,,0.013964020651012838,,,,0.013964020651012838,0.013964020651012838,0.0055674222105937055,0.0055674222105937055,0.0055674222105937055,,,,,,,,,
1901,0,1786,0.019531442861606543,27.61218830259908,,0.013964020651012838,,,,0.013964020651012838,0.013964020651012838,0.0055674222105937055,0.0055674222105937055,0.0055674222105937055,,,,,,,,,
1902,0,1179,0.019531442861606543,27.61218830259908,,0.013964020651012838,,,,0.013964020651012838,0.013964020651012838,0.0055674222105937055,0.0055674222105937055,0.0055674222105937055,,,,,,,,,
1903,0,2005,0.044009025282588314,20.758670353504744,0.02067896590802278,0.029798111489875878,0.03488987970073521,0.01421091379271244,0.01421091379271244,0.009119145581853103,0.009119145581853103,,,,,,,,,,,,
1904,0,1178,0.01966058296163163,27.637537666789587,,0.013964020651012838,0.00012914010002508647,0.00012914010002508647,0.00012914010002508647,0.013964020651012838,0.013964020651012838,0.0055674222105937055,0.0055674222105937055,0.0055674222105937055,,,,,,,,,
1905,0,1650,0.03551408802967755,62.89103003594038,,0.03551408802967755,,,,0.03551408802967755,0.03551408802967755,,,,,,,,,,,,
1906,0,1785,0.03495623479411542,61.903141382737005,,0.03495623479411542,,,,0.03495623479411542,0.03495623479411542,,,,,,,,,,,,
1907,0,1876,0.003107392068439911,5.502804626332726,,0.003107392068439911,,,,0.003107392068439911,0.003107392068439911,,,,,,,,,,,,
1908,0,2034,0.0031077045462660157,1.2523497733826192,,0.0028900361778519497,,,0.00021766836841406587,0.0028900361778519497,0.0031077045462660157,,,,,,0.00021766836841406587,,,,,,
1909,0,1248,0.006113727051964831,10.82664973222325,,0.006113727051964831,,,,0.006113727051964831,0.006113727051964831,,,,,,,,,,,,
1910,0,1886,0.09043833695199094,160.15503934368664,,,,,2.72017116877392e-06,,0.09043833695199094,,,,,,2.72017116877392e-06,,,,0.09043561678082217,,0.09043561678082217
1911,0,1189,1.0859612769829914,1636.3877402196497,0.004210270065634818,0.09111195207855903,0.12057389730067966,0.004352321070661271,0.30775531733605493,0.08690168201292421,0.5264640165772472,0.4314160693453875,0.4314160693453875,0.43719331681495277,0.0057772474695652895,0.0057772474695652895,0.3029260325095286,0.00047696375586507513,0.0017300462901116652,0.11201130616438358,0.2499006907534246,0.00125308253424659,0.13663630205479446
1912,0,1875,0.14387768678083973,69.77187671766258,,0.006391067572000593,,,0.0005301407791804514,0.006391067572000593,0.14110271554296178,0.0027749712378779385,0.0027749712378779385,0.0027749712378779385,,,0.0005301407791804514,,,,0.13418150719178074,,0.13418150719178074
1913,0,1934,0.030528820393688528,17.57721062393166,,0.011597536949485156,,,0.01893128344420337,0.011597536949485156,0.030528820393688528,,,,,,0.01893128344420337,,,,,,
1914,0,1194,1.109242939525571,1679.2418013525082,0.004210270065634818,0.09017962620665393,0.12057492504040568,0.004352321070661271,0.31754790094858026,0.08596935614101911,0.5497735897288265,0.4314160693453875,0.4314160693453875,0.43716437846622613,0.005748309120838673,0.005748309120838673,0.3127186161220539,0.00047696375586507513,0.0017300462901116652,0.1120123339041096,0.2643510339041098,0.00125308253424659,0.1510856174657536
1915,0,1871,0.008438012517726074,14.056467966993942,,0.005140769377917799,,,2.693117113132203e-06,0.005140769377917799,0.005143462495030932,0.0032945500226951425,0.0032945500226951425,0.0032945500226951425,,,2.693117113132203e-06,,,,,,
1916,0,1196,1.0763011536340514,1633.4054993165919,0.004210270065634818,0.08115468145763431,0.12057389730067966,0.004352321070661271,0.3080524646080391,0.0769444113919995,0.5168038932283066,0.4314160693453875,0.4314160693453875,0.43719331681495277,0.0057772474695652895,0.0057772474695652895,0.3032231797815127,0.00047696375586507513,0.0017300462901116652,0.11201130616438358,0.2499006907534246,0.00125308253424659,0.13663630205479446
1917,0,1195,1.0824401147804956,1639.835121612679,0.004210270065634818,0.080451269052792,0.12057389730067966,0.004352321070661271,0.31492377650805237,0.07624099898715717,0.5229717927234776,0.4314160693453875,0.4314160693453875,0.43716437846622613,0.005748309120838673,0.005748309120838673,0.310094491681526,0.00047696375586507513,0.0017300462901116652,0.11201130616438358,0.2499006907534246,0.00125308253424659,0.13663630205479446
1919,0,1526,0.00589348605075996,10.436630328927682,,0.00589348605075996,,,,0.00589348605075996,0.00589348605075996,,,,,,,,,,,,
1920,0,1199,0.05179587561477459,57.859283398228825,,0.026608353910312778,,,0.020063679431564327,0.026608353910312778,0.0466720333418771,0.005123842272897497,0.005123842272897497,0.005123842272897497,,,0.020063679431564327,,,,,,
1921,0,1203,0.2469314312315415,399.45715330664973,0.002744471094874461,0.14763222619640726,0.0052112655663827155,0.0024667944715082543,0.09929920503513423,0.1448877551015328,0.24172016566515875,,,,,,0.09683241056362597,,,,,,
1925,0,1209,0.004829441049054125,8.55233905539272,,0.004829441049054125,,,,0.004829441049054125,0.004829441049054125,,,,,,,,,,,,
1927,0,1909,0.004829441049054125,8.55233905539272,,0.004829441049054125,,,,0.004829441049054125,0.004829441049054125,,,,,,,,,,,,
1929,0,1288,0.11233288462139991,189.17430141839137,0.004000477140896948,0.09319472484413023,0.008925425232612479,0.0020054268588388163,0.005320087720161657,0.08919424770323328,0.09250407733682696,0.010898550824231317,0.010898550824231317,0.010898550824231317,,,0.003309829633593703,4.8312277291377815e-06,4.8312277291377815e-06,0.0029195212328767153,0.0029195212328767153,,
1930,0,1743,0.013087345289905511,23.176059738049915,,0.011896639431337983,,,0.0011907058585675276,0.011896639431337983,0.013087345289905511,,,,,,0.0011907058585675276,,,,,,
1932,0,1877,0.009094090607822269,11.853494459667488,,0.008876422239408203,,,0.00021766836841406587,0.008876422239408203,0.009094090607822269,,,,,,0.00021766836841406587,,,,,,
1933,0,1427,0.008835017612119661,15.645716639198316,,0.008835017612119661,,,,0.008835017612119661,0.008835017612119661,,,,,,,,,,,,
1934,0,1428,0.015259706818238194,25.294862452277073,,0.008835017612119661,,,,0.008835017612119661,0.008835017612119661,0.006424689206118533,0.006424689206118533,0.006424689206118533,,,,,,,,,
1935,0,1229,0.6095353571478813,422.22649324400646,,0.14579530500235918,0.3692496180242608,0.36412495912015125,0.3693112016110549,0.14579530500235918,0.15100639179012862,0.025667297056389104,0.025667297056389104,0.08921378067145343,0.06354648361506432,0.06354648361506432,0.005120675828865329,6.556666203829847e-05,6.556666203829847e-05,0.005124658904109585,0.0052150698630136945,,9.04109589041096e-05
1936,0,1599,0.015551549601209752,23.008596545754145,0.007508681749868866,0.015551549601209752,0.007508681749868866,,,0.008042867851340885,0.008042867851340885,,,,,,,,,,,,
1937,0,1598,0.15583567303090592,164.66549069247034,0.014080804394615298,0.07328806423773808,0.04941294179073454,0.0018547394509137716,0.002879229649716415,0.05920725984312278,0.06023175004192543,0.04118291685598237,0.04118291685598237,0.04619098119824597,0.005008064342263599,0.005008064342263599,0.001024490198802643,,,0.033477397945205475,0.033477397945205475,,
1938,0,1677,0.5829391304865484,409.0211767220033,0.01565699542521947,0.1218623089784268,0.35059974817484724,0.32997425822907983,0.37008899232448567,0.10620531355320734,0.1463200476486132,0.0215433462821135,0.0215433462821135,0.08601933466308809,0.06447598838097458,0.06447598838097458,0.04011473409540587,,,0.004968494520547941,0.004968494520547941,,
1939,0,1793,0.3026661568392632,435.3450454570685,0.023165677175088335,0.20392997239720376,0.07295846914555179,0.04963662758690182,0.0935576869585292,0.18076429522211543,0.2247101988906086,0.004123950774275603,0.004123950774275603,0.00493192214106444,0.0008079713667888365,0.0008079713667888365,0.043855492709589064,6.556666203829847e-05,6.556666203829847e-05,0.00015616438356164385,0.0002465753424657534,,9.04109589041096e-05
1940,0,1246,2.510048879524339,2130.150508007902,0.0061129835111242686,0.3666865272253399,1.3871029550836091,1.351849556161526,1.3737695986084462,0.3605735437142156,0.7383726970410813,0.1865081662427774,0.1865081662427774,0.3827242533480862,0.19621608710530877,0.19621608710530877,0.021702576614536433,0.00021746583238392694,0.0018489740515620675,0.029140415410958936,0.3868685003424663,0.0016315082191781405,0.3560965767123292
1941,0,1339,2.510048879524339,2130.150508007902,0.0061129835111242686,0.3666865272253399,1.3871029550836091,1.351849556161526,1.3737695986084462,0.3605735437142156,0.7383726970410813,0.1865081662427774,0.1865081662427774,0.3827242533480862,0.19621608710530877,0.19621608710530877,0.021702576614536433,0.00021746583238392694,0.0018489740515620675,0.029140415410958936,0.3868685003424663,0.0016315082191781405,0.3560965767123292
1944,0,1516,0.001697427651540102,0.684033215864683,,,,,0.001697427651540102,,0.001697427651540102,,,,,,0.001697427651540102,,,,,,
1945,0,1887,0.003216606227473602,5.696209309859952,,0.003216606227473602,,,,0.003216606227473602,0.003216606227473602,,,,,,,,,,,,
1946,0,1323,0.17352332954843994,200.25745430893699,0.014234442665639897,0.10743427186975196,0.057324020015921656,0.0418823852269941,0.04741228477983504,0.09319982920411207,0.09873520820900783,0.017464101323510468,0.017464101323510468,0.017464101323510468,,,0.005529899552840951,,,0.0012071921232876697,0.0012126715753424642,,5.479452054794521e-06
1947,0,1619,0.17352332954843994,200.25745430893699,0.014234442665639897,0.10743427186975196,0.057324020015921656,0.0418823852269941,0.04741228477983504,0.09319982920411207,0.09873520820900783,0.017464101323510468,0.017464101323510468,0.017464101323510468,,,0.005529899552840951,,,0.0012071921232876697,0.0012126715753424642,,5.479452054794521e-06
1948,0,1250,0.9515846652934538,1403.5746917770246,,0.005087748396146257,0.018511301712328766,,,0.005087748396146257,0.005087748396146257,0.2102404240511267,0.2102404240511267,0.9279856151849788,0.7177451911338522,0.7177451911338522,,,,0.018511301712328766,0.018511301712328766,,
1949,0,1630,0.01313189944107377,20.62307040048286,,0.0033475725841571567,,,,0.0033475725841571567,0.0033475725841571567,0.009245766411249873,0.009245766411249873,0.009784326856916613,0.0005385604456667404,0.0005385604456667404,,,,,,,
1956,0,1262,1.2656509285841229,2038.6179533256031,,0.03322930485473907,0.34883638101075265,0.001210346421711448,0.006526849087202294,0.03322930485473907,0.2794752606024221,0.5251667157164654,0.5251667157164654,0.637338259231222,0.11217154351475665,0.11217154351475665,0.0053165026654908455,,1.0277397260420364e-06,0.3476260345890412,0.5885565154109594,1.0277397260420364e-06,0.24092945308219219
1958,0,2117,1.2656509285841229,2038.6179533256031,,0.03322930485473907,0.34883638101075265,0.001210346421711448,0.006526849087202294,0.03322930485473907,0.2794752606024221,0.5251667157164654,0.5251667157164654,0.637338259231222,0.11217154351475665,0.11217154351475665,0.0053165026654908455,,1.0277397260420364e-06,0.3476260345890412,0.5885565154109594,1.0277397260420364e-06,0.24092945308219219
1960,0,1883,1.2656509285841229,2038.6179533256031,,0.03322930485473907,0.34883638101075265,0.001210346421711448,0.006526849087202294,0.03322930485473907,0.2794752606024221,0.5251667157164654,0.5251667157164654,0.637338259231222,0.11217154351475665,0.11217154351475665,0.0053165026654908455,,1.0277397260420364e-06,0.3476260345890412,0.5885565154109594,1.0277397260420364e-06,0.24092945308219219
1961,0,1266,0.8797574229696423,1431.0436295108998,0.004210270065634818,0.14140566093574738,0.12057389730067966,0.004352321070661271,0.28349398291402256,0.13719539087011257,0.4177285821082936,0.3339454771843691,0.3339454771843691,0.3397248972705573,0.005779420086188297,0.005779420086188297,0.27866469808749617,0.00047696375586507513,0.0017300462901116652,0.11201130616438358,0.11513288184931511,0.00125308253424659,0.0018684931506849315
1964,0,1265,0.8826749060202934,1437.2049511897571,0.004210270065634818,0.14802150121679655,0.12057389730067966,0.004352321070661271,0.28349398291402256,0.14381123115116173,0.42434442238934283,0.3302471199539711,0.3302471199539711,0.3360265400401593,0.005779420086188297,0.005779420086188297,0.27866469808749617,0.00047696375586507513,0.0017300462901116652,0.11201130616438358,0.11513288184931511,0.00125308253424659,0.0018684931506849315
1970,0,1693,0.0452447151521682,29.233117268893242,0.006982684941644735,0.033352066779781725,0.008599729015391789,0.001617044073747055,0.011892648372386468,0.02636938183813699,0.03664498613677641,,,,,,0.010275604298639412,,,,,,
1971,0,1285,0.021421168032416133,23.02637124420859,0.0029259261286517318,0.007459419827818102,0.0029259261286517318,,,0.004533493699166371,0.004533493699166371,0.01396174820459803,0.01396174820459803,0.01396174820459803,,,,,,,,,
1972,0,1922,0.004776873238066954,8.459248004400362,,0.004776873238066954,,,,0.004776873238066954,0.004776873238066954,,,,,,,,,,,,
1974,0,1449,0.030348047510886603,60.55863970215907,,0.021900384496353446,0.006928719897563336,0.006928719897563336,0.008447663014533159,0.021900384496353446,0.023419327613323267,,,,,,0.0015189431169698223,,,,,,
1975,0,1304,0.6448881383723457,1074.6145591063364,0.004000477140896948,0.10616474362473421,0.01105881457918383,0.003835390862944413,0.014049141950981808,0.10216426648383728,0.4683748240064722,0.16318441261018468,0.16318441261018468,0.16543966101580743,0.0022552484056227308,0.0022552484056227308,0.010198912317155046,1.4838770882351759e-05,1.4838770882351759e-05,0.0032229465753424694,0.3592345917808224,,0.3560116452054799
1977,0,1975,0.004165972687682902,7.3475160915968925,,0.003976120462081345,4.523279063764663e-05,4.523279063764663e-05,0.00018985222560155785,0.003976120462081345,0.004120739897045256,,,,,,0.0001446194349639112,,,,,,
1979,0,1670,0.011003439815340453,19.48572249263307,,0.011003439815340453,,,,0.011003439815340453,0.011003439815340453,,,,,,,,,,,,
1980,0,1311,0.0027874534946731653,4.936233229775792,,0.0027874534946731653,,,,0.0027874534946731653,0.0027874534946731653,,,,,,,,,,,,
1981,0,1312,0.11192051219422668,12.691860150578158,0.006982684941644735,0.006982684941644735,0.11192051219422668,0.10493782725258194,0.10493782725258194,,,,,,,,,,,,,,
1982,0,1606,0.4674019378590313,227.2652997861916,,0.0544322880118877,0.32718986134262473,0.3222213668220768,0.32291132542941786,0.0544322880118877,0.055122246619228765,0.0215433462821135,0.0215433462821135,0.08508982989717782,0.06354648361506432,0.06354648361506432,0.0006899586073410616,,,0.004968494520547941,0.004968494520547941,,
1984,0,2020,0.11192051219422668,12.691860150578158,0.006982684941644735,0.006982684941644735,0.11192051219422668,0.10493782725258194,0.10493782725258194,,,,,,,,,,,,,,
1985,0,1324,0.04597791027149378,56.66722565855868,0.004318819625529826,0.03354996724923633,0.005370083964136789,2.3659888093755115e-07,0.004503529886390579,0.02923114762370651,0.03373444091121615,0.006873385396140839,0.006873385396140839,0.006873385396140839,,,0.004503293287509641,,,0.0010510277397260258,0.0010510277397260258,,
1987,0,1337,0.01932918507527704,33.433844125520984,,0.014718533905623433,1.948672121112803e-06,1.948672121112803e-06,0.0016464428024443888,0.014718533905623433,0.01636302803594671,0.002964208367209217,0.002964208367209217,0.002964208367209217,,,0.001644494130323276,,,,,,
1989,0,1550,0.010556613421949503,18.69444855919803,,0.010556613421949503,,,,0.010556613421949503,0.010556613421949503,,,,,,,,,,,,
1990,0,1551,0.007767488985641082,12.723566654694263,,0.007013271058943572,,,0.00075421792669751,0.007013271058943572,0.007767488985641082,,,,,,0.00075421792669751,,,,,,
1991,0,1709,0.8076739144382795,1353.9807104290903,,0.11979019576213773,0.004177601021534679,0.002687188007836016,0.15433042528305,0.11979019576213773,0.6274350706996784,0.1737013471849281,0.1737013471849281,0.17605123517391308,0.002349887988984968,0.002349887988984968,0.15163322973206073,1.0007543153213977e-05,1.0007543153213977e-05,0.0014904130136986625,0.3575020582191786,,0.3560116452054799
1992,0,1702,0.05080175881269634,86.24569161533607,,0.046778101046032,,,0.004023657766664346,0.046778101046032,0.05080175881269634,,,,,,0.004023657766664346,,,,,,
1993,0,1353,0.02004782232984005,35.50219831768026,,0.02004782232984005,,,,0.02004782232984005,0.02004782232984005,,,,,,,,,,,,
1994,0,1649,0.03410842664307446,174.70251823665504,,0.03283267649854747,,,0.0012757501445269893,0.03283267649854747,0.03283267649854747,,,,,,,0.0012757501445269893,0.0012757501445269893,,,,
1995,0,1597,0.15583567303090592,164.66549069247034,0.014080804394615298,0.07328806423773808,0.04941294179073454,0.0018547394509137716,0.002879229649716415,0.05920725984312278,0.06023175004192543,0.04118291685598237,0.04118291685598237,0.04619098119824597,0.005008064342263599,0.005008064342263599,0.001024490198802643,,,0.033477397945205475,0.033477397945205475,,
1996,0,1391,0.856287321217077,1411.628979467966,0.004210270065634818,0.155560308427373,0.12057389730067966,0.004352321070661271,0.28349398291402256,0.1513500383617382,0.43188322959991926,0.296320727940178,0.296320727940178,0.3021001480263663,0.005779420086188297,0.005779420086188297,0.27866469808749617,0.00047696375586507513,0.0017300462901116652,0.11201130616438358,0.11513288184931511,0.00125308253424659,0.0018684931506849315
1998,0,1394,0.8663992044264821,1400.9210912803235,0.004210270065634818,0.1911670034391572,0.11817184113629611,0.004352321070661271,0.28368202838846496,0.1869567333735224,0.46811524875709304,0.27278793825865233,0.27278793825865233,0.2788193469139283,0.006031408655276033,0.006031408655276033,0.2792900222328858,3.9685084917917496e-05,0.0012927676191645076,0.10960925000000002,0.11273082568493155,0.00125308253424659,0.0018684931506849315
2002,0,1401,0.03550378969946594,61.88914616823717,,0.031221654360104437,,,0.0006253241453896104,0.031221654360104437,0.03184697850549405,0.0036568111939718866,0.0036568111939718866,0.0036568111939718866,,,0.0006253241453896104,,,,,,
2006,0,1410,0.013645591367999092,18.443549278795935,,0.007187288640142482,,,0.0036253190366763123,0.007187288640142482,0.010812607676818794,0.002832983691180298,0.002832983691180298,0.002832983691180298,,,0.0036253190366763123,,,,,,
2008,0,1953,0.04524455226112952,43.3842293205672,,0.03878624953327292,,,0.0036253190366763123,0.03878624953327292,0.04241156856994923,0.002832983691180298,0.002832983691180298,0.002832983691180298,,,0.0036253190366763123,,,,,,
2009,0,1411,0.003017660889684317,4.532180313291833,,,,,,,,0.003017660889684317,0.003017660889684317,0.003017660889684317,,,,,,,,,
2013,0,1539,0.02848799552353177,50.44869463174663,,0.014812793428772843,,,0.013675202094758924,0.014812793428772843,0.02848799552353177,,,,,,0.013675202094758924,,,,,,
2014,0,2026,0.03125777535761442,55.35363000817155,,0.017582573262855495,,,0.013675202094758924,0.017582573262855495,0.03125777535761442,,,,,,0.013675202094758924,,,,,,
2015,0,1639,0.9129511528259301,1496.970465437744,0.004210270065634818,0.06868780839139713,0.12057389730067966,0.004352321070661271,0.3264666180291729,0.0644775383257623,0.38856966639142254,0.3963002953741508,0.3963002953741508,0.40207754284371605,0.0057772474695652895,0.0057772474695652895,0.32163733320264654,0.00047696375586507513,0.0017300462901116652,0.11201130616438358,0.1157191835616439,0.00125308253424659,0.0024547948630137375
2017,0,1587,0.0452447151521682,29.233117268893242,0.006982684941644735,0.033352066779781725,0.008599729015391789,0.001617044073747055,0.011892648372386468,0.02636938183813699,0.03664498613677641,,,,,,0.010275604298639412,,,,,,
2020,0,1988,0.03268251859044035,57.96986499227456,,0.03242663547575002,0.00015000676962096058,0.00015000676962096058,0.00025588311469034076,0.03242663547575002,0.03253251182081939,,,,,,0.00010587634506938015,,,,,,
2021,0,1459,0.0034341719036312837,6.240154315486509,,,0.00017577453010381115,0.00017577453010381115,0.0034341719036312837,,0.0032583973735274725,,,,,,0.0032583973735274725,,,,,,
2022,0,1456,0.0029175135097879758,5.16655333007585,,0.0029175135097879758,,,,0.0029175135097879758,0.0029175135097879758,,,,,,,,,,,,
2024,0,1463,0.028791835589233258,23.809458368071233,,0.028791835589233258,,,,0.028791835589233258,0.028791835589233258,,,,,,,,,,,,
2025,0,1949,0.00280712530389718,1.131221673700035,,0.00280712530389718,,,,0.00280712530389718,0.00280712530389718,,,,,,,,,,,,
2026,0,1469,0.050520270575794654,133.85629590705452,,0.04677189169953148,0.00017534246575342467,,0.000549548942546163,0.04677189169953148,0.04677189169953148,0.003023487467963593,0.003023487467963593,0.003023487467963593,,,,0.000549548942546163,0.000549548942546163,0.00017534246575342467,0.00017534246575342467,,
2027,0,1780,2.354774254466017,4363.012177194682,,0.05293093582993352,1.80913698630137,,0.0017130288154741469,0.05293093582993352,0.05301312795322144,0.1106847209470174,0.1106847209470174,0.45494570009458196,0.3442609791475646,0.3442609791475646,,0.0017130288154741469,0.03767844011684402,1.80913698630137,1.8451845897260277,0.035965411301369876,8.219212328791792e-05
2032,0,1491,0.016563013384537487,143.63177494983512,,0.015287263240010496,,,0.0012757501445269893,0.015287263240010496,0.015287263240010496,,,,,,,0.0012757501445269893,0.0012757501445269893,,,,
2033,0,1782,2.360159771133639,4331.666432648209,,0.05241568064810238,1.80913698630137,,0.0012757501445269893,0.05241568064810238,0.05249787277139029,0.117022771467418,0.117022771467418,0.4612837506149826,0.3442609791475646,0.3442609791475646,,0.0012757501445269893,0.03724116144589686,1.80913698630137,1.8451845897260277,0.035965411301369876,8.219212328791792e-05
2036,0,1501,0.02152275073585482,37.19881376743071,,0.017631062536783315,,,0.0004889664839741424,0.017631062536783315,0.018120029020757458,0.0034027217150973594,0.0034027217150973594,0.0034027217150973594,,,0.0004889664839741424,,,,,,
2037,0,1502,0.023921654955477517,43.9175029911223,,0.021444947858059428,0.0018867155382699707,0.0018867155382699707,0.0024767070974180848,0.021444947858059428,0.02203493941720754,,,,,,0.0005899915591481144,,,,,,
2038,0,1756,7.22404796445095,1916.1670428900552,0.009148810381256995,0.04042722926787564,6.268232154663992,2.020518960721091,2.0234336312508376,0.03127841888661864,0.03419308941636506,0.010951198841697186,0.010951198841697186,0.9216227203705925,0.9106715215288952,0.9106715215288952,0.002914670529746419,,,4.238564383561644,4.238564383561644,,
2039,0,1645,0.00023958414575839514,0.09654815835279576,,,,,0.00023958414575839514,,0.00023958414575839514,,,,,,0.00023958414575839514,,,,,,
2040,0,1646,0.0007385558335848894,0.2976248922799867,,,,,0.0007385558335848894,,0.0007385558335848894,,,,,,0.0007385558335848894,,,,,,
2041,0,1527,0.00589348605075996,10.436630328927682,,0.00589348605075996,,,,0.00589348605075996,0.00589348605075996,,,,,,,,,,,,
2042,0,1872,0.014331498568486034,24.493098295921627,,0.01103425542867776,,,2.693117113132203e-06,0.01103425542867776,0.011036948545790893,0.0032945500226951425,0.0032945500226951425,0.0032945500226951425,,,2.693117113132203e-06,,,,,,
2043,0,1533,0.010225798749357824,18.1086169451944,,0.010225798749357824,,,,0.010225798749357824,0.010225798749357824,,,,,,,,,,,,
2044,0,1710,0.7974481156889216,1335.872093483896,,0.1095643970127799,0.004177601021534679,0.002687188007836016,0.15433042528305,0.1095643970127799,0.6172092719503205,0.1737013471849281,0.1737013471849281,0.17605123517391308,0.002349887988984968,0.002349887988984968,0.15163322973206073,1.0007543153213977e-05,1.0007543153213977e-05,0.0014904130136986625,0.3575020582191786,,0.3560116452054799
2045,0,2057,0.030228691084587346,55.165276794062905,,0.029954588846999874,,,0.0002741022375874711,0.029954588846999874,0.030206605472111285,,,,,,0.0002520166251114127,2.2085612476058432e-05,2.2085612476058432e-05,,,,
2046,0,1546,0.880772761160237,1484.2710579254895,,0.18544421948962334,0.004177601021534679,0.002687188007836016,0.15499311116044404,0.18544421948962334,0.6937296946920821,0.18048348430200573,0.18048348430200573,0.1828333722909907,0.002349887988984968,0.002349887988984968,0.15227382999697872,3.209315562927241e-05,3.209315562927241e-05,0.0014904130136986625,0.3575020582191786,,0.3560116452054799
2047,0,2059,0.8473915631851261,1426.0536024088854,,0.15539582429025847,0.004177601021534679,0.002687188007836016,0.15499311116044404,0.15539582429025847,0.6636812994927173,0.1771506815262597,0.1771506815262597,0.17950056951524468,0.002349887988984968,0.002349887988984968,0.15227382999697872,3.209315562927241e-05,3.209315562927241e-05,0.0014904130136986625,0.3575020582191786,,0.3560116452054799
2048,0,2058,0.8219080990382439,1379.8938692746724,,0.12915814221667904,0.004177601021534679,0.002687188007836016,0.15574732908714153,0.12915814221667904,0.6381978353458352,0.1771506815262597,0.1771506815262597,0.17950056951524468,0.002349887988984968,0.002349887988984968,0.15302804792367625,3.209315562927241e-05,3.209315562927241e-05,0.0014904130136986625,0.3575020582191786,,0.3560116452054799
2050,0,1578,0.004313279525654233,7.638281235735001,,0.004313279525654233,,,,0.004313279525654233,0.004313279525654233,,,,,,,,,,,,
2052,0,1791,0.314758384832038,297.3073801155362,0.019711082877131893,0.1526794719724171,0.1722713787532217,0.15240413149252816,0.15690041537609073,0.13296838909528524,0.1374895172757136,0.004123950774275603,0.004123950774275603,0.00493192214106444,0.0008079713667888365,0.0008079713667888365,0.0044307172215242675,6.556666203829847e-05,6.556666203829847e-05,0.00015616438356164385,0.0002465753424657534,,9.04109589041096e-05
2053,0,1792,0.3026661568392632,435.3450454570685,0.023165677175088335,0.20392997239720376,0.07295846914555179,0.04963662758690182,0.0935576869585292,0.18076429522211543,0.2247101988906086,0.004123950774275603,0.004123950774275603,0.00493192214106444,0.0008079713667888365,0.0008079713667888365,0.043855492709589064,6.556666203829847e-05,6.556666203829847e-05,0.00015616438356164385,0.0002465753424657534,,9.04109589041096e-05
2055,0,1678,0.5892060685225915,420.43487620965476,0.01565699542521947,0.1278088160109583,0.35092017917835877,0.33029468923259137,0.3704094233279972,0.11215182058573885,0.1522665546811447,0.0215433462821135,0.0215433462821135,0.08601933466308809,0.06447598838097458,0.06447598838097458,0.04011473409540587,,,0.004968494520547941,0.004968494520547941,,
2056,0,1596,0.04881549471950114,51.685745887675246,0.00917972052134617,0.04705910795696576,0.010936107283881561,0.001756386762535391,0.001756386762535391,0.03787938743561958,0.03787938743561958,,,,,,,,,,,,
2057,0,2021,0.0043719543562657035,0.34443138424068287,0.002744471094874461,0.002744471094874461,0.0043719543562657035,0.001627483261391242,0.001627483261391242,,,,,,,,,,,,,,
2058,0,1600,0.01780942686606147,10.174817067354008,0.01748899586254991,0.01748899586254991,0.01780942686606147,0.00032043100351156054,0.00032043100351156054,,,,,,,,,,,,,,
2059,0,1601,0.006266938036043063,11.413699487651485,,0.005946507032531503,0.00032043100351156054,0.00032043100351156054,0.00032043100351156054,0.005946507032531503,0.005946507032531503,,,,,,,,,,,,
2060,0,1676,0.5610358338356427,367.604862926853,,0.10519458120928868,0.32970718386786024,0.3247386893473123,0.36485342344271815,0.10519458120928868,0.14530931530469451,0.0215433462821135,0.0215433462821135,0.08601933466308809,0.06447598838097458,0.06447598838097458,0.04011473409540587,,,0.004968494520547941,0.004968494520547941,,
2061,0,1675,0.09363389597661152,140.3395631406614,,0.05076229319740094,0.0025173225252355103,0.0025173225252355103,0.041942098013300316,0.05076229319740094,0.09018706868546575,,,0.0009295047659102531,0.0009295047659102531,0.0009295047659102531,0.039424775488064806,,,,,,
2064,0,1617,0.13546983241281302,153.96078952064838,0.009915623040110072,0.07388430462051564,0.0530049637915109,0.04188214862811316,0.042908754893444465,0.06396868158040557,0.06500076729779168,0.017464101323510468,0.017464101323510468,0.017464101323510468,,,0.0010266062653313097,,,0.0012071921232876697,0.0012126715753424642,,5.479452054794521e-06
2065,0,1618,0.17352332954843994,200.25745430893699,0.014234442665639897,0.10743427186975196,0.057324020015921656,0.0418823852269941,0.04741228477983504,0.09319982920411207,0.09873520820900783,0.017464101323510468,0.017464101323510468,0.017464101323510468,,,0.005529899552840951,,,0.0012071921232876697,0.0012126715753424642,,5.479452054794521e-06
2067,0,1781,2.333244594807252,4285.707879297295,,0.03183855484211564,1.80913698630137,,0.0012757501445269893,0.03183855484211564,0.031920746965403556,0.1106847209470174,0.1106847209470174,0.45494570009458196,0.3442609791475646,0.3442609791475646,,0.0012757501445269893,0.03724116144589686,1.80913698630137,1.8451845897260277,0.035965411301369876,8.219212328791792e-05
2068,0,1640,0.8773323654176325,1462.565119895591,0.004210270065634818,0.06922757368014683,0.12057389730067966,0.004352321070661271,0.3048618445557961,0.06501730361451201,0.36750465820679545,0.3817465161504802,0.3817465161504802,0.3875237636200455,0.0057772474695652895,0.0057772474695652895,0.3000325597292698,0.00047696375586507513,0.0017300462901116652,0.11201130616438358,0.1157191835616439,0.00125308253424659,0.0024547948630137375
2069,0,1667,0.021529659658765042,77.3042978973867,,0.021092380987817884,,,0.0004372786709471576,0.021092380987817884,0.021092380987817884,,,,,,,0.0004372786709471576,0.0004372786709471576,,,,
2070,0,2090,0.012768540020470023,22.611495282419558,,0.012768540020470023,,,,0.012768540020470023,0.012768540020470023,,,,,,,,,,,,
2071,0,1663,0.00649937538946554,11.509584942520632,,0.00649937538946554,,,,0.00649937538946554,0.00649937538946554,,,,,,,,,,,,
2072,0,2088,0.012768540020470023,22.611495282419558,,0.012768540020470023,,,,0.012768540020470023,0.012768540020470023,,,,,,,,,,,,
2076,0,1660,0.008012419616228707,13.416186157009236,,0.0051394098655646835,,,,0.0051394098655646835,0.0051394098655646835,0.0028730097506640224,0.0028730097506640224,0.0028730097506640224,,,,,,,,,
2077,0,1795,0.023797166362403272,23.441013223296842,,0.010758274420995114,0.002668085346136188,0.002668085346136188,0.013038891941408155,0.010758274420995114,0.021129081016267086,,,,,,0.010370806595271969,,,,,,
2078,0,1798,0.023797166362403272,23.441013223296842,,0.010758274420995114,0.002668085346136188,0.002668085346136188,0.013038891941408155,0.010758274420995114,0.021129081016267086,,,,,,0.010370806595271969,,,,,,
2079,0,1687,1.1865684767842004,1833.5639958897682,,0.029502324404196457,0.2767843262162321,0.001210346421711448,0.006526849087202294,0.029502324404196457,0.2757482801518795,0.5218632991616062,0.5218632991616062,0.6340348426763628,0.11217154351475665,0.11217154351475665,0.0053165026654908455,,1.0277397260420364e-06,0.27557397979452064,0.5165044606164388,1.0277397260420364e-06,0.24092945308219219
2080,0,1882,1.2656509285841229,2038.6179533256031,,0.03322930485473907,0.34883638101075265,0.001210346421711448,0.006526849087202294,0.03322930485473907,0.2794752606024221,0.5251667157164654,0.5251667157164654,0.637338259231222,0.11217154351475665,0.11217154351475665,0.0053165026654908455,,1.0277397260420364e-06,0.3476260345890412,0.5885565154109594,1.0277397260420364e-06,0.24092945308219219
2087,0,1704,0.015541843262122507,21.559766034329087,0.00425614044162124,0.010978929027782256,0.00425614044162124,,0.0008047712442070371,0.006722788586161016,0.0075275598303680535,0.003758142990133213,0.003758142990133213,0.003758142990133213,,,0.0008047712442070371,,,,,,
2088,0,1772,0.013374429359175603,23.684449896012513,,0.013374429359175603,,,,0.013374429359175603,0.013374429359175603,,,,,,,,,,,,
2089,0,1773,0.020008849642384047,35.43318253849627,,0.020008849642384047,,,,0.020008849642384047,0.020008849642384047,,,,,,,,,,,,
2095,0,1766,0.04098233751316623,55.999616283522435,,0.03861780473863439,0.0009431674315811742,0.0009431674315811742,0.002227307717303099,0.03861780473863439,0.03990194502435631,,,0.00013722505722874894,0.00013722505722874894,0.00013722505722874894,0.0012841402857219247,,,,,,
2096,0,1762,0.04098233751316623,55.999616283522435,,0.03861780473863439,0.0009431674315811742,0.0009431674315811742,0.002227307717303099,0.03861780473863439,0.03990194502435631,,,0.00013722505722874894,0.00013722505722874894,0.00013722505722874894,0.0012841402857219247,,,,,,
2097,0,1767,0.04098233751316623,55.999616283522435,,0.03861780473863439,0.0009431674315811742,0.0009431674315811742,0.002227307717303099,0.03861780473863439,0.03990194502435631,,,0.00013722505722874894,0.00013722505722874894,0.00013722505722874894,0.0012841402857219247,,,,,,
2098,0,2041,0.0004224773771006309,1.0969503528727638,,,,,2.4842140589357288e-05,,0.0004221027570277523,,,3.7462007287856666e-07,3.7462007287856666e-07,3.7462007287856666e-07,2.4842140589357288e-05,,,,0.00039726061643839504,,0.00039726061643839504
2099,0,1789,0.006634420283208444,11.748732642483757,,0.006634420283208444,,,,0.006634420283208444,0.006634420283208444,,,,,,,,,,,,
2100,0,2082,2.336590794637007,4174.883640988252,,0.02735533627232184,1.80913698630137,,,0.02735533627232184,0.027437528395609756,0.11978988949109344,0.11978988949109344,0.464050868638658,0.3442609791475646,0.3442609791475646,,,0.035965411301369876,1.80913698630137,1.8451845897260277,0.035965411301369876,8.219212328791792e-05
2101,0,1822,0.038012580233192345,74.79421311639754,0.007589964352850289,0.03637220038067938,0.007589964352850289,,0.0016403798525129684,0.028782236027829092,0.03042261588034206,,,,,,0.0016403798525129684,,,,,,
2102,0,1915,0.020074020926282275,41.61228928986708,0.007589964352850289,0.013382393318695257,0.008412786476942186,0.0008228221240918972,0.0034535700612518174,0.005792428965844969,0.008423176903004889,0.0032380575463352027,0.0032380575463352027,0.0032380575463352027,,,0.00263074793715992,,,,,,
2103,0,1853,0.00420361219583617,7.444074043147496,,0.00420361219583617,,,,0.00420361219583617,0.00420361219583617,,,,,,,,,,,,
2104,0,1855,0.00420361219583617,7.444074043147496,,0.00420361219583617,,,,0.00420361219583617,0.00420361219583617,,,,,,,,,,,,
2105,0,1965,0.00420361219583617,7.444074043147496,,0.00420361219583617,,,,0.00420361219583617,0.00420361219583617,,,,,,,,,,,,
2109,0,1933,0.014637915755661571,24.48081002195249,,0.01135510034401325,,,0.0005078441737703823,0.01135510034401325,0.011862944517783634,0.0027749712378779385,0.0027749712378779385,0.0027749712378779385,,,0.0005078441737703823,,,,,,
2111,0,1966,0.0004224773771006309,1.0969503528727638,,,,,2.4842140589357288e-05,,0.0004221027570277523,,,3.7462007287856666e-07,3.7462007287856666e-07,3.7462007287856666e-07,2.4842140589357288e-05,,,,0.00039726061643839504,,0.00039726061643839504
2114,0,1927,0.004689255824582352,8.685308108328753,,0.004082162425624431,0.00046247396399400975,0.00046247396399400975,0.000607093398957921,0.004082162425624431,0.004226781860588342,,,,,,0.0001446194349639112,,,,,,
2115,0,1929,0.007369916466244462,13.051204847316487,,0.007369916466244462,,,,0.007369916466244462,0.007369916466244462,,,,,,,,,,,,
2116,0,1931,0.012059172290826814,21.736512955645242,,0.011452078891868894,0.00046247396399400975,0.00046247396399400975,0.000607093398957921,0.011452078891868894,0.011596698326832805,,,,,,0.0001446194349639112,,,,,,
2120,0,2018,0.0043719543562657035,0.34443138424068287,0.002744471094874461,0.002744471094874461,0.0043719543562657035,0.001627483261391242,0.001627483261391242,,,,,,,,,,,,,,
2123,0,2144,0.028227215723028762,25.928553714549118,,0.021862768820381313,,,2.310309887160795e-05,0.021862768820381313,0.02188587191925292,0.006341343803775841,0.006341343803775841,0.006341343803775841,,,2.310309887160795e-05,,,,,,
2124,0,2194,0.008813511586123113,13.236129808284593,,,,,,,6.852739725086756e-07,0.008812826312150605,0.008812826312150605,0.008812826312150605,,,,,,,6.852739725086756e-07,,6.852739725086756e-07
2125,0,2083,2.340650298523413,4182.072517150231,,0.03141484015872767,1.80913698630137,,,0.03141484015872767,0.031497032282015586,0.11978988949109344,0.11978988949109344,0.464050868638658,0.3442609791475646,0.3442609791475646,,,0.035965411301369876,1.80913698630137,1.8451845897260277,0.035965411301369876,8.219212328791792e-05
2127,0,2089,0.012768540020470023,22.611495282419558,,0.012768540020470023,,,,0.012768540020470023,0.012768540020470023,,,,,,,,,,,,
2130,0,2098,0.026914254942646425,25.30922366292468,,0.026891151843774816,,,2.310309887160795e-05,0.026891151843774816,0.026914254942646425,,,,,,2.310309887160795e-05,,,,,,
2131,0,2101,0.002916732772287806,5.152601142615137,,0.002907543752531788,,,9.189019756018473e-06,0.002907543752531788,0.002916732772287806,,,,,,9.189019756018473e-06,,,,,,
2132,0,2102,0.002916732772287806,5.152601142615137,,0.002907543752531788,,,9.189019756018473e-06,0.002907543752531788,0.002916732772287806,,,,,,9.189019756018473e-06,,,,,,
2140,0,2116,1.2656509285841229,2038.6179533256031,,0.03322930485473907,0.34883638101075265,0.001210346421711448,0.006526849087202294,0.03322930485473907,0.2794752606024221,0.5251667157164654,0.5251667157164654,0.637338259231222,0.11217154351475665,0.11217154351475665,0.0053165026654908455,,1.0277397260420364e-06,0.3476260345890412,0.5885565154109594,1.0277397260420364e-06,0.24092945308219219
2142,0,2122,0.1309901933492856,273.73769883972204,,0.020858268713108346,0.07986316193746112,0.007811107142940567,0.034776453286797446,0.020858268713108346,0.04782361485696522,0.003303416554859259,0.003303416554859259,0.003303416554859259,,,0.02696534614385688,,,0.07205205479452055,0.07205205479452055,,
2149,0,2134,2.3346288420197987,4155.937730873077,,0.02405406395119944,1.8099673091425437,0.0008303228411737272,0.0008303228411737272,0.02405406395119944,0.024136256074487356,0.11978988949109344,0.11978988949109344,0.4645598655013978,0.34476997601030435,0.34476997601030435,,,0.035965411301369876,1.80913698630137,1.8451845897260277,0.035965411301369876,8.219212328791792e-05
2154,0,2143,0.028227215723028762,25.928553714549118,,0.021862768820381313,,,2.310309887160795e-05,0.021862768820381313,0.02188587191925292,0.006341343803775841,0.006341343803775841,0.006341343803775841,,,2.310309887160795e-05,,,,,,
2155,0,2145,2.8183859332144565,4100.37485255616,,,0.11760205787671237,,,,,0.5294110089987375,0.5294110089987375,2.700783875337744,2.1713728663390066,2.1713728663390066,,,,0.11760205787671237,0.11760205787671237,,
2157,0,2198,2.8183859332144565,4100.37485255616,,,0.11760205787671237,,,,,0.5294110089987375,0.5294110089987375,2.700783875337744,2.1713728663390066,2.1713728663390066,,,,0.11760205787671237,0.11760205787671237,,
2160,0,2146,7.995318718932549,1518.241472269116,,,7.574766449315068,,,,0.35659863219178123,0.062342163731358466,0.062342163731358466,0.06234233502843948,1.7129708101555796e-07,1.7129708101555796e-07,,,0.0016113023972603177,7.574766449315068,7.93297638390411,0.0016113023972603177,0.35659863219178123
2161,0,2154,7.995318718932549,1518.241472269116,,,7.574766449315068,,,,0.35659863219178123,0.062342163731358466,0.062342163731358466,0.06234233502843948,1.7129708101555796e-07,1.7129708101555796e-07,,,0.0016113023972603177,7.574766449315068,7.93297638390411,0.0016113023972603177,0.35659863219178123
2162,0,2147,0.008813511586123113,13.236129808284593,,,,,,,6.852739725086756e-07,0.008812826312150605,0.008812826312150605,0.008812826312150605,,,,,,,6.852739725086756e-07,,6.852739725086756e-07
2163,0,2149,7.995318718932549,1518.241472269116,,,7.574766449315068,,,,0.35659863219178123,0.062342163731358466,0.062342163731358466,0.06234233502843948,1.7129708101555796e-07,1.7129708101555796e-07,,,0.0016113023972603177,7.574766449315068,7.93297638390411,0.0016113023972603177,0.35659863219178123
2164,0,2155,8.004132230518673,1531.4776020774004,,,7.574766449315068,,,,0.3565993174657537,0.07115499004350907,0.07115499004350907,0.07115516134059008,1.7129708101555796e-07,1.7129708101555796e-07,,,0.0016113023972603177,7.574766449315068,7.932977069178082,0.0016113023972603177,0.3565993174657537
2166,0,2150,8.004132230518673,1531.4776020774004,,,7.574766449315068,,,,0.3565993174657537,0.07115499004350907,0.07115499004350907,0.07115516134059008,1.7129708101555796e-07,1.7129708101555796e-07,,,0.0016113023972603177,7.574766449315068,7.932977069178082,0.0016113023972603177,0.3565993174657537
2167,0,2151,8.004132230518673,1531.4776020774004,,,7.574766449315068,,,,0.3565993174657537,0.07115499004350907,0.07115499004350907,0.07115516134059008,1.7129708101555796e-07,1.7129708101555796e-07,,,0.0016113023972603177,7.574766449315068,7.932977069178082,0.0016113023972603177,0.3565993174657537
2168,0,2153,8.004132230518673,1531.4776020774004,,,7.574766449315068,,,,0.3565993174657537,0.07115499004350907,0.07115499004350907,0.07115516134059008,1.7129708101555796e-07,1.7129708101555796e-07,,,0.0016113023972603177,7.574766449315068,7.932977069178082,0.0016113023972603177,0.3565993174657537
2169,0,2152,8.004132230518673,1531.4776020774004,,,7.574766449315068,,,,0.3565993174657537,0.07115499004350907,0.07115499004350907,0.07115516134059008,1.7129708101555796e-07,1.7129708101555796e-07,,,0.0016113023972603177,7.574766449315068,7.932977069178082,0.0016113023972603177,0.3565993174657537
2170,0,2200,8.004132230518673,1531.4776020774004,,,7.574766449315068,,,,0.3565993174657537,0.07115499004350907,0.07115499004350907,0.07115516134059008,1.7129708101555796e-07,1.7129708101555796e-07,,,0.0016113023972603177,7.574766449315068,7.932977069178082,0.0016113023972603177,0.3565993174657537
2171,0,2156,8.08124691051204,1608.2559179608631,,,7.693319189041096,,,,0.14323014075342497,0.23463253529696193,0.23463253529696193,0.24468079886820202,0.010048263571240168,0.010048263571240168,,,1.678184931511241e-05,7.693319189041096,7.836566111643837,1.678184931511241e-05,0.14323014075342497
2172,0,2159,8.004132230518673,1531.4776020774004,,,7.574766449315068,,,,0.3565993174657537,0.07115499004350907,0.07115499004350907,0.07115516134059008,1.7129708101555796e-07,1.7129708101555796e-07,,,0.0016113023972603177,7.574766449315068,7.932977069178082,0.0016113023972603177,0.3565993174657537
2173,0,2182,0.870263058269423,1452.9015501523786,,,0.3384486369863014,,,,0.23200753767123328,0.2881618727161698,0.2881618727161698,0.298210307584491,0.010048434868321184,0.010048434868321184,,,0.0015965760273972892,0.3384486369863014,0.5720527506849317,0.0015965760273972892,0.23200753767123328
2174,0,2160,0.6719503276353257,993.6805063138253,,,0.4104383630136987,,,,0.016830138013699158,0.23463253529696193,0.23463253529696193,0.24468079886820202,0.010048263571240168,0.010048263571240168,,,1.0277397260420364e-06,0.4104383630136987,0.4272695287671239,1.0277397260420364e-06,0.016830138013699158
2175,0,2185,7.923182213698633,1108.0541008780742,,,7.7666274136986315,,,,0.15653699041095964,,,,,,,,1.7809589041154447e-05,7.7666274136986315,7.923182213698633,1.7809589041154447e-05,0.15653699041095964
2176,0,2157,6.212113215576888,9987.456540648192,,,1.8873431547945207,,,,0.22770479554794543,1.4220536945519548,1.4220536945519548,4.061099853933053,2.6390461593810985,2.6390461593810985,,,0.035965411301369876,1.8873431547945207,2.151013361643836,0.035965411301369876,0.22770479554794543
2177,0,2161,6.3736102408714075,10242.926215756173,,,2.274395215753425,,,,0.2410116452054801,1.1932366469024138,1.1932366469024138,3.8222369408714068,2.6290002939689927,2.6290002939689927,,,0.03596643904109592,2.274395215753425,2.551373300000001,0.03596643904109592,0.2410116452054801
2179,0,2162,4.501509252054795,765.8024968240496,,,4.363970552054795,,,,0.13752671335616456,,,,,,,,1.1986643835631078e-05,4.363970552054795,4.501509252054795,1.1986643835631078e-05,0.13752671335616456
2180,0,2163,4.501509252054795,765.8024968240496,,,4.363970552054795,,,,0.13752671335616456,,,,,,,,1.1986643835631078e-05,4.363970552054795,4.501509252054795,1.1986643835631078e-05,0.13752671335616456
2181,0,2164,4.501509252054795,765.8024968240496,,,4.363970552054795,,,,0.13752671335616456,,,,,,,,1.1986643835631078e-05,4.363970552054795,4.501509252054795,1.1986643835631078e-05,0.13752671335616456
2182,0,2165,7.79330343561644,1093.22365550811,,,7.638165761643836,,,,0.15512191986301407,,,,,,,,1.5754109589070374e-05,7.638165761643836,7.79330343561644,1.5754109589070374e-05,0.15512191986301407
2183,0,2168,3.291794183561644,327.42115868406023,,,3.274195209589041,,,,0.017595206506849505,,,,,,,,3.7674657534392972e-06,3.274195209589041,3.291794183561644,3.7674657534392972e-06,0.017595206506849505
2184,0,2166,7.79330343561644,1093.22365550811,,,7.638165761643836,,,,0.15512191986301407,,,,,,,,1.5754109589070374e-05,7.638165761643836,7.79330343561644,1.5754109589070374e-05,0.15512191986301407
2185,0,2167,7.79330343561644,1093.22365550811,,,7.638165761643836,,,,0.15512191986301407,,,,,,,,1.5754109589070374e-05,7.638165761643836,7.79330343561644,1.5754109589070374e-05,0.15512191986301407
2186,0,2171,0.024802402739726254,2.776990202731997,,,0.024696579452054817,,,,0.00010479554794539704,,,,,,,,1.0277397260420364e-06,0.024696579452054817,0.024802402739726254,1.0277397260420364e-06,0.00010479554794539704
2187,0,2174,7.818105838356166,1096.000645710842,,,7.662862341095892,,,,0.15522671541095948,,,,,,,,1.678184931511241e-05,7.662862341095892,7.818105838356166,1.678184931511241e-05,0.15522671541095948
2190,0,2172,0.024802402739726254,2.776990202731997,,,0.024696579452054817,,,,0.00010479554794539704,,,,,,,,1.0277397260420364e-06,0.024696579452054817,0.024802402739726254,1.0277397260420364e-06,0.00010479554794539704
2191,0,2173,0.024802402739726254,2.776990202731997,,,0.024696579452054817,,,,0.00010479554794539704,,,,,,,,1.0277397260420364e-06,0.024696579452054817,0.024802402739726254,1.0277397260420364e-06,0.00010479554794539704
2192,0,2175,7.818105838356166,1096.000645710842,,,7.662862341095892,,,,0.15522671541095948,,,,,,,,1.678184931511241e-05,7.662862341095892,7.818105838356166,1.678184931511241e-05,0.15522671541095948
2193,0,2176,7.818105838356166,1096.000645710842,,,7.662862341095892,,,,0.15522671541095948,,,,,,,,1.678184931511241e-05,7.662862341095892,7.818105838356166,1.678184931511241e-05,0.15522671541095948
2194,0,2177,0.105076375342466,12.053455167232334,,,0.10376507260273976,,,,0.0013102750000001918,,,,,,,,1.0277397260420364e-06,0.10376507260273976,0.105076375342466,1.0277397260420364e-06,0.0013102750000001918
2195,0,2183,7.923182213698633,1108.0541008780742,,,7.7666274136986315,,,,0.15653699041095964,,,,,,,,1.7809589041154447e-05,7.7666274136986315,7.923182213698633,1.7809589041154447e-05,0.15653699041095964
2196,0,2178,0.105076375342466,12.053455167232334,,,0.10376507260273976,,,,0.0013102750000001918,,,,,,,,1.0277397260420364e-06,0.10376507260273976,0.105076375342466,1.0277397260420364e-06,0.0013102750000001918
2197,0,2179,0.105076375342466,12.053455167232334,,,0.10376507260273976,,,,0.0013102750000001918,,,,,,,,1.0277397260420364e-06,0.10376507260273976,0.105076375342466,1.0277397260420364e-06,0.0013102750000001918
2198,0,2180,0.870263058269423,1452.9015501523786,,,0.3384486369863014,,,,0.23200753767123328,0.2881618727161698,0.2881618727161698,0.298210307584491,0.010048434868321184,0.010048434868321184,,,0.0015965760273972892,0.3384486369863014,0.5720527506849317,0.0015965760273972892,0.23200753767123328
2199,0,2181,0.870263058269423,1452.9015501523786,,,0.3384486369863014,,,,0.23200753767123328,0.2881618727161698,0.2881618727161698,0.298210307584491,0.010048434868321184,0.010048434868321184,,,0.0015965760273972892,0.3384486369863014,0.5720527506849317,0.0015965760273972892,0.23200753767123328
2200,0,2184,7.923182213698633,1108.0541008780742,,,7.7666274136986315,,,,0.15653699041095964,,,,,,,,1.7809589041154447e-05,7.7666274136986315,7.923182213698633,1.7809589041154447e-05,0.15653699041095964
